userId,sessionId,timestampMs,timestampReadable,msSinceGameStart,vial1Level,vial2Level,hasBucket,currentRound,score,roundTimeRemaining,bucket2Level
"P001","P001_1760711330590","2025-10-17 14:30:17","2025-10-17T14:30:17.104Z",86514,70,70,false,5,5,"1970-01-01 00:00:00",""
"P001","P001_1760711330590","2025-10-17 14:28:54","2025-10-17T14:28:54.885Z",4295,70,70,false,0,0,"1970-01-01 00:00:00",""
"P001","P001_1760711330590","2025-10-17 14:28:57","2025-10-17T14:28:57.885Z",7295,70,70,false,0,0,"1970-01-01 00:00:00",""
"P001","P001_1760711330590","2025-10-17 14:31:05","2025-10-17T14:31:05.109Z",134519,70,70,false,6,6,"1970-01-01 00:00:00",""
"P001","P001_1760711330590","2025-10-17 14:30:29","2025-10-17T14:30:29.101Z",98511,70,70,false,6,6,"1970-01-01 00:00:00",""
"P001","P001_1760711330590","2025-10-17 14:29:06","2025-10-17T14:29:06.893Z",16303,70,70,false,1,1,"1970-01-01 00:00:00",""
"P001","P001_1760711330590","2025-10-17 14:29:28","2025-10-17T14:29:28.902Z",38312,70,70,false,2,2,"1970-01-01 00:00:00",""
"P001","P001_1760711330590","2025-10-17 14:30:14","2025-10-17T14:30:14.110Z",83520,70,70,false,5,5,"1970-01-01 00:00:00",""
"P001","P001_1760711330590","2025-10-17 14:29:29","2025-10-17T14:29:29.903Z",39313,70,70,false,2,2,"1970-01-01 00:00:00",""
"P001","P001_1760711330590","2025-10-17 14:29:53","2025-10-17T14:29:53.105Z",62515,70,70,false,4,4,"1970-01-01 00:00:00",""
"P001","P001_1760711330590","2025-10-17 14:29:21","2025-10-17T14:29:21.903Z",31313,70,70,false,2,2,"1970-01-01 00:00:00",""
"P001","P001_1760711330590","2025-10-17 14:29:30","2025-10-17T14:29:30.901Z",40311,70,70,false,2,2,"1970-01-01 00:00:00",""
"P001","P001_1760711330590","2025-10-17 14:29:41","2025-10-17T14:29:41.113Z",50523,70,70,false,3,3,"1970-01-01 00:00:00",""
"P001","P001_1760711330590","2025-10-17 14:30:31","2025-10-17T14:30:31.103Z",100513,70,70,false,6,6,"1970-01-01 00:00:00",""
"P001","P001_1760711330590","2025-10-17 14:30:18","2025-10-17T14:30:18.105Z",87515,70,70,false,5,5,"1970-01-01 00:00:00",""
"P001","P001_1760711330590","2025-10-17 14:30:01","2025-10-17T14:30:01.101Z",70511,70,70,false,4,4,"1970-01-01 00:00:00",""
"P001","P001_1760711330590","2025-10-17 14:29:22","2025-10-17T14:29:22.902Z",32312,70,70,false,2,2,"1970-01-01 00:00:00",""
"P001","P001_1760711330590","2025-10-17 14:29:37","2025-10-17T14:29:37.907Z",47317,70,70,false,3,3,"1970-01-01 00:00:00",""
"P001","P001_1760711330590","2025-10-17 14:30:32","2025-10-17T14:30:32.106Z",101516,70,70,false,6,6,"1970-01-01 00:00:00",""
"P001","P001_1760711330590","2025-10-17 14:29:13","2025-10-17T14:29:13.893Z",23303,70,70,false,1,1,"1970-01-01 00:00:00",""
"P001","P001_1760711330590","2025-10-17 14:29:27","2025-10-17T14:29:27.902Z",37312,70,70,false,2,2,"1970-01-01 00:00:00",""
"P001","P001_1760711330590","2025-10-17 14:28:52","2025-10-17T14:28:52.884Z",2294,70,70,false,0,0,"1970-01-01 00:00:00",""
"P001","P001_1760711330590","2025-10-17 14:31:57","2025-10-17T14:31:57.107Z",186517,70,70,false,6,6,"1970-01-01 00:00:00",""
"P001","P001_1760711330590","2025-10-17 14:31:56","2025-10-17T14:31:56.267Z",185677,70,70,false,6,6,"1970-01-01 00:00:00",""
"P001","P001_1760711330590","2025-10-17 14:29:25","2025-10-17T14:29:25.902Z",35312,70,70,false,2,2,"1970-01-01 00:00:00",""
"P001","P001_1760711330590","2025-10-17 14:29:24","2025-10-17T14:29:24.902Z",34312,70,70,false,2,2,"1970-01-01 00:00:00",""
"P001","P001_1760711330590","2025-10-17 14:29:38","2025-10-17T14:29:38.907Z",48317,70,70,false,3,3,"1970-01-01 00:00:00",""
"P001","P001_1760711330590","2025-10-17 14:29:59","2025-10-17T14:29:59.109Z",68519,70,70,false,4,4,"1970-01-01 00:00:00",""
"P001","P001_1760711330590","2025-10-17 14:30:19","2025-10-17T14:30:19.106Z",88516,70,70,false,5,5,"1970-01-01 00:00:00",""
"P001","P001_1760711330590","2025-10-17 14:30:20","2025-10-17T14:30:20.104Z",89514,70,70,false,5,5,"1970-01-01 00:00:00",""
"P001","P001_1760711330590","2025-10-17 14:28:51","2025-10-17T14:28:51.884Z",1294,70,70,false,0,0,"1970-01-01 00:00:00",""
"P001","P001_1760711330590","2025-10-17 14:28:58","2025-10-17T14:28:58.885Z",8295,70,70,false,0,0,"1970-01-01 00:00:00",""
"P001","P001_1760711330590","2025-10-17 14:30:02","2025-10-17T14:30:02.102Z",71512,70,70,false,4,4,"1970-01-01 00:00:00",""
"P001","P001_1760711330590","2025-10-17 14:30:04","2025-10-17T14:30:04.100Z",73510,70,70,false,4,4,"1970-01-01 00:00:00",""
"P001","P001_1760711330590","2025-10-17 14:30:13","2025-10-17T14:30:13.113Z",82523,70,70,false,5,5,"1970-01-01 00:00:00",""
"P001","P001_1760711330590","2025-10-17 14:30:16","2025-10-17T14:30:16.103Z",85513,70,70,false,5,5,"1970-01-01 00:00:00",""
"P001","P001_1760711330590","2025-10-17 14:29:26","2025-10-17T14:29:26.902Z",36312,70,70,false,2,2,"1970-01-01 00:00:00",""
"P001","P001_1760711330590","2025-10-17 14:29:40","2025-10-17T14:29:40.112Z",49522,70,70,false,3,3,"1970-01-01 00:00:00",""
"P001","P001_1760711330590","2025-10-17 14:30:21","2025-10-17T14:30:21.104Z",90514,70,70,false,5,5,"1970-01-01 00:00:00",""
"P001","P001_1760711330590","2025-10-17 14:29:15","2025-10-17T14:29:15.893Z",25303,70,70,false,1,1,"1970-01-01 00:00:00",""
"P001","P001_1760711330590","2025-10-17 14:29:45","2025-10-17T14:29:45.100Z",54510,70,70,false,3,3,"1970-01-01 00:00:00",""
"P001","P001_1760711330590","2025-10-17 14:29:12","2025-10-17T14:29:12.892Z",22302,70,70,false,1,1,"1970-01-01 00:00:00",""
"P001","P001_1760711330590","2025-10-17 14:29:07","2025-10-17T14:29:07.893Z",17303,70,70,false,1,1,"1970-01-01 00:00:00",""
"P001","P001_1760711330590","2025-10-17 14:29:57","2025-10-17T14:29:57.107Z",66517,70,70,false,4,4,"1970-01-01 00:00:00",""
"P001","P001_1760711330590","2025-10-17 14:30:03","2025-10-17T14:30:03.105Z",72515,70,70,false,4,4,"1970-01-01 00:00:00",""
"P001","P001_1760711330590","2025-10-17 14:30:36","2025-10-17T14:30:36.100Z",105510,70,70,false,6,6,"1970-01-01 00:00:00",""
"P001","P001_1760711330590","2025-10-17 14:29:46","2025-10-17T14:29:46.103Z",55513,70,70,false,3,3,"1970-01-01 00:00:00",""
"P001","P001_1760711330590","2025-10-17 14:28:56","2025-10-17T14:28:56.885Z",6295,70,70,false,0,0,"1970-01-01 00:00:00",""
"P001","P001_1760711330590","2025-10-17 14:29:36","2025-10-17T14:29:36.907Z",46317,70,70,false,3,3,"1970-01-01 00:00:00",""
"P001","P001_1760711330590","2025-10-17 14:30:12","2025-10-17T14:30:12.103Z",81513,70,70,false,5,5,"1970-01-01 00:00:00",""
"P001","P001_1760711330590","2025-10-17 14:29:08","2025-10-17T14:29:08.892Z",18302,70,70,false,1,1,"1970-01-01 00:00:00",""
"P001","P001_1760711330590","2025-10-17 14:29:44","2025-10-17T14:29:44.103Z",53513,70,70,false,3,3,"1970-01-01 00:00:00",""
"P001","P001_1760711330590","2025-10-17 14:30:38","2025-10-17T14:30:38.102Z",107512,70,70,false,6,6,"1970-01-01 00:00:00",""
"P001","P001_1760711330590","2025-10-17 14:30:11","2025-10-17T14:30:11.104Z",80514,70,70,false,5,5,"1970-01-01 00:00:00",""
"P001","P001_1760711330590","2025-10-17 14:28:55","2025-10-17T14:28:55.885Z",5295,70,70,false,0,0,"1970-01-01 00:00:00",""
"P001","P001_1760711330590","2025-10-17 14:29:42","2025-10-17T14:29:42.106Z",51516,70,70,false,3,3,"1970-01-01 00:00:00",""
"P001","P001_1760711330590","2025-10-17 14:29:43","2025-10-17T14:29:43.101Z",52511,70,70,false,3,3,"1970-01-01 00:00:00",""
"P001","P001_1760711330590","2025-10-17 14:29:10","2025-10-17T14:29:10.893Z",20303,70,70,false,1,1,"1970-01-01 00:00:00",""
"P001","P001_1760711330590","2025-10-17 14:28:59","2025-10-17T14:28:59.885Z",9295,70,70,false,0,0,"1970-01-01 00:00:00",""
"P001","P001_1760711330590","2025-10-17 14:29:14","2025-10-17T14:29:14.893Z",24303,70,70,false,1,1,"1970-01-01 00:00:00",""
"P001","P001_1760711330590","2025-10-17 14:29:11","2025-10-17T14:29:11.893Z",21303,70,70,false,1,1,"1970-01-01 00:00:00",""
"P001","P001_1760711330590","2025-10-17 14:29:56","2025-10-17T14:29:56.104Z",65514,70,70,false,4,4,"1970-01-01 00:00:00",""
"P001","P001_1760711330590","2025-10-17 14:31:58","2025-10-17T14:31:58.106Z",187516,70,70,false,6,6,"1970-01-01 00:00:00",""
"P001","P001_1760711330590","2025-10-17 14:29:00","2025-10-17T14:29:00.885Z",10295,70,70,false,0,0,"1970-01-01 00:00:00",""
"P001","P001_1760711330590","2025-10-17 14:29:23","2025-10-17T14:29:23.902Z",33312,70,70,false,2,2,"1970-01-01 00:00:00",""
"P001","P001_1760711330590","2025-10-17 14:29:09","2025-10-17T14:29:09.893Z",19303,70,70,false,1,1,"1970-01-01 00:00:00",""
"P001","P001_1760711330590","2025-10-17 14:28:53","2025-10-17T14:28:53.885Z",3295,70,70,false,0,0,"1970-01-01 00:00:00",""
"P001","P001_1760711330590","2025-10-17 14:29:55","2025-10-17T14:29:55.103Z",64513,70,70,false,4,4,"1970-01-01 00:00:00",""
"P001","P001_1760711330590","2025-10-17 14:29:54","2025-10-17T14:29:54.102Z",63512,70,70,false,4,4,"1970-01-01 00:00:00",""
"P001","P001_1760711330590","2025-10-17 14:30:34","2025-10-17T14:30:34.102Z",103512,70,70,false,6,6,"1970-01-01 00:00:00",""
"P001","P001_1760711519374","2025-10-17 14:32:04","2025-10-17T14:32:04.975Z",5601,70,70,true,0,0,"1970-01-01 00:00:00",0
"P001","P001_1760711519374","2025-10-17 14:32:01","2025-10-17T14:32:01.175Z",1801,70,70,true,0,0,"1970-01-01 00:00:00",0
"P001","P001_1760711519374","2025-10-17 14:32:07","2025-10-17T14:32:07.575Z",8201,70,70,true,0,0,"1970-01-01 00:00:00",0
"P001","P001_1760711519374","2025-10-17 14:32:02","2025-10-17T14:32:02.374Z",3000,70,70,true,0,0,"1970-01-01 00:00:00",0
"P001","P001_1760711519374","2025-10-17 14:32:06","2025-10-17T14:32:06.275Z",6901,70,70,true,0,0,"1970-01-01 00:00:00",0
"P001","P001_1760711519374","2025-10-17 14:32:15","2025-10-17T14:32:15.983Z",16609,70,70,false,1,1,"1970-01-01 00:00:00",""
"P001","P001_1760711519374","2025-10-17 14:32:07","2025-10-17T14:32:07.775Z",8401,70,70,true,0,0,"1970-01-01 00:00:00",0
"P001","P001_1760711519374","2025-10-17 14:32:05","2025-10-17T14:32:05.075Z",5701,70,70,true,0,0,"1970-01-01 00:00:00",0
"P001","P001_1760711519374","2025-10-17 14:32:04","2025-10-17T14:32:04.575Z",5201,70,70,true,0,0,"1970-01-01 00:00:00",0
"P001","P001_1760711519374","2025-10-17 14:31:59","2025-10-17T14:31:59.975Z",601,70,70,true,0,0,"1970-01-01 00:00:00",0
"P001","P001_1760711519374","2025-10-17 14:32:02","2025-10-17T14:32:02.075Z",2701,70,70,true,0,0,"1970-01-01 00:00:00",0
"P001","P001_1760711519374","2025-10-17 14:32:16","2025-10-17T14:32:16.183Z",16809,70,70,false,1,1,"1970-01-01 00:00:00",""
"P001","P001_1760711519374","2025-10-17 14:32:02","2025-10-17T14:32:02.975Z",3601,70,70,true,0,0,"1970-01-01 00:00:00",0
"P001","P001_1760711519374","2025-10-17 14:32:23","2025-10-17T14:32:23.102Z",23728,70,70,false,1,1,"1970-01-01 00:00:00",""
"P001","P001_1760711519374","2025-10-17 14:32:03","2025-10-17T14:32:03.275Z",3901,70,70,true,0,0,"1970-01-01 00:00:00",0
"P001","P001_1760711519374","2025-10-17 14:32:02","2025-10-17T14:32:02.675Z",3301,70,70,true,0,0,"1970-01-01 00:00:00",0
"P001","P001_1760711519374","2025-10-17 14:32:15","2025-10-17T14:32:15.583Z",16209,70,70,false,1,1,"1970-01-01 00:00:00",""
"P001","P001_1760711519374","2025-10-17 14:32:01","2025-10-17T14:32:01.575Z",2201,70,70,true,0,0,"1970-01-01 00:00:00",0
"P001","P001_1760711519374","2025-10-17 14:32:05","2025-10-17T14:32:05.475Z",6101,70,70,true,0,0,"1970-01-01 00:00:00",0
"P001","P001_1760711519374","2025-10-17 14:32:08","2025-10-17T14:32:08.375Z",9001,70,70,true,0,0,"1970-01-01 00:00:00",0
"P001","P001_1760711519374","2025-10-17 14:32:16","2025-10-17T14:32:16.383Z",17009,70,70,false,1,1,"1970-01-01 00:00:00",""
"P001","P001_1760711519374","2025-10-17 14:32:15","2025-10-17T14:32:15.483Z",16109,70,70,false,1,1,"1970-01-01 00:00:00",""
"P001","P001_1760711519374","2025-10-17 14:32:15","2025-10-17T14:32:15.283Z",15909,70,70,false,1,1,"1970-01-01 00:00:00",""
"P001","P001_1760711519374","2025-10-17 14:32:09","2025-10-17T14:32:09.575Z",10201,70,70,true,0,0,"1970-01-01 00:00:00",0
"P001","P001_1760711519374","2025-10-17 14:32:04","2025-10-17T14:32:04.874Z",5500,70,70,true,0,0,"1970-01-01 00:00:00",0
"P001","P001_1760711519374","2025-10-17 14:32:07","2025-10-17T14:32:07.175Z",7801,70,70,true,0,0,"1970-01-01 00:00:00",0
"P001","P001_1760711519374","2025-10-17 14:32:16","2025-10-17T14:32:16.983Z",17609,70,70,false,1,1,"1970-01-01 00:00:00",""
"P001","P001_1760711519374","2025-10-17 14:32:05","2025-10-17T14:32:05.775Z",6401,70,70,true,0,0,"1970-01-01 00:00:00",0
"P001","P001_1760711519374","2025-10-17 14:32:07","2025-10-17T14:32:07.075Z",7701,70,70,true,0,0,"1970-01-01 00:00:00",0
"P001","P001_1760711519374","2025-10-17 14:32:00","2025-10-17T14:32:00.075Z",701,70,70,true,0,0,"1970-01-01 00:00:00",0
"P001","P001_1760711519374","2025-10-17 14:32:05","2025-10-17T14:32:05.675Z",6301,70,70,true,0,0,"1970-01-01 00:00:00",0
"P001","P001_1760711519374","2025-10-17 14:32:17","2025-10-17T14:32:17.483Z",18109,70,70,false,1,1,"1970-01-01 00:00:00",""
"P001","P001_1760711519374","2025-10-17 14:32:06","2025-10-17T14:32:06.775Z",7401,70,70,true,0,0,"1970-01-01 00:00:00",0
"P001","P001_1760711519374","2025-10-17 14:32:09","2025-10-17T14:32:09.675Z",10301,70,70,true,0,0,"1970-01-01 00:00:00",0
"P001","P001_1760711519374","2025-10-17 14:32:02","2025-10-17T14:32:02.575Z",3201,70,70,true,0,0,"1970-01-01 00:00:00",0
"P001","P001_1760711519374","2025-10-17 14:32:15","2025-10-17T14:32:15.683Z",16309,70,70,false,1,1,"1970-01-01 00:00:00",""
"P001","P001_1760711519374","2025-10-17 14:32:08","2025-10-17T14:32:08.475Z",9101,70,70,true,0,0,"1970-01-01 00:00:00",0
"P001","P001_1760711519374","2025-10-17 14:32:08","2025-10-17T14:32:08.675Z",9301,70,70,true,0,0,"1970-01-01 00:00:00",0
"P001","P001_1760711519374","2025-10-17 14:32:01","2025-10-17T14:32:01.075Z",1701,70,70,true,0,0,"1970-01-01 00:00:00",0
"P001","P001_1760711519374","2025-10-17 14:32:17","2025-10-17T14:32:17.183Z",17809,70,70,false,1,1,"1970-01-01 00:00:00",""
"P001","P001_1760711519374","2025-10-17 14:32:01","2025-10-17T14:32:01.275Z",1901,70,70,true,0,0,"1970-01-01 00:00:00",0
"P001","P001_1760711519374","2025-10-17 14:32:24","2025-10-17T14:32:24.103Z",24729,70,70,false,1,1,"1970-01-01 00:00:00",""
"P001","P001_1760711519374","2025-10-17 14:32:16","2025-10-17T14:32:16.283Z",16909,70,70,false,1,1,"1970-01-01 00:00:00",""
"P001","P001_1760711519374","2025-10-17 14:32:00","2025-10-17T14:32:00.175Z",801,70,70,true,0,0,"1970-01-01 00:00:00",0
"P001","P001_1760711519374","2025-10-17 14:32:00","2025-10-17T14:32:00.775Z",1401,70,70,true,0,0,"1970-01-01 00:00:00",0
"P001","P001_1760711519374","2025-10-17 14:32:07","2025-10-17T14:32:07.275Z",7901,70,70,true,0,0,"1970-01-01 00:00:00",0
"P001","P001_1760711519374","2025-10-17 14:32:04","2025-10-17T14:32:04.475Z",5101,70,70,true,0,0,"1970-01-01 00:00:00",0
"P001","P001_1760711519374","2025-10-17 14:32:22","2025-10-17T14:32:22.102Z",22728,70,70,false,1,1,"1970-01-01 00:00:00",""
"P001","P001_1760711519374","2025-10-17 14:32:04","2025-10-17T14:32:04.675Z",5301,70,70,true,0,0,"1970-01-01 00:00:00",0
"P001","P001_1760711519374","2025-10-17 14:32:03","2025-10-17T14:32:03.075Z",3701,70,70,true,0,0,"1970-01-01 00:00:00",0
"P001","P001_1760711519374","2025-10-17 14:32:06","2025-10-17T14:32:06.175Z",6801,70,70,true,0,0,"1970-01-01 00:00:00",0
"P001","P001_1760711519374","2025-10-17 14:32:03","2025-10-17T14:32:03.575Z",4201,70,70,true,0,0,"1970-01-01 00:00:00",0
"P001","P001_1760711519374","2025-10-17 14:32:16","2025-10-17T14:32:16.683Z",17309,70,70,false,1,1,"1970-01-01 00:00:00",""
"P001","P001_1760711519374","2025-10-17 14:32:09","2025-10-17T14:32:09.274Z",9900,70,70,true,0,0,"1970-01-01 00:00:00",0
"P001","P001_1760711519374","2025-10-17 14:32:01","2025-10-17T14:32:01.374Z",2000,70,70,true,0,0,"1970-01-01 00:00:00",0
"P001","P001_1760711519374","2025-10-17 14:32:06","2025-10-17T14:32:06.874Z",7500,70,70,true,0,0,"1970-01-01 00:00:00",0
"P001","P001_1760711519374","2025-10-17 14:32:07","2025-10-17T14:32:07.875Z",8501,70,70,true,0,0,"1970-01-01 00:00:00",0
"P001","P001_1760711519374","2025-10-17 14:32:06","2025-10-17T14:32:06.075Z",6701,70,70,true,0,0,"1970-01-01 00:00:00",0
"P001","P001_1760711519374","2025-10-17 14:32:24","2025-10-17T14:32:24.773Z",25399,70,70,false,1,1,"1970-01-01 00:00:00",""
"P001","P001_1760711519374","2025-10-17 14:32:05","2025-10-17T14:32:05.375Z",6001,70,70,true,0,0,"1970-01-01 00:00:00",0
"P001","P001_1760711519374","2025-10-17 14:32:03","2025-10-17T14:32:03.775Z",4401,70,70,true,0,0,"1970-01-01 00:00:00",0
"P001","P001_1760711519374","2025-10-17 14:32:07","2025-10-17T14:32:07.375Z",8001,70,70,true,0,0,"1970-01-01 00:00:00",0
"P001","P001_1760711519374","2025-10-17 14:32:03","2025-10-17T14:32:03.375Z",4001,70,70,true,0,0,"1970-01-01 00:00:00",0
"P001","P001_1760711519374","2025-10-17 14:32:16","2025-10-17T14:32:16.583Z",17209,70,70,false,1,1,"1970-01-01 00:00:00",""
"P001","P001_1760711519374","2025-10-17 14:32:06","2025-10-17T14:32:06.375Z",7001,70,70,true,0,0,"1970-01-01 00:00:00",0
"P001","P001_1760711519374","2025-10-17 14:32:04","2025-10-17T14:32:04.774Z",5400,70,70,true,0,0,"1970-01-01 00:00:00",0
"P001","P001_1760711519374","2025-10-17 14:32:09","2025-10-17T14:32:09.375Z",10001,70,70,true,0,0,"1970-01-01 00:00:00",0
"P001","P001_1760711519374","2025-10-17 14:32:15","2025-10-17T14:32:15.382Z",16008,70,70,false,1,1,"1970-01-01 00:00:00",""
"P001","P001_1760711519374","2025-10-17 14:32:00","2025-10-17T14:32:00.875Z",1501,70,70,true,0,0,"1970-01-01 00:00:00",0
"P001","P001_1760711519374","2025-10-17 14:32:08","2025-10-17T14:32:08.275Z",8901,70,70,true,0,0,"1970-01-01 00:00:00",0
"P001","P001_1760711519374","2025-10-17 14:32:03","2025-10-17T14:32:03.675Z",4301,70,70,true,0,0,"1970-01-01 00:00:00",0
"P001","P001_1760711519374","2025-10-17 14:32:16","2025-10-17T14:32:16.083Z",16709,70,70,false,1,1,"1970-01-01 00:00:00",""
"P001","P001_1760711519374","2025-10-17 14:32:07","2025-10-17T14:32:07.675Z",8301,70,70,true,0,0,"1970-01-01 00:00:00",0
"P001","P001_1760711519374","2025-10-17 14:32:00","2025-10-17T14:32:00.275Z",901,70,70,true,0,0,"1970-01-01 00:00:00",0
"P001","P001_1760711519374","2025-10-17 14:32:05","2025-10-17T14:32:05.175Z",5801,70,70,true,0,0,"1970-01-01 00:00:00",0
"P001","P001_1760711519374","2025-10-17 14:32:00","2025-10-17T14:32:00.375Z",1001,70,70,true,0,0,"1970-01-01 00:00:00",0
"P001","P001_1760711519374","2025-10-17 14:32:16","2025-10-17T14:32:16.483Z",17109,70,70,false,1,1,"1970-01-01 00:00:00",""
"P001","P001_1760711519374","2025-10-17 14:32:04","2025-10-17T14:32:04.075Z",4701,70,70,true,0,0,"1970-01-01 00:00:00",0
"P001","P001_1760711519374","2025-10-17 14:32:03","2025-10-17T14:32:03.475Z",4101,70,70,true,0,0,"1970-01-01 00:00:00",0
"P001","P001_1760711519374","2025-10-17 14:32:17","2025-10-17T14:32:17.382Z",18008,70,70,false,1,1,"1970-01-01 00:00:00",""
"P001","P001_1760711519374","2025-10-17 14:32:00","2025-10-17T14:32:00.675Z",1301,70,70,true,0,0,"1970-01-01 00:00:00",0
"P001","P001_1760711519374","2025-10-17 14:32:16","2025-10-17T14:32:16.882Z",17508,70,70,false,1,1,"1970-01-01 00:00:00",""
"P001","P001_1760711519374","2025-10-17 14:32:07","2025-10-17T14:32:07.475Z",8101,70,70,true,0,0,"1970-01-01 00:00:00",0
"P001","P001_1760711519374","2025-10-17 14:32:06","2025-10-17T14:32:06.575Z",7201,70,70,true,0,0,"1970-01-01 00:00:00",0
"P001","P001_1760711519374","2025-10-17 14:32:15","2025-10-17T14:32:15.183Z",15809,70,70,false,1,1,"1970-01-01 00:00:00",""
"P001","P001_1760711519374","2025-10-17 14:32:01","2025-10-17T14:32:01.975Z",2601,70,70,true,0,0,"1970-01-01 00:00:00",0
"P001","P001_1760711519374","2025-10-17 14:32:14","2025-10-17T14:32:14.883Z",15509,70,70,false,1,1,"1970-01-01 00:00:00",""
"P001","P001_1760711519374","2025-10-17 14:32:03","2025-10-17T14:32:03.175Z",3801,70,70,true,0,0,"1970-01-01 00:00:00",0
"P001","P001_1760711519374","2025-10-17 14:32:01","2025-10-17T14:32:01.675Z",2301,70,70,true,0,0,"1970-01-01 00:00:00",0
"P001","P001_1760711519374","2025-10-17 14:32:06","2025-10-17T14:32:06.975Z",7601,70,70,true,0,0,"1970-01-01 00:00:00",0
"P001","P001_1760711519374","2025-10-17 14:32:05","2025-10-17T14:32:05.275Z",5901,70,70,true,0,0,"1970-01-01 00:00:00",0
"P001","P001_1760711519374","2025-10-17 14:32:17","2025-10-17T14:32:17.082Z",17708,70,70,false,1,1,"1970-01-01 00:00:00",""
"P001","P001_1760711519374","2025-10-17 14:32:06","2025-10-17T14:32:06.474Z",7100,70,70,true,0,0,"1970-01-01 00:00:00",0
"P001","P001_1760711519374","2025-10-17 14:32:05","2025-10-17T14:32:05.575Z",6201,70,70,true,0,0,"1970-01-01 00:00:00",0
"P001","P001_1760711519374","2025-10-17 14:32:08","2025-10-17T14:32:08.875Z",9501,70,70,true,0,0,"1970-01-01 00:00:00",0
"P001","P001_1760711519374","2025-10-17 14:32:09","2025-10-17T14:32:09.475Z",10101,70,70,true,0,0,"1970-01-01 00:00:00",0
"P001","P001_1760711519374","2025-10-17 14:32:08","2025-10-17T14:32:08.075Z",8701,70,70,true,0,0,"1970-01-01 00:00:00",0
"P001","P001_1760711519374","2025-10-17 14:32:03","2025-10-17T14:32:03.875Z",4501,70,70,true,0,0,"1970-01-01 00:00:00",0
"P001","P001_1760711519374","2025-10-17 14:32:01","2025-10-17T14:32:01.474Z",2100,70,70,true,0,0,"1970-01-01 00:00:00",0
"P001","P001_1760711519374","2025-10-17 14:31:59","2025-10-17T14:31:59.778Z",404,70,70,true,0,0,"1970-01-01 00:00:00",0
"P001","P001_1760711519374","2025-10-17 14:32:00","2025-10-17T14:32:00.575Z",1201,70,70,true,0,0,"1970-01-01 00:00:00",0
"P001","P001_1760711519374","2025-10-17 14:32:02","2025-10-17T14:32:02.475Z",3101,70,70,true,0,0,"1970-01-01 00:00:00",0
"P001","P001_1760711519374","2025-10-17 14:32:08","2025-10-17T14:32:08.975Z",9601,70,70,true,0,0,"1970-01-01 00:00:00",0
"P001","P001_1760711519374","2025-10-17 14:32:15","2025-10-17T14:32:15.782Z",16408,70,70,false,1,1,"1970-01-01 00:00:00",""
"P001","P001_1760711519374","2025-10-17 14:32:01","2025-10-17T14:32:01.875Z",2501,70,70,true,0,0,"1970-01-01 00:00:00",0
"P001","P001_1760711519374","2025-10-17 14:32:17","2025-10-17T14:32:17.583Z",18209,70,70,false,1,1,"1970-01-01 00:00:00",""
"P001","P001_1760711519374","2025-10-17 14:32:04","2025-10-17T14:32:04.275Z",4901,70,70,true,0,0,"1970-01-01 00:00:00",0
"P001","P001_1760711519374","2025-10-17 14:32:05","2025-10-17T14:32:05.975Z",6601,70,70,true,0,0,"1970-01-01 00:00:00",0
"P001","P001_1760711519374","2025-10-17 14:32:02","2025-10-17T14:32:02.875Z",3501,70,70,true,0,0,"1970-01-01 00:00:00",0
"P001","P001_1760711519374","2025-10-17 14:32:14","2025-10-17T14:32:14.982Z",15608,70,70,false,1,1,"1970-01-01 00:00:00",""
"P001","P001_1760711519374","2025-10-17 14:32:15","2025-10-17T14:32:15.082Z",15708,70,70,false,1,1,"1970-01-01 00:00:00",""
"P001","P001_1760711519374","2025-10-17 14:32:00","2025-10-17T14:32:00.974Z",1600,70,70,true,0,0,"1970-01-01 00:00:00",0
"P001","P001_1760711519374","2025-10-17 14:32:18","2025-10-17T14:32:18.107Z",18733,70,70,false,1,1,"1970-01-01 00:00:00",""
"P001","P001_1760711519374","2025-10-17 14:32:06","2025-10-17T14:32:06.675Z",7301,70,70,true,0,0,"1970-01-01 00:00:00",0
"P001","P001_1760711519374","2025-10-17 14:32:20","2025-10-17T14:32:20.104Z",20730,70,70,false,1,1,"1970-01-01 00:00:00",""
"P001","P001_1760711519374","2025-10-17 14:32:17","2025-10-17T14:32:17.283Z",17909,70,70,false,1,1,"1970-01-01 00:00:00",""
"P001","P001_1760711519374","2025-10-17 14:32:02","2025-10-17T14:32:02.775Z",3401,70,70,true,0,0,"1970-01-01 00:00:00",0
"P001","P001_1760711519374","2025-10-17 14:32:04","2025-10-17T14:32:04.174Z",4800,70,70,true,0,0,"1970-01-01 00:00:00",0
"P001","P001_1760711519374","2025-10-17 14:32:08","2025-10-17T14:32:08.775Z",9401,70,70,true,0,0,"1970-01-01 00:00:00",0
"P001","P001_1760711519374","2025-10-17 14:32:15","2025-10-17T14:32:15.883Z",16509,70,70,false,1,1,"1970-01-01 00:00:00",""
"P001","P001_1760711519374","2025-10-17 14:32:02","2025-10-17T14:32:02.275Z",2901,70,70,true,0,0,"1970-01-01 00:00:00",0
"P001","P001_1760711519374","2025-10-17 14:32:00","2025-10-17T14:32:00.474Z",1100,70,70,true,0,0,"1970-01-01 00:00:00",0
"P001","P001_1760711519374","2025-10-17 14:32:09","2025-10-17T14:32:09.075Z",9701,70,70,true,0,0,"1970-01-01 00:00:00",0
"P001","P001_1760711519374","2025-10-17 14:32:02","2025-10-17T14:32:02.175Z",2801,70,70,true,0,0,"1970-01-01 00:00:00",0
"P001","P001_1760711519374","2025-10-17 14:32:05","2025-10-17T14:32:05.875Z",6501,70,70,true,0,0,"1970-01-01 00:00:00",0
"P001","P001_1760711519374","2025-10-17 14:32:08","2025-10-17T14:32:08.584Z",9210,70,70,true,0,0,"1970-01-01 00:00:00",0
"P001","P001_1760711519374","2025-10-17 14:32:09","2025-10-17T14:32:09.175Z",9801,70,70,true,0,0,"1970-01-01 00:00:00",0
"P001","P001_1760711519374","2025-10-17 14:32:14","2025-10-17T14:32:14.783Z",15409,70,70,false,1,1,"1970-01-01 00:00:00",""
"P001","P001_1760711519374","2025-10-17 14:31:59","2025-10-17T14:31:59.875Z",501,70,70,true,0,0,"1970-01-01 00:00:00",0
"P001","P001_1760711519374","2025-10-17 14:32:01","2025-10-17T14:32:01.775Z",2401,70,70,true,0,0,"1970-01-01 00:00:00",0
"P001","P001_1760711519374","2025-10-17 14:32:07","2025-10-17T14:32:07.983Z",8609,70,70,true,0,0,"1970-01-01 00:00:00",0
"P001","P001_1760711519374","2025-10-17 14:32:03","2025-10-17T14:32:03.975Z",4601,70,70,true,0,0,"1970-01-01 00:00:00",0
"P001","P001_1760711519374","2025-10-17 14:32:08","2025-10-17T14:32:08.175Z",8801,70,70,true,0,0,"1970-01-01 00:00:00",0
"P001","P001_1760711519374","2025-10-17 14:32:21","2025-10-17T14:32:21.111Z",21737,70,70,false,1,1,"1970-01-01 00:00:00",""
"P001","P001_1760711519374","2025-10-17 14:32:19","2025-10-17T14:32:19.103Z",19729,70,70,false,1,1,"1970-01-01 00:00:00",""
"P001","P001_1760711519374","2025-10-17 14:32:16","2025-10-17T14:32:16.782Z",17408,70,70,false,1,1,"1970-01-01 00:00:00",""
"P001","P001_1760711519374","2025-10-17 14:32:04","2025-10-17T14:32:04.375Z",5001,70,70,true,0,0,"1970-01-01 00:00:00",0
"P002","P002_1760711897581","2025-10-17 14:38:17","2025-10-17T14:38:17.636Z",55,70,70,true,0,0,"1970-01-01 00:00:00",0
"P002","P002_1760711897581","2025-10-17 14:38:17","2025-10-17T14:38:17.636Z",55,70,70,true,0,0,"1970-01-01 00:00:00",0
"P002","P002_1760711897581","2025-10-17 14:38:17","2025-10-17T14:38:17.736Z",155,70,70,true,0,0,"1970-01-01 00:00:00",0
"P002","P002_1760711897581","2025-10-17 14:38:17","2025-10-17T14:38:17.736Z",155,70,70,true,0,0,"1970-01-01 00:00:00",0
"P002","P002_1760711898101","2025-10-17 14:39:23","2025-10-17T14:39:23.107Z",65006,70,70,false,3,3,"1970-01-01 00:00:00",""
"P002","P002_1760711898101","2025-10-17 14:38:42","2025-10-17T14:38:42.108Z",24007,70,70,false,1,1,"1970-01-01 00:00:00",""
"P002","P002_1760711898101","2025-10-17 14:38:26","2025-10-17T14:38:26.897Z",8796,70,70,false,0,0,"1970-01-01 00:00:00",""
"P002","P002_1760711898101","2025-10-17 14:38:26","2025-10-17T14:38:26.096Z",7995,70,70,false,0,0,"1970-01-01 00:00:00",""
"P002","P002_1760711898101","2025-10-17 14:38:25","2025-10-17T14:38:25.197Z",7096,70,70,false,0,0,"1970-01-01 00:00:00",""
"P002","P002_1760711898101","2025-10-17 14:38:23","2025-10-17T14:38:23.096Z",4995,70,70,false,0,0,"1970-01-01 00:00:00",""
"P002","P002_1760711898101","2025-10-17 14:39:20","2025-10-17T14:39:20.108Z",62007,70,70,false,3,3,"1970-01-01 00:00:00",""
"P002","P002_1760711898101","2025-10-17 14:38:50","2025-10-17T14:38:50.107Z",32006,70,70,false,1,1,"1970-01-01 00:00:00",""
"P002","P002_1760711898101","2025-10-17 14:38:21","2025-10-17T14:38:21.996Z",3895,70,70,false,0,0,"1970-01-01 00:00:00",""
"P002","P002_1760711898101","2025-10-17 14:40:14","2025-10-17T14:40:14.388Z",116287,70,70,true,0,0,"1970-01-01 00:00:00",0
"P002","P002_1760711898101","2025-10-17 14:40:15","2025-10-17T14:40:15.112Z",117011,70,70,true,0,0,"1970-01-01 00:00:00",0
"P002","P002_1760711898101","2025-10-17 14:39:02","2025-10-17T14:39:02.107Z",44006,70,70,false,2,2,"1970-01-01 00:00:00",""
"P002","P002_1760711898101","2025-10-17 14:38:27","2025-10-17T14:38:27.196Z",9095,70,70,false,0,0,"1970-01-01 00:00:00",""
"P002","P002_1760711898101","2025-10-17 14:40:14","2025-10-17T14:40:14.413Z",116312,70,70,true,0,0,"1970-01-01 00:00:00",0
"P002","P002_1760711898101","2025-10-17 14:40:14","2025-10-17T14:40:14.613Z",116512,70,70,true,0,0,"1970-01-01 00:00:00",0
"P002","P002_1760711898101","2025-10-17 14:38:23","2025-10-17T14:38:23.196Z",5095,70,70,false,0,0,"1970-01-01 00:00:00",""
"P002","P002_1760711898101","2025-10-17 14:39:17","2025-10-17T14:39:17.108Z",59007,70,70,false,3,3,"1970-01-01 00:00:00",""
"P002","P002_1760711898101","2025-10-17 14:38:26","2025-10-17T14:38:26.297Z",8196,70,70,false,0,0,"1970-01-01 00:00:00",""
"P002","P002_1760711898101","2025-10-17 14:38:26","2025-10-17T14:38:26.497Z",8396,70,70,false,0,0,"1970-01-01 00:00:00",""
"P002","P002_1760711898101","2025-10-17 14:38:25","2025-10-17T14:38:25.297Z",7196,70,70,false,0,0,"1970-01-01 00:00:00",""
"P002","P002_1760711898101","2025-10-17 14:38:24","2025-10-17T14:38:24.596Z",6495,70,70,false,0,0,"1970-01-01 00:00:00",""
"P002","P002_1760711898101","2025-10-17 14:38:23","2025-10-17T14:38:23.896Z",5795,70,70,false,0,0,"1970-01-01 00:00:00",""
"P002","P002_1760711898101","2025-10-17 14:38:23","2025-10-17T14:38:23.496Z",5395,70,70,false,0,0,"1970-01-01 00:00:00",""
"P002","P002_1760711898101","2025-10-17 14:40:15","2025-10-17T14:40:15.413Z",117312,70,70,true,0,0,"1970-01-01 00:00:00",0
"P002","P002_1760711898101","2025-10-17 14:38:25","2025-10-17T14:38:25.896Z",7795,70,70,false,0,0,"1970-01-01 00:00:00",""
"P002","P002_1760711898101","2025-10-17 14:38:18","2025-10-17T14:38:18.996Z",895,70,70,false,0,0,"1970-01-01 00:00:00",""
"P002","P002_1760711898101","2025-10-17 14:38:20","2025-10-17T14:38:20.496Z",2395,70,70,false,0,0,"1970-01-01 00:00:00",""
"P002","P002_1760711898101","2025-10-17 14:38:27","2025-10-17T14:38:27.896Z",9795,70,70,false,0,0,"1970-01-01 00:00:00",""
"P002","P002_1760711898101","2025-10-17 14:40:14","2025-10-17T14:40:14.513Z",116412,70,70,true,0,0,"1970-01-01 00:00:00",0
"P002","P002_1760711898101","2025-10-17 14:38:21","2025-10-17T14:38:21.296Z",3195,70,70,false,0,0,"1970-01-01 00:00:00",""
"P002","P002_1760711898101","2025-10-17 14:39:16","2025-10-17T14:39:16.108Z",58007,70,70,false,3,3,"1970-01-01 00:00:00",""
"P002","P002_1760711898101","2025-10-17 14:38:41","2025-10-17T14:38:41.107Z",23006,70,70,false,1,1,"1970-01-01 00:00:00",""
"P002","P002_1760711898101","2025-10-17 14:38:27","2025-10-17T14:38:27.797Z",9696,70,70,false,0,0,"1970-01-01 00:00:00",""
"P002","P002_1760711898101","2025-10-17 14:38:22","2025-10-17T14:38:22.396Z",4295,70,70,false,0,0,"1970-01-01 00:00:00",""
"P002","P002_1760711898101","2025-10-17 14:38:20","2025-10-17T14:38:20.596Z",2495,70,70,false,0,0,"1970-01-01 00:00:00",""
"P002","P002_1760711898101","2025-10-17 14:38:23","2025-10-17T14:38:23.696Z",5595,70,70,false,0,0,"1970-01-01 00:00:00",""
"P002","P002_1760711898101","2025-10-17 14:40:15","2025-10-17T14:40:15.513Z",117412,70,70,true,0,0,"1970-01-01 00:00:00",0
"P002","P002_1760711898101","2025-10-17 14:38:25","2025-10-17T14:38:25.696Z",7595,70,70,false,0,0,"1970-01-01 00:00:00",""
"P002","P002_1760711898101","2025-10-17 14:39:58","2025-10-17T14:39:58.107Z",100006,70,70,true,0,0,"1970-01-01 00:00:00",0
"P002","P002_1760711898101","2025-10-17 14:38:43","2025-10-17T14:38:43.107Z",25006,70,70,false,1,1,"1970-01-01 00:00:00",""
"P002","P002_1760711898101","2025-10-17 14:38:23","2025-10-17T14:38:23.396Z",5295,70,70,false,0,0,"1970-01-01 00:00:00",""
"P002","P002_1760711898101","2025-10-17 14:39:18","2025-10-17T14:39:18.108Z",60007,70,70,false,3,3,"1970-01-01 00:00:00",""
"P002","P002_1760711898101","2025-10-17 14:38:19","2025-10-17T14:38:19.496Z",1395,70,70,false,0,0,"1970-01-01 00:00:00",""
"P002","P002_1760711898101","2025-10-17 14:38:20","2025-10-17T14:38:20.196Z",2095,70,70,false,0,0,"1970-01-01 00:00:00",""
"P002","P002_1760711898101","2025-10-17 14:38:25","2025-10-17T14:38:25.397Z",7296,70,70,false,0,0,"1970-01-01 00:00:00",""
"P002","P002_1760711898101","2025-10-17 14:38:52","2025-10-17T14:38:52.108Z",34007,70,70,false,1,1,"1970-01-01 00:00:00",""
"P002","P002_1760711898101","2025-10-17 14:39:22","2025-10-17T14:39:22.108Z",64007,70,70,false,3,3,"1970-01-01 00:00:00",""
"P002","P002_1760711898101","2025-10-17 14:39:19","2025-10-17T14:39:19.107Z",61006,70,70,false,3,3,"1970-01-01 00:00:00",""
"P002","P002_1760711898101","2025-10-17 14:38:20","2025-10-17T14:38:20.096Z",1995,70,70,false,0,0,"1970-01-01 00:00:00",""
"P002","P002_1760711898101","2025-10-17 14:38:21","2025-10-17T14:38:21.496Z",3395,70,70,false,0,0,"1970-01-01 00:00:00",""
"P002","P002_1760711898101","2025-10-17 14:38:21","2025-10-17T14:38:21.696Z",3595,70,70,false,0,0,"1970-01-01 00:00:00",""
"P002","P002_1760711898101","2025-10-17 14:38:24","2025-10-17T14:38:24.396Z",6295,70,70,false,0,0,"1970-01-01 00:00:00",""
"P002","P002_1760711898101","2025-10-17 14:38:25","2025-10-17T14:38:25.996Z",7895,70,70,false,0,0,"1970-01-01 00:00:00",""
"P002","P002_1760711898101","2025-10-17 14:38:22","2025-10-17T14:38:22.596Z",4495,70,70,false,0,0,"1970-01-01 00:00:00",""
"P002","P002_1760711898101","2025-10-17 14:40:15","2025-10-17T14:40:15.712Z",117611,70,70,true,0,0,"1970-01-01 00:00:00",0
"P002","P002_1760711898101","2025-10-17 14:38:19","2025-10-17T14:38:19.296Z",1195,70,70,false,0,0,"1970-01-01 00:00:00",""
"P002","P002_1760711898101","2025-10-17 14:38:21","2025-10-17T14:38:21.096Z",2995,70,70,false,0,0,"1970-01-01 00:00:00",""
"P002","P002_1760711898101","2025-10-17 14:38:22","2025-10-17T14:38:22.996Z",4895,70,70,false,0,0,"1970-01-01 00:00:00",""
"P002","P002_1760711898101","2025-10-17 14:40:00","2025-10-17T14:40:00.109Z",102008,70,70,true,0,0,"1970-01-01 00:00:00",0
"P002","P002_1760711898101","2025-10-17 14:38:20","2025-10-17T14:38:20.396Z",2295,70,70,false,0,0,"1970-01-01 00:00:00",""
"P002","P002_1760711898101","2025-10-17 14:38:20","2025-10-17T14:38:20.296Z",2195,70,70,false,0,0,"1970-01-01 00:00:00",""
"P002","P002_1760711898101","2025-10-17 14:40:14","2025-10-17T14:40:14.813Z",116712,70,70,true,0,0,"1970-01-01 00:00:00",0
"P002","P002_1760711898101","2025-10-17 14:38:27","2025-10-17T14:38:27.496Z",9395,70,70,false,0,0,"1970-01-01 00:00:00",""
"P002","P002_1760711898101","2025-10-17 14:38:23","2025-10-17T14:38:23.297Z",5196,70,70,false,0,0,"1970-01-01 00:00:00",""
"P002","P002_1760711898101","2025-10-17 14:38:18","2025-10-17T14:38:18.498Z",397,70,70,false,0,0,"1970-01-01 00:00:00",""
"P002","P002_1760711898101","2025-10-17 14:38:19","2025-10-17T14:38:19.196Z",1095,70,70,false,0,0,"1970-01-01 00:00:00",""
"P002","P002_1760711898101","2025-10-17 14:38:25","2025-10-17T14:38:25.097Z",6996,70,70,false,0,0,"1970-01-01 00:00:00",""
"P002","P002_1760711898101","2025-10-17 14:38:18","2025-10-17T14:38:18.896Z",795,70,70,false,0,0,"1970-01-01 00:00:00",""
"P002","P002_1760711898101","2025-10-17 14:38:24","2025-10-17T14:38:24.896Z",6795,70,70,false,0,0,"1970-01-01 00:00:00",""
"P002","P002_1760711898101","2025-10-17 14:38:22","2025-10-17T14:38:22.896Z",4795,70,70,false,0,0,"1970-01-01 00:00:00",""
"P002","P002_1760711898101","2025-10-17 14:38:20","2025-10-17T14:38:20.796Z",2695,70,70,false,0,0,"1970-01-01 00:00:00",""
"P002","P002_1760711898101","2025-10-17 14:38:19","2025-10-17T14:38:19.396Z",1295,70,70,false,0,0,"1970-01-01 00:00:00",""
"P002","P002_1760711898101","2025-10-17 14:38:24","2025-10-17T14:38:24.197Z",6096,70,70,false,0,0,"1970-01-01 00:00:00",""
"P002","P002_1760711898101","2025-10-17 14:38:22","2025-10-17T14:38:22.796Z",4695,70,70,false,0,0,"1970-01-01 00:00:00",""
"P002","P002_1760711898101","2025-10-17 14:38:45","2025-10-17T14:38:45.109Z",27008,70,70,false,1,1,"1970-01-01 00:00:00",""
"P002","P002_1760711898101","2025-10-17 14:38:26","2025-10-17T14:38:26.696Z",8595,70,70,false,0,0,"1970-01-01 00:00:00",""
"P002","P002_1760711898101","2025-10-17 14:38:19","2025-10-17T14:38:19.896Z",1795,70,70,false,0,0,"1970-01-01 00:00:00",""
"P002","P002_1760711898101","2025-10-17 14:38:49","2025-10-17T14:38:49.106Z",31005,70,70,false,1,1,"1970-01-01 00:00:00",""
"P002","P002_1760711898101","2025-10-17 14:38:28","2025-10-17T14:38:28.107Z",10006,70,70,false,0,0,"1970-01-01 00:00:00",""
"P002","P002_1760711898101","2025-10-17 14:40:05","2025-10-17T14:40:05.108Z",107007,70,70,true,0,0,"1970-01-01 00:00:00",0
"P002","P002_1760711898101","2025-10-17 14:38:24","2025-10-17T14:38:24.696Z",6595,70,70,false,0,0,"1970-01-01 00:00:00",""
"P002","P002_1760711898101","2025-10-17 14:38:25","2025-10-17T14:38:25.496Z",7395,70,70,false,0,0,"1970-01-01 00:00:00",""
"P002","P002_1760711898101","2025-10-17 14:38:21","2025-10-17T14:38:21.796Z",3695,70,70,false,0,0,"1970-01-01 00:00:00",""
"P002","P002_1760711898101","2025-10-17 14:39:25","2025-10-17T14:39:25.108Z",67007,70,70,false,3,3,"1970-01-01 00:00:00",""
"P002","P002_1760711898101","2025-10-17 14:38:51","2025-10-17T14:38:51.107Z",33006,70,70,false,1,1,"1970-01-01 00:00:00",""
"P002","P002_1760711898101","2025-10-17 14:39:01","2025-10-17T14:39:01.108Z",43007,70,70,false,2,2,"1970-01-01 00:00:00",""
"P002","P002_1760711898101","2025-10-17 14:40:15","2025-10-17T14:40:15.213Z",117112,70,70,true,0,0,"1970-01-01 00:00:00",0
"P002","P002_1760711898101","2025-10-17 14:38:21","2025-10-17T14:38:21.196Z",3095,70,70,false,0,0,"1970-01-01 00:00:00",""
"P002","P002_1760711898101","2025-10-17 14:38:26","2025-10-17T14:38:26.196Z",8095,70,70,false,0,0,"1970-01-01 00:00:00",""
"P002","P002_1760711898101","2025-10-17 14:38:21","2025-10-17T14:38:21.596Z",3495,70,70,false,0,0,"1970-01-01 00:00:00",""
"P002","P002_1760711898101","2025-10-17 14:38:23","2025-10-17T14:38:23.996Z",5895,70,70,false,0,0,"1970-01-01 00:00:00",""
"P002","P002_1760711898101","2025-10-17 14:38:19","2025-10-17T14:38:19.696Z",1595,70,70,false,0,0,"1970-01-01 00:00:00",""
"P002","P002_1760711898101","2025-10-17 14:40:01","2025-10-17T14:40:01.109Z",103008,70,70,true,0,0,"1970-01-01 00:00:00",0
"P002","P002_1760711898101","2025-10-17 14:38:27","2025-10-17T14:38:27.596Z",9495,70,70,false,0,0,"1970-01-01 00:00:00",""
"P002","P002_1760711898101","2025-10-17 14:38:27","2025-10-17T14:38:27.397Z",9296,70,70,false,0,0,"1970-01-01 00:00:00",""
"P002","P002_1760711898101","2025-10-17 14:40:14","2025-10-17T14:40:14.913Z",116812,70,70,true,0,0,"1970-01-01 00:00:00",0
"P002","P002_1760711898101","2025-10-17 14:40:15","2025-10-17T14:40:15.613Z",117512,70,70,true,0,0,"1970-01-01 00:00:00",0
"P002","P002_1760711898101","2025-10-17 14:40:14","2025-10-17T14:40:14.713Z",116612,70,70,true,0,0,"1970-01-01 00:00:00",0
"P002","P002_1760711898101","2025-10-17 14:39:08","2025-10-17T14:39:08.108Z",50007,70,70,false,2,2,"1970-01-01 00:00:00",""
"P002","P002_1760711898101","2025-10-17 14:38:27","2025-10-17T14:38:27.296Z",9195,70,70,false,0,0,"1970-01-01 00:00:00",""
"P002","P002_1760711898101","2025-10-17 14:40:15","2025-10-17T14:40:15.313Z",117212,70,70,true,0,0,"1970-01-01 00:00:00",0
"P002","P002_1760711898101","2025-10-17 14:38:36","2025-10-17T14:38:36.109Z",18008,70,70,false,1,1,"1970-01-01 00:00:00",""
"P002","P002_1760711898101","2025-10-17 14:38:40","2025-10-17T14:38:40.109Z",22008,70,70,false,1,1,"1970-01-01 00:00:00",""
"P002","P002_1760711898101","2025-10-17 14:38:23","2025-10-17T14:38:23.596Z",5495,70,70,false,0,0,"1970-01-01 00:00:00",""
"P002","P002_1760711898101","2025-10-17 14:38:20","2025-10-17T14:38:20.896Z",2795,70,70,false,0,0,"1970-01-01 00:00:00",""
"P002","P002_1760711898101","2025-10-17 14:38:22","2025-10-17T14:38:22.096Z",3995,70,70,false,0,0,"1970-01-01 00:00:00",""
"P002","P002_1760711898101","2025-10-17 14:39:07","2025-10-17T14:39:07.107Z",49006,70,70,false,2,2,"1970-01-01 00:00:00",""
"P002","P002_1760711898101","2025-10-17 14:38:21","2025-10-17T14:38:21.896Z",3795,70,70,false,0,0,"1970-01-01 00:00:00",""
"P002","P002_1760711898101","2025-10-17 14:38:22","2025-10-17T14:38:22.496Z",4395,70,70,false,0,0,"1970-01-01 00:00:00",""
"P002","P002_1760711898101","2025-10-17 14:38:46","2025-10-17T14:38:46.115Z",28014,70,70,false,1,1,"1970-01-01 00:00:00",""
"P002","P002_1760711898101","2025-10-17 14:39:59","2025-10-17T14:39:59.108Z",101007,70,70,true,0,0,"1970-01-01 00:00:00",0
"P002","P002_1760711898101","2025-10-17 14:38:44","2025-10-17T14:38:44.107Z",26006,70,70,false,1,1,"1970-01-01 00:00:00",""
"P002","P002_1760711898101","2025-10-17 14:38:20","2025-10-17T14:38:20.696Z",2595,70,70,false,0,0,"1970-01-01 00:00:00",""
"P002","P002_1760711898101","2025-10-17 14:38:25","2025-10-17T14:38:25.796Z",7695,70,70,false,0,0,"1970-01-01 00:00:00",""
"P002","P002_1760711898101","2025-10-17 14:38:22","2025-10-17T14:38:22.196Z",4095,70,70,false,0,0,"1970-01-01 00:00:00",""
"P002","P002_1760711898101","2025-10-17 14:39:15","2025-10-17T14:39:15.109Z",57008,70,70,false,3,3,"1970-01-01 00:00:00",""
"P002","P002_1760711898101","2025-10-17 14:38:19","2025-10-17T14:38:19.796Z",1695,70,70,false,0,0,"1970-01-01 00:00:00",""
"P002","P002_1760711898101","2025-10-17 14:39:26","2025-10-17T14:39:26.108Z",68007,70,70,false,3,3,"1970-01-01 00:00:00",""
"P002","P002_1760711898101","2025-10-17 14:38:48","2025-10-17T14:38:48.107Z",30006,70,70,false,1,1,"1970-01-01 00:00:00",""
"P002","P002_1760711898101","2025-10-17 14:38:39","2025-10-17T14:38:39.108Z",21007,70,70,false,1,1,"1970-01-01 00:00:00",""
"P002","P002_1760711898101","2025-10-17 14:39:21","2025-10-17T14:39:21.108Z",63007,70,70,false,3,3,"1970-01-01 00:00:00",""
"P002","P002_1760711898101","2025-10-17 14:38:25","2025-10-17T14:38:25.596Z",7495,70,70,false,0,0,"1970-01-01 00:00:00",""
"P002","P002_1760711898101","2025-10-17 14:38:23","2025-10-17T14:38:23.800Z",5699,70,70,false,0,0,"1970-01-01 00:00:00",""
"P002","P002_1760711898101","2025-10-17 14:39:00","2025-10-17T14:39:00.108Z",42007,70,70,false,2,2,"1970-01-01 00:00:00",""
"P002","P002_1760711898101","2025-10-17 14:38:22","2025-10-17T14:38:22.296Z",4195,70,70,false,0,0,"1970-01-01 00:00:00",""
"P002","P002_1760711898101","2025-10-17 14:38:59","2025-10-17T14:38:59.107Z",41006,70,70,false,2,2,"1970-01-01 00:00:00",""
"P002","P002_1760711898101","2025-10-17 14:38:38","2025-10-17T14:38:38.108Z",20007,70,70,false,1,1,"1970-01-01 00:00:00",""
"P002","P002_1760711898101","2025-10-17 14:38:19","2025-10-17T14:38:19.096Z",995,70,70,false,0,0,"1970-01-01 00:00:00",""
"P002","P002_1760711898101","2025-10-17 14:39:05","2025-10-17T14:39:05.108Z",47007,70,70,false,2,2,"1970-01-01 00:00:00",""
"P002","P002_1760711898101","2025-10-17 14:38:24","2025-10-17T14:38:24.497Z",6396,70,70,false,0,0,"1970-01-01 00:00:00",""
"P002","P002_1760711898101","2025-10-17 14:39:57","2025-10-17T14:39:57.109Z",99008,70,70,true,0,0,"1970-01-01 00:00:00",0
"P002","P002_1760711898101","2025-10-17 14:38:18","2025-10-17T14:38:18.696Z",595,70,70,false,0,0,"1970-01-01 00:00:00",""
"P002","P002_1760711898101","2025-10-17 14:38:26","2025-10-17T14:38:26.996Z",8895,70,70,false,0,0,"1970-01-01 00:00:00",""
"P002","P002_1760711898101","2025-10-17 14:38:20","2025-10-17T14:38:20.996Z",2895,70,70,false,0,0,"1970-01-01 00:00:00",""
"P002","P002_1760711898101","2025-10-17 14:39:03","2025-10-17T14:39:03.108Z",45007,70,70,false,2,2,"1970-01-01 00:00:00",""
"P002","P002_1760711898101","2025-10-17 14:38:24","2025-10-17T14:38:24.997Z",6896,70,70,false,0,0,"1970-01-01 00:00:00",""
"P002","P002_1760711898101","2025-10-17 14:38:27","2025-10-17T14:38:27.096Z",8995,70,70,false,0,0,"1970-01-01 00:00:00",""
"P002","P002_1760711898101","2025-10-17 14:38:18","2025-10-17T14:38:18.796Z",695,70,70,false,0,0,"1970-01-01 00:00:00",""
"P002","P002_1760711898101","2025-10-17 14:38:24","2025-10-17T14:38:24.297Z",6196,70,70,false,0,0,"1970-01-01 00:00:00",""
"P002","P002_1760711898101","2025-10-17 14:38:29","2025-10-17T14:38:29.110Z",11009,70,70,false,0,0,"1970-01-01 00:00:00",""
"P002","P002_1760711898101","2025-10-17 14:40:15","2025-10-17T14:40:15.013Z",116912,70,70,true,0,0,"1970-01-01 00:00:00",0
"P002","P002_1760711898101","2025-10-17 14:38:24","2025-10-17T14:38:24.096Z",5995,70,70,false,0,0,"1970-01-01 00:00:00",""
"P002","P002_1760711898101","2025-10-17 14:39:24","2025-10-17T14:39:24.107Z",66006,70,70,false,3,3,"1970-01-01 00:00:00",""
"P002","P002_1760711898101","2025-10-17 14:38:21","2025-10-17T14:38:21.396Z",3295,70,70,false,0,0,"1970-01-01 00:00:00",""
"P002","P002_1760711898101","2025-10-17 14:39:06","2025-10-17T14:39:06.107Z",48006,70,70,false,2,2,"1970-01-01 00:00:00",""
"P002","P002_1760711898101","2025-10-17 14:38:24","2025-10-17T14:38:24.797Z",6696,70,70,false,0,0,"1970-01-01 00:00:00",""
"P002","P002_1760711898101","2025-10-17 14:38:19","2025-10-17T14:38:19.996Z",1895,70,70,false,0,0,"1970-01-01 00:00:00",""
"P002","P002_1760711898101","2025-10-17 14:39:04","2025-10-17T14:39:04.107Z",46006,70,70,false,2,2,"1970-01-01 00:00:00",""
"P002","P002_1760711898101","2025-10-17 14:38:22","2025-10-17T14:38:22.696Z",4595,70,70,false,0,0,"1970-01-01 00:00:00",""
"P002","P002_1760711898101","2025-10-17 14:38:26","2025-10-17T14:38:26.797Z",8696,70,70,false,0,0,"1970-01-01 00:00:00",""
"P002","P002_1760711898101","2025-10-17 14:38:26","2025-10-17T14:38:26.397Z",8296,70,70,false,0,0,"1970-01-01 00:00:00",""
"P002","P002_1760711898101","2025-10-17 14:38:27","2025-10-17T14:38:27.696Z",9595,70,70,false,0,0,"1970-01-01 00:00:00",""
"P002","P002_1760711898101","2025-10-17 14:38:18","2025-10-17T14:38:18.597Z",496,70,70,false,0,0,"1970-01-01 00:00:00",""
"P002","P002_1760711898101","2025-10-17 14:38:37","2025-10-17T14:38:37.109Z",19008,70,70,false,1,1,"1970-01-01 00:00:00",""
"P002","P002_1760711898101","2025-10-17 14:39:27","2025-10-17T14:39:27.108Z",69007,70,70,false,3,3,"1970-01-01 00:00:00",""
"P002","P002_1760711898101","2025-10-17 14:38:47","2025-10-17T14:38:47.108Z",29007,70,70,false,1,1,"1970-01-01 00:00:00",""
"P002","P002_1760711898101","2025-10-17 14:38:26","2025-10-17T14:38:26.597Z",8496,70,70,false,0,0,"1970-01-01 00:00:00",""
"P002","P002_1760711898101","2025-10-17 14:38:19","2025-10-17T14:38:19.596Z",1495,70,70,false,0,0,"1970-01-01 00:00:00",""
"P002","P002_1760712017518","2025-10-17 14:40:18","2025-10-17T14:40:18.172Z",654,70,70,false,0,0,"1970-01-01 00:00:00",""
"P002","P002_1760712017518","2025-10-17 14:40:19","2025-10-17T14:40:19.072Z",1554,70,70,false,0,0,"1970-01-01 00:00:00",""
"P002","P002_1760712017518","2025-10-17 14:40:19","2025-10-17T14:40:19.272Z",1754,70,70,false,0,0,"1970-01-01 00:00:00",""
"P002","P002_1760712017518","2025-10-17 14:40:17","2025-10-17T14:40:17.872Z",354,70,70,false,0,0,"1970-01-01 00:00:00",""
"P002","P002_1760712017518","2025-10-17 14:40:18","2025-10-17T14:40:18.572Z",1054,70,70,false,0,0,"1970-01-01 00:00:00",""
"P002","P002_1760712017518","2025-10-17 14:40:18","2025-10-17T14:40:18.972Z",1454,70,70,false,0,0,"1970-01-01 00:00:00",""
"P002","P002_1760712017518","2025-10-17 14:40:18","2025-10-17T14:40:18.072Z",554,70,70,false,0,0,"1970-01-01 00:00:00",""
"P002","P002_1760712017518","2025-10-17 14:40:18","2025-10-17T14:40:18.672Z",1154,70,70,false,0,0,"1970-01-01 00:00:00",""
"P002","P002_1760712017518","2025-10-17 14:40:19","2025-10-17T14:40:19.372Z",1854,70,70,false,0,0,"1970-01-01 00:00:00",""
"P002","P002_1760712017518","2025-10-17 14:40:18","2025-10-17T14:40:18.272Z",754,70,70,false,0,0,"1970-01-01 00:00:00",""
"P002","P002_1760712017518","2025-10-17 14:40:17","2025-10-17T14:40:17.972Z",454,70,70,false,0,0,"1970-01-01 00:00:00",""
"P002","P002_1760712017518","2025-10-17 14:40:19","2025-10-17T14:40:19.172Z",1654,70,70,false,0,0,"1970-01-01 00:00:00",""
"P002","P002_1760712017518","2025-10-17 14:40:18","2025-10-17T14:40:18.872Z",1354,70,70,false,0,0,"1970-01-01 00:00:00",""
"P002","P002_1760712017518","2025-10-17 14:40:18","2025-10-17T14:40:18.472Z",954,70,70,false,0,0,"1970-01-01 00:00:00",""
"P002","P002_1760712017518","2025-10-17 14:40:18","2025-10-17T14:40:18.372Z",854,70,70,false,0,0,"1970-01-01 00:00:00",""
"P002","P002_1760712017518","2025-10-17 14:40:18","2025-10-17T14:40:18.772Z",1254,70,70,false,0,0,"1970-01-01 00:00:00",""
"P003","P003_1760712019490","2025-10-17 14:40:23","2025-10-17T14:40:23.594Z",4104,88.9,83.9,true,0,0,"1970-01-01 00:00:00",0
"P003","P003_1760712019490","2025-10-17 14:43:12","2025-10-17T14:43:12.111Z",172621,70,70,false,4,4,"1970-01-01 00:00:00",""
"P003","P003_1760712019490","2025-10-17 14:40:21","2025-10-17T14:40:21.594Z",2104,69.9,64.9,true,0,0,"1970-01-01 00:00:00",0
"P003","P003_1760712019490","2025-10-17 14:40:28","2025-10-17T14:40:28.395Z",8905,97.9,96.4,true,0,0,"1970-01-01 00:00:00",48.1
"P003","P003_1760712019490","2025-10-17 14:41:14","2025-10-17T14:41:14.109Z",54619,65.2,65.2,false,2,2,"1970-01-01 00:00:00",""
"P003","P003_1760712019490","2025-10-17 14:46:31","2025-10-17T14:46:31.877Z",372387,47.5,47.5,false,5,5,"1970-01-01 00:00:00",""
"P003","P003_1760712019490","2025-10-17 14:46:32","2025-10-17T14:46:32.178Z",372688,44.8,44.8,false,5,5,"1970-01-01 00:00:00",""
"P003","P003_1760712019490","2025-10-17 14:46:36","2025-10-17T14:46:36.477Z",376987,6.1,6.1,false,5,5,"1970-01-01 00:00:00",""
"P003","P003_1760712019490","2025-10-17 14:40:22","2025-10-17T14:40:22.595Z",3105,71.9,76.9,true,0,0,"1970-01-01 00:00:00",0
"P003","P003_1760712019490","2025-10-17 14:40:23","2025-10-17T14:40:23.094Z",3604,75.4,85.4,true,0,0,"1970-01-01 00:00:00",0
"P003","P003_1760712019490","2025-10-17 14:40:29","2025-10-17T14:40:29.495Z",10005,94.6,93.1,true,0,0,"1970-01-01 00:00:00",48.1
"P003","P003_1760712019490","2025-10-17 14:40:28","2025-10-17T14:40:28.994Z",9504,96.1,94.6,true,0,0,"1970-01-01 00:00:00",48.1
"P003","P003_1760712019490","2025-10-17 14:46:42","2025-10-17T14:46:42.090Z",382600,61.3,61.3,false,6,5,"1970-01-01 00:00:00",""
"P003","P003_1760712019490","2025-10-17 14:40:26","2025-10-17T14:40:26.195Z",6705,98.2,99.7,true,0,0,"1970-01-01 00:00:00",16.4
"P003","P003_1760712019490","2025-10-17 14:46:41","2025-10-17T14:46:41.990Z",382500,61.6,61.6,false,6,5,"1970-01-01 00:00:00",""
"P003","P003_1760712019490","2025-10-17 14:40:22","2025-10-17T14:40:22.395Z",2905,72.5,72.5,true,0,0,"1970-01-01 00:00:00",0
"P003","P003_1760712019490","2025-10-17 14:40:21","2025-10-17T14:40:21.094Z",1604,66.4,66.4,true,0,0,"1970-01-01 00:00:00",0
"P003","P003_1760712019490","2025-10-17 14:46:34","2025-10-17T14:46:34.177Z",374687,26.8,26.8,false,5,5,"1970-01-01 00:00:00",""
"P003","P003_1760712019490","2025-10-17 14:46:31","2025-10-17T14:46:31.477Z",371987,51.1,51.1,false,5,5,"1970-01-01 00:00:00",""
"P003","P003_1760712019490","2025-10-17 14:40:23","2025-10-17T14:40:23.194Z",3704,75.1,85.1,true,0,0,"1970-01-01 00:00:00",0
"P003","P003_1760712019490","2025-10-17 14:46:30","2025-10-17T14:46:30.877Z",371387,56.5,56.5,false,5,5,"1970-01-01 00:00:00",""
"P003","P003_1760712019490","2025-10-17 14:41:03","2025-10-17T14:41:03.109Z",43619,68.5,68.5,false,2,2,"1970-01-01 00:00:00",""
"P003","P003_1760712019490","2025-10-17 14:46:33","2025-10-17T14:46:33.978Z",374488,28.6,28.6,false,5,5,"1970-01-01 00:00:00",""
"P003","P003_1760712019490","2025-10-17 14:40:24","2025-10-17T14:40:24.694Z",5204,85.6,100,true,0,0,"1970-01-01 00:00:00",10.6
"P003","P003_1760712019490","2025-10-17 14:40:27","2025-10-17T14:40:27.594Z",8104,99.7,98.8,true,0,0,"1970-01-01 00:00:00",48.1
"P003","P003_1760712019490","2025-10-17 14:46:40","2025-10-17T14:46:40.889Z",381399,64.9,64.9,false,6,5,"1970-01-01 00:00:00",""
"P003","P003_1760712019490","2025-10-17 14:40:22","2025-10-17T14:40:22.293Z",2803,72.8,67.8,true,0,0,"1970-01-01 00:00:00",0
"P003","P003_1760712019490","2025-10-17 14:46:31","2025-10-17T14:46:31.377Z",371887,52,52,false,5,5,"1970-01-01 00:00:00",""
"P003","P003_1760712019490","2025-10-17 14:46:30","2025-10-17T14:46:30.678Z",371188,58.3,58.3,false,5,5,"1970-01-01 00:00:00",""
"P003","P003_1760712019490","2025-10-17 14:41:06","2025-10-17T14:41:06.109Z",46619,67.6,67.6,false,2,2,"1970-01-01 00:00:00",""
"P003","P003_1760712019490","2025-10-17 14:46:36","2025-10-17T14:46:36.778Z",377288,3.4,3.4,false,5,5,"1970-01-01 00:00:00",""
"P003","P003_1760712019490","2025-10-17 14:40:28","2025-10-17T14:40:28.595Z",9105,97.3,95.8,true,0,0,"1970-01-01 00:00:00",48.1
"P003","P003_1760712019490","2025-10-17 14:46:40","2025-10-17T14:46:40.090Z",380600,67.3,67.3,false,6,5,"1970-01-01 00:00:00",""
"P003","P003_1760712019490","2025-10-17 14:40:27","2025-10-17T14:40:27.394Z",7904,99.6,99.4,true,0,0,"1970-01-01 00:00:00",48.1
"P003","P003_1760712019490","2025-10-17 14:46:42","2025-10-17T14:46:42.189Z",382699,61,61,false,6,5,"1970-01-01 00:00:00",""
"P003","P003_1760712019490","2025-10-17 14:40:29","2025-10-17T14:40:29.794Z",10304,93.7,92.2,true,0,0,"1970-01-01 00:00:00",48.1
"P003","P003_1760712019490","2025-10-17 14:40:25","2025-10-17T14:40:25.295Z",5805,100,98.2,true,0,0,"1970-01-01 00:00:00",10.6
"P003","P003_1760712019490","2025-10-17 14:40:25","2025-10-17T14:40:25.394Z",5904,100,97.9,true,0,0,"1970-01-01 00:00:00",10.6
"P003","P003_1760712019490","2025-10-17 14:40:20","2025-10-17T14:40:20.094Z",604,69.4,69.4,true,0,0,"1970-01-01 00:00:00",0
"P003","P003_1760712019490","2025-10-17 14:40:58","2025-10-17T14:40:58.109Z",38619,70,70,false,2,2,"1970-01-01 00:00:00",""
"P003","P003_1760712019490","2025-10-17 14:46:29","2025-10-17T14:46:29.878Z",370388,65.5,65.5,false,5,5,"1970-01-01 00:00:00",""
"P003","P003_1760712019490","2025-10-17 14:46:29","2025-10-17T14:46:29.577Z",370087,68.2,68.2,false,5,5,"1970-01-01 00:00:00",""
"P003","P003_1760712019490","2025-10-17 14:46:41","2025-10-17T14:46:41.689Z",382199,62.5,62.5,false,6,5,"1970-01-01 00:00:00",""
"P003","P003_1760712019490","2025-10-17 14:46:35","2025-10-17T14:46:35.177Z",375687,17.8,17.8,false,5,5,"1970-01-01 00:00:00",""
"P003","P003_1760712019490","2025-10-17 14:46:40","2025-10-17T14:46:40.389Z",380899,66.4,66.4,false,6,5,"1970-01-01 00:00:00",""
"P003","P003_1760712019490","2025-10-17 14:40:20","2025-10-17T14:40:20.895Z",1405,67,67,true,0,0,"1970-01-01 00:00:00",0
"P003","P003_1760712019490","2025-10-17 14:40:21","2025-10-17T14:40:21.794Z",2304,74.3,64.3,true,0,0,"1970-01-01 00:00:00",0
"P003","P003_1760712019490","2025-10-17 14:41:16","2025-10-17T14:41:16.109Z",56619,64.6,64.6,false,2,2,"1970-01-01 00:00:00",""
"P003","P003_1760712019490","2025-10-17 14:40:20","2025-10-17T14:40:20.994Z",1504,66.7,66.7,true,0,0,"1970-01-01 00:00:00",0
"P003","P003_1760712019490","2025-10-17 14:40:25","2025-10-17T14:40:25.895Z",6405,99.1,96.4,true,0,0,"1970-01-01 00:00:00",10.6
"P003","P003_1760712019490","2025-10-17 14:40:38","2025-10-17T14:40:38.109Z",18619,68.6,68.6,false,1,1,"1970-01-01 00:00:00",""
"P003","P003_1760712019490","2025-10-17 14:46:39","2025-10-17T14:46:39.190Z",379700,70,70,false,6,5,"1970-01-01 00:00:00",""
"P003","P003_1760712019490","2025-10-17 14:40:26","2025-10-17T14:40:26.795Z",7305,96.4,100,true,0,0,"1970-01-01 00:00:00",34.3
"P003","P003_1760712019490","2025-10-17 14:40:26","2025-10-17T14:40:26.495Z",7005,97.3,100,true,0,0,"1970-01-01 00:00:00",25.2
"P003","P003_1760712019490","2025-10-17 14:40:27","2025-10-17T14:40:27.094Z",7604,95.5,99.7,true,0,0,"1970-01-01 00:00:00",43.7
"P003","P003_1760712019490","2025-10-17 14:40:22","2025-10-17T14:40:22.994Z",3504,70.7,85.7,true,0,0,"1970-01-01 00:00:00",0
"P003","P003_1760712019490","2025-10-17 14:40:37","2025-10-17T14:40:37.111Z",17621,69.3,69.3,false,1,1,"1970-01-01 00:00:00",""
"P003","P003_1760712019490","2025-10-17 14:40:49","2025-10-17T14:40:49.109Z",29619,60.9,60.9,false,1,1,"1970-01-01 00:00:00",""
"P003","P003_1760712019490","2025-10-17 14:40:22","2025-10-17T14:40:22.794Z",3304,71.3,81.3,true,0,0,"1970-01-01 00:00:00",0
"P003","P003_1760712019490","2025-10-17 14:46:29","2025-10-17T14:46:29.377Z",369887,70,70,false,5,5,"1970-01-01 00:00:00",""
"P003","P003_1760712019490","2025-10-17 14:46:36","2025-10-17T14:46:36.878Z",377388,2.5,2.5,false,5,5,"1970-01-01 00:00:00",""
"P003","P003_1760712019490","2025-10-17 14:46:32","2025-10-17T14:46:32.777Z",373287,39.4,39.4,false,5,5,"1970-01-01 00:00:00",""
"P003","P003_1760712019490","2025-10-17 14:46:33","2025-10-17T14:46:33.778Z",374288,30.4,30.4,false,5,5,"1970-01-01 00:00:00",""
"P003","P003_1760712019490","2025-10-17 14:46:31","2025-10-17T14:46:31.277Z",371787,52.9,52.9,false,5,5,"1970-01-01 00:00:00",""
"P003","P003_1760712019490","2025-10-17 14:46:35","2025-10-17T14:46:35.678Z",376188,13.3,13.3,false,5,5,"1970-01-01 00:00:00",""
"P003","P003_1760712019490","2025-10-17 14:40:22","2025-10-17T14:40:22.194Z",2704,73.1,68.1,true,0,0,"1970-01-01 00:00:00",0
"P003","P003_1760712019490","2025-10-17 14:40:22","2025-10-17T14:40:22.496Z",3006,72.2,72.2,true,0,0,"1970-01-01 00:00:00",0
"P003","P003_1760712019490","2025-10-17 14:41:13","2025-10-17T14:41:13.109Z",53619,65.5,65.5,false,2,2,"1970-01-01 00:00:00",""
"P003","P003_1760712019490","2025-10-17 14:43:17","2025-10-17T14:43:17.111Z",177621,66.5,66.5,false,4,4,"1970-01-01 00:00:00",""
"P003","P003_1760712019490","2025-10-17 14:40:51","2025-10-17T14:40:51.108Z",31618,59.5,59.5,false,1,1,"1970-01-01 00:00:00",""
"P003","P003_1760712019490","2025-10-17 14:46:36","2025-10-17T14:46:36.078Z",376588,9.7,9.7,false,5,5,"1970-01-01 00:00:00",""
"P003","P003_1760712019490","2025-10-17 14:40:47","2025-10-17T14:40:47.109Z",27619,62.3,62.3,false,1,1,"1970-01-01 00:00:00",""
"P003","P003_1760712019490","2025-10-17 14:46:33","2025-10-17T14:46:33.077Z",373587,36.7,36.7,false,5,5,"1970-01-01 00:00:00",""
"P003","P003_1760712019490","2025-10-17 14:40:28","2025-10-17T14:40:28.694Z",9204,97,95.5,true,0,0,"1970-01-01 00:00:00",48.1
"P003","P003_1760712019490","2025-10-17 14:46:30","2025-10-17T14:46:30.777Z",371287,57.4,57.4,false,5,5,"1970-01-01 00:00:00",""
"P003","P003_1760712019490","2025-10-17 14:46:34","2025-10-17T14:46:34.278Z",374788,25.9,25.9,false,5,5,"1970-01-01 00:00:00",""
"P003","P003_1760712019490","2025-10-17 14:40:27","2025-10-17T14:40:27.694Z",8204,100,98.5,true,0,0,"1970-01-01 00:00:00",48.1
"P003","P003_1760712019490","2025-10-17 14:46:33","2025-10-17T14:46:33.578Z",374088,32.2,32.2,false,5,5,"1970-01-01 00:00:00",""
"P003","P003_1760712019490","2025-10-17 14:40:20","2025-10-17T14:40:20.294Z",804,68.8,68.8,true,0,0,"1970-01-01 00:00:00",0
"P003","P003_1760712019490","2025-10-17 14:44:05","2025-10-17T14:44:05.111Z",225621,65.8,65.8,false,4,4,"1970-01-01 00:00:00",""
"P003","P003_1760712019490","2025-10-17 14:41:10","2025-10-17T14:41:10.110Z",50620,66.4,66.4,false,2,2,"1970-01-01 00:00:00",""
"P003","P003_1760712019490","2025-10-17 14:43:14","2025-10-17T14:43:14.110Z",174620,68.6,68.6,false,4,4,"1970-01-01 00:00:00",""
"P003","P003_1760712019490","2025-10-17 14:46:34","2025-10-17T14:46:34.877Z",375387,20.5,20.5,false,5,5,"1970-01-01 00:00:00",""
"P003","P003_1760712019490","2025-10-17 14:40:28","2025-10-17T14:40:28.495Z",9005,97.6,96.1,true,0,0,"1970-01-01 00:00:00",48.1
"P003","P003_1760712019490","2025-10-17 14:46:35","2025-10-17T14:46:35.277Z",375787,16.9,16.9,false,5,5,"1970-01-01 00:00:00",""
"P003","P003_1760712019490","2025-10-17 14:40:46","2025-10-17T14:40:46.114Z",26624,63,63,false,1,1,"1970-01-01 00:00:00",""
"P003","P003_1760712019490","2025-10-17 14:41:04","2025-10-17T14:41:04.109Z",44619,68.2,68.2,false,2,2,"1970-01-01 00:00:00",""
"P003","P003_1760712019490","2025-10-17 14:40:29","2025-10-17T14:40:29.694Z",10204,94,92.5,true,0,0,"1970-01-01 00:00:00",48.1
"P003","P003_1760712019490","2025-10-17 14:40:25","2025-10-17T14:40:25.995Z",6505,98.8,100,true,0,0,"1970-01-01 00:00:00",11.7
"P003","P003_1760712019490","2025-10-17 14:40:26","2025-10-17T14:40:26.694Z",7204,96.7,99.7,true,0,0,"1970-01-01 00:00:00",29.9
"P003","P003_1760712019490","2025-10-17 14:40:28","2025-10-17T14:40:28.094Z",8604,98.8,97.3,true,0,0,"1970-01-01 00:00:00",48.1
"P003","P003_1760712019490","2025-10-17 14:46:40","2025-10-17T14:46:40.590Z",381100,65.8,65.8,false,6,5,"1970-01-01 00:00:00",""
"P003","P003_1760712019490","2025-10-17 14:46:35","2025-10-17T14:46:35.878Z",376388,11.5,11.5,false,5,5,"1970-01-01 00:00:00",""
"P003","P003_1760712019490","2025-10-17 14:40:25","2025-10-17T14:40:25.694Z",6204,99.7,97,true,0,0,"1970-01-01 00:00:00",10.6
"P003","P003_1760712019490","2025-10-17 14:40:24","2025-10-17T14:40:24.193Z",4703,87.1,97.1,true,0,0,"1970-01-01 00:00:00",0
"P003","P003_1760712019490","2025-10-17 14:41:07","2025-10-17T14:41:07.109Z",47619,67.3,67.3,false,2,2,"1970-01-01 00:00:00",""
"P003","P003_1760712019490","2025-10-17 14:46:31","2025-10-17T14:46:31.577Z",372087,50.2,50.2,false,5,5,"1970-01-01 00:00:00",""
"P003","P003_1760712019490","2025-10-17 14:41:01","2025-10-17T14:41:01.108Z",41618,69.1,69.1,false,2,2,"1970-01-01 00:00:00",""
"P003","P003_1760712019490","2025-10-17 14:40:27","2025-10-17T14:40:27.194Z",7704,95.2,100,true,0,0,"1970-01-01 00:00:00",48.1
"P003","P003_1760712019490","2025-10-17 14:46:41","2025-10-17T14:46:41.889Z",382399,61.9,61.9,false,6,5,"1970-01-01 00:00:00",""
"P003","P003_1760712019490","2025-10-17 14:46:35","2025-10-17T14:46:35.077Z",375587,18.7,18.7,false,5,5,"1970-01-01 00:00:00",""
"P003","P003_1760712019490","2025-10-17 14:46:35","2025-10-17T14:46:35.477Z",375987,15.1,15.1,false,5,5,"1970-01-01 00:00:00",""
"P003","P003_1760712019490","2025-10-17 14:41:31","2025-10-17T14:41:31.109Z",71619,66.5,66.5,false,3,3,"1970-01-01 00:00:00",""
"P003","P003_1760712019490","2025-10-17 14:46:35","2025-10-17T14:46:35.977Z",376487,10.6,10.6,false,5,5,"1970-01-01 00:00:00",""
"P003","P003_1760712019490","2025-10-17 14:46:35","2025-10-17T14:46:35.377Z",375887,16,16,false,5,5,"1970-01-01 00:00:00",""
"P003","P003_1760712019490","2025-10-17 14:46:41","2025-10-17T14:46:41.389Z",381899,63.4,63.4,false,6,5,"1970-01-01 00:00:00",""
"P003","P003_1760712019490","2025-10-17 14:46:39","2025-10-17T14:46:39.989Z",380499,67.6,67.6,false,6,5,"1970-01-01 00:00:00",""
"P003","P003_1760712019490","2025-10-17 14:40:23","2025-10-17T14:40:23.395Z",3905,84.5,84.5,true,0,0,"1970-01-01 00:00:00",0
"P003","P003_1760712019490","2025-10-17 14:46:31","2025-10-17T14:46:31.777Z",372287,48.4,48.4,false,5,5,"1970-01-01 00:00:00",""
"P003","P003_1760712019490","2025-10-17 14:46:30","2025-10-17T14:46:30.577Z",371087,59.2,59.2,false,5,5,"1970-01-01 00:00:00",""
"P003","P003_1760712019490","2025-10-17 14:46:29","2025-10-17T14:46:29.978Z",370488,64.6,64.6,false,5,5,"1970-01-01 00:00:00",""
"P003","P003_1760712019490","2025-10-17 14:46:29","2025-10-17T14:46:29.477Z",369987,69.1,69.1,false,5,5,"1970-01-01 00:00:00",""
"P003","P003_1760712019490","2025-10-17 14:40:20","2025-10-17T14:40:20.599Z",1109,67.9,67.9,true,0,0,"1970-01-01 00:00:00",0
"P003","P003_1760712019490","2025-10-17 14:40:24","2025-10-17T14:40:24.494Z",5004,86.2,100,true,0,0,"1970-01-01 00:00:00",6.2
"P003","P003_1760712019490","2025-10-17 14:43:16","2025-10-17T14:43:16.111Z",176621,67.2,67.2,false,4,4,"1970-01-01 00:00:00",""
"P003","P003_1760712019490","2025-10-17 14:40:29","2025-10-17T14:40:29.595Z",10105,94.3,92.8,true,0,0,"1970-01-01 00:00:00",48.1
"P003","P003_1760712019490","2025-10-17 14:46:30","2025-10-17T14:46:30.477Z",370987,60.1,60.1,false,5,5,"1970-01-01 00:00:00",""
"P003","P003_1760712019490","2025-10-17 14:40:28","2025-10-17T14:40:28.194Z",8704,98.5,97,true,0,0,"1970-01-01 00:00:00",48.1
"P003","P003_1760712019490","2025-10-17 14:46:30","2025-10-17T14:46:30.278Z",370788,61.9,61.9,false,5,5,"1970-01-01 00:00:00",""
"P003","P003_1760712019490","2025-10-17 14:46:41","2025-10-17T14:46:41.790Z",382300,62.2,62.2,false,6,5,"1970-01-01 00:00:00",""
"P003","P003_1760712019490","2025-10-17 14:40:26","2025-10-17T14:40:26.095Z",6605,98.5,100,true,0,0,"1970-01-01 00:00:00",16.4
"P003","P003_1760712019490","2025-10-17 14:40:21","2025-10-17T14:40:21.195Z",1705,66.1,66.1,true,0,0,"1970-01-01 00:00:00",0
"P003","P003_1760712019490","2025-10-17 14:40:23","2025-10-17T14:40:23.894Z",4404,88,88,true,0,0,"1970-01-01 00:00:00",0
"P003","P003_1760712019490","2025-10-17 14:40:24","2025-10-17T14:40:24.795Z",5305,90.3,99.7,true,0,0,"1970-01-01 00:00:00",10.6
"P003","P003_1760712019490","2025-10-17 14:40:27","2025-10-17T14:40:27.295Z",7805,94.9,99.7,true,0,0,"1970-01-01 00:00:00",48.1
"P003","P003_1760712019490","2025-10-17 14:46:39","2025-10-17T14:46:39.489Z",379999,69.1,69.1,false,6,5,"1970-01-01 00:00:00",""
"P003","P003_1760712019490","2025-10-17 14:46:36","2025-10-17T14:46:36.377Z",376887,7,7,false,5,5,"1970-01-01 00:00:00",""
"P003","P003_1760712019490","2025-10-17 14:46:40","2025-10-17T14:46:40.490Z",381000,66.1,66.1,false,6,5,"1970-01-01 00:00:00",""
"P003","P003_1760712019490","2025-10-17 14:41:17","2025-10-17T14:41:17.109Z",57619,64.3,64.3,false,2,2,"1970-01-01 00:00:00",""
"P003","P003_1760712019490","2025-10-17 14:46:31","2025-10-17T14:46:31.078Z",371588,54.7,54.7,false,5,5,"1970-01-01 00:00:00",""
"P003","P003_1760712019490","2025-10-17 14:41:11","2025-10-17T14:41:11.109Z",51619,66.1,66.1,false,2,2,"1970-01-01 00:00:00",""
"P003","P003_1760712019490","2025-10-17 14:46:35","2025-10-17T14:46:35.778Z",376288,12.4,12.4,false,5,5,"1970-01-01 00:00:00",""
"P003","P003_1760712019490","2025-10-17 14:46:34","2025-10-17T14:46:34.778Z",375288,21.4,21.4,false,5,5,"1970-01-01 00:00:00",""
"P003","P003_1760712019490","2025-10-17 14:42:05","2025-10-17T14:42:05.111Z",105621,65.5,65.5,false,3,3,"1970-01-01 00:00:00",""
"P003","P003_1760712019490","2025-10-17 14:46:24","2025-10-17T14:46:24.265Z",364775,63.7,63.7,false,4,4,"1970-01-01 00:00:00",""
"P003","P003_1760712019490","2025-10-17 14:40:41","2025-10-17T14:40:41.108Z",21618,66.5,66.5,false,1,1,"1970-01-01 00:00:00",""
"P003","P003_1760712019490","2025-10-17 14:46:36","2025-10-17T14:46:36.977Z",377487,1.6,1.6,false,5,5,"1970-01-01 00:00:00",""
"P003","P003_1760712019490","2025-10-17 14:46:33","2025-10-17T14:46:33.278Z",373788,34.9,34.9,false,5,5,"1970-01-01 00:00:00",""
"P003","P003_1760712019490","2025-10-17 14:46:40","2025-10-17T14:46:40.290Z",380800,66.7,66.7,false,6,5,"1970-01-01 00:00:00",""
"P003","P003_1760712019490","2025-10-17 14:40:22","2025-10-17T14:40:22.896Z",3406,71,86,true,0,0,"1970-01-01 00:00:00",0
"P003","P003_1760712019490","2025-10-17 14:46:33","2025-10-17T14:46:33.178Z",373688,35.8,35.8,false,5,5,"1970-01-01 00:00:00",""
"P003","P003_1760712019490","2025-10-17 14:40:26","2025-10-17T14:40:26.895Z",7405,96.1,100,true,0,0,"1970-01-01 00:00:00",39
"P003","P003_1760712019490","2025-10-17 14:40:26","2025-10-17T14:40:26.996Z",7506,95.8,104.7,true,0,0,"1970-01-01 00:00:00",39
"P003","P003_1760712019490","2025-10-17 14:40:28","2025-10-17T14:40:28.895Z",9405,96.4,94.9,true,0,0,"1970-01-01 00:00:00",48.1
"P003","P003_1760712019490","2025-10-17 14:40:25","2025-10-17T14:40:25.494Z",6004,99.7,97.6,true,0,0,"1970-01-01 00:00:00",10.6
"P003","P003_1760712019490","2025-10-17 14:46:34","2025-10-17T14:46:34.077Z",374587,27.7,27.7,false,5,5,"1970-01-01 00:00:00",""
"P003","P003_1760712019490","2025-10-17 14:46:29","2025-10-17T14:46:29.778Z",370288,66.4,66.4,false,5,5,"1970-01-01 00:00:00",""
"P003","P003_1760712019490","2025-10-17 14:46:30","2025-10-17T14:46:30.177Z",370687,62.8,62.8,false,5,5,"1970-01-01 00:00:00",""
"P003","P003_1760712019490","2025-10-17 14:43:15","2025-10-17T14:43:15.110Z",175620,67.9,67.9,false,4,4,"1970-01-01 00:00:00",""
"P003","P003_1760712019490","2025-10-17 14:41:12","2025-10-17T14:41:12.109Z",52619,65.8,65.8,false,2,2,"1970-01-01 00:00:00",""
"P003","P003_1760712019490","2025-10-17 14:46:30","2025-10-17T14:46:30.378Z",370888,61,61,false,5,5,"1970-01-01 00:00:00",""
"P003","P003_1760712019490","2025-10-17 14:46:39","2025-10-17T14:46:39.589Z",380099,68.8,68.8,false,6,5,"1970-01-01 00:00:00",""
"P003","P003_1760712019490","2025-10-17 14:40:21","2025-10-17T14:40:21.394Z",1904,65.5,65.5,true,0,0,"1970-01-01 00:00:00",0
"P003","P003_1760712019490","2025-10-17 14:40:21","2025-10-17T14:40:21.495Z",2005,65.2,65.2,true,0,0,"1970-01-01 00:00:00",0
"P003","P003_1760712019490","2025-10-17 14:41:08","2025-10-17T14:41:08.109Z",48619,67,67,false,2,2,"1970-01-01 00:00:00",""
"P003","P003_1760712019490","2025-10-17 14:40:24","2025-10-17T14:40:24.594Z",5104,85.9,99.7,true,0,0,"1970-01-01 00:00:00",6.2
"P003","P003_1760712019490","2025-10-17 14:40:22","2025-10-17T14:40:22.695Z",3205,71.6,81.6,true,0,0,"1970-01-01 00:00:00",0
"P003","P003_1760712019490","2025-10-17 14:40:28","2025-10-17T14:40:28.794Z",9304,96.7,95.2,true,0,0,"1970-01-01 00:00:00",48.1
"P003","P003_1760712019490","2025-10-17 14:40:19","2025-10-17T14:40:19.897Z",407,70,70,true,0,0,"1970-01-01 00:00:00",0
"P003","P003_1760712019490","2025-10-17 14:40:24","2025-10-17T14:40:24.295Z",4805,86.8,100,true,0,0,"1970-01-01 00:00:00",1.8
"P003","P003_1760712019490","2025-10-17 14:40:27","2025-10-17T14:40:27.894Z",8404,99.4,97.9,true,0,0,"1970-01-01 00:00:00",48.1
"P003","P003_1760712019490","2025-10-17 14:40:25","2025-10-17T14:40:25.594Z",6104,100,97.3,true,0,0,"1970-01-01 00:00:00",10.6
"P003","P003_1760712019490","2025-10-17 14:40:27","2025-10-17T14:40:27.494Z",8004,100,99.1,true,0,0,"1970-01-01 00:00:00",48.1
"P003","P003_1760712019490","2025-10-17 14:40:25","2025-10-17T14:40:25.195Z",5705,99.1,98.5,true,0,0,"1970-01-01 00:00:00",10.6
"P003","P003_1760712019490","2025-10-17 14:46:34","2025-10-17T14:46:34.378Z",374888,25,25,false,5,5,"1970-01-01 00:00:00",""
"P003","P003_1760712019490","2025-10-17 14:40:20","2025-10-17T14:40:20.794Z",1304,67.3,67.3,true,0,0,"1970-01-01 00:00:00",0
"P003","P003_1760712019490","2025-10-17 14:40:20","2025-10-17T14:40:20.694Z",1204,67.6,67.6,true,0,0,"1970-01-01 00:00:00",0
"P003","P003_1760712019490","2025-10-17 14:46:33","2025-10-17T14:46:33.477Z",373987,33.1,33.1,false,5,5,"1970-01-01 00:00:00",""
"P003","P003_1760712019490","2025-10-17 14:41:05","2025-10-17T14:41:05.109Z",45619,67.9,67.9,false,2,2,"1970-01-01 00:00:00",""
"P003","P003_1760712019490","2025-10-17 14:40:24","2025-10-17T14:40:24.395Z",4905,86.5,99.7,true,0,0,"1970-01-01 00:00:00",1.8
"P003","P003_1760712019490","2025-10-17 14:40:21","2025-10-17T14:40:21.995Z",2505,73.7,63.7,true,0,0,"1970-01-01 00:00:00",0
"P003","P003_1760712019490","2025-10-17 14:46:32","2025-10-17T14:46:32.477Z",372987,42.1,42.1,false,5,5,"1970-01-01 00:00:00",""
"P003","P003_1760712019490","2025-10-17 14:40:27","2025-10-17T14:40:27.795Z",8305,99.7,98.2,true,0,0,"1970-01-01 00:00:00",48.1
"P003","P003_1760712019490","2025-10-17 14:46:40","2025-10-17T14:46:40.789Z",381299,65.2,65.2,false,6,5,"1970-01-01 00:00:00",""
"P003","P003_1760712019490","2025-10-17 14:46:30","2025-10-17T14:46:30.978Z",371488,55.6,55.6,false,5,5,"1970-01-01 00:00:00",""
"P003","P003_1760712019490","2025-10-17 14:40:24","2025-10-17T14:40:24.095Z",4605,87.4,97.4,true,0,0,"1970-01-01 00:00:00",0
"P003","P003_1760712019490","2025-10-17 14:41:32","2025-10-17T14:41:32.109Z",72619,66,66,false,3,3,"1970-01-01 00:00:00",""
"P003","P003_1760712019490","2025-10-17 14:40:26","2025-10-17T14:40:26.294Z",6804,97.9,100,true,0,0,"1970-01-01 00:00:00",20.8
"P003","P003_1760712019490","2025-10-17 14:46:33","2025-10-17T14:46:33.677Z",374187,31.3,31.3,false,5,5,"1970-01-01 00:00:00",""
"P003","P003_1760712019490","2025-10-17 14:43:13","2025-10-17T14:43:13.110Z",173620,69.3,69.3,false,4,4,"1970-01-01 00:00:00",""
"P003","P003_1760712019490","2025-10-17 14:46:36","2025-10-17T14:46:36.577Z",377087,5.2,5.2,false,5,5,"1970-01-01 00:00:00",""
"P003","P003_1760712019490","2025-10-17 14:40:21","2025-10-17T14:40:21.694Z",2204,69.6,64.6,true,0,0,"1970-01-01 00:00:00",0
"P003","P003_1760712019490","2025-10-17 14:41:26","2025-10-17T14:41:26.109Z",66619,69,69,false,3,3,"1970-01-01 00:00:00",""
"P003","P003_1760712019490","2025-10-17 14:46:34","2025-10-17T14:46:34.678Z",375188,22.3,22.3,false,5,5,"1970-01-01 00:00:00",""
"P003","P003_1760712019490","2025-10-17 14:46:33","2025-10-17T14:46:33.377Z",373887,34,34,false,5,5,"1970-01-01 00:00:00",""
"P003","P003_1760712019490","2025-10-17 14:40:29","2025-10-17T14:40:29.294Z",9804,95.2,93.7,true,0,0,"1970-01-01 00:00:00",48.1
"P003","P003_1760712019490","2025-10-17 14:46:40","2025-10-17T14:46:40.689Z",381199,65.5,65.5,false,6,5,"1970-01-01 00:00:00",""
"P003","P003_1760712019490","2025-10-17 14:46:33","2025-10-17T14:46:33.877Z",374387,29.5,29.5,false,5,5,"1970-01-01 00:00:00",""
"P003","P003_1760712019490","2025-10-17 14:46:32","2025-10-17T14:46:32.077Z",372587,45.7,45.7,false,5,5,"1970-01-01 00:00:00",""
"P003","P003_1760712019490","2025-10-17 14:41:15","2025-10-17T14:41:15.109Z",55619,64.9,64.9,false,2,2,"1970-01-01 00:00:00",""
"P003","P003_1760712019490","2025-10-17 14:40:29","2025-10-17T14:40:29.094Z",9604,95.8,94.3,true,0,0,"1970-01-01 00:00:00",48.1
"P003","P003_1760712019490","2025-10-17 14:46:32","2025-10-17T14:46:32.877Z",373387,38.5,38.5,false,5,5,"1970-01-01 00:00:00",""
"P003","P003_1760712019490","2025-10-17 14:40:23","2025-10-17T14:40:23.494Z",4004,84.2,84.2,true,0,0,"1970-01-01 00:00:00",0
"P003","P003_1760712019490","2025-10-17 14:46:39","2025-10-17T14:46:39.390Z",379900,69.4,69.4,false,6,5,"1970-01-01 00:00:00",""
"P003","P003_1760712019490","2025-10-17 14:46:34","2025-10-17T14:46:34.977Z",375487,19.6,19.6,false,5,5,"1970-01-01 00:00:00",""
"P003","P003_1760712019490","2025-10-17 14:43:05","2025-10-17T14:43:05.112Z",165622,65,65,false,3,3,"1970-01-01 00:00:00",""
"P003","P003_1760712019490","2025-10-17 14:40:23","2025-10-17T14:40:23.795Z",4305,88.3,88.3,true,0,0,"1970-01-01 00:00:00",0
"P003","P003_1760712019490","2025-10-17 14:40:25","2025-10-17T14:40:25.094Z",5604,99.4,98.8,true,0,0,"1970-01-01 00:00:00",10.6
"P003","P003_1760712019490","2025-10-17 14:46:36","2025-10-17T14:46:36.277Z",376787,7.9,7.9,false,5,5,"1970-01-01 00:00:00",""
"P003","P003_1760712019490","2025-10-17 14:40:39","2025-10-17T14:40:39.112Z",19622,67.9,67.9,false,1,1,"1970-01-01 00:00:00",""
"P003","P003_1760712019490","2025-10-17 14:40:44","2025-10-17T14:40:44.108Z",24618,64.4,64.4,false,1,1,"1970-01-01 00:00:00",""
"P003","P003_1760712019490","2025-10-17 14:40:27","2025-10-17T14:40:27.994Z",8504,99.1,97.6,true,0,0,"1970-01-01 00:00:00",48.1
"P003","P003_1760712019490","2025-10-17 14:40:50","2025-10-17T14:40:50.109Z",30619,60.2,60.2,false,1,1,"1970-01-01 00:00:00",""
"P003","P003_1760712019490","2025-10-17 14:46:29","2025-10-17T14:46:29.678Z",370188,67.3,67.3,false,5,5,"1970-01-01 00:00:00",""
"P003","P003_1760712019490","2025-10-17 14:40:52","2025-10-17T14:40:52.109Z",32619,58.8,58.8,false,1,1,"1970-01-01 00:00:00",""
"P003","P003_1760712019490","2025-10-17 14:40:20","2025-10-17T14:40:20.494Z",1004,68.2,68.2,true,0,0,"1970-01-01 00:00:00",0
"P003","P003_1760712019490","2025-10-17 14:40:23","2025-10-17T14:40:23.694Z",4204,88.6,83.6,true,0,0,"1970-01-01 00:00:00",0
"P003","P003_1760712019490","2025-10-17 14:46:40","2025-10-17T14:46:40.189Z",380699,67,67,false,6,5,"1970-01-01 00:00:00",""
"P003","P003_1760712019490","2025-10-17 14:40:29","2025-10-17T14:40:29.395Z",9905,94.9,93.4,true,0,0,"1970-01-01 00:00:00",48.1
"P003","P003_1760712019490","2025-10-17 14:46:41","2025-10-17T14:46:41.189Z",381699,64,64,false,6,5,"1970-01-01 00:00:00",""
"P003","P003_1760712019490","2025-10-17 14:40:28","2025-10-17T14:40:28.295Z",8805,98.2,96.7,true,0,0,"1970-01-01 00:00:00",48.1
"P003","P003_1760712019490","2025-10-17 14:46:39","2025-10-17T14:46:39.889Z",380399,67.9,67.9,false,6,5,"1970-01-01 00:00:00",""
"P003","P003_1760712019490","2025-10-17 14:46:35","2025-10-17T14:46:35.578Z",376088,14.2,14.2,false,5,5,"1970-01-01 00:00:00",""
"P003","P003_1760712019490","2025-10-17 14:41:28","2025-10-17T14:41:28.109Z",68619,68,68,false,3,3,"1970-01-01 00:00:00",""
"P003","P003_1760712019490","2025-10-17 14:46:36","2025-10-17T14:46:36.677Z",377187,4.3,4.3,false,5,5,"1970-01-01 00:00:00",""
"P003","P003_1760712019490","2025-10-17 14:46:31","2025-10-17T14:46:31.678Z",372188,49.3,49.3,false,5,5,"1970-01-01 00:00:00",""
"P003","P003_1760712019490","2025-10-17 14:41:25","2025-10-17T14:41:25.109Z",65619,69.5,69.5,false,3,3,"1970-01-01 00:00:00",""
"P003","P003_1760712019490","2025-10-17 14:46:32","2025-10-17T14:46:32.277Z",372787,43.9,43.9,false,5,5,"1970-01-01 00:00:00",""
"P003","P003_1760712019490","2025-10-17 14:41:00","2025-10-17T14:41:00.109Z",40619,69.4,69.4,false,2,2,"1970-01-01 00:00:00",""
"P003","P003_1760712019490","2025-10-17 14:46:32","2025-10-17T14:46:32.378Z",372888,43,43,false,5,5,"1970-01-01 00:00:00",""
"P003","P003_1760712019490","2025-10-17 14:46:34","2025-10-17T14:46:34.578Z",375088,23.2,23.2,false,5,5,"1970-01-01 00:00:00",""
"P003","P003_1760712019490","2025-10-17 14:40:21","2025-10-17T14:40:21.295Z",1805,65.8,65.8,true,0,0,"1970-01-01 00:00:00",0
"P003","P003_1760712019490","2025-10-17 14:41:29","2025-10-17T14:41:29.109Z",69619,67.5,67.5,false,3,3,"1970-01-01 00:00:00",""
"P003","P003_1760712019490","2025-10-17 14:46:05","2025-10-17T14:46:05.117Z",345627,64.4,64.4,false,4,4,"1970-01-01 00:00:00",""
"P003","P003_1760712019490","2025-10-17 14:46:41","2025-10-17T14:46:41.489Z",381999,63.1,63.1,false,6,5,"1970-01-01 00:00:00",""
"P003","P003_1760712019490","2025-10-17 14:40:23","2025-10-17T14:40:23.995Z",4505,87.7,92.7,true,0,0,"1970-01-01 00:00:00",0
"P003","P003_1760712019490","2025-10-17 14:46:37","2025-10-17T14:46:37.077Z",377587,0.7,0.7,false,5,5,"1970-01-01 00:00:00",""
"P003","P003_1760712019490","2025-10-17 14:46:31","2025-10-17T14:46:31.977Z",372487,46.6,46.6,false,5,5,"1970-01-01 00:00:00",""
"P003","P003_1760712019490","2025-10-17 14:46:39","2025-10-17T14:46:39.289Z",379799,69.7,69.7,false,6,5,"1970-01-01 00:00:00",""
"P003","P003_1760712019490","2025-10-17 14:46:31","2025-10-17T14:46:31.177Z",371687,53.8,53.8,false,5,5,"1970-01-01 00:00:00",""
"P003","P003_1760712019490","2025-10-17 14:40:48","2025-10-17T14:40:48.108Z",28618,61.6,61.6,false,1,1,"1970-01-01 00:00:00",""
"P003","P003_1760712019490","2025-10-17 14:46:34","2025-10-17T14:46:34.477Z",374987,24.1,24.1,false,5,5,"1970-01-01 00:00:00",""
"P003","P003_1760712019490","2025-10-17 14:46:41","2025-10-17T14:46:41.289Z",381799,63.7,63.7,false,6,5,"1970-01-01 00:00:00",""
"P003","P003_1760712019490","2025-10-17 14:46:41","2025-10-17T14:46:41.589Z",382099,62.8,62.8,false,6,5,"1970-01-01 00:00:00",""
"P003","P003_1760712019490","2025-10-17 14:45:05","2025-10-17T14:45:05.120Z",285630,65.1,65.1,false,4,4,"1970-01-01 00:00:00",""
"P003","P003_1760712019490","2025-10-17 14:40:24","2025-10-17T14:40:24.895Z",5405,90,99.4,true,0,0,"1970-01-01 00:00:00",10.6
"P003","P003_1760712019490","2025-10-17 14:41:09","2025-10-17T14:41:09.109Z",49619,66.7,66.7,false,2,2,"1970-01-01 00:00:00",""
"P003","P003_1760712019490","2025-10-17 14:40:36","2025-10-17T14:40:36.111Z",16621,70,70,false,1,1,"1970-01-01 00:00:00",""
"P003","P003_1760712019490","2025-10-17 14:40:20","2025-10-17T14:40:20.394Z",904,68.5,68.5,true,0,0,"1970-01-01 00:00:00",0
"P003","P003_1760712019490","2025-10-17 14:40:21","2025-10-17T14:40:21.894Z",2404,74,64,true,0,0,"1970-01-01 00:00:00",0
"P003","P003_1760712019490","2025-10-17 14:46:30","2025-10-17T14:46:30.077Z",370587,63.7,63.7,false,5,5,"1970-01-01 00:00:00",""
"P003","P003_1760712019490","2025-10-17 14:41:24","2025-10-17T14:41:24.109Z",64619,70,70,false,3,3,"1970-01-01 00:00:00",""
"P003","P003_1760712019490","2025-10-17 14:40:24","2025-10-17T14:40:24.995Z",5505,94.7,99.1,true,0,0,"1970-01-01 00:00:00",10.6
"P003","P003_1760712019490","2025-10-17 14:40:20","2025-10-17T14:40:20.194Z",704,69.1,69.1,true,0,0,"1970-01-01 00:00:00",0
"P003","P003_1760712019490","2025-10-17 14:40:23","2025-10-17T14:40:23.295Z",3805,79.8,84.8,true,0,0,"1970-01-01 00:00:00",0
"P003","P003_1760712019490","2025-10-17 14:40:22","2025-10-17T14:40:22.094Z",2604,73.4,63.4,true,0,0,"1970-01-01 00:00:00",0
"P003","P003_1760712019490","2025-10-17 14:40:45","2025-10-17T14:40:45.109Z",25619,63.7,63.7,false,1,1,"1970-01-01 00:00:00",""
"P003","P003_1760712019490","2025-10-17 14:46:39","2025-10-17T14:46:39.790Z",380300,68.2,68.2,false,6,5,"1970-01-01 00:00:00",""
"P003","P003_1760712019490","2025-10-17 14:46:39","2025-10-17T14:46:39.689Z",380199,68.5,68.5,false,6,5,"1970-01-01 00:00:00",""
"P003","P003_1760712019490","2025-10-17 14:40:29","2025-10-17T14:40:29.194Z",9704,95.5,94,true,0,0,"1970-01-01 00:00:00",48.1
"P003","P003_1760712019490","2025-10-17 14:40:26","2025-10-17T14:40:26.594Z",7104,97,100,true,0,0,"1970-01-01 00:00:00",29.9
"P003","P003_1760712019490","2025-10-17 14:40:19","2025-10-17T14:40:19.994Z",504,69.7,69.7,true,0,0,"1970-01-01 00:00:00",0
"P003","P003_1760712019490","2025-10-17 14:46:40","2025-10-17T14:46:40.989Z",381499,64.6,64.6,false,6,5,"1970-01-01 00:00:00",""
"P003","P003_1760712019490","2025-10-17 14:41:27","2025-10-17T14:41:27.110Z",67620,68.5,68.5,false,3,3,"1970-01-01 00:00:00",""
"P003","P003_1760712019490","2025-10-17 14:46:32","2025-10-17T14:46:32.577Z",373087,41.2,41.2,false,5,5,"1970-01-01 00:00:00",""
"P003","P003_1760712019490","2025-10-17 14:41:30","2025-10-17T14:41:30.109Z",70619,67,67,false,3,3,"1970-01-01 00:00:00",""
"P003","P003_1760712019490","2025-10-17 14:40:43","2025-10-17T14:40:43.110Z",23620,65.1,65.1,false,1,1,"1970-01-01 00:00:00",""
"P003","P003_1760712019490","2025-10-17 14:46:32","2025-10-17T14:46:32.677Z",373187,40.3,40.3,false,5,5,"1970-01-01 00:00:00",""
"P003","P003_1760712019490","2025-10-17 14:40:42","2025-10-17T14:40:42.114Z",22624,65.8,65.8,false,1,1,"1970-01-01 00:00:00",""
"P003","P003_1760712019490","2025-10-17 14:40:59","2025-10-17T14:40:59.109Z",39619,69.7,69.7,false,2,2,"1970-01-01 00:00:00",""
"P003","P003_1760712019490","2025-10-17 14:41:02","2025-10-17T14:41:02.109Z",42619,68.8,68.8,false,2,2,"1970-01-01 00:00:00",""
"P003","P003_1760712019490","2025-10-17 14:46:32","2025-10-17T14:46:32.978Z",373488,37.6,37.6,false,5,5,"1970-01-01 00:00:00",""
"P003","P003_1760712019490","2025-10-17 14:46:36","2025-10-17T14:46:36.178Z",376688,8.8,8.8,false,5,5,"1970-01-01 00:00:00",""
"P003","P003_1760712019490","2025-10-17 14:40:26","2025-10-17T14:40:26.395Z",6905,97.6,99.7,true,0,0,"1970-01-01 00:00:00",20.8
"P003","P003_1760712019490","2025-10-17 14:46:41","2025-10-17T14:46:41.089Z",381599,64.3,64.3,false,6,5,"1970-01-01 00:00:00",""
"P003","P003_1760712019490","2025-10-17 14:40:25","2025-10-17T14:40:25.794Z",6304,99.4,96.7,true,0,0,"1970-01-01 00:00:00",10.6
"P003","P003_1760712019490","2025-10-17 14:40:40","2025-10-17T14:40:40.109Z",20619,67.2,67.2,false,1,1,"1970-01-01 00:00:00",""
"P003","P003_1760712411325","2025-10-17 14:46:54","2025-10-17T14:46:54.515Z",3190,66.6,71.6,true,0,0,"1970-01-01 00:00:00",0
"P003","P003_1760712411325","2025-10-17 14:46:55","2025-10-17T14:46:55.815Z",4490,87.7,77.7,true,0,0,"1970-01-01 00:00:00",0
"P003","P003_1760712411325","2025-10-17 14:47:11","2025-10-17T14:47:11.226Z",19901,91.5,99.1,false,1,1,"1970-01-01 00:00:00",""
"P003","P003_1760712411325","2025-10-17 14:46:55","2025-10-17T14:46:55.615Z",4290,88.3,73.3,true,0,0,"1970-01-01 00:00:00",0
"P003","P003_1760712411325","2025-10-17 14:46:56","2025-10-17T14:46:56.715Z",5390,99.7,80,true,0,0,"1970-01-01 00:00:00",0
"P003","P003_1760712411325","2025-10-17 14:46:54","2025-10-17T14:46:54.015Z",2690,68.1,63.1,true,0,0,"1970-01-01 00:00:00",0
"P003","P003_1760712411325","2025-10-17 14:46:54","2025-10-17T14:46:54.115Z",2790,67.8,62.8,true,0,0,"1970-01-01 00:00:00",0
"P003","P003_1760712411325","2025-10-17 14:46:52","2025-10-17T14:46:52.615Z",1290,67.3,67.3,true,0,0,"1970-01-01 00:00:00",0
"P003","P003_1760712411325","2025-10-17 14:47:15","2025-10-17T14:47:15.927Z",24602,77.4,85,false,1,1,"1970-01-01 00:00:00",""
"P003","P003_1760712411325","2025-10-17 14:46:56","2025-10-17T14:46:56.115Z",4790,91.8,81.8,true,0,0,"1970-01-01 00:00:00",0
"P003","P003_1760712411325","2025-10-17 14:47:11","2025-10-17T14:47:11.027Z",19702,87.1,99.7,false,1,1,"1970-01-01 00:00:00",""
"P003","P003_1760712411325","2025-10-17 14:46:58","2025-10-17T14:46:58.915Z",7590,99.4,93.4,true,0,0,"1970-01-01 00:00:00",0
"P003","P003_1760712411325","2025-10-17 14:47:07","2025-10-17T14:47:07.827Z",16502,81.7,66.7,false,1,1,"1970-01-01 00:00:00",""
"P003","P003_1760712411325","2025-10-17 14:46:55","2025-10-17T14:46:55.415Z",4090,83.9,73.9,true,0,0,"1970-01-01 00:00:00",0
"P003","P003_1760712411325","2025-10-17 14:47:09","2025-10-17T14:47:09.726Z",18401,91,86,false,1,1,"1970-01-01 00:00:00",""
"P003","P003_1760712411325","2025-10-17 14:47:10","2025-10-17T14:47:10.627Z",19302,88.3,100,false,1,1,"1970-01-01 00:00:00",""
"P003","P003_1760712411325","2025-10-17 14:46:55","2025-10-17T14:46:55.115Z",3790,79.8,74.8,true,0,0,"1970-01-01 00:00:00",0
"P003","P003_1760712411325","2025-10-17 14:46:55","2025-10-17T14:46:55.520Z",4195,88.6,73.6,true,0,0,"1970-01-01 00:00:00",0
"P003","P003_1760712411325","2025-10-17 14:46:59","2025-10-17T14:46:59.515Z",8190,99.1,91.6,true,0,0,"1970-01-01 00:00:00",0
"P003","P003_1760712411325","2025-10-17 14:46:59","2025-10-17T14:46:59.616Z",8291,98.8,91.3,true,0,0,"1970-01-01 00:00:00",0
"P003","P003_1760712411325","2025-10-17 14:46:55","2025-10-17T14:46:55.916Z",4591,92.4,77.4,true,0,0,"1970-01-01 00:00:00",0
"P003","P003_1760712411325","2025-10-17 14:47:00","2025-10-17T14:47:00.615Z",9290,99.7,88.3,true,0,0,"1970-01-01 00:00:00",0
"P003","P003_1760712411325","2025-10-17 14:47:01","2025-10-17T14:47:01.615Z",10290,99.7,90.3,true,0,0,"1970-01-01 00:00:00",0
"P003","P003_1760712411325","2025-10-17 14:47:12","2025-10-17T14:47:12.926Z",21601,86.4,94,false,1,1,"1970-01-01 00:00:00",""
"P003","P003_1760712411325","2025-10-17 14:47:12","2025-10-17T14:47:12.527Z",21202,87.6,95.2,false,1,1,"1970-01-01 00:00:00",""
"P003","P003_1760712411325","2025-10-17 14:47:00","2025-10-17T14:47:00.215Z",8890,99.4,89.5,true,0,0,"1970-01-01 00:00:00",0
"P003","P003_1760712411325","2025-10-17 14:47:10","2025-10-17T14:47:10.026Z",18701,90.1,90.1,false,1,1,"1970-01-01 00:00:00",""
"P003","P003_1760712411325","2025-10-17 14:46:53","2025-10-17T14:46:53.915Z",2590,68.4,63.4,true,0,0,"1970-01-01 00:00:00",0
"P003","P003_1760712411325","2025-10-17 14:47:08","2025-10-17T14:47:08.427Z",17102,89.9,64.9,false,1,1,"1970-01-01 00:00:00",""
"P003","P003_1760712411325","2025-10-17 14:47:15","2025-10-17T14:47:15.427Z",24102,78.9,86.5,false,1,1,"1970-01-01 00:00:00",""
"P003","P003_1760712411325","2025-10-17 14:47:16","2025-10-17T14:47:16.027Z",24702,77.1,84.7,false,1,1,"1970-01-01 00:00:00",""
"P003","P003_1760712411325","2025-10-17 14:47:13","2025-10-17T14:47:13.127Z",21802,85.8,93.4,false,1,1,"1970-01-01 00:00:00",""
"P003","P003_1760712411325","2025-10-17 14:47:10","2025-10-17T14:47:10.527Z",19202,88.6,98.6,false,1,1,"1970-01-01 00:00:00",""
"P003","P003_1760712411325","2025-10-17 14:46:54","2025-10-17T14:46:54.916Z",3591,75.4,75.4,true,0,0,"1970-01-01 00:00:00",0
"P003","P003_1760712411325","2025-10-17 14:47:01","2025-10-17T14:47:01.318Z",9993,99.7,91.2,true,0,0,"1970-01-01 00:00:00",0
"P003","P003_1760712411325","2025-10-17 14:47:08","2025-10-17T14:47:08.027Z",16702,86.1,66.1,false,1,1,"1970-01-01 00:00:00",""
"P003","P003_1760712411325","2025-10-17 14:47:11","2025-10-17T14:47:11.527Z",20202,90.6,98.2,false,1,1,"1970-01-01 00:00:00",""
"P003","P003_1760712411325","2025-10-17 14:47:10","2025-10-17T14:47:10.127Z",18802,89.8,89.8,false,1,1,"1970-01-01 00:00:00",""
"P003","P003_1760712411325","2025-10-17 14:46:52","2025-10-17T14:46:52.715Z",1390,67,67,true,0,0,"1970-01-01 00:00:00",0
"P003","P003_1760712411325","2025-10-17 14:46:54","2025-10-17T14:46:54.715Z",3390,71,76,true,0,0,"1970-01-01 00:00:00",0
"P003","P003_1760712411325","2025-10-17 14:46:58","2025-10-17T14:46:58.116Z",6791,99.7,85.8,true,0,0,"1970-01-01 00:00:00",0
"P003","P003_1760712411325","2025-10-17 14:47:10","2025-10-17T14:47:10.927Z",19602,87.4,100,false,1,1,"1970-01-01 00:00:00",""
"P003","P003_1760712411325","2025-10-17 14:47:12","2025-10-17T14:47:12.427Z",21102,87.9,95.5,false,1,1,"1970-01-01 00:00:00",""
"P003","P003_1760712411325","2025-10-17 14:47:11","2025-10-17T14:47:11.327Z",20002,91.2,98.8,false,1,1,"1970-01-01 00:00:00",""
"P003","P003_1760712411325","2025-10-17 14:46:52","2025-10-17T14:46:52.815Z",1490,66.7,66.7,true,0,0,"1970-01-01 00:00:00",0
"P003","P003_1760712411325","2025-10-17 14:47:12","2025-10-17T14:47:12.727Z",21402,87,94.6,false,1,1,"1970-01-01 00:00:00",""
"P003","P003_1760712411325","2025-10-17 14:47:11","2025-10-17T14:47:11.727Z",20402,90,97.6,false,1,1,"1970-01-01 00:00:00",""
"P003","P003_1760712411325","2025-10-17 14:47:12","2025-10-17T14:47:12.827Z",21502,86.7,94.3,false,1,1,"1970-01-01 00:00:00",""
"P003","P003_1760712411325","2025-10-17 14:46:53","2025-10-17T14:46:53.215Z",1890,65.5,65.5,true,0,0,"1970-01-01 00:00:00",0
"P003","P003_1760712411325","2025-10-17 14:47:00","2025-10-17T14:47:00.515Z",9190,100,88.6,true,0,0,"1970-01-01 00:00:00",0
"P003","P003_1760712411325","2025-10-17 14:47:07","2025-10-17T14:47:07.427Z",16102,77.9,67.9,false,1,1,"1970-01-01 00:00:00",""
"P003","P003_1760712411325","2025-10-17 14:46:56","2025-10-17T14:46:56.419Z",5094,100,80.9,true,0,0,"1970-01-01 00:00:00",0
"P003","P003_1760712411325","2025-10-17 14:47:01","2025-10-17T14:47:01.015Z",9690,100,92.1,true,0,0,"1970-01-01 00:00:00",0
"P003","P003_1760712411325","2025-10-17 14:46:53","2025-10-17T14:46:53.115Z",1790,65.8,65.8,true,0,0,"1970-01-01 00:00:00",0
"P003","P003_1760712411325","2025-10-17 14:47:09","2025-10-17T14:47:09.326Z",18001,92.2,77.2,false,1,1,"1970-01-01 00:00:00",""
"P003","P003_1760712411325","2025-10-17 14:46:53","2025-10-17T14:46:53.415Z",2090,64.9,64.9,true,0,0,"1970-01-01 00:00:00",0
"P003","P003_1760712411325","2025-10-17 14:46:59","2025-10-17T14:46:59.015Z",7690,100,93.1,true,0,0,"1970-01-01 00:00:00",0
"P003","P003_1760712411325","2025-10-17 14:46:55","2025-10-17T14:46:55.315Z",3990,84.2,74.2,true,0,0,"1970-01-01 00:00:00",0
"P003","P003_1760712411325","2025-10-17 14:46:53","2025-10-17T14:46:53.715Z",2390,64,64,true,0,0,"1970-01-01 00:00:00",0
"P003","P003_1760712411325","2025-10-17 14:46:53","2025-10-17T14:46:53.515Z",2190,64.6,64.6,true,0,0,"1970-01-01 00:00:00",0
"P003","P003_1760712411325","2025-10-17 14:46:58","2025-10-17T14:46:58.315Z",6990,99.1,90.2,true,0,0,"1970-01-01 00:00:00",0
"P003","P003_1760712411325","2025-10-17 14:47:10","2025-10-17T14:47:10.426Z",19101,88.9,98.9,false,1,1,"1970-01-01 00:00:00",""
"P003","P003_1760712411325","2025-10-17 14:46:57","2025-10-17T14:46:57.015Z",5690,98.8,84.1,true,0,0,"1970-01-01 00:00:00",0
"P003","P003_1760712411325","2025-10-17 14:47:14","2025-10-17T14:47:14.727Z",23402,81,88.6,false,1,1,"1970-01-01 00:00:00",""
"P003","P003_1760712411325","2025-10-17 14:46:53","2025-10-17T14:46:53.815Z",2490,63.7,63.7,true,0,0,"1970-01-01 00:00:00",0
"P003","P003_1760712411325","2025-10-17 14:47:00","2025-10-17T14:47:00.915Z",9590,98.8,92.4,true,0,0,"1970-01-01 00:00:00",0
"P003","P003_1760712411325","2025-10-17 14:47:13","2025-10-17T14:47:13.526Z",22201,84.6,92.2,false,1,1,"1970-01-01 00:00:00",""
"P003","P003_1760712411325","2025-10-17 14:46:57","2025-10-17T14:46:57.415Z",6090,100,87.9,true,0,0,"1970-01-01 00:00:00",0
"P003","P003_1760712411325","2025-10-17 14:47:09","2025-10-17T14:47:09.427Z",18102,91.9,81.9,false,1,1,"1970-01-01 00:00:00",""
"P003","P003_1760712411325","2025-10-17 14:47:15","2025-10-17T14:47:15.827Z",24502,77.7,85.3,false,1,1,"1970-01-01 00:00:00",""
"P003","P003_1760712411325","2025-10-17 14:46:52","2025-10-17T14:46:52.115Z",790,68.8,68.8,true,0,0,"1970-01-01 00:00:00",0
"P003","P003_1760712411325","2025-10-17 14:47:01","2025-10-17T14:47:01.216Z",9891,100,91.5,true,0,0,"1970-01-01 00:00:00",0
"P003","P003_1760712411325","2025-10-17 14:47:09","2025-10-17T14:47:09.227Z",17902,92.5,77.5,false,1,1,"1970-01-01 00:00:00",""
"P003","P003_1760712411325","2025-10-17 14:47:07","2025-10-17T14:47:07.028Z",15703,69.1,69.1,false,1,1,"1970-01-01 00:00:00",""
"P003","P003_1760712411325","2025-10-17 14:46:57","2025-10-17T14:46:57.115Z",5790,98.5,83.8,true,0,0,"1970-01-01 00:00:00",0
"P003","P003_1760712411325","2025-10-17 14:47:13","2025-10-17T14:47:13.427Z",22102,84.9,92.5,false,1,1,"1970-01-01 00:00:00",""
"P003","P003_1760712411325","2025-10-17 14:47:16","2025-10-17T14:47:16.227Z",24902,76.5,84.1,false,1,1,"1970-01-01 00:00:00",""
"P003","P003_1760712411325","2025-10-17 14:47:13","2025-10-17T14:47:13.227Z",21902,85.5,93.1,false,1,1,"1970-01-01 00:00:00",""
"P003","P003_1760712411325","2025-10-17 14:46:52","2025-10-17T14:46:52.915Z",1590,66.4,66.4,true,0,0,"1970-01-01 00:00:00",0
"P003","P003_1760712411325","2025-10-17 14:47:10","2025-10-17T14:47:10.827Z",19502,87.7,99.4,false,1,1,"1970-01-01 00:00:00",""
"P003","P003_1760712411325","2025-10-17 14:47:12","2025-10-17T14:47:12.026Z",20701,89.1,96.7,false,1,1,"1970-01-01 00:00:00",""
"P003","P003_1760712411325","2025-10-17 14:46:57","2025-10-17T14:46:57.520Z",6195,99.7,87.6,true,0,0,"1970-01-01 00:00:00",0
"P003","P003_1760712411325","2025-10-17 14:46:59","2025-10-17T14:46:59.216Z",7891,100,92.5,true,0,0,"1970-01-01 00:00:00",0
"P003","P003_1760712411325","2025-10-17 14:46:52","2025-10-17T14:46:52.315Z",990,68.2,68.2,true,0,0,"1970-01-01 00:00:00",0
"P003","P003_1760712411325","2025-10-17 14:46:57","2025-10-17T14:46:57.716Z",6391,99.7,87,true,0,0,"1970-01-01 00:00:00",0
"P003","P003_1760712411325","2025-10-17 14:46:51","2025-10-17T14:46:51.815Z",490,69.7,69.7,true,0,0,"1970-01-01 00:00:00",0
"P003","P003_1760712411325","2025-10-17 14:47:00","2025-10-17T14:47:00.115Z",8790,99.7,89.8,true,0,0,"1970-01-01 00:00:00",0
"P003","P003_1760712411325","2025-10-17 14:46:58","2025-10-17T14:46:58.715Z",7390,100,94,true,0,0,"1970-01-01 00:00:00",0
"P003","P003_1760712411325","2025-10-17 14:47:14","2025-10-17T14:47:14.827Z",23502,80.7,88.3,false,1,1,"1970-01-01 00:00:00",""
"P003","P003_1760712411325","2025-10-17 14:47:08","2025-10-17T14:47:08.827Z",17502,93.7,68.7,false,1,1,"1970-01-01 00:00:00",""
"P003","P003_1760712411325","2025-10-17 14:46:54","2025-10-17T14:46:54.619Z",3294,66.3,76.3,true,0,0,"1970-01-01 00:00:00",0
"P003","P003_1760712411325","2025-10-17 14:47:10","2025-10-17T14:47:10.227Z",18902,89.5,94.5,false,1,1,"1970-01-01 00:00:00",""
"P003","P003_1760712411325","2025-10-17 14:47:13","2025-10-17T14:47:13.727Z",22402,84,91.6,false,1,1,"1970-01-01 00:00:00",""
"P003","P003_1760712411325","2025-10-17 14:46:56","2025-10-17T14:46:56.016Z",4691,92.1,77.1,true,0,0,"1970-01-01 00:00:00",0
"P003","P003_1760712411325","2025-10-17 14:47:11","2025-10-17T14:47:11.826Z",20501,89.7,97.3,false,1,1,"1970-01-01 00:00:00",""
"P003","P003_1760712411325","2025-10-17 14:47:10","2025-10-17T14:47:10.327Z",19002,89.2,94.2,false,1,1,"1970-01-01 00:00:00",""
"P003","P003_1760712411325","2025-10-17 14:46:55","2025-10-17T14:46:55.216Z",3891,79.5,74.5,true,0,0,"1970-01-01 00:00:00",0
"P003","P003_1760712411325","2025-10-17 14:46:58","2025-10-17T14:46:58.215Z",6890,99.4,90.5,true,0,0,"1970-01-01 00:00:00",0
"P003","P003_1760712411325","2025-10-17 14:47:07","2025-10-17T14:47:07.927Z",16602,86.4,66.4,false,1,1,"1970-01-01 00:00:00",""
"P003","P003_1760712411325","2025-10-17 14:46:56","2025-10-17T14:46:56.616Z",5291,100,80.3,true,0,0,"1970-01-01 00:00:00",0
"P003","P003_1760712411325","2025-10-17 14:47:09","2025-10-17T14:47:09.627Z",18302,91.3,81.3,false,1,1,"1970-01-01 00:00:00",""
"P003","P003_1760712411325","2025-10-17 14:46:56","2025-10-17T14:46:56.315Z",4990,96.2,81.2,true,0,0,"1970-01-01 00:00:00",0
"P003","P003_1760712411325","2025-10-17 14:47:14","2025-10-17T14:47:14.026Z",22701,83.1,90.7,false,1,1,"1970-01-01 00:00:00",""
"P003","P003_1760712411325","2025-10-17 14:47:14","2025-10-17T14:47:14.327Z",23002,82.2,89.8,false,1,1,"1970-01-01 00:00:00",""
"P003","P003_1760712411325","2025-10-17 14:47:14","2025-10-17T14:47:14.926Z",23601,80.4,88,false,1,1,"1970-01-01 00:00:00",""
"P003","P003_1760712411325","2025-10-17 14:46:58","2025-10-17T14:46:58.415Z",7090,98.8,94.9,true,0,0,"1970-01-01 00:00:00",0
"P003","P003_1760712411325","2025-10-17 14:47:11","2025-10-17T14:47:11.627Z",20302,90.3,97.9,false,1,1,"1970-01-01 00:00:00",""
"P003","P003_1760712411325","2025-10-17 14:47:09","2025-10-17T14:47:09.527Z",18202,91.6,81.6,false,1,1,"1970-01-01 00:00:00",""
"P003","P003_1760712411325","2025-10-17 14:46:52","2025-10-17T14:46:52.215Z",890,68.5,68.5,true,0,0,"1970-01-01 00:00:00",0
"P003","P003_1760712411325","2025-10-17 14:47:11","2025-10-17T14:47:11.127Z",19802,91.8,99.4,false,1,1,"1970-01-01 00:00:00",""
"P003","P003_1760712411325","2025-10-17 14:46:52","2025-10-17T14:46:52.015Z",690,69.1,69.1,true,0,0,"1970-01-01 00:00:00",0
"P003","P003_1760712411325","2025-10-17 14:46:54","2025-10-17T14:46:54.415Z",3090,66.9,71.9,true,0,0,"1970-01-01 00:00:00",0
"P003","P003_1760712411325","2025-10-17 14:46:58","2025-10-17T14:46:58.515Z",7190,98.5,94.6,true,0,0,"1970-01-01 00:00:00",0
"P003","P003_1760712411325","2025-10-17 14:47:12","2025-10-17T14:47:12.126Z",20801,88.8,96.4,false,1,1,"1970-01-01 00:00:00",""
"P003","P003_1760712411325","2025-10-17 14:46:59","2025-10-17T14:46:59.416Z",8091,99.4,91.9,true,0,0,"1970-01-01 00:00:00",0
"P003","P003_1760712411325","2025-10-17 14:47:11","2025-10-17T14:47:11.927Z",20602,89.4,97,false,1,1,"1970-01-01 00:00:00",""
"P003","P003_1760712411325","2025-10-17 14:47:09","2025-10-17T14:47:09.826Z",18501,90.7,85.7,false,1,1,"1970-01-01 00:00:00",""
"P003","P003_1760712411325","2025-10-17 14:47:14","2025-10-17T14:47:14.127Z",22802,82.8,90.4,false,1,1,"1970-01-01 00:00:00",""
"P003","P003_1760712411325","2025-10-17 14:47:08","2025-10-17T14:47:08.227Z",16902,90.5,65.5,false,1,1,"1970-01-01 00:00:00",""
"P003","P003_1760712411325","2025-10-17 14:47:15","2025-10-17T14:47:15.627Z",24302,78.3,85.9,false,1,1,"1970-01-01 00:00:00",""
"P003","P003_1760712411325","2025-10-17 14:47:16","2025-10-17T14:47:16.527Z",25202,75.6,83.2,false,1,1,"1970-01-01 00:00:00",""
"P003","P003_1760712411325","2025-10-17 14:47:16","2025-10-17T14:47:16.627Z",25302,75.3,82.9,false,1,1,"1970-01-01 00:00:00",""
"P003","P003_1760712411325","2025-10-17 14:46:58","2025-10-17T14:46:58.015Z",6690,100,86.1,true,0,0,"1970-01-01 00:00:00",0
"P003","P003_1760712411325","2025-10-17 14:46:59","2025-10-17T14:46:59.815Z",8490,98.2,90.7,true,0,0,"1970-01-01 00:00:00",0
"P003","P003_1760712411325","2025-10-17 14:47:06","2025-10-17T14:47:06.928Z",15603,69.4,69.4,false,1,1,"1970-01-01 00:00:00",""
"P003","P003_1760712411325","2025-10-17 14:46:57","2025-10-17T14:46:57.315Z",5990,97.9,88.2,true,0,0,"1970-01-01 00:00:00",0
"P003","P003_1760712411325","2025-10-17 14:46:56","2025-10-17T14:46:56.215Z",4890,96.5,81.5,true,0,0,"1970-01-01 00:00:00",0
"P003","P003_1760712411325","2025-10-17 14:47:00","2025-10-17T14:47:00.015Z",8690,100,90.1,true,0,0,"1970-01-01 00:00:00",0
"P003","P003_1760712411325","2025-10-17 14:47:09","2025-10-17T14:47:09.928Z",18603,90.4,90.4,false,1,1,"1970-01-01 00:00:00",""
"P003","P003_1760712411325","2025-10-17 14:47:13","2025-10-17T14:47:13.327Z",22002,85.2,92.8,false,1,1,"1970-01-01 00:00:00",""
"P003","P003_1760712411325","2025-10-17 14:46:57","2025-10-17T14:46:57.815Z",6490,100,86.7,true,0,0,"1970-01-01 00:00:00",0
"P003","P003_1760712411325","2025-10-17 14:46:56","2025-10-17T14:46:56.819Z",5494,99.4,84.7,true,0,0,"1970-01-01 00:00:00",0
"P003","P003_1760712411325","2025-10-17 14:47:15","2025-10-17T14:47:15.127Z",23802,79.8,87.4,false,1,1,"1970-01-01 00:00:00",""
"P003","P003_1760712411325","2025-10-17 14:47:12","2025-10-17T14:47:12.327Z",21002,88.2,95.8,false,1,1,"1970-01-01 00:00:00",""
"P003","P003_1760712411325","2025-10-17 14:46:52","2025-10-17T14:46:52.415Z",1090,67.9,67.9,true,0,0,"1970-01-01 00:00:00",0
"P003","P003_1760712411325","2025-10-17 14:47:12","2025-10-17T14:47:12.627Z",21302,87.3,94.9,false,1,1,"1970-01-01 00:00:00",""
"P003","P003_1760712411325","2025-10-17 14:47:07","2025-10-17T14:47:07.628Z",16303,82.3,67.3,false,1,1,"1970-01-01 00:00:00",""
"P003","P003_1760712411325","2025-10-17 14:46:57","2025-10-17T14:46:57.915Z",6590,99.7,86.4,true,0,0,"1970-01-01 00:00:00",0
"P003","P003_1760712411325","2025-10-17 14:47:15","2025-10-17T14:47:15.227Z",23902,79.5,87.1,false,1,1,"1970-01-01 00:00:00",""
"P003","P003_1760712411325","2025-10-17 14:46:59","2025-10-17T14:46:59.115Z",7790,99.7,92.8,true,0,0,"1970-01-01 00:00:00",0
"P003","P003_1760712411325","2025-10-17 14:46:58","2025-10-17T14:46:58.815Z",7490,99.7,93.7,true,0,0,"1970-01-01 00:00:00",0
"P003","P003_1760712411325","2025-10-17 14:47:14","2025-10-17T14:47:14.527Z",23202,81.6,89.2,false,1,1,"1970-01-01 00:00:00",""
"P003","P003_1760712411325","2025-10-17 14:47:16","2025-10-17T14:47:16.427Z",25102,75.9,83.5,false,1,1,"1970-01-01 00:00:00",""
"P003","P003_1760712411325","2025-10-17 14:47:12","2025-10-17T14:47:12.227Z",20902,88.5,96.1,false,1,1,"1970-01-01 00:00:00",""
"P003","P003_1760712411325","2025-10-17 14:46:54","2025-10-17T14:46:54.815Z",3490,70.7,75.7,true,0,0,"1970-01-01 00:00:00",0
"P003","P003_1760712411325","2025-10-17 14:46:54","2025-10-17T14:46:54.316Z",2991,67.2,67.2,true,0,0,"1970-01-01 00:00:00",0
"P003","P003_1760712411325","2025-10-17 14:47:15","2025-10-17T14:47:15.327Z",24002,79.2,86.8,false,1,1,"1970-01-01 00:00:00",""
"P003","P003_1760712411325","2025-10-17 14:47:15","2025-10-17T14:47:15.528Z",24203,78.6,86.2,false,1,1,"1970-01-01 00:00:00",""
"P003","P003_1760712411325","2025-10-17 14:47:15","2025-10-17T14:47:15.727Z",24402,78,85.6,false,1,1,"1970-01-01 00:00:00",""
"P003","P003_1760712411325","2025-10-17 14:47:13","2025-10-17T14:47:13.626Z",22301,84.3,91.9,false,1,1,"1970-01-01 00:00:00",""
"P003","P003_1760712411325","2025-10-17 14:46:59","2025-10-17T14:46:59.316Z",7991,99.7,92.2,true,0,0,"1970-01-01 00:00:00",0
"P003","P003_1760712411325","2025-10-17 14:46:51","2025-10-17T14:46:51.718Z",393,70,70,true,0,0,"1970-01-01 00:00:00",0
"P003","P003_1760712411325","2025-10-17 14:47:07","2025-10-17T14:47:07.127Z",15802,73.8,68.8,false,1,1,"1970-01-01 00:00:00",""
"P003","P003_1760712411325","2025-10-17 14:46:55","2025-10-17T14:46:55.719Z",4394,88,78,true,0,0,"1970-01-01 00:00:00",0
"P003","P003_1760712411325","2025-10-17 14:46:57","2025-10-17T14:46:57.215Z",5890,98.2,88.5,true,0,0,"1970-01-01 00:00:00",0
"P003","P003_1760712411325","2025-10-17 14:47:07","2025-10-17T14:47:07.227Z",15902,73.5,68.5,false,1,1,"1970-01-01 00:00:00",""
"P003","P003_1760712411325","2025-10-17 14:47:13","2025-10-17T14:47:13.927Z",22602,83.4,91,false,1,1,"1970-01-01 00:00:00",""
"P003","P003_1760712411325","2025-10-17 14:46:53","2025-10-17T14:46:53.315Z",1990,65.2,65.2,true,0,0,"1970-01-01 00:00:00",0
"P003","P003_1760712411325","2025-10-17 14:47:15","2025-10-17T14:47:15.026Z",23701,80.1,87.7,false,1,1,"1970-01-01 00:00:00",""
"P003","P003_1760712411325","2025-10-17 14:47:08","2025-10-17T14:47:08.527Z",17202,94.6,64.6,false,1,1,"1970-01-01 00:00:00",""
"P003","P003_1760712411325","2025-10-17 14:47:10","2025-10-17T14:47:10.727Z",19402,88,99.7,false,1,1,"1970-01-01 00:00:00",""
"P003","P003_1760712411325","2025-10-17 14:46:54","2025-10-17T14:46:54.215Z",2890,67.5,67.5,true,0,0,"1970-01-01 00:00:00",0
"P003","P003_1760712411325","2025-10-17 14:47:11","2025-10-17T14:47:11.427Z",20102,90.9,98.5,false,1,1,"1970-01-01 00:00:00",""
"P003","P003_1760712411325","2025-10-17 14:46:51","2025-10-17T14:46:51.915Z",590,69.4,69.4,true,0,0,"1970-01-01 00:00:00",0
"P003","P003_1760712411325","2025-10-17 14:47:08","2025-10-17T14:47:08.728Z",17403,94,64,false,1,1,"1970-01-01 00:00:00",""
"P003","P003_1760712411325","2025-10-17 14:47:06","2025-10-17T14:47:06.826Z",15501,69.7,69.7,false,1,1,"1970-01-01 00:00:00",""
"P003","P003_1760712411325","2025-10-17 14:47:09","2025-10-17T14:47:09.026Z",17701,93.1,73.1,false,1,1,"1970-01-01 00:00:00",""
"P003","P003_1760712411325","2025-10-17 14:47:16","2025-10-17T14:47:16.327Z",25002,76.2,83.8,false,1,1,"1970-01-01 00:00:00",""
"P003","P003_1760712411325","2025-10-17 14:46:53","2025-10-17T14:46:53.615Z",2290,64.3,64.3,true,0,0,"1970-01-01 00:00:00",0
"P003","P003_1760712411325","2025-10-17 14:47:00","2025-10-17T14:47:00.416Z",9091,99.7,88.9,true,0,0,"1970-01-01 00:00:00",0
"P003","P003_1760712411325","2025-10-17 14:47:08","2025-10-17T14:47:08.627Z",17302,94.3,64.3,false,1,1,"1970-01-01 00:00:00",""
"P003","P003_1760712411325","2025-10-17 14:47:00","2025-10-17T14:47:00.815Z",9490,99.1,92.7,true,0,0,"1970-01-01 00:00:00",0
"P003","P003_1760712411325","2025-10-17 14:47:01","2025-10-17T14:47:01.115Z",9790,99.7,91.8,true,0,0,"1970-01-01 00:00:00",0
"P003","P003_1760712411325","2025-10-17 14:47:01","2025-10-17T14:47:01.416Z",10091,99.4,90.9,true,0,0,"1970-01-01 00:00:00",0
"P003","P003_1760712411325","2025-10-17 14:47:09","2025-10-17T14:47:09.127Z",17802,92.8,72.8,false,1,1,"1970-01-01 00:00:00",""
"P003","P003_1760712411325","2025-10-17 14:47:14","2025-10-17T14:47:14.227Z",22902,82.5,90.1,false,1,1,"1970-01-01 00:00:00",""
"P003","P003_1760712411325","2025-10-17 14:47:13","2025-10-17T14:47:13.827Z",22502,83.7,91.3,false,1,1,"1970-01-01 00:00:00",""
"P003","P003_1760712411325","2025-10-17 14:47:01","2025-10-17T14:47:01.516Z",10191,100,90.6,true,0,0,"1970-01-01 00:00:00",0
"P003","P003_1760712411325","2025-10-17 14:46:59","2025-10-17T14:46:59.715Z",8390,98.5,91,true,0,0,"1970-01-01 00:00:00",0
"P003","P003_1760712411325","2025-10-17 14:47:08","2025-10-17T14:47:08.327Z",17002,90.2,65.2,false,1,1,"1970-01-01 00:00:00",""
"P003","P003_1760712411325","2025-10-17 14:47:14","2025-10-17T14:47:14.627Z",23302,81.3,88.9,false,1,1,"1970-01-01 00:00:00",""
"P003","P003_1760712411325","2025-10-17 14:46:58","2025-10-17T14:46:58.616Z",7291,98.2,94.3,true,0,0,"1970-01-01 00:00:00",0
"P003","P003_1760712411325","2025-10-17 14:46:53","2025-10-17T14:46:53.015Z",1690,66.1,66.1,true,0,0,"1970-01-01 00:00:00",0
"P003","P003_1760712411325","2025-10-17 14:47:16","2025-10-17T14:47:16.127Z",24802,76.8,84.4,false,1,1,"1970-01-01 00:00:00",""
"P003","P003_1760712411325","2025-10-17 14:46:55","2025-10-17T14:46:55.015Z",3690,75.1,75.1,true,0,0,"1970-01-01 00:00:00",0
"P003","P003_1760712411325","2025-10-17 14:46:52","2025-10-17T14:46:52.516Z",1191,67.6,67.6,true,0,0,"1970-01-01 00:00:00",0
"P003","P003_1760712411325","2025-10-17 14:47:07","2025-10-17T14:47:07.527Z",16202,77.6,67.6,false,1,1,"1970-01-01 00:00:00",""
"P003","P003_1760712411325","2025-10-17 14:47:08","2025-10-17T14:47:08.926Z",17601,93.4,68.4,false,1,1,"1970-01-01 00:00:00",""
"P003","P003_1760712411325","2025-10-17 14:47:06","2025-10-17T14:47:06.727Z",15402,70,70,false,1,1,"1970-01-01 00:00:00",""
"P003","P003_1760712411325","2025-10-17 14:47:08","2025-10-17T14:47:08.126Z",16801,85.8,65.8,false,1,1,"1970-01-01 00:00:00",""
"P003","P003_1760712411325","2025-10-17 14:46:57","2025-10-17T14:46:57.616Z",6291,100,87.3,true,0,0,"1970-01-01 00:00:00",0
"P003","P003_1760712411325","2025-10-17 14:47:07","2025-10-17T14:47:07.727Z",16402,82,67,false,1,1,"1970-01-01 00:00:00",""
"P003","P003_1760712411325","2025-10-17 14:47:00","2025-10-17T14:47:00.315Z",8990,100,89.2,true,0,0,"1970-01-01 00:00:00",0
"P003","P003_1760712411325","2025-10-17 14:46:56","2025-10-17T14:46:56.515Z",5190,99.7,80.6,true,0,0,"1970-01-01 00:00:00",0
"P003","P003_1760712411325","2025-10-17 14:47:13","2025-10-17T14:47:13.027Z",21702,86.1,93.7,false,1,1,"1970-01-01 00:00:00",""
"P003","P003_1760712411325","2025-10-17 14:47:07","2025-10-17T14:47:07.327Z",16002,78.2,68.2,false,1,1,"1970-01-01 00:00:00",""
"P003","P003_1760712411325","2025-10-17 14:47:14","2025-10-17T14:47:14.427Z",23102,81.9,89.5,false,1,1,"1970-01-01 00:00:00",""
"P003","P003_1760712411325","2025-10-17 14:46:59","2025-10-17T14:46:59.916Z",8591,97.9,90.4,true,0,0,"1970-01-01 00:00:00",0
"P003","P003_1760712411325","2025-10-17 14:46:56","2025-10-17T14:46:56.915Z",5590,99.1,84.4,true,0,0,"1970-01-01 00:00:00",0
"P003","P003_1760712411325","2025-10-17 14:47:00","2025-10-17T14:47:00.715Z",9390,99.4,88,true,0,0,"1970-01-01 00:00:00",0
"P003","P003_1760712706912","2025-10-17 14:51:48","2025-10-17T14:51:48.911Z",1999,63,63,false,0,0,"1970-01-01 00:00:00",""
"P003","P003_1760712706912","2025-10-17 14:51:49","2025-10-17T14:51:49.112Z",2200,62,62,false,0,0,"1970-01-01 00:00:00",""
"P003","P003_1760712706912","2025-10-17 14:51:49","2025-10-17T14:51:49.712Z",2800,59,59,false,0,0,"1970-01-01 00:00:00",""
"P003","P003_1760712706912","2025-10-17 14:51:47","2025-10-17T14:51:47.811Z",899,68.5,68.5,false,0,0,"1970-01-01 00:00:00",""
"P003","P003_1760712706912","2025-10-17 14:51:49","2025-10-17T14:51:49.212Z",2300,61.5,61.5,false,0,0,"1970-01-01 00:00:00",""
"P003","P003_1760712706912","2025-10-17 14:51:47","2025-10-17T14:51:47.912Z",1000,68,68,false,0,0,"1970-01-01 00:00:00",""
"P003","P003_1760712706912","2025-10-17 14:51:47","2025-10-17T14:51:47.513Z",601,70,70,false,0,0,"1970-01-01 00:00:00",""
"P003","P003_1760712706912","2025-10-17 14:51:48","2025-10-17T14:51:48.612Z",1700,64.5,64.5,false,0,0,"1970-01-01 00:00:00",""
"P003","P003_1760712706912","2025-10-17 14:51:48","2025-10-17T14:51:48.712Z",1800,64,64,false,0,0,"1970-01-01 00:00:00",""
"P003","P003_1760712706912","2025-10-17 14:51:48","2025-10-17T14:51:48.112Z",1200,67,67,false,0,0,"1970-01-01 00:00:00",""
"P003","P003_1760712706912","2025-10-17 14:51:48","2025-10-17T14:51:48.412Z",1500,65.5,65.5,false,0,0,"1970-01-01 00:00:00",""
"P003","P003_1760712706912","2025-10-17 14:51:48","2025-10-17T14:51:48.013Z",1101,67.5,67.5,false,0,0,"1970-01-01 00:00:00",""
"P003","P003_1760712706912","2025-10-17 14:51:48","2025-10-17T14:51:48.811Z",1899,63.5,63.5,false,0,0,"1970-01-01 00:00:00",""
"P003","P003_1760712706912","2025-10-17 14:51:49","2025-10-17T14:51:49.012Z",2100,62.5,62.5,false,0,0,"1970-01-01 00:00:00",""
"P003","P003_1760712706912","2025-10-17 14:51:48","2025-10-17T14:51:48.311Z",1399,66,66,false,0,0,"1970-01-01 00:00:00",""
"P003","P003_1760712706912","2025-10-17 14:51:49","2025-10-17T14:51:49.511Z",2599,60,60,false,0,0,"1970-01-01 00:00:00",""
"P003","P003_1760712706912","2025-10-17 14:51:49","2025-10-17T14:51:49.612Z",2700,59.5,59.5,false,0,0,"1970-01-01 00:00:00",""
"P003","P003_1760712706912","2025-10-17 14:51:49","2025-10-17T14:51:49.312Z",2400,61,61,false,0,0,"1970-01-01 00:00:00",""
"P003","P003_1760712706912","2025-10-17 14:51:47","2025-10-17T14:51:47.612Z",700,69.5,69.5,false,0,0,"1970-01-01 00:00:00",""
"P003","P003_1760712706912","2025-10-17 14:51:49","2025-10-17T14:51:49.412Z",2500,60.5,60.5,false,0,0,"1970-01-01 00:00:00",""
"P003","P003_1760712706912","2025-10-17 14:51:48","2025-10-17T14:51:48.512Z",1600,65,65,false,0,0,"1970-01-01 00:00:00",""
"P003","P003_1760712706912","2025-10-17 14:51:49","2025-10-17T14:51:49.812Z",2900,58.5,58.5,false,0,0,"1970-01-01 00:00:00",""
"P003","P003_1760712706912","2025-10-17 14:51:48","2025-10-17T14:51:48.212Z",1300,66.5,66.5,false,0,0,"1970-01-01 00:00:00",""
"P003","P003_1760712706912","2025-10-17 14:51:47","2025-10-17T14:51:47.712Z",800,69,69,false,0,0,"1970-01-01 00:00:00",""
"P004","P004_1760712709959","2025-10-17 14:51:57","2025-10-17T14:51:57.149Z",7190,83.8,73.8,true,0,0,"1970-01-01 00:00:00",0
"P004","P004_1760712709959","2025-10-17 14:51:51","2025-10-17T14:51:51.949Z",1990,60.6,60.6,true,0,0,"1970-01-01 00:00:00",0
"P004","P004_1760712709959","2025-10-17 14:51:52","2025-10-17T14:51:52.749Z",2790,68.4,63.4,true,0,0,"1970-01-01 00:00:00",0
"P004","P004_1760712709959","2025-10-17 14:51:56","2025-10-17T14:51:56.050Z",6091,78.7,73.7,true,0,0,"1970-01-01 00:00:00",0
"P004","P004_1760712709959","2025-10-17 14:51:56","2025-10-17T14:51:56.449Z",6490,75.1,80.1,true,0,0,"1970-01-01 00:00:00",0
"P004","P004_1760712709959","2025-10-17 14:51:51","2025-10-17T14:51:51.649Z",1690,63.3,58.3,true,0,0,"1970-01-01 00:00:00",0
"P004","P004_1760712709959","2025-10-17 14:51:57","2025-10-17T14:51:57.049Z",7090,84.7,74.7,true,0,0,"1970-01-01 00:00:00",0
"P004","P004_1760712709959","2025-10-17 14:51:52","2025-10-17T14:51:52.149Z",2190,58.8,68.8,true,0,0,"1970-01-01 00:00:00",0
"P004","P004_1760712709959","2025-10-17 14:51:59","2025-10-17T14:51:59.149Z",9190,85.8,80.8,true,0,0,"1970-01-01 00:00:00",0
"P004","P004_1760712709959","2025-10-17 14:51:58","2025-10-17T14:51:58.949Z",8990,87.6,82.6,true,0,0,"1970-01-01 00:00:00",0
"P004","P004_1760712709959","2025-10-17 14:51:56","2025-10-17T14:51:56.349Z",6390,76,81,true,0,0,"1970-01-01 00:00:00",0
"P004","P004_1760712709959","2025-10-17 14:51:55","2025-10-17T14:51:55.249Z",5290,85.9,65.9,true,0,0,"1970-01-01 00:00:00",0
"P004","P004_1760712709959","2025-10-17 14:51:55","2025-10-17T14:51:55.049Z",5090,77.7,67.7,true,0,0,"1970-01-01 00:00:00",0
"P004","P004_1760712709959","2025-10-17 14:51:55","2025-10-17T14:51:55.549Z",5590,83.2,68.2,true,0,0,"1970-01-01 00:00:00",0
"P004","P004_1760712709959","2025-10-17 14:51:53","2025-10-17T14:51:53.949Z",3990,72.6,67.6,true,0,0,"1970-01-01 00:00:00",0
"P004","P004_1760712709959","2025-10-17 14:51:58","2025-10-17T14:51:58.149Z",8190,79.8,84.8,true,0,0,"1970-01-01 00:00:00",0
"P004","P004_1760712709959","2025-10-17 14:51:55","2025-10-17T14:51:55.849Z",5890,80.5,70.5,true,0,0,"1970-01-01 00:00:00",0
"P004","P004_1760712709959","2025-10-17 14:52:00","2025-10-17T14:52:00.049Z",10090,87.7,82.7,true,0,0,"1970-01-01 00:00:00",0
"P004","P004_1760712709959","2025-10-17 14:51:55","2025-10-17T14:51:55.955Z",5996,79.6,74.6,true,0,0,"1970-01-01 00:00:00",0
"P004","P004_1760712709959","2025-10-17 14:51:53","2025-10-17T14:51:53.749Z",3790,74.4,64.4,true,0,0,"1970-01-01 00:00:00",0
"P004","P004_1760712709959","2025-10-17 14:51:51","2025-10-17T14:51:51.549Z",1590,59.2,59.2,true,0,0,"1970-01-01 00:00:00",0
"P004","P004_1760712709959","2025-10-17 14:51:58","2025-10-17T14:51:58.749Z",8790,89.4,79.4,true,0,0,"1970-01-01 00:00:00",0
"P004","P004_1760712709959","2025-10-17 14:51:59","2025-10-17T14:51:59.449Z",9490,83.1,88.1,true,0,0,"1970-01-01 00:00:00",0
"P004","P004_1760712709959","2025-10-17 14:51:56","2025-10-17T14:51:56.849Z",6890,81.5,76.5,true,0,0,"1970-01-01 00:00:00",0
"P004","P004_1760712709959","2025-10-17 14:51:59","2025-10-17T14:51:59.649Z",9690,86.3,86.3,true,0,0,"1970-01-01 00:00:00",0
"P004","P004_1760712709959","2025-10-17 14:51:58","2025-10-17T14:51:58.449Z",8490,82.1,82.1,true,0,0,"1970-01-01 00:00:00",0
"P004","P004_1760712709959","2025-10-17 14:51:51","2025-10-17T14:51:51.450Z",1491,60.1,60.1,true,0,0,"1970-01-01 00:00:00",0
"P004","P004_1760712709959","2025-10-17 14:51:58","2025-10-17T14:51:58.349Z",8390,83,83,true,0,0,"1970-01-01 00:00:00",0
"P004","P004_1760712709959","2025-10-17 14:51:56","2025-10-17T14:51:56.749Z",6790,82.4,77.4,true,0,0,"1970-01-01 00:00:00",0
"P004","P004_1760712709959","2025-10-17 14:51:51","2025-10-17T14:51:51.749Z",1790,62.4,57.4,true,0,0,"1970-01-01 00:00:00",0
"P004","P004_1760712709959","2025-10-17 14:51:57","2025-10-17T14:51:57.456Z",7497,86.1,76.1,true,0,0,"1970-01-01 00:00:00",0
"P004","P004_1760712709959","2025-10-17 14:51:50","2025-10-17T14:51:50.549Z",590,68.2,68.2,true,0,0,"1970-01-01 00:00:00",0
"P004","P004_1760712709959","2025-10-17 14:51:57","2025-10-17T14:51:57.549Z",7590,85.2,75.2,true,0,0,"1970-01-01 00:00:00",0
"P004","P004_1760712709959","2025-10-17 14:51:54","2025-10-17T14:51:54.849Z",4890,79.5,69.5,true,0,0,"1970-01-01 00:00:00",0
"P004","P004_1760712709959","2025-10-17 14:51:58","2025-10-17T14:51:58.549Z",8590,86.2,81.2,true,0,0,"1970-01-01 00:00:00",0
"P004","P004_1760712709959","2025-10-17 14:52:00","2025-10-17T14:52:00.249Z",10290,90.9,80.9,true,0,0,"1970-01-01 00:00:00",0
"P004","P004_1760712709959","2025-10-17 14:51:54","2025-10-17T14:51:54.049Z",4090,71.7,71.7,true,0,0,"1970-01-01 00:00:00",0
"P004","P004_1760712709959","2025-10-17 14:51:50","2025-10-17T14:51:50.649Z",690,67.3,67.3,true,0,0,"1970-01-01 00:00:00",0
"P004","P004_1760712709959","2025-10-17 14:51:55","2025-10-17T14:51:55.749Z",5790,81.4,71.4,true,0,0,"1970-01-01 00:00:00",0
"P004","P004_1760712709959","2025-10-17 14:51:54","2025-10-17T14:51:54.649Z",4690,76.3,71.3,true,0,0,"1970-01-01 00:00:00",0
"P004","P004_1760712709959","2025-10-17 14:51:54","2025-10-17T14:51:54.349Z",4390,69,74,true,0,0,"1970-01-01 00:00:00",0
"P004","P004_1760712709959","2025-10-17 14:51:54","2025-10-17T14:51:54.449Z",4490,73.1,73.1,true,0,0,"1970-01-01 00:00:00",0
"P004","P004_1760712709959","2025-10-17 14:51:53","2025-10-17T14:51:53.649Z",3690,75.3,65.3,true,0,0,"1970-01-01 00:00:00",0
"P004","P004_1760712709959","2025-10-17 14:51:52","2025-10-17T14:51:52.249Z",2290,57.9,67.9,true,0,0,"1970-01-01 00:00:00",0
"P004","P004_1760712709959","2025-10-17 14:51:50","2025-10-17T14:51:50.849Z",890,65.5,65.5,true,0,0,"1970-01-01 00:00:00",0
"P004","P004_1760712709959","2025-10-17 14:51:59","2025-10-17T14:51:59.949Z",9990,88.6,83.6,true,0,0,"1970-01-01 00:00:00",0
"P004","P004_1760712709959","2025-10-17 14:51:53","2025-10-17T14:51:53.149Z",3190,74.8,59.8,true,0,0,"1970-01-01 00:00:00",0
"P004","P004_1760712709959","2025-10-17 14:51:53","2025-10-17T14:51:53.049Z",3090,75.7,60.7,true,0,0,"1970-01-01 00:00:00",0
"P004","P004_1760712709959","2025-10-17 14:51:57","2025-10-17T14:51:57.749Z",7790,83.4,78.4,true,0,0,"1970-01-01 00:00:00",0
"P004","P004_1760712709959","2025-10-17 14:51:59","2025-10-17T14:51:59.749Z",9790,85.4,85.4,true,0,0,"1970-01-01 00:00:00",0
"P004","P004_1760712709959","2025-10-17 14:51:53","2025-10-17T14:51:53.549Z",3590,76.2,61.2,true,0,0,"1970-01-01 00:00:00",0
"P004","P004_1760712709959","2025-10-17 14:51:53","2025-10-17T14:51:53.849Z",3890,73.5,68.5,true,0,0,"1970-01-01 00:00:00",0
"P004","P004_1760712709959","2025-10-17 14:51:57","2025-10-17T14:51:57.849Z",7890,82.5,82.5,true,0,0,"1970-01-01 00:00:00",0
"P004","P004_1760712709959","2025-10-17 14:51:59","2025-10-17T14:51:59.849Z",9890,89.5,84.5,true,0,0,"1970-01-01 00:00:00",0
"P004","P004_1760712709959","2025-10-17 14:51:57","2025-10-17T14:51:57.349Z",7390,87,72,true,0,0,"1970-01-01 00:00:00",0
"P004","P004_1760712709959","2025-10-17 14:51:51","2025-10-17T14:51:51.349Z",1390,61,61,true,0,0,"1970-01-01 00:00:00",0
"P004","P004_1760712709959","2025-10-17 14:51:56","2025-10-17T14:51:56.149Z",6190,77.8,77.8,true,0,0,"1970-01-01 00:00:00",0
"P004","P004_1760712709959","2025-10-17 14:51:50","2025-10-17T14:51:50.749Z",790,66.4,66.4,true,0,0,"1970-01-01 00:00:00",0
"P004","P004_1760712709959","2025-10-17 14:51:51","2025-10-17T14:51:51.249Z",1290,61.9,61.9,true,0,0,"1970-01-01 00:00:00",0
"P004","P004_1760712709959","2025-10-17 14:51:52","2025-10-17T14:51:52.355Z",2396,62,67,true,0,0,"1970-01-01 00:00:00",0
"P004","P004_1760712709959","2025-10-17 14:51:56","2025-10-17T14:51:56.549Z",6590,79.2,79.2,true,0,0,"1970-01-01 00:00:00",0
"P004","P004_1760712709959","2025-10-17 14:51:58","2025-10-17T14:51:58.249Z",8290,78.9,83.9,true,0,0,"1970-01-01 00:00:00",0
"P004","P004_1760712709959","2025-10-17 14:51:59","2025-10-17T14:51:59.549Z",9590,82.2,87.2,true,0,0,"1970-01-01 00:00:00",0
"P004","P004_1760712709959","2025-10-17 14:52:00","2025-10-17T14:52:00.149Z",10190,86.8,81.8,true,0,0,"1970-01-01 00:00:00",0
"P004","P004_1760712709959","2025-10-17 14:51:52","2025-10-17T14:51:52.849Z",2890,67.5,62.5,true,0,0,"1970-01-01 00:00:00",0
"P004","P004_1760712709959","2025-10-17 14:51:56","2025-10-17T14:51:56.649Z",6690,78.3,78.3,true,0,0,"1970-01-01 00:00:00",0
"P004","P004_1760712709959","2025-10-17 14:51:52","2025-10-17T14:51:52.649Z",2690,64.3,64.3,true,0,0,"1970-01-01 00:00:00",0
"P004","P004_1760712709959","2025-10-17 14:51:52","2025-10-17T14:51:52.449Z",2490,61.1,66.1,true,0,0,"1970-01-01 00:00:00",0
"P004","P004_1760712709959","2025-10-17 14:51:53","2025-10-17T14:51:53.255Z",3296,78.9,58.9,true,0,0,"1970-01-01 00:00:00",0
"P004","P004_1760712709959","2025-10-17 14:51:55","2025-10-17T14:51:55.449Z",5490,84.1,69.1,true,0,0,"1970-01-01 00:00:00",0
"P004","P004_1760712709959","2025-10-17 14:51:57","2025-10-17T14:51:57.249Z",7290,87.9,72.9,true,0,0,"1970-01-01 00:00:00",0
"P004","P004_1760712709959","2025-10-17 14:51:55","2025-10-17T14:51:55.349Z",5390,85,65,true,0,0,"1970-01-01 00:00:00",0
"P004","P004_1760712709959","2025-10-17 14:51:54","2025-10-17T14:51:54.149Z",4190,70.8,70.8,true,0,0,"1970-01-01 00:00:00",0
"P004","P004_1760712709959","2025-10-17 14:51:58","2025-10-17T14:51:58.849Z",8890,88.5,78.5,true,0,0,"1970-01-01 00:00:00",0
"P004","P004_1760712709959","2025-10-17 14:51:52","2025-10-17T14:51:52.949Z",2990,71.6,61.6,true,0,0,"1970-01-01 00:00:00",0
"P004","P004_1760712709959","2025-10-17 14:51:59","2025-10-17T14:51:59.049Z",9090,86.7,81.7,true,0,0,"1970-01-01 00:00:00",0
"P004","P004_1760712709959","2025-10-17 14:51:58","2025-10-17T14:51:58.049Z",8090,80.7,85.7,true,0,0,"1970-01-01 00:00:00",0
"P004","P004_1760712709959","2025-10-17 14:51:55","2025-10-17T14:51:55.649Z",5690,82.3,67.3,true,0,0,"1970-01-01 00:00:00",0
"P004","P004_1760712709959","2025-10-17 14:51:50","2025-10-17T14:51:50.352Z",393,70,70,true,0,0,"1970-01-01 00:00:00",0
"P004","P004_1760712709959","2025-10-17 14:51:56","2025-10-17T14:51:56.249Z",6290,76.9,76.9,true,0,0,"1970-01-01 00:00:00",0
"P004","P004_1760712709959","2025-10-17 14:51:58","2025-10-17T14:51:58.649Z",8690,85.3,80.3,true,0,0,"1970-01-01 00:00:00",0
"P004","P004_1760712709959","2025-10-17 14:51:55","2025-10-17T14:51:55.149Z",5190,81.8,66.8,true,0,0,"1970-01-01 00:00:00",0
"P004","P004_1760712709959","2025-10-17 14:51:50","2025-10-17T14:51:50.449Z",490,69.1,69.1,true,0,0,"1970-01-01 00:00:00",0
"P004","P004_1760712709959","2025-10-17 14:51:56","2025-10-17T14:51:56.949Z",6990,80.6,75.6,true,0,0,"1970-01-01 00:00:00",0
"P004","P004_1760712709959","2025-10-17 14:51:52","2025-10-17T14:51:52.549Z",2590,65.2,65.2,true,0,0,"1970-01-01 00:00:00",0
"P004","P004_1760712709959","2025-10-17 14:51:54","2025-10-17T14:51:54.749Z",4790,75.4,70.4,true,0,0,"1970-01-01 00:00:00",0
"P004","P004_1760712709959","2025-10-17 14:51:53","2025-10-17T14:51:53.448Z",3489,77.1,62.1,true,0,0,"1970-01-01 00:00:00",0
"P004","P004_1760712709959","2025-10-17 14:51:50","2025-10-17T14:51:50.949Z",990,64.6,64.6,true,0,0,"1970-01-01 00:00:00",0
"P004","P004_1760712709959","2025-10-17 14:51:57","2025-10-17T14:51:57.649Z",7690,84.3,79.3,true,0,0,"1970-01-01 00:00:00",0
"P004","P004_1760712709959","2025-10-17 14:51:51","2025-10-17T14:51:51.049Z",1090,63.7,63.7,true,0,0,"1970-01-01 00:00:00",0
"P004","P004_1760712709959","2025-10-17 14:51:54","2025-10-17T14:51:54.249Z",4290,69.9,74.9,true,0,0,"1970-01-01 00:00:00",0
"P004","P004_1760712709959","2025-10-17 14:51:54","2025-10-17T14:51:54.549Z",4590,72.2,72.2,true,0,0,"1970-01-01 00:00:00",0
"P004","P004_1760712709959","2025-10-17 14:51:51","2025-10-17T14:51:51.149Z",1190,62.8,62.8,true,0,0,"1970-01-01 00:00:00",0
"P004","P004_1760712709959","2025-10-17 14:51:57","2025-10-17T14:51:57.949Z",7990,81.6,81.6,true,0,0,"1970-01-01 00:00:00",0
"P004","P004_1760712709959","2025-10-17 14:51:54","2025-10-17T14:51:54.949Z",4990,78.6,68.6,true,0,0,"1970-01-01 00:00:00",0
"P004","P004_1760712709959","2025-10-17 14:51:59","2025-10-17T14:51:59.249Z",9290,84.9,84.9,true,0,0,"1970-01-01 00:00:00",0
"P004","P004_1760712709959","2025-10-17 14:51:51","2025-10-17T14:51:51.849Z",1890,61.5,61.5,true,0,0,"1970-01-01 00:00:00",0
"P004","P004_1760712709959","2025-10-17 14:51:52","2025-10-17T14:51:52.049Z",2090,59.7,64.7,true,0,0,"1970-01-01 00:00:00",0
"P004","P004_1760712709959","2025-10-17 14:51:53","2025-10-17T14:51:53.349Z",3390,78,58,true,0,0,"1970-01-01 00:00:00",0
"P004","P004_1760712709959","2025-10-17 14:51:59","2025-10-17T14:51:59.349Z",9390,84,84,true,0,0,"1970-01-01 00:00:00",0
"P004","P004_1760712749281","2025-10-17 14:52:38","2025-10-17T14:52:38.543Z",9262,88,88,true,0,0,"1970-01-01 00:00:00",0
"P004","P004_1760712749281","2025-10-17 14:52:35","2025-10-17T14:52:35.344Z",6063,77.6,82.6,true,0,0,"1970-01-01 00:00:00",0
"P004","P004_1760712749281","2025-10-17 14:52:35","2025-10-17T14:52:35.244Z",5963,77.9,82.9,true,0,0,"1970-01-01 00:00:00",0
"P004","P004_1760712749281","2025-10-17 14:52:33","2025-10-17T14:52:33.644Z",4363,62.7,62.7,true,0,0,"1970-01-01 00:00:00",0
"P004","P004_1760712749281","2025-10-17 14:52:35","2025-10-17T14:52:35.444Z",6163,77.3,82.3,true,0,0,"1970-01-01 00:00:00",0
"P004","P004_1760712749281","2025-10-17 14:52:32","2025-10-17T14:52:32.544Z",3263,61,61,true,0,0,"1970-01-01 00:00:00",0
"P004","P004_1760712749281","2025-10-17 14:52:36","2025-10-17T14:52:36.744Z",7463,88.4,88.4,true,0,0,"1970-01-01 00:00:00",0
"P004","P004_1760712749281","2025-10-17 14:52:37","2025-10-17T14:52:37.451Z",8170,91.3,91.3,true,0,0,"1970-01-01 00:00:00",0
"P004","P004_1760712749281","2025-10-17 14:52:34","2025-10-17T14:52:34.744Z",5463,74.4,74.4,true,0,0,"1970-01-01 00:00:00",0
"P004","P004_1760712749281","2025-10-17 14:52:32","2025-10-17T14:52:32.744Z",3463,60.4,60.4,true,0,0,"1970-01-01 00:00:00",0
"P004","P004_1760712749281","2025-10-17 14:52:31","2025-10-17T14:52:31.844Z",2563,63.1,63.1,true,0,0,"1970-01-01 00:00:00",0
"P004","P004_1760712749281","2025-10-17 14:52:45","2025-10-17T14:52:45.651Z",16370,66.7,66.7,false,1,1,"1970-01-01 00:00:00",""
"P004","P004_1760712749281","2025-10-17 14:52:39","2025-10-17T14:52:39.144Z",9863,91.2,91.2,true,0,0,"1970-01-01 00:00:00",0
"P004","P004_1760712749281","2025-10-17 14:52:49","2025-10-17T14:52:49.119Z",19838,63.1,63.1,false,1,1,"1970-01-01 00:00:00",""
"P004","P004_1760712749281","2025-10-17 14:52:34","2025-10-17T14:52:34.944Z",5663,78.8,73.8,true,0,0,"1970-01-01 00:00:00",0
"P004","P004_1760712749281","2025-10-17 14:52:33","2025-10-17T14:52:33.244Z",3963,63.9,58.9,true,0,0,"1970-01-01 00:00:00",0
"P004","P004_1760712749281","2025-10-17 14:52:55","2025-10-17T14:52:55.117Z",25836,61.3,61.3,false,1,1,"1970-01-01 00:00:00",""
"P004","P004_1760712749281","2025-10-17 14:52:34","2025-10-17T14:52:34.344Z",5063,65.6,75.6,true,0,0,"1970-01-01 00:00:00",0
"P004","P004_1760712749281","2025-10-17 14:52:33","2025-10-17T14:52:33.444Z",4163,63.3,58.3,true,0,0,"1970-01-01 00:00:00",0
"P004","P004_1760712749281","2025-10-17 14:52:53","2025-10-17T14:52:53.118Z",23837,61.9,61.9,false,1,1,"1970-01-01 00:00:00",""
"P004","P004_1760712749281","2025-10-17 14:52:37","2025-10-17T14:52:37.244Z",7963,86.9,91.9,true,0,0,"1970-01-01 00:00:00",0
"P004","P004_1760712749281","2025-10-17 14:52:32","2025-10-17T14:52:32.344Z",3063,61.6,61.6,true,0,0,"1970-01-01 00:00:00",0
"P004","P004_1760712749281","2025-10-17 14:52:45","2025-10-17T14:52:45.051Z",15770,68.5,68.5,false,1,1,"1970-01-01 00:00:00",""
"P004","P004_1760712749281","2025-10-17 14:52:37","2025-10-17T14:52:37.743Z",8462,90.4,90.4,true,0,0,"1970-01-01 00:00:00",0
"P004","P004_1760712749281","2025-10-17 14:52:34","2025-10-17T14:52:34.044Z",4763,61.5,76.5,true,0,0,"1970-01-01 00:00:00",0
"P004","P004_1760712749281","2025-10-17 14:52:36","2025-10-17T14:52:36.144Z",6863,85.2,90.2,true,0,0,"1970-01-01 00:00:00",0
"P004","P004_1760712749281","2025-10-17 14:52:32","2025-10-17T14:52:32.044Z",2763,62.5,62.5,true,0,0,"1970-01-01 00:00:00",0
"P004","P004_1760712749281","2025-10-17 14:52:36","2025-10-17T14:52:36.944Z",7663,87.8,92.8,true,0,0,"1970-01-01 00:00:00",0
"P004","P004_1760712749281","2025-10-17 14:52:32","2025-10-17T14:52:32.144Z",2863,62.2,62.2,true,0,0,"1970-01-01 00:00:00",0
"P004","P004_1760712749281","2025-10-17 14:52:45","2025-10-17T14:52:45.351Z",16070,67.6,67.6,false,1,1,"1970-01-01 00:00:00",""
"P004","P004_1760712749281","2025-10-17 14:52:33","2025-10-17T14:52:33.843Z",4562,62.1,72.1,true,0,0,"1970-01-01 00:00:00",0
"P004","P004_1760712749281","2025-10-17 14:52:44","2025-10-17T14:52:44.551Z",15270,70,70,false,1,1,"1970-01-01 00:00:00",""
"P004","P004_1760712749281","2025-10-17 14:52:35","2025-10-17T14:52:35.044Z",5763,78.5,78.5,true,0,0,"1970-01-01 00:00:00",0
"P004","P004_1760712749281","2025-10-17 14:52:38","2025-10-17T14:52:38.244Z",8963,88.9,88.9,true,0,0,"1970-01-01 00:00:00",0
"P004","P004_1760712749281","2025-10-17 14:52:34","2025-10-17T14:52:34.544Z",5263,70,75,true,0,0,"1970-01-01 00:00:00",0
"P004","P004_1760712749281","2025-10-17 14:52:31","2025-10-17T14:52:31.744Z",2463,63.4,63.4,true,0,0,"1970-01-01 00:00:00",0
"P004","P004_1760712749281","2025-10-17 14:52:38","2025-10-17T14:52:38.744Z",9463,87.4,87.4,true,0,0,"1970-01-01 00:00:00",0
"P004","P004_1760712749281","2025-10-17 14:52:45","2025-10-17T14:52:45.251Z",15970,67.9,67.9,false,1,1,"1970-01-01 00:00:00",""
"P004","P004_1760712749281","2025-10-17 14:52:37","2025-10-17T14:52:37.843Z",8562,90.1,90.1,true,0,0,"1970-01-01 00:00:00",0
"P004","P004_1760712749281","2025-10-17 14:52:29","2025-10-17T14:52:29.844Z",563,69.1,69.1,true,0,0,"1970-01-01 00:00:00",0
"P004","P004_1760712749281","2025-10-17 14:52:36","2025-10-17T14:52:36.544Z",7263,84,89,true,0,0,"1970-01-01 00:00:00",0
"P004","P004_1760712749281","2025-10-17 14:52:38","2025-10-17T14:52:38.843Z",9562,87.1,92.1,true,0,0,"1970-01-01 00:00:00",0
"P004","P004_1760712749281","2025-10-17 14:52:34","2025-10-17T14:52:34.444Z",5163,65.3,75.3,true,0,0,"1970-01-01 00:00:00",0
"P004","P004_1760712749281","2025-10-17 14:52:29","2025-10-17T14:52:29.644Z",363,69.7,69.7,true,0,0,"1970-01-01 00:00:00",0
"P004","P004_1760712749281","2025-10-17 14:52:32","2025-10-17T14:52:32.643Z",3362,60.7,60.7,true,0,0,"1970-01-01 00:00:00",0
"P004","P004_1760712749281","2025-10-17 14:52:31","2025-10-17T14:52:31.244Z",1963,64.9,64.9,true,0,0,"1970-01-01 00:00:00",0
"P004","P004_1760712749281","2025-10-17 14:52:45","2025-10-17T14:52:45.551Z",16270,67,67,false,1,1,"1970-01-01 00:00:00",""
"P004","P004_1760712749281","2025-10-17 14:52:37","2025-10-17T14:52:37.944Z",8663,89.8,89.8,true,0,0,"1970-01-01 00:00:00",0
"P004","P004_1760712749281","2025-10-17 14:52:38","2025-10-17T14:52:38.944Z",9663,86.8,91.8,true,0,0,"1970-01-01 00:00:00",0
"P004","P004_1760712749281","2025-10-17 14:52:31","2025-10-17T14:52:31.544Z",2263,64,64,true,0,0,"1970-01-01 00:00:00",0
"P004","P004_1760712749281","2025-10-17 14:52:30","2025-10-17T14:52:30.644Z",1363,66.7,66.7,true,0,0,"1970-01-01 00:00:00",0
"P004","P004_1760712749281","2025-10-17 14:52:36","2025-10-17T14:52:36.344Z",7063,84.6,89.6,true,0,0,"1970-01-01 00:00:00",0
"P004","P004_1760712749281","2025-10-17 14:52:35","2025-10-17T14:52:35.544Z",6263,77,87,true,0,0,"1970-01-01 00:00:00",0
"P004","P004_1760712749281","2025-10-17 14:52:33","2025-10-17T14:52:33.043Z",3762,59.5,59.5,true,0,0,"1970-01-01 00:00:00",0
"P004","P004_1760712749281","2025-10-17 14:52:29","2025-10-17T14:52:29.744Z",463,69.4,69.4,true,0,0,"1970-01-01 00:00:00",0
"P004","P004_1760712749281","2025-10-17 14:52:33","2025-10-17T14:52:33.743Z",4462,62.4,67.4,true,0,0,"1970-01-01 00:00:00",0
"P004","P004_1760712749281","2025-10-17 14:52:36","2025-10-17T14:52:36.043Z",6762,80.5,90.5,true,0,0,"1970-01-01 00:00:00",0
"P004","P004_1760712749281","2025-10-17 14:52:46","2025-10-17T14:52:46.051Z",16770,65.5,65.5,false,1,1,"1970-01-01 00:00:00",""
"P004","P004_1760712749281","2025-10-17 14:52:37","2025-10-17T14:52:37.344Z",8063,86.6,91.6,true,0,0,"1970-01-01 00:00:00",0
"P004","P004_1760712749281","2025-10-17 14:52:33","2025-10-17T14:52:33.543Z",4262,63,63,true,0,0,"1970-01-01 00:00:00",0
"P004","P004_1760712749281","2025-10-17 14:52:29","2025-10-17T14:52:29.545Z",264,70,70,true,0,0,"1970-01-01 00:00:00",0
"P004","P004_1760712749281","2025-10-17 14:52:45","2025-10-17T14:52:45.150Z",15869,68.2,68.2,false,1,1,"1970-01-01 00:00:00",""
"P004","P004_1760712749281","2025-10-17 14:52:44","2025-10-17T14:52:44.951Z",15670,68.8,68.8,false,1,1,"1970-01-01 00:00:00",""
"P004","P004_1760712749281","2025-10-17 14:52:35","2025-10-17T14:52:35.644Z",6363,76.7,86.7,true,0,0,"1970-01-01 00:00:00",0
"P004","P004_1760712749281","2025-10-17 14:52:31","2025-10-17T14:52:31.644Z",2363,63.7,63.7,true,0,0,"1970-01-01 00:00:00",0
"P004","P004_1760712749281","2025-10-17 14:52:38","2025-10-17T14:52:38.044Z",8763,89.5,89.5,true,0,0,"1970-01-01 00:00:00",0
"P004","P004_1760712749281","2025-10-17 14:52:37","2025-10-17T14:52:37.143Z",7862,87.2,92.2,true,0,0,"1970-01-01 00:00:00",0
"P004","P004_1760712749281","2025-10-17 14:52:36","2025-10-17T14:52:36.244Z",6963,84.9,89.9,true,0,0,"1970-01-01 00:00:00",0
"P004","P004_1760712749281","2025-10-17 14:52:45","2025-10-17T14:52:45.950Z",16669,65.8,65.8,false,1,1,"1970-01-01 00:00:00",""
"P004","P004_1760712749281","2025-10-17 14:52:48","2025-10-17T14:52:48.121Z",18840,63.4,63.4,false,1,1,"1970-01-01 00:00:00",""
"P004","P004_1760712749281","2025-10-17 14:52:46","2025-10-17T14:52:46.352Z",17071,64.6,64.6,false,1,1,"1970-01-01 00:00:00",""
"P004","P004_1760712749281","2025-10-17 14:52:44","2025-10-17T14:52:44.852Z",15571,69.1,69.1,false,1,1,"1970-01-01 00:00:00",""
"P004","P004_1760712749281","2025-10-17 14:52:35","2025-10-17T14:52:35.844Z",6563,81.1,91.1,true,0,0,"1970-01-01 00:00:00",0
"P004","P004_1760712749281","2025-10-17 14:52:30","2025-10-17T14:52:30.743Z",1462,66.4,66.4,true,0,0,"1970-01-01 00:00:00",0
"P004","P004_1760712749281","2025-10-17 14:52:46","2025-10-17T14:52:46.151Z",16870,65.2,65.2,false,1,1,"1970-01-01 00:00:00",""
"P004","P004_1760712749281","2025-10-17 14:52:45","2025-10-17T14:52:45.851Z",16570,66.1,66.1,false,1,1,"1970-01-01 00:00:00",""
"P004","P004_1760712749281","2025-10-17 14:52:46","2025-10-17T14:52:46.451Z",17170,64.3,64.3,false,1,1,"1970-01-01 00:00:00",""
"P004","P004_1760712749281","2025-10-17 14:52:31","2025-10-17T14:52:31.143Z",1862,65.2,65.2,true,0,0,"1970-01-01 00:00:00",0
"P004","P004_1760712749281","2025-10-17 14:52:44","2025-10-17T14:52:44.751Z",15470,69.4,69.4,false,1,1,"1970-01-01 00:00:00",""
"P004","P004_1760712749281","2025-10-17 14:52:37","2025-10-17T14:52:37.644Z",8363,90.7,90.7,true,0,0,"1970-01-01 00:00:00",0
"P004","P004_1760712749281","2025-10-17 14:52:45","2025-10-17T14:52:45.750Z",16469,66.4,66.4,false,1,1,"1970-01-01 00:00:00",""
"P004","P004_1760712749281","2025-10-17 14:52:29","2025-10-17T14:52:29.944Z",663,68.8,68.8,true,0,0,"1970-01-01 00:00:00",0
"P004","P004_1760712749281","2025-10-17 14:52:34","2025-10-17T14:52:34.244Z",4963,65.9,75.9,true,0,0,"1970-01-01 00:00:00",0
"P004","P004_1760712749281","2025-10-17 14:52:35","2025-10-17T14:52:35.944Z",6663,80.8,90.8,true,0,0,"1970-01-01 00:00:00",0
"P004","P004_1760712749281","2025-10-17 14:52:33","2025-10-17T14:52:33.943Z",4662,61.8,71.8,true,0,0,"1970-01-01 00:00:00",0
"P004","P004_1760712749281","2025-10-17 14:52:31","2025-10-17T14:52:31.044Z",1763,65.5,65.5,true,0,0,"1970-01-01 00:00:00",0
"P004","P004_1760712749281","2025-10-17 14:52:35","2025-10-17T14:52:35.744Z",6463,76.4,91.4,true,0,0,"1970-01-01 00:00:00",0
"P004","P004_1760712749281","2025-10-17 14:52:34","2025-10-17T14:52:34.644Z",5363,74.7,74.7,true,0,0,"1970-01-01 00:00:00",0
"P004","P004_1760712749281","2025-10-17 14:52:38","2025-10-17T14:52:38.344Z",9063,88.6,88.6,true,0,0,"1970-01-01 00:00:00",0
"P004","P004_1760712749281","2025-10-17 14:52:52","2025-10-17T14:52:52.119Z",22838,62.2,62.2,false,1,1,"1970-01-01 00:00:00",""
"P004","P004_1760712749281","2025-10-17 14:52:39","2025-10-17T14:52:39.444Z",10163,95.3,90.3,true,0,0,"1970-01-01 00:00:00",0
"P004","P004_1760712749281","2025-10-17 14:52:34","2025-10-17T14:52:34.843Z",5562,79.1,74.1,true,0,0,"1970-01-01 00:00:00",0
"P004","P004_1760712749281","2025-10-17 14:52:37","2025-10-17T14:52:37.044Z",7763,87.5,92.5,true,0,0,"1970-01-01 00:00:00",0
"P004","P004_1760712749281","2025-10-17 14:52:36","2025-10-17T14:52:36.444Z",7163,84.3,89.3,true,0,0,"1970-01-01 00:00:00",0
"P004","P004_1760712749281","2025-10-17 14:52:31","2025-10-17T14:52:31.344Z",2063,64.6,64.6,true,0,0,"1970-01-01 00:00:00",0
"P004","P004_1760712749281","2025-10-17 14:52:30","2025-10-17T14:52:30.044Z",763,68.5,68.5,true,0,0,"1970-01-01 00:00:00",0
"P004","P004_1760712749281","2025-10-17 14:52:36","2025-10-17T14:52:36.844Z",7563,88.1,93.1,true,0,0,"1970-01-01 00:00:00",0
"P004","P004_1760712749281","2025-10-17 14:52:38","2025-10-17T14:52:38.644Z",9363,87.7,87.7,true,0,0,"1970-01-01 00:00:00",0
"P004","P004_1760712749281","2025-10-17 14:52:47","2025-10-17T14:52:47.118Z",17837,63.7,63.7,false,1,1,"1970-01-01 00:00:00",""
"P004","P004_1760712749281","2025-10-17 14:52:32","2025-10-17T14:52:32.244Z",2963,61.9,61.9,true,0,0,"1970-01-01 00:00:00",0
"P004","P004_1760712749281","2025-10-17 14:52:46","2025-10-17T14:52:46.252Z",16971,64.9,64.9,false,1,1,"1970-01-01 00:00:00",""
"P004","P004_1760712749281","2025-10-17 14:52:39","2025-10-17T14:52:39.044Z",9763,86.5,91.5,true,0,0,"1970-01-01 00:00:00",0
"P004","P004_1760712749281","2025-10-17 14:52:38","2025-10-17T14:52:38.144Z",8863,89.2,89.2,true,0,0,"1970-01-01 00:00:00",0
"P004","P004_1760712749281","2025-10-17 14:52:32","2025-10-17T14:52:32.844Z",3563,60.1,60.1,true,0,0,"1970-01-01 00:00:00",0
"P004","P004_1760712749281","2025-10-17 14:52:50","2025-10-17T14:52:50.117Z",20836,62.8,62.8,false,1,1,"1970-01-01 00:00:00",""
"P004","P004_1760712749281","2025-10-17 14:52:30","2025-10-17T14:52:30.944Z",1663,65.8,65.8,true,0,0,"1970-01-01 00:00:00",0
"P004","P004_1760712749281","2025-10-17 14:52:30","2025-10-17T14:52:30.244Z",963,67.9,67.9,true,0,0,"1970-01-01 00:00:00",0
"P004","P004_1760712749281","2025-10-17 14:52:33","2025-10-17T14:52:33.144Z",3863,59.2,59.2,true,0,0,"1970-01-01 00:00:00",0
"P004","P004_1760712749281","2025-10-17 14:52:39","2025-10-17T14:52:39.244Z",9963,90.9,90.9,true,0,0,"1970-01-01 00:00:00",0
"P004","P004_1760712749281","2025-10-17 14:52:38","2025-10-17T14:52:38.444Z",9163,88.3,88.3,true,0,0,"1970-01-01 00:00:00",0
"P004","P004_1760712749281","2025-10-17 14:52:31","2025-10-17T14:52:31.444Z",2163,64.3,64.3,true,0,0,"1970-01-01 00:00:00",0
"P004","P004_1760712749281","2025-10-17 14:52:30","2025-10-17T14:52:30.344Z",1063,67.6,67.6,true,0,0,"1970-01-01 00:00:00",0
"P004","P004_1760712749281","2025-10-17 14:52:30","2025-10-17T14:52:30.444Z",1163,67.3,67.3,true,0,0,"1970-01-01 00:00:00",0
"P004","P004_1760712749281","2025-10-17 14:52:35","2025-10-17T14:52:35.144Z",5863,78.2,78.2,true,0,0,"1970-01-01 00:00:00",0
"P004","P004_1760712749281","2025-10-17 14:52:32","2025-10-17T14:52:32.944Z",3663,59.8,59.8,true,0,0,"1970-01-01 00:00:00",0
"P004","P004_1760712749281","2025-10-17 14:52:30","2025-10-17T14:52:30.144Z",863,68.2,68.2,true,0,0,"1970-01-01 00:00:00",0
"P004","P004_1760712749281","2025-10-17 14:52:45","2025-10-17T14:52:45.451Z",16170,67.3,67.3,false,1,1,"1970-01-01 00:00:00",""
"P004","P004_1760712749281","2025-10-17 14:52:31","2025-10-17T14:52:31.944Z",2663,62.8,62.8,true,0,0,"1970-01-01 00:00:00",0
"P004","P004_1760712749281","2025-10-17 14:52:51","2025-10-17T14:52:51.118Z",21837,62.5,62.5,false,1,1,"1970-01-01 00:00:00",""
"P004","P004_1760712749281","2025-10-17 14:52:46","2025-10-17T14:52:46.551Z",17270,64,64,false,1,1,"1970-01-01 00:00:00",""
"P004","P004_1760712749281","2025-10-17 14:52:54","2025-10-17T14:52:54.121Z",24840,61.6,61.6,false,1,1,"1970-01-01 00:00:00",""
"P004","P004_1760712749281","2025-10-17 14:52:32","2025-10-17T14:52:32.444Z",3163,61.3,61.3,true,0,0,"1970-01-01 00:00:00",0
"P004","P004_1760712749281","2025-10-17 14:52:44","2025-10-17T14:52:44.651Z",15370,69.7,69.7,false,1,1,"1970-01-01 00:00:00",""
"P004","P004_1760712749281","2025-10-17 14:52:30","2025-10-17T14:52:30.544Z",1263,67,67,true,0,0,"1970-01-01 00:00:00",0
"P004","P004_1760712749281","2025-10-17 14:52:30","2025-10-17T14:52:30.844Z",1563,66.1,66.1,true,0,0,"1970-01-01 00:00:00",0
"P004","P004_1760712749281","2025-10-17 14:52:37","2025-10-17T14:52:37.544Z",8263,91,91,true,0,0,"1970-01-01 00:00:00",0
"P004","P004_1760712749281","2025-10-17 14:52:39","2025-10-17T14:52:39.344Z",10063,90.6,90.6,true,0,0,"1970-01-01 00:00:00",0
"P004","P004_1760712749281","2025-10-17 14:52:33","2025-10-17T14:52:33.344Z",4063,63.6,58.6,true,0,0,"1970-01-01 00:00:00",0
"P004","P004_1760712749281","2025-10-17 14:52:36","2025-10-17T14:52:36.645Z",7364,88.7,88.7,true,0,0,"1970-01-01 00:00:00",0
"P004","P004_1760712749281","2025-10-17 14:52:34","2025-10-17T14:52:34.144Z",4863,61.2,76.2,true,0,0,"1970-01-01 00:00:00",0