userId,sessionId,gameVersion,isTrainingMode,roundNumber,roundDocId,msSinceSessionStart,msSinceRoundStart,timestamp,gasEventDocId,isNowActive,isRoundStart
11,11_1779081000358,one_vial_alternating,1,1,,4399,0,2026-05-18 05:10:04.914,CKLbNtmscm1e46ky4XaY,1,1
5ce7fd368020d30018f9d7a5,5ce7fd368020d30018f9d7a5_1777664711588,one_vial_alternating,1,1,,909979,0,2026-05-01 20:00:21.690,1BFi4siCvVkykrghd4jn,1,1
5ce7fd368020d30018f9d7a5,5ce7fd368020d30018f9d7a5_1777664711588,one_vial_alternating,1,2,M19UG8npTY9iyrm2UOoE,924901,1,2026-05-01 20:00:36.666,irIw1TYijjkKZ8K5R5Sr,1,1
5ce7fd368020d30018f9d7a5,5ce7fd368020d30018f9d7a5_1777664711588,one_vial_alternating,1,3,3N1T2dEYPZWVth86q2Bd,939914,1,2026-05-01 20:00:51.649,jke6naXh1hgWx9yJFPI9,1,1
5ce7fd368020d30018f9d7a5,5ce7fd368020d30018f9d7a5_1777664711588,one_vial_alternating,1,4,ah6IgK6uDkN9sWsUMOeV,954928,1,2026-05-01 20:01:06.651,cSBnkHyps6OaxCwQyYEm,1,1
5ce7fd368020d30018f9d7a5,5ce7fd368020d30018f9d7a5_1777664711588,one_vial_alternating,1,5,5Yy0aTmx3cnIXxeJPQKI,969941,1,2026-05-01 20:01:21.664,AYDi7ZmbJdTJsgnkGVkM,1,1
5ce7fd368020d30018f9d7a5,5ce7fd368020d30018f9d7a5_1777664711588,one_vial_alternating,1,6,koHn2JXzyy7OEISsTmso,984956,1,2026-05-01 20:01:36.672,HojV5iNuTLslxHqde0WR,1,1
5ce7fd368020d30018f9d7a5,5ce7fd368020d30018f9d7a5_1777664711588,one_vial_alternating,1,7,OcqdrTIOgkFikhxQTq10,999972,1,2026-05-01 20:01:51.712,Z7bZavEH8n7Lf6jhZjl1,1,1
5ce7fd368020d30018f9d7a5,5ce7fd368020d30018f9d7a5_1777664711588,one_vial_alternating,1,8,jnaPLhoQ3z7p6S4zZxkL,1014983,1,2026-05-01 20:02:06.710,fRr0v0Iu645GrdcKyUcP,1,1
5ce7fd368020d30018f9d7a5,5ce7fd368020d30018f9d7a5_1777664711588,one_vial_alternating,1,9,Rw42CmD8hUc6jBrRtzR7,1029995,0,2026-05-01 20:02:21.722,pzPRQXryX8XcxlevvxrG,1,1
5ce7fd368020d30018f9d7a5,5ce7fd368020d30018f9d7a5_1777664711588,one_vial_alternating,1,10,7bPUHJVdjc3LI8AqVfO5,1045011,1,2026-05-01 20:02:36.746,7Z6BGgEwIWhs918zEBix,1,1
5ce7fd368020d30018f9d7a5,5ce7fd368020d30018f9d7a5_1777664711588,one_vial_alternating,0,1,3fmIRNpOSZHntKWfgldN,1084935,0,2026-05-01 20:03:16.656,Kyn60N7x4Dk62EdkGVKw,1,1
5ce7fd368020d30018f9d7a5,5ce7fd368020d30018f9d7a5_1777664711588,one_vial_alternating,0,2,ZWIvxe0ShLhq6jBGJEI5,1104841,0,2026-05-01 20:03:36.560,xXQFfVl8XMX2LOKfgP5V,1,1
5ce7fd368020d30018f9d7a5,5ce7fd368020d30018f9d7a5_1777664711588,one_vial_alternating,0,3,7TbRobIdo4ZepggUyBEc,1124855,1,2026-05-01 20:03:56.585,AmKemWs64YBHUvi3r8wI,1,1
5ce7fd368020d30018f9d7a5,5ce7fd368020d30018f9d7a5_1777664711588,one_vial_alternating,0,4,94kEfcpbwNdKhSZUxDUn,1144869,1,2026-05-01 20:04:16.600,WWCvmGYbK5MyBkDibiSC,1,1
5ce7fd368020d30018f9d7a5,5ce7fd368020d30018f9d7a5_1777664711588,one_vial_alternating,0,5,eamJ3VJQYLwxMrIp1OKt,1164878,1,2026-05-01 20:04:36.606,63wW9sV39G4a3rE8mXyU,1,1
5ce7fd368020d30018f9d7a5,5ce7fd368020d30018f9d7a5_1777664711588,one_vial_alternating,0,6,JLA4LTpBHith0Y8o53nO,1184892,1,2026-05-01 20:04:56.622,qWtxhQLI92zJxEL1vMaL,1,1
5ce7fd368020d30018f9d7a5,5ce7fd368020d30018f9d7a5_1777664711588,one_vial_alternating,0,7,Z5Ql1A44lVeGAmd8R2ql,1204905,1,2026-05-01 20:05:16.625,B8sMEzoz1tfI1AfXxZRm,1,1
5ce7fd368020d30018f9d7a5,5ce7fd368020d30018f9d7a5_1777664711588,one_vial_alternating,0,8,Iy7gRuniyUVrkl7YRWjY,1224917,1,2026-05-01 20:05:36.645,st5hz7Aly1E7DQPXwAGZ,1,1
5ce7fd368020d30018f9d7a5,5ce7fd368020d30018f9d7a5_1777664711588,one_vial_alternating,0,9,gYCEElULvaf3HQF3aoY8,1244929,1,2026-05-01 20:05:56.659,7ovhvPKQkQB1HpB3vmGT,1,1
5ce7fd368020d30018f9d7a5,5ce7fd368020d30018f9d7a5_1777664711588,one_vial_alternating,0,10,S3q0aTM1sEktaQPi6yZ0,1264943,1,2026-05-01 20:06:16.754,mS12jj5yXJ9WY5PHnerF,1,1
5ce7fd368020d30018f9d7a5,5ce7fd368020d30018f9d7a5_1777664711588,one_vial_alternating,0,11,fv7p9LhSIJiOPBBlJjSU,1284956,1,2026-05-01 20:06:36.683,0c60mHatXRHL7QvTfmYd,1,1
5ce7fd368020d30018f9d7a5,5ce7fd368020d30018f9d7a5_1777664711588,one_vial_alternating,0,12,ItUNqu1UowOeDq0xjlHm,1304968,0,2026-05-01 20:06:56.713,RF2AKW5eCDHgdF1MCngh,1,1
5ce7fd368020d30018f9d7a5,5ce7fd368020d30018f9d7a5_1777664711588,one_vial_alternating,0,13,kAyFWjfdyPjeEy4IuRmE,1324980,1,2026-05-01 20:07:16.743,RV55GvkaptwFWMLL5jEF,1,1
5ce7fd368020d30018f9d7a5,5ce7fd368020d30018f9d7a5_1777664711588,one_vial_alternating,0,14,zCuv1JqQNKTFmrvS3fRF,1344993,1,2026-05-01 20:07:36.726,tFCqQ7eP5O9cEywHavqw,1,1
5ce7fd368020d30018f9d7a5,5ce7fd368020d30018f9d7a5_1777664711588,one_vial_alternating,0,15,ijJT4XazJJgXlWyp3hhH,1365004,0,2026-05-01 20:07:56.730,1WXvk8zhwcYySm2L6mcN,1,1
5ce7fd368020d30018f9d7a5,5ce7fd368020d30018f9d7a5_1777664711588,one_vial_alternating,0,16,AbHiZ0PiYAzcPqEOEVWW,1385011,0,2026-05-01 20:08:16.745,973yl3fIAAiaVE97CyOW,1,1
5ce7fd368020d30018f9d7a5,5ce7fd368020d30018f9d7a5_1777664711588,one_vial_alternating,0,17,hVQtgCVk7doPhX3nnEea,1405024,0,2026-05-01 20:08:36.765,RZHpO1GVdIppb1sbJLZB,1,1
5ce7fd368020d30018f9d7a5,5ce7fd368020d30018f9d7a5_1777664711588,one_vial_alternating,0,18,3KMHWBsWXcRvGUjxIuUO,1425035,0,2026-05-01 20:08:56.744,wxGBTbdgQWWjqTrj1uMQ,1,1
5ce7fd368020d30018f9d7a5,5ce7fd368020d30018f9d7a5_1777664711588,one_vial_alternating,0,19,qvFUR642VdRCtmNPLZO5,1445046,0,2026-05-01 20:09:16.782,SU0ft9Cr3YCnvWh65VRA,1,1
5ce7fd368020d30018f9d7a5,5ce7fd368020d30018f9d7a5_1777664711588,one_vial_alternating,0,20,MQnVFSUCXuF34WlnA7wg,1465058,0,2026-05-01 20:09:36.790,em1PVPC2wuevlTBUoTKP,1,1
5ce7fd368020d30018f9d7a5,5ce7fd368020d30018f9d7a5_1777664711588,one_vial_alternating,0,21,ZEiObQw1mPg0uMaHL3kU,1485070,0,2026-05-01 20:09:56.794,tkvU7vo2fPQTVMRzYtna,1,1
5ce7fd368020d30018f9d7a5,5ce7fd368020d30018f9d7a5_1777664711588,one_vial_alternating,0,22,vyN65KyXvARVlSUb42DU,1505078,1,2026-05-01 20:10:16.813,vDIC4iZjMEFKMRIcdemg,1,1
5ce7fd368020d30018f9d7a5,5ce7fd368020d30018f9d7a5_1777664711588,one_vial_alternating,0,23,cOmImtpS7jLRABpJ3Bmz,1525095,0,2026-05-01 20:10:36.874,kHgdq79hYOezt4nbTAar,1,1
5ce7fd368020d30018f9d7a5,5ce7fd368020d30018f9d7a5_1777664711588,one_vial_alternating,0,24,6ltxt5t4BOJRchDLY2xf,1545109,0,2026-05-01 20:10:56.834,R2G4LaMIJotwHHZg23bz,1,1
5ce7fd368020d30018f9d7a5,5ce7fd368020d30018f9d7a5_1777664711588,one_vial_alternating,0,25,EAzavOYvgJ2GKFfXxsee,1565121,0,2026-05-01 20:11:16.882,FXy4Wa3sI4m5UXMIzFGO,1,1
5ce7fd368020d30018f9d7a5,5ce7fd368020d30018f9d7a5_1777664711588,one_vial_alternating,0,26,ngpatdT4Dpwdk7tDLDiN,1585134,1,2026-05-01 20:11:36.866,VvvUuDFcK0tm2OeTfXt5,1,1
5ce7fd368020d30018f9d7a5,5ce7fd368020d30018f9d7a5_1777664711588,one_vial_alternating,0,27,0GYrAGv3ZbiVIo2ooHuh,1605145,0,2026-05-01 20:11:56.868,HTX733JWtfsKap3hIkpT,1,1
5ce7fd368020d30018f9d7a5,5ce7fd368020d30018f9d7a5_1777664711588,one_vial_alternating,0,28,Jze5RNt9tiG6KRQ14xMX,1625163,1,2026-05-01 20:12:16.892,EASmcnkpfCP9BAT9Pp1P,1,1
5ce7fd368020d30018f9d7a5,5ce7fd368020d30018f9d7a5_1777664711588,one_vial_alternating,0,29,RdQHb3hq7WPbTDVfo3Ro,1645175,1,2026-05-01 20:12:36.909,bRBJI6L2vdTyUadnC4A7,1,1
5ce7fd368020d30018f9d7a5,5ce7fd368020d30018f9d7a5_1777664711588,one_vial_alternating,0,30,wXasfF2LiTBsoms3mQEx,1665188,1,2026-05-01 20:12:56.916,ZHmxAGyLoFogBxlxpiCF,1,1
5ce7fd368020d30018f9d7a5,5ce7fd368020d30018f9d7a5_1777664711588,one_vial_alternating,0,31,cuWSAJnn8vAtsbpB5NZi,1685201,0,2026-05-01 20:13:16.930,7uXECt1MSGTwaKU7o4xi,1,1
5ce7fd368020d30018f9d7a5,5ce7fd368020d30018f9d7a5_1777664711588,one_vial_alternating,0,32,sD6V5myqvPKJLQ7Mx1Sb,1705212,0,2026-05-01 20:13:36.951,0TzrHGN9QhP9G1ggtOH3,1,1
5ce7fd368020d30018f9d7a5,5ce7fd368020d30018f9d7a5_1777664711588,one_vial_alternating,0,33,jNMg9t97FJoigWf6aPsh,1725226,0,2026-05-01 20:13:56.936,c2CEcdKSMTmKzYs33WOX,1,1
5ce7fd368020d30018f9d7a5,5ce7fd368020d30018f9d7a5_1777664711588,one_vial_alternating,0,34,eyAi9QjSAKZv4LN9dhPh,1745239,1,2026-05-01 20:14:16.953,SEYROjkKjNXmfTKmfepR,1,1
5ce7fd368020d30018f9d7a5,5ce7fd368020d30018f9d7a5_1777664711588,one_vial_alternating,0,35,Is0f0SvUrHpigT0LZ8oG,1765248,1,2026-05-01 20:14:36.981,eiJexDrrwWlJqviEl5Iy,1,1
5ce7fd368020d30018f9d7a5,5ce7fd368020d30018f9d7a5_1777664711588,one_vial_alternating,0,36,8py2tE2qXEC1nkqCDRyP,1785261,1,2026-05-01 20:14:56.988,ekydGeVvG2l5kNJ4ahhr,1,1
5d4a41890e604c00011ade8b,5d4a41890e604c00011ade8b_1777665972066,one_vial_alternating,1,1,,365282,0,2026-05-01 20:12:18.277,CXCjhCpWTJgKaTEQHMgL,1,1
5d4a41890e604c00011ade8b,5d4a41890e604c00011ade8b_1777665972066,one_vial_alternating,1,2,pZo2Oy1hCwGJch81SGWY,380203,0,2026-05-01 20:12:33.195,85gkgBO96MJJLqlG5Gmx,1,1
5d4a41890e604c00011ade8b,5d4a41890e604c00011ade8b_1777665972066,one_vial_alternating,1,3,qOITAhXSoCBn2cBQkEk6,395227,0,2026-05-01 20:12:48.210,VoXnYqaSkAyzDkhsDMaD,1,1
5d4a41890e604c00011ade8b,5d4a41890e604c00011ade8b_1777665972066,one_vial_alternating,1,4,INQzVuRwkV84bxll7r57,410288,0,2026-05-01 20:13:03.302,UdNkMu0PYW3ZVQvXgdlv,1,1
5d4a41890e604c00011ade8b,5d4a41890e604c00011ade8b_1777665972066,one_vial_alternating,1,5,PLr4pqAiwE0fD9Rol3kI,425308,0,2026-05-01 20:13:18.298,fbWgdee3Jqsnw9RNM6lA,1,1
5d4a41890e604c00011ade8b,5d4a41890e604c00011ade8b_1777665972066,one_vial_alternating,1,6,TGG1T4VwtydciTtY4jrK,440359,1,2026-05-01 20:13:33.345,NLbM62yDUdsNnr5RL4rf,1,1
5d4a41890e604c00011ade8b,5d4a41890e604c00011ade8b_1777665972066,one_vial_alternating,1,7,UyYcd5vUBlMpxgHcApWG,455373,0,2026-05-01 20:13:48.366,RA8BIGcER4NpiswbFzHo,1,1
5d4a41890e604c00011ade8b,5d4a41890e604c00011ade8b_1777665972066,one_vial_alternating,1,8,qSsHLud5dt1L55FsKCmp,470399,0,2026-05-01 20:14:03.395,ICGDZkw4tzgXO6zR9QuI,1,1
5d4a41890e604c00011ade8b,5d4a41890e604c00011ade8b_1777665972066,one_vial_alternating,1,9,1E8XRxfzTRjvoYWszBac,485442,0,2026-05-01 20:14:18.429,sJdGcZbAWnYpv9Sbj4hv,1,1
5d4a41890e604c00011ade8b,5d4a41890e604c00011ade8b_1777665972066,one_vial_alternating,1,10,djcOVIC4SLzbKkpXPf8O,500498,0,2026-05-01 20:14:33.487,x4AMHu33QieZHAs9g0AN,1,1
5d4a41890e604c00011ade8b,5d4a41890e604c00011ade8b_1777665972066,one_vial_alternating,0,1,3C13pjuvKaG2cZAiKFT7,535025,0,2026-05-01 20:15:08.027,JolGgip85ZsiudEwi8TZ,1,1
5d4a41890e604c00011ade8b,5d4a41890e604c00011ade8b_1777665972066,one_vial_alternating,0,2,5IZFmprJqOZoCes63joJ,554931,0,2026-05-01 20:15:27.941,EE2L3Cm5XkVcCfXIFMLm,1,1
5d4a41890e604c00011ade8b,5d4a41890e604c00011ade8b_1777665972066,one_vial_alternating,0,3,YNK4wgiAXO44UGhwnggx,574963,1,2026-05-01 20:15:48.000,pKSwwx9lEkswtmWSWfp7,1,1
5d4a41890e604c00011ade8b,5d4a41890e604c00011ade8b_1777665972066,one_vial_alternating,0,4,pTkU9VgIpM3ul0oIvLsO,594976,0,2026-05-01 20:16:07.967,7Z0rKTDRbieA0Nc3VB0Z,1,1
5d4a41890e604c00011ade8b,5d4a41890e604c00011ade8b_1777665972066,one_vial_alternating,0,5,loNg2y7YwBkW0jKNA70M,614999,0,2026-05-01 20:16:28.231,J5hYZ6MUp0jOJuAQRgSR,1,1
5d4a41890e604c00011ade8b,5d4a41890e604c00011ade8b_1777665972066,one_vial_alternating,0,6,MLICAY0bMsp8o6vfnPvf,635039,0,2026-05-01 20:16:48.058,56vZhpraY6n28niQ9PIo,1,1
5d4a41890e604c00011ade8b,5d4a41890e604c00011ade8b_1777665972066,one_vial_alternating,0,7,trRPA1qTzSxAAmOSE42O,655071,1,2026-05-01 20:17:08.067,pFfe1k5JQpfi6QrUROc5,1,1
5d4a41890e604c00011ade8b,5d4a41890e604c00011ade8b_1777665972066,one_vial_alternating,0,8,oaKN8f3ahugWqOpFNm2R,675080,0,2026-05-01 20:17:28.082,McJpKpvaXh6GLxVOnMsN,1,1
5d4a41890e604c00011ade8b,5d4a41890e604c00011ade8b_1777665972066,one_vial_alternating,0,9,XYxZQNgxcwh5Y0qZ4EK0,695098,0,2026-05-01 20:17:48.252,9s02KLYPZbTDBYS61g8F,1,1
5d4a41890e604c00011ade8b,5d4a41890e604c00011ade8b_1777665972066,one_vial_alternating,0,10,fDqyKXyCCuS8oTCqWTfI,715114,0,2026-05-01 20:18:08.110,boAA5lKIDLpsnTzFvBYh,1,1
5d4a41890e604c00011ade8b,5d4a41890e604c00011ade8b_1777665972066,one_vial_alternating,0,11,gvbnC2VrBa0w4nS4AXta,735136,0,2026-05-01 20:18:28.157,Dx9E1AUVzYGubB8bO04m,1,1
5d4a41890e604c00011ade8b,5d4a41890e604c00011ade8b_1777665972066,one_vial_alternating,0,12,8A4AhD3qWQCVuhpVFFwq,755153,0,2026-05-01 20:18:48.143,H0hBoVUkyBA5tKYUzRLA,1,1
5d4a41890e604c00011ade8b,5d4a41890e604c00011ade8b_1777665972066,one_vial_alternating,0,13,PCbxfEPG6xxMOs8UDqG1,775229,0,2026-05-01 20:19:08.217,vsssI0t29lmLDRQh6N0B,1,1
5d4a41890e604c00011ade8b,5d4a41890e604c00011ade8b_1777665972066,one_vial_alternating,0,14,OG4yg8A8AFdLmiqsTGKj,795276,0,2026-05-01 20:19:28.275,APUKkHXAT1KK6Veb60Mw,1,1
5d4a41890e604c00011ade8b,5d4a41890e604c00011ade8b_1777665972066,one_vial_alternating,0,15,qrSnITmZENWLUr5BRvo2,815314,0,2026-05-01 20:19:48.313,De02dlzNpiPT54uWCvGB,1,1
5d4a41890e604c00011ade8b,5d4a41890e604c00011ade8b_1777665972066,one_vial_alternating,0,16,XM2ibU8P0YyaIU4WPOiz,835331,1,2026-05-01 20:20:08.343,GRwIag1t3QJnwGIP3JCs,1,1
5d4a41890e604c00011ade8b,5d4a41890e604c00011ade8b_1777665972066,one_vial_alternating,0,17,WR6HxOWBWeifNInCSnfP,855359,0,2026-05-01 20:20:28.361,gn1czFD4aeTsSOg7bNr6,1,1
5d4a41890e604c00011ade8b,5d4a41890e604c00011ade8b_1777665972066,one_vial_alternating,0,18,nQnes9AdDwSL4wraRUfn,875376,0,2026-05-01 20:20:48.367,h0IDNkHtAgmVkLbyKyQ1,1,1
5d4a41890e604c00011ade8b,5d4a41890e604c00011ade8b_1777665972066,one_vial_alternating,0,19,66aDL8M7NelowXk9DP91,895388,0,2026-05-01 20:21:08.523,kNYdPL0uRNRNx2f82LdX,1,1
5d4a41890e604c00011ade8b,5d4a41890e604c00011ade8b_1777665972066,one_vial_alternating,0,20,UOtobU5yPWLZkI0InY0P,915412,1,2026-05-01 20:21:28.402,TOU2eIvEk0yjVXccgLtD,1,1
5d4a41890e604c00011ade8b,5d4a41890e604c00011ade8b_1777665972066,one_vial_alternating,0,21,0PugwuPbLAJEqkeRODwo,935438,0,2026-05-01 20:21:48.590,q4zydDGqHH9K9FGgbSuP,1,1
5d4a41890e604c00011ade8b,5d4a41890e604c00011ade8b_1777665972066,one_vial_alternating,0,22,ceOcZ18NpzFFKtJBCYTn,955466,0,2026-05-01 20:22:08.460,s86fzChupfeZ3kIDF2EX,1,1
5d4a41890e604c00011ade8b,5d4a41890e604c00011ade8b_1777665972066,one_vial_alternating,0,23,kUAqHP0CdoOvGYRe5owU,975543,0,2026-05-01 20:22:28.537,d8w3LlhuZixRkNhLicQp,1,1
5d4a41890e604c00011ade8b,5d4a41890e604c00011ade8b_1777665972066,one_vial_alternating,0,24,4oTn3InC2bO3Jt8oH1EA,995604,0,2026-05-01 20:22:48.676,RmhNgUYW2hpKp4gjYWpf,1,1
5d4a41890e604c00011ade8b,5d4a41890e604c00011ade8b_1777665972066,one_vial_alternating,0,25,FDuqeLFWVG0qM8Wn7n4k,1015699,0,2026-05-01 20:23:08.674,UMVmf2WeC6UlYFdeuxDP,1,1
5d4a41890e604c00011ade8b,5d4a41890e604c00011ade8b_1777665972066,one_vial_alternating,0,26,mHoQzt5K7pQTnadWh50Z,1035716,0,2026-05-01 20:23:28.710,uav7TXYhr3h8O8zTbZOP,1,1
5d4a41890e604c00011ade8b,5d4a41890e604c00011ade8b_1777665972066,one_vial_alternating,0,27,53Iahk8Z4zP2S4jaaqAJ,1055772,0,2026-05-01 20:23:48.770,JLnZuh4AWYKz6n4SEfNQ,1,1
5d4a41890e604c00011ade8b,5d4a41890e604c00011ade8b_1777665972066,one_vial_alternating,0,28,wegscjUSC5Bumq2ANRUn,1075816,0,2026-05-01 20:24:08.868,DwrBK3Gz8eMIFj2Oh7pO,1,1
5d4a41890e604c00011ade8b,5d4a41890e604c00011ade8b_1777665972066,one_vial_alternating,0,29,8RZF2xuJhYX0YHVDaKoZ,1095843,0,2026-05-01 20:24:28.840,R6M76LWMddHvH0RBIheb,1,1
5d4a41890e604c00011ade8b,5d4a41890e604c00011ade8b_1777665972066,one_vial_alternating,0,30,mB5VCQGfMwBd5Hjh7AOM,1115871,0,2026-05-01 20:24:48.865,xik6t4EGViehweuW5O9y,1,1
5d4a41890e604c00011ade8b,5d4a41890e604c00011ade8b_1777665972066,one_vial_alternating,0,31,eLn9G4V1qr5wXipYgPH0,1135888,0,2026-05-01 20:25:08.878,4MDOh5S2moWIwrtgQOrP,1,1
5d4a41890e604c00011ade8b,5d4a41890e604c00011ade8b_1777665972066,one_vial_alternating,0,32,Rh2gOX3omr2EAfgTUxpC,1155920,1,2026-05-01 20:25:28.907,fgTzLn1QGwQ0vBbIrbqI,1,1
5d4a41890e604c00011ade8b,5d4a41890e604c00011ade8b_1777665972066,one_vial_alternating,0,33,8uyidZcenXkKQprUB2do,1175933,0,2026-05-01 20:25:48.920,yP3yqrGO3zMZBmGmmtdQ,1,1
5d4a41890e604c00011ade8b,5d4a41890e604c00011ade8b_1777665972066,one_vial_alternating,0,34,3fY6cWeEekIqXDEFeZZJ,1195954,0,2026-05-01 20:26:08.953,8m0y7vPqtwRlhRhvlcsC,1,1
5d4a41890e604c00011ade8b,5d4a41890e604c00011ade8b_1777665972066,one_vial_alternating,0,35,0kD1uIfSfIxTSvPK6G47,1215981,0,2026-05-01 20:26:28.971,VJv2hExB1gnPcry1rP4h,1,1
5d4a41890e604c00011ade8b,5d4a41890e604c00011ade8b_1777665972066,one_vial_alternating,0,36,dFYm2JqHgINZTrAaUNG2,1236063,0,2026-05-01 20:26:49.042,cVmWLU5SguxCH61u5jvC,1,1
5e62aca37820fe04614b5ffa,5e62aca37820fe04614b5ffa_1777666081171,one_vial_alternating,1,1,,519541,1,2026-05-01 20:16:47.225,fXtJGQRp6qWrQ1uP5WNf,1,1
5e62aca37820fe04614b5ffa,5e62aca37820fe04614b5ffa_1777666081171,one_vial_alternating,1,2,ziYMdi28aH8tz4BWDACU,534455,0,2026-05-01 20:17:02.019,t8C0tq7KCwI1v6tgdbzP,1,1
5e62aca37820fe04614b5ffa,5e62aca37820fe04614b5ffa_1777666081171,one_vial_alternating,1,3,tE5gwIgTIyERNvV8eEl1,549473,1,2026-05-01 20:17:17.048,L0Amghvz28HkWXW0S317,1,1
5e62aca37820fe04614b5ffa,5e62aca37820fe04614b5ffa_1777666081171,one_vial_alternating,1,4,cogOdLg10YLFqPUn3gsZ,564484,1,2026-05-01 20:17:32.048,61y8Oks4GOcF1bErE6TT,1,1
5e62aca37820fe04614b5ffa,5e62aca37820fe04614b5ffa_1777666081171,one_vial_alternating,1,5,65KTSlXiBK51UqUV8VWW,579495,1,2026-05-01 20:17:47.072,ynR9lkT7dJ0rywmqwtpI,1,1
5e62aca37820fe04614b5ffa,5e62aca37820fe04614b5ffa_1777666081171,one_vial_alternating,1,6,xIQ6Xqun4q9ThsrIonxi,594504,0,2026-05-01 20:18:02.074,eGqbqvOfMCEaHX8Ky16G,1,1
5e62aca37820fe04614b5ffa,5e62aca37820fe04614b5ffa_1777666081171,one_vial_alternating,1,7,ci52VlapUyxdlkxF130u,609530,0,2026-05-01 20:18:17.110,oZuehGJYqkbiif6Uupyp,1,1
5e62aca37820fe04614b5ffa,5e62aca37820fe04614b5ffa_1777666081171,one_vial_alternating,1,8,9Uwib8VDwjvytavPhQxr,624546,0,2026-05-01 20:18:32.108,7YlQrQdz5bJVZbx82cxO,1,1
5e62aca37820fe04614b5ffa,5e62aca37820fe04614b5ffa_1777666081171,one_vial_alternating,1,9,oGclplifBWG8anhYgvDA,639564,0,2026-05-01 20:18:47.128,uJS0sV79VuJEnvBbJeiT,1,1
5e62aca37820fe04614b5ffa,5e62aca37820fe04614b5ffa_1777666081171,one_vial_alternating,1,10,D8Ym0VNDTcRhcHPr5n9k,654581,0,2026-05-01 20:19:02.148,WAjt61iDvOzlg1qVwvsL,1,1
5e62aca37820fe04614b5ffa,5e62aca37820fe04614b5ffa_1777666081171,one_vial_alternating,0,1,lKq5EXbW0KgD5UFfskkp,684369,1,2026-05-01 20:19:31.932,7tUXICNULVpOdEleGZ1a,1,1
5e62aca37820fe04614b5ffa,5e62aca37820fe04614b5ffa_1777666081171,one_vial_alternating,0,2,pg8rgVeiFxMVGf9OwpQE,704289,0,2026-05-01 20:19:51.849,LVbpG6GgdvBmJX3S97YA,1,1
5e62aca37820fe04614b5ffa,5e62aca37820fe04614b5ffa_1777666081171,one_vial_alternating,0,3,voP0xbdoUGcl5TgqlABj,724303,0,2026-05-01 20:20:11.881,vxfvmkTIXuHIP9zkdSCJ,1,1
5e62aca37820fe04614b5ffa,5e62aca37820fe04614b5ffa_1777666081171,one_vial_alternating,0,4,ChmZjhBQXmC8gcqdVIWd,744319,0,2026-05-01 20:20:31.873,YXjSf9nPTyvYAuuig9ng,1,1
5e62aca37820fe04614b5ffa,5e62aca37820fe04614b5ffa_1777666081171,one_vial_alternating,0,5,eGvGHBbiBxf04uPitHm0,764329,0,2026-05-01 20:20:51.886,alrRXofCYCO9g07XEsao,1,1
5e62aca37820fe04614b5ffa,5e62aca37820fe04614b5ffa_1777666081171,one_vial_alternating,0,6,XzRVA4R7FHKRnw2GfByI,784353,0,2026-05-01 20:21:11.909,fdDl4NcEOfap2Do0eJ5i,1,1
5e62aca37820fe04614b5ffa,5e62aca37820fe04614b5ffa_1777666081171,one_vial_alternating,0,7,S9xtzRfNGUb1IGQ2In4C,804366,0,2026-05-01 20:21:31.929,U6GJ6Ekt7zx3vExSkzj4,1,1
5e62aca37820fe04614b5ffa,5e62aca37820fe04614b5ffa_1777666081171,one_vial_alternating,0,8,0fYBLF5lvTCvFzH2anH6,824386,1,2026-05-01 20:21:51.949,2uYT3owBGomQwog9elZE,1,1
5e62aca37820fe04614b5ffa,5e62aca37820fe04614b5ffa_1777666081171,one_vial_alternating,0,9,c1Hj9XrmDRXjkLQchnmG,844408,0,2026-05-01 20:22:12.035,8ezVNtB3o1jbiSpYKt9d,1,1
5e62aca37820fe04614b5ffa,5e62aca37820fe04614b5ffa_1777666081171,one_vial_alternating,0,10,3nxFSRjafDgDIUOHTP9U,864426,0,2026-05-01 20:22:31.994,DaWGBB2fCc5e7sVNjzLQ,1,1
5e62aca37820fe04614b5ffa,5e62aca37820fe04614b5ffa_1777666081171,one_vial_alternating,0,11,xr1Laf2p5EOYafN5k3mY,884442,1,2026-05-01 20:22:52.004,dxboVuzY6P93VSZapfCO,1,1
5e62aca37820fe04614b5ffa,5e62aca37820fe04614b5ffa_1777666081171,one_vial_alternating,0,12,HsJI5aKSgZJsbsfx7xPi,904466,0,2026-05-01 20:23:12.033,ehhPuTV2dBatNnvSs9Fo,1,1
5e62aca37820fe04614b5ffa,5e62aca37820fe04614b5ffa_1777666081171,one_vial_alternating,0,13,AfsoN3ZJuIjpBZJsE1RH,924481,1,2026-05-01 20:23:32.035,4qw1cjdGKlhbcTSHY0cZ,1,1
5e62aca37820fe04614b5ffa,5e62aca37820fe04614b5ffa_1777666081171,one_vial_alternating,0,14,3YIUtO69B2sdEzb0uOol,944503,0,2026-05-01 20:23:52.062,DePBCAhFE78qnG23hmhc,1,1
5e62aca37820fe04614b5ffa,5e62aca37820fe04614b5ffa_1777666081171,one_vial_alternating,0,15,IKustJrTGvzpM79AOSxK,964523,0,2026-05-01 20:24:12.084,f0NbelfDwJC2JTkEmwCo,1,1
5e62aca37820fe04614b5ffa,5e62aca37820fe04614b5ffa_1777666081171,one_vial_alternating,0,16,14RttnylOM17cICPz8Zb,984536,0,2026-05-01 20:24:32.123,N2XYlFH9ggHzUonQ7oAW,1,1
5e62aca37820fe04614b5ffa,5e62aca37820fe04614b5ffa_1777666081171,one_vial_alternating,0,17,IMjtWbOGoki16FxKXlUJ,1004550,1,2026-05-01 20:24:52.108,oIS2i166GtZZmugkUcV9,1,1
5e62aca37820fe04614b5ffa,5e62aca37820fe04614b5ffa_1777666081171,one_vial_alternating,0,18,dwAEB5uknPNr1gn412ZW,1024569,0,2026-05-01 20:25:12.127,j2TCoMH1ccmXWemLxDO5,1,1
5e62aca37820fe04614b5ffa,5e62aca37820fe04614b5ffa_1777666081171,one_vial_alternating,0,19,PuF7rp93niEj3Et0fble,1044591,0,2026-05-01 20:25:32.154,xm7w2TIUwljfKkCUHOgl,1,1
5e62aca37820fe04614b5ffa,5e62aca37820fe04614b5ffa_1777666081171,one_vial_alternating,0,20,TbVmTuNiaCDdDjmsgPWt,1064599,0,2026-05-01 20:25:52.142,Jp7Dr0dGcyU0MAlqSiHz,1,1
5e62aca37820fe04614b5ffa,5e62aca37820fe04614b5ffa_1777666081171,one_vial_alternating,0,21,yNqmooB0mPvLO2nQYZmD,1084615,0,2026-05-01 20:26:12.213,C9HYb37cRILWvJfbYKVU,1,1
5e62aca37820fe04614b5ffa,5e62aca37820fe04614b5ffa_1777666081171,one_vial_alternating,0,22,ffGZwqyxlXDORzxYznZ4,1104635,1,2026-05-01 20:26:32.191,fLW2WXsGFXxj7n1cqdWR,1,1
5e62aca37820fe04614b5ffa,5e62aca37820fe04614b5ffa_1777666081171,one_vial_alternating,0,23,NkwFcW9N6CtjKkJ2IWQJ,1124646,0,2026-05-01 20:26:52.200,ZwjjUxPKdN18EgXQm7Cd,1,1
5e62aca37820fe04614b5ffa,5e62aca37820fe04614b5ffa_1777666081171,one_vial_alternating,0,24,tRxD22vt2pmWC6rqXLnv,1144658,0,2026-05-01 20:27:12.214,1oV4JtpiMs1AYk60iv1I,1,1
5e62aca37820fe04614b5ffa,5e62aca37820fe04614b5ffa_1777666081171,one_vial_alternating,0,25,WrF8BxJ2IvaSj0OPYaRI,1164672,0,2026-05-01 20:27:32.243,l6n8CXWk497InPAV4MTo,1,1
5e62aca37820fe04614b5ffa,5e62aca37820fe04614b5ffa_1777666081171,one_vial_alternating,0,26,fAsI36Xyn5nbxDTSSWmW,1184691,0,2026-05-01 20:27:52.241,sS5JRcTUJusNC12WfN2T,1,1
5e62aca37820fe04614b5ffa,5e62aca37820fe04614b5ffa_1777666081171,one_vial_alternating,0,27,GI7bOhJFhue9ZlXlWFo8,1204718,0,2026-05-01 20:28:12.274,zcWiw8bSC2Lrp971Laxb,1,1
5e62aca37820fe04614b5ffa,5e62aca37820fe04614b5ffa_1777666081171,one_vial_alternating,0,28,D7NvskyhsUArv57pa8yD,1224730,0,2026-05-01 20:28:32.278,EhzRBjCTcWDFChyK371P,1,1
5e62aca37820fe04614b5ffa,5e62aca37820fe04614b5ffa_1777666081171,one_vial_alternating,0,29,0sSpDyyF1NwwOs3UchHq,1244741,0,2026-05-01 20:28:52.290,Np7SiJCuLqDmBuXT7gBw,1,1
5e62aca37820fe04614b5ffa,5e62aca37820fe04614b5ffa_1777666081171,one_vial_alternating,0,30,U9lWi2pZUTtXwH6Mkf0R,1264765,0,2026-05-01 20:29:12.320,Dpr6cwiVGehMHkIlllEY,1,1
5e62aca37820fe04614b5ffa,5e62aca37820fe04614b5ffa_1777666081171,one_vial_alternating,0,31,RyDzWWuLCQMjpHjdcMet,1284778,0,2026-05-01 20:29:32.341,W6jkZ5XopSHjbmUiqRxv,1,1
5e62aca37820fe04614b5ffa,5e62aca37820fe04614b5ffa_1777666081171,one_vial_alternating,0,32,W3nIog9zCLZXxahU6blI,1304793,0,2026-05-01 20:29:52.344,Lde9JTWTma7qONq0hp3V,1,1
5e62aca37820fe04614b5ffa,5e62aca37820fe04614b5ffa_1777666081171,one_vial_alternating,0,33,1G6f876KpQYk7fymqoLN,1324813,0,2026-05-01 20:30:12.368,qLP6RhDx6zbuAbLqPDKW,1,1
5e62aca37820fe04614b5ffa,5e62aca37820fe04614b5ffa_1777666081171,one_vial_alternating,0,34,0FG1kbAFDQ5TsymLVbxa,1344841,0,2026-05-01 20:30:32.389,wbh7UvOWkKC4rE6C3hLf,1,1
5e62aca37820fe04614b5ffa,5e62aca37820fe04614b5ffa_1777666081171,one_vial_alternating,0,35,osf2nN3sYAnfVnKG8yqJ,1364864,0,2026-05-01 20:30:52.418,70AByoE7ZACERcB5du53,1,1
5e62aca37820fe04614b5ffa,5e62aca37820fe04614b5ffa_1777666081171,one_vial_alternating,0,36,jkmqb4VAWCfBPCF3YGtf,1384881,0,2026-05-01 20:31:12.443,yo0iJRcEqAmtJThszzq1,1,1
5f3a7e7b3a55e009ff81175e,5f3a7e7b3a55e009ff81175e_1777664674294,one_vial_alternating,1,1,,415470,2,2026-05-01 19:51:29.881,UApPGKJvg4N8QnSRmaPu,1,1
5f3a7e7b3a55e009ff81175e,5f3a7e7b3a55e009ff81175e_1777664674294,one_vial_alternating,1,2,d201Q5avLYhZjhnMxl3M,430408,0,2026-05-01 19:51:44.816,0MCIwf2DKIZqa6VYssCz,1,1
5f3a7e7b3a55e009ff81175e,5f3a7e7b3a55e009ff81175e_1777664674294,one_vial_alternating,1,3,VfW4RxiVerOCK5FqZb7d,445437,0,2026-05-01 19:51:59.848,OkhE5Nz7Ib1mszJ410iY,1,1
5f3a7e7b3a55e009ff81175e,5f3a7e7b3a55e009ff81175e_1777664674294,one_vial_alternating,1,4,9jVNBaDla973Lb3XdyJm,460470,0,2026-05-01 19:52:14.885,qO1zZwddkLq2Vo7clhAL,1,1
5f3a7e7b3a55e009ff81175e,5f3a7e7b3a55e009ff81175e_1777664674294,one_vial_alternating,1,5,VOL6MYqJUArj8P8iabQv,475496,0,2026-05-01 19:52:29.899,l5SHdla0RBG12YXKlyyj,1,1
5f3a7e7b3a55e009ff81175e,5f3a7e7b3a55e009ff81175e_1777664674294,one_vial_alternating,1,6,XftyukdotcjGQyVvUPFJ,490528,0,2026-05-01 19:52:44.936,zPj8dpVGyMwtOe5C3kPl,1,1
5f3a7e7b3a55e009ff81175e,5f3a7e7b3a55e009ff81175e_1777664674294,one_vial_alternating,1,7,8XhRdn5IAkxGUkFkosoy,505546,0,2026-05-01 19:52:59.948,pfgciOXKV0iRSuQWFShZ,1,1
5f3a7e7b3a55e009ff81175e,5f3a7e7b3a55e009ff81175e_1777664674294,one_vial_alternating,1,8,awDGXAUhFFD71dCypm7m,520574,0,2026-05-01 19:53:15.039,7wrvqEcSdBFAU6ZFwPcI,1,1
5f3a7e7b3a55e009ff81175e,5f3a7e7b3a55e009ff81175e_1777664674294,one_vial_alternating,1,9,b6ztGGuPKoOuMgtZInPw,535602,0,2026-05-01 19:53:30.008,zGTilIfETC0onG3XmnLT,1,1
5f3a7e7b3a55e009ff81175e,5f3a7e7b3a55e009ff81175e_1777664674294,one_vial_alternating,1,10,BzJJSUA1KWgqHi1laJv9,550634,0,2026-05-01 19:53:45.045,3M7d2fvdhMecUALXTxSG,1,1
5f3a7e7b3a55e009ff81175e,5f3a7e7b3a55e009ff81175e_1777664674294,one_vial_alternating,0,1,pIPuL7Sk7wojoA1rgmHD,589445,0,2026-05-01 19:54:23.852,s4oxa1HhKR02gNpns8yY,1,1
5f3a7e7b3a55e009ff81175e,5f3a7e7b3a55e009ff81175e_1777664674294,one_vial_alternating,0,2,ETJhJfjWPniQzHWJmvUe,609374,0,2026-05-01 19:54:43.777,R6v4EWduihPOjIdcn2QA,1,1
5f3a7e7b3a55e009ff81175e,5f3a7e7b3a55e009ff81175e_1777664674294,one_vial_alternating,0,3,m3cU55SZeLF5RIwYN4u5,629406,0,2026-05-01 19:55:03.817,JFnEbGAlBRYcOtmIjlZy,1,1
5f3a7e7b3a55e009ff81175e,5f3a7e7b3a55e009ff81175e_1777664674294,one_vial_alternating,0,4,kBQ256HtE0kMB0RB2a3Q,649434,0,2026-05-01 19:55:23.839,xvZUY9KN7lwIyrEGyO3s,1,1
5f3a7e7b3a55e009ff81175e,5f3a7e7b3a55e009ff81175e_1777664674294,one_vial_alternating,0,5,d4LSc0OWDp0Sk4M3Ye5P,669467,0,2026-05-01 19:55:43.876,BvLH7F5bcj35YbSgOOEr,1,1
5f3a7e7b3a55e009ff81175e,5f3a7e7b3a55e009ff81175e_1777664674294,one_vial_alternating,0,6,P6xQpjDGOmOKX28hcD3v,689514,0,2026-05-01 19:56:03.914,iS8BYLteJ7F1uKElVORM,1,1
5f3a7e7b3a55e009ff81175e,5f3a7e7b3a55e009ff81175e_1777664674294,one_vial_alternating,0,7,Q0Vlpd5Ly7OiNB1jAYKO,709539,0,2026-05-01 19:56:23.936,BjUVq5YAbMAuxwpANgP8,1,1
5f3a7e7b3a55e009ff81175e,5f3a7e7b3a55e009ff81175e_1777664674294,one_vial_alternating,0,8,fhbp2pcGQ2gCwyZOlnyj,729554,0,2026-05-01 19:56:43.958,NI1gFy9N9XfLaPvq2npb,1,1
5f3a7e7b3a55e009ff81175e,5f3a7e7b3a55e009ff81175e_1777664674294,one_vial_alternating,0,9,14Pdrw4muYvkAoBwfgKL,749595,1,2026-05-01 19:57:04.003,LHUwdA62s299sug3LnMo,1,1
5f3a7e7b3a55e009ff81175e,5f3a7e7b3a55e009ff81175e_1777664674294,one_vial_alternating,0,10,nJq1DGxANW8bj1pgBgt2,769623,0,2026-05-01 19:57:24.032,8zCGyv4GsJAAQsVKgL7t,1,1
5f3a7e7b3a55e009ff81175e,5f3a7e7b3a55e009ff81175e_1777664674294,one_vial_alternating,0,11,sTR21eW3invB4M7l5H64,789641,0,2026-05-01 19:57:44.064,4LE0Blrlm8QOQGhI6Hcu,1,1
5f3a7e7b3a55e009ff81175e,5f3a7e7b3a55e009ff81175e_1777664674294,one_vial_alternating,0,12,Yc0gscLBQQjz5FM6MtaE,809654,1,2026-05-01 19:58:04.053,4AQ4tYl4JN2MJ0usgkMX,1,1
5f3a7e7b3a55e009ff81175e,5f3a7e7b3a55e009ff81175e_1777664674294,one_vial_alternating,0,13,RbyfITqLk2g4cGkloikW,829694,0,2026-05-01 19:58:24.112,UL02KtesNulYdR74TJl3,1,1
5f3a7e7b3a55e009ff81175e,5f3a7e7b3a55e009ff81175e_1777664674294,one_vial_alternating,0,14,OVA9dutut1d5q4PA4XoJ,849725,0,2026-05-01 19:58:44.122,pa9U6yDapAMPNAtSOZv5,1,1
5f3a7e7b3a55e009ff81175e,5f3a7e7b3a55e009ff81175e_1777664674294,one_vial_alternating,0,15,AuDtNI8NI4pd3N1J4YtV,869744,1,2026-05-01 19:59:04.157,26wStPVVX37LEQ0DFpjr,1,1
5f3a7e7b3a55e009ff81175e,5f3a7e7b3a55e009ff81175e_1777664674294,one_vial_alternating,0,16,n2zygaCKRqPuz2bvsz8S,889781,0,2026-05-01 19:59:24.230,0xGflor0oDjFfZYgeOsY,1,1
5f3a7e7b3a55e009ff81175e,5f3a7e7b3a55e009ff81175e_1777664674294,one_vial_alternating,0,17,Od25eSk0Ygfz9W2qlT3Z,909832,1,2026-05-01 19:59:44.232,SuGYcTOq3XlltD8DTrJY,1,1
5f3a7e7b3a55e009ff81175e,5f3a7e7b3a55e009ff81175e_1777664674294,one_vial_alternating,0,18,lsUXI2TRRa6HuBrdOjgZ,929856,0,2026-05-01 20:00:04.257,K6kCxVY5HmZWpg9Nda9W,1,1
5f3a7e7b3a55e009ff81175e,5f3a7e7b3a55e009ff81175e_1777664674294,one_vial_alternating,0,19,dGxXj4hEhtYcS7mQHzX2,949874,0,2026-05-01 20:00:24.276,F8SisgO747uqRCVBqBJo,1,1
5f3a7e7b3a55e009ff81175e,5f3a7e7b3a55e009ff81175e_1777664674294,one_vial_alternating,0,20,GmtBNcetfDnGMUjTx04i,969888,0,2026-05-01 20:00:44.279,SeppOMnYcQQIeemueETU,1,1
5f3a7e7b3a55e009ff81175e,5f3a7e7b3a55e009ff81175e_1777664674294,one_vial_alternating,0,21,jTmfCZoIrHI9bPPhejWF,989904,1,2026-05-01 20:01:04.289,WUEkktiVMhzLW17cOPNK,1,1
5f3a7e7b3a55e009ff81175e,5f3a7e7b3a55e009ff81175e_1777664674294,one_vial_alternating,0,22,qqmLJKv1mep1jjZl3fQD,1009929,1,2026-05-01 20:01:24.327,EnypQ5AwEp0T9a4xVnv8,1,1
5f3a7e7b3a55e009ff81175e,5f3a7e7b3a55e009ff81175e_1777664674294,one_vial_alternating,0,23,ZJXeJaK4wcJw5vwuVW1X,1029952,0,2026-05-01 20:01:44.357,gcxBbpeIr9JmX0ILIuZN,1,1
5f3a7e7b3a55e009ff81175e,5f3a7e7b3a55e009ff81175e_1777664674294,one_vial_alternating,0,24,VVy2Vo5eScNO9iPIP8XS,1049971,0,2026-05-01 20:02:04.376,7j17CEBx4ubiXDEqo43y,1,1
5f3a7e7b3a55e009ff81175e,5f3a7e7b3a55e009ff81175e_1777664674294,one_vial_alternating,0,25,dn7ZBKfIEAsGQSJFosDx,1069997,0,2026-05-01 20:02:24.405,soBmpSerszBaK0H8ePvb,1,1
5f3a7e7b3a55e009ff81175e,5f3a7e7b3a55e009ff81175e_1777664674294,one_vial_alternating,0,26,hw0I1h0BzEk1JezRtwzk,1090041,0,2026-05-01 20:02:44.444,YkuNwNcs1Knbv63Sh9u7,1,1
5f3a7e7b3a55e009ff81175e,5f3a7e7b3a55e009ff81175e_1777664674294,one_vial_alternating,0,27,FyaMXCEZ4UcmlTwgYPf3,1110063,1,2026-05-01 20:03:04.463,IA6h1Ouq97ghEioT8bIV,1,1
5f3a7e7b3a55e009ff81175e,5f3a7e7b3a55e009ff81175e_1777664674294,one_vial_alternating,0,28,XchPmu2THuUqkYjDtuIQ,1130076,0,2026-05-01 20:03:24.472,pBAYfZJ7RRubhDdNZtGY,1,1
5f3a7e7b3a55e009ff81175e,5f3a7e7b3a55e009ff81175e_1777664674294,one_vial_alternating,0,29,A0ItxMltzzaCMx0lf2NE,1150101,0,2026-05-01 20:03:44.504,HKMoULxP9FMeuGkLk18S,1,1
5f3a7e7b3a55e009ff81175e,5f3a7e7b3a55e009ff81175e_1777664674294,one_vial_alternating,0,30,p82zqbWXYYWnFQ3cUpsm,1170133,0,2026-05-01 20:04:04.533,Aj9guatmfn6pSDNCZTJ1,1,1
5f3a7e7b3a55e009ff81175e,5f3a7e7b3a55e009ff81175e_1777664674294,one_vial_alternating,0,31,rAsVm34PxTuK3KAR0B4M,1190160,1,2026-05-01 20:04:24.560,pA5fxQWRF6qZ21FPLEZF,1,1
5f3a7e7b3a55e009ff81175e,5f3a7e7b3a55e009ff81175e_1777664674294,one_vial_alternating,0,32,uXGJPkrI8ed5KtBjubox,1210190,0,2026-05-01 20:04:44.601,hEBbf30JVWJeb1Y4N831,1,1
5f3a7e7b3a55e009ff81175e,5f3a7e7b3a55e009ff81175e_1777664674294,one_vial_alternating,0,33,hjp5z0v7DkUc2ureehdq,1230216,0,2026-05-01 20:05:04.618,92EviKOPK9jWt9xJMmid,1,1
5f3a7e7b3a55e009ff81175e,5f3a7e7b3a55e009ff81175e_1777664674294,one_vial_alternating,0,34,jbuS3wVEPbRTHxkD0SzZ,1250239,0,2026-05-01 20:05:24.640,7wOCRPLmI27fEcpgmToS,1,1
5f3a7e7b3a55e009ff81175e,5f3a7e7b3a55e009ff81175e_1777664674294,one_vial_alternating,0,35,S6ougsRbpmbmOHH5ERKU,1270274,0,2026-05-01 20:05:44.673,ZGc7Mjj7lWAYxAPOUxND,1,1
5f3a7e7b3a55e009ff81175e,5f3a7e7b3a55e009ff81175e_1777664674294,one_vial_alternating,0,36,UbCyrmFxGz0PTshQc4vS,1290304,0,2026-05-01 20:06:04.712,lO4Pr4l1PRsW2nfFUNOP,1,1
60a9455edf704176d918fbaa,60a9455edf704176d918fbaa_1777665441806,one_vial_alternating,1,1,,939706,2,2026-05-01 20:15:30.818,NfKSN6gWGEF8yw0Gr0xR,1,1
60a9455edf704176d918fbaa,60a9455edf704176d918fbaa_1777665441806,one_vial_alternating,1,2,mba1aH5fkD6yJSkZSHP5,954772,1,2026-05-01 20:15:45.867,jGvyHcWMKB1BwYHNThBf,1,1
60a9455edf704176d918fbaa,60a9455edf704176d918fbaa_1777665441806,one_vial_alternating,1,3,tvUIl01xxqpGGzFByNgI,969825,1,2026-05-01 20:16:00.899,DbkXAThpWB4yacSp5mmj,1,1
60a9455edf704176d918fbaa,60a9455edf704176d918fbaa_1777665441806,one_vial_alternating,1,4,LgSISkL27me1v5UFkolT,984872,1,2026-05-01 20:16:15.957,GwOrIBTgpbBtCX2AKSKK,1,1
60a9455edf704176d918fbaa,60a9455edf704176d918fbaa_1777665441806,one_vial_alternating,1,5,WDRLweNIOagbXr7pMXJ0,999932,1,2026-05-01 20:16:31.008,Gt3xFGN3vZ5ZHVWcQFT2,1,1
60a9455edf704176d918fbaa,60a9455edf704176d918fbaa_1777665441806,one_vial_alternating,1,6,bguMY0Kwv5HWncxQ8CcT,1014976,2,2026-05-01 20:16:46.079,YlT5LWC4LsLx6S9zVbm3,1,1
60a9455edf704176d918fbaa,60a9455edf704176d918fbaa_1777665441806,one_vial_alternating,1,7,ypO56eIn5GAMuJvmXG70,1030036,0,2026-05-01 20:17:01.128,469gEpKz56WJNt5e7RYw,1,1
60a9455edf704176d918fbaa,60a9455edf704176d918fbaa_1777665441806,one_vial_alternating,1,8,m1vxSblFKTY14iYoe6In,1045101,0,2026-05-01 20:17:16.199,N3SvEmeYym1qUEniQOjE,1,1
60a9455edf704176d918fbaa,60a9455edf704176d918fbaa_1777665441806,one_vial_alternating,1,9,GqIInttt3X9G5zOTUM4T,1060167,1,2026-05-01 20:17:31.262,dl3oDfG0pkHWj2RyZ4nS,1,1
60a9455edf704176d918fbaa,60a9455edf704176d918fbaa_1777665441806,one_vial_alternating,1,10,yuiXWZylrCSgPXdj8ulM,1075235,1,2026-05-01 20:17:46.362,zFNIC5d8Gre0DVVEsoIV,1,1
60a9455edf704176d918fbaa,60a9455edf704176d918fbaa_1777665441806,one_vial_alternating,0,1,XdC7cOUZd4j0juJZ3YpV,1143122,1,2026-05-01 20:18:54.220,oxyMrJQipe5PN3xd72Ic,1,1
60a9455edf704176d918fbaa,60a9455edf704176d918fbaa_1777665441806,one_vial_alternating,0,2,NiealkYwyDMeciONsskv,1163099,1,2026-05-01 20:19:14.213,ztho1SUhok8BHBHaXxNX,1,1
60a9455edf704176d918fbaa,60a9455edf704176d918fbaa_1777665441806,one_vial_alternating,0,3,ufPqCox4L9YnEKapTjAX,1183149,0,2026-05-01 20:19:34.235,QthmHLx8vPeRVmsmxz3F,1,1
60a9455edf704176d918fbaa,60a9455edf704176d918fbaa_1777665441806,one_vial_alternating,0,4,wYruGGasgBdvgJYjiaGr,1203185,0,2026-05-01 20:19:54.280,qSMI7pKNhim3IL4VjvxO,1,1
60a9455edf704176d918fbaa,60a9455edf704176d918fbaa_1777665441806,one_vial_alternating,0,5,6xAoNNQ4LnW8wNhnKSvR,1223237,1,2026-05-01 20:20:14.326,f0qKcQS3dKvbZjyvtlhU,1,1
60a9455edf704176d918fbaa,60a9455edf704176d918fbaa_1777665441806,one_vial_alternating,0,6,L8h48fj5NV0out305qLY,1243295,1,2026-05-01 20:20:34.398,V5YJWeIJoo6AwdPMYNog,1,1
60a9455edf704176d918fbaa,60a9455edf704176d918fbaa_1777665441806,one_vial_alternating,0,7,ZPjPWmdEIUr1FGmDQrba,1263346,1,2026-05-01 20:20:54.426,fKHQUNeh3FRtyVnzkH1s,1,1
60a9455edf704176d918fbaa,60a9455edf704176d918fbaa_1777665441806,one_vial_alternating,0,8,GHa7iO03vgKtO0o0pIca,1283391,0,2026-05-01 20:21:14.492,xE8yphjQSDhrYp2i6WBs,1,1
60a9455edf704176d918fbaa,60a9455edf704176d918fbaa_1777665441806,one_vial_alternating,0,9,lf8hVNeTBuhftLxb8KtM,1303446,1,2026-05-01 20:21:34.550,g28E5IXmDJnwu5g3chlp,1,1
60a9455edf704176d918fbaa,60a9455edf704176d918fbaa_1777665441806,one_vial_alternating,0,10,uyuxWsQDxrzHlz4SSZKj,1323483,0,2026-05-01 20:21:54.582,LBFDU7q7FfRk2PiDFUBq,1,1
60a9455edf704176d918fbaa,60a9455edf704176d918fbaa_1777665441806,one_vial_alternating,0,11,sHQrfc56M9wNh9eQADd8,1343533,1,2026-05-01 20:22:14.637,glYqujuIhFuWCzhKidjx,1,1
60a9455edf704176d918fbaa,60a9455edf704176d918fbaa_1777665441806,one_vial_alternating,0,12,ujfvJFMkRG5yEx14njvX,1363559,1,2026-05-01 20:22:34.648,SZ7SEuXwhSnZg5YJHVrU,1,1
60a9455edf704176d918fbaa,60a9455edf704176d918fbaa_1777665441806,one_vial_alternating,0,13,GoRbkMGRkElko6QDs6bu,1383636,1,2026-05-01 20:22:54.742,8iggTeMwwCvRXb29qSbQ,1,1
60a9455edf704176d918fbaa,60a9455edf704176d918fbaa_1777665441806,one_vial_alternating,0,14,uZyVVHzvniZ7C6DBrRRk,1403663,1,2026-05-01 20:23:14.750,w8MHcAXUkqmtbNzQyt86,1,1
60a9455edf704176d918fbaa,60a9455edf704176d918fbaa_1777665441806,one_vial_alternating,0,15,bvIiw5BdiC8voc27REfd,1423722,1,2026-05-01 20:23:34.806,IoBbt5ijYYIFy9aevwFc,1,1
60a9455edf704176d918fbaa,60a9455edf704176d918fbaa_1777665441806,one_vial_alternating,0,16,uZe4pARcG1b6DC68EsHV,1443768,0,2026-05-01 20:23:54.853,BrTEpViW5VOlPC9dmsAt,1,1
60a9455edf704176d918fbaa,60a9455edf704176d918fbaa_1777665441806,one_vial_alternating,0,17,SOlK9wuzSyJaG0NeeHwf,1463817,1,2026-05-01 20:24:14.923,sCyIDyRs4zokSOTSeIyd,1,1
60a9455edf704176d918fbaa,60a9455edf704176d918fbaa_1777665441806,one_vial_alternating,0,18,115AQcw2jBe9UFBuFIBp,1483884,1,2026-05-01 20:24:34.989,5LWUY8Q0GCc3EYi54yoA,1,1
60a9455edf704176d918fbaa,60a9455edf704176d918fbaa_1777665441806,one_vial_alternating,0,19,c04ZmXLSJ5rndsKBkt0w,1503930,0,2026-05-01 20:24:55.028,nSywAvOby11yF2mBfKvI,1,1
60a9455edf704176d918fbaa,60a9455edf704176d918fbaa_1777665441806,one_vial_alternating,0,20,XdCedxqA841YsvGRsrwc,1523989,1,2026-05-01 20:25:15.078,JYnqyGYhlNVB6QGjcuXZ,1,1
60a9455edf704176d918fbaa,60a9455edf704176d918fbaa_1777665441806,one_vial_alternating,0,21,XBGq8RdHt8haXfkyLuMN,1544073,1,2026-05-01 20:29:16.420,65mqn6BQDoFNnWyU8aQk,1,1
60a9455edf704176d918fbaa,60a9455edf704176d918fbaa_1777665441806,one_vial_alternating,0,22,XBGq8RdHt8haXfkyLuMN,1564127,0,2026-05-01 20:29:18.293,eC4IC43Tog2noyGwlI9G,1,1
60a9455edf704176d918fbaa,60a9455edf704176d918fbaa_1777665441806,one_vial_alternating,0,23,XBGq8RdHt8haXfkyLuMN,1584166,2,2026-05-01 20:29:23.675,eAoOdQed9iA8p21b4wB2,1,1
60a9455edf704176d918fbaa,60a9455edf704176d918fbaa_1777665441806,one_vial_alternating,0,24,XBGq8RdHt8haXfkyLuMN,1604228,3,2026-05-01 20:29:27.639,iiRZaWQIvC5xvvvCnkbs,1,1
60a9455edf704176d918fbaa,60a9455edf704176d918fbaa_1777665441806,one_vial_alternating,0,25,XBGq8RdHt8haXfkyLuMN,1624269,1,2026-05-01 20:29:32.102,xYuU7lsYw6Fg38Bq0tq8,1,1
60a9455edf704176d918fbaa,60a9455edf704176d918fbaa_1777665441806,one_vial_alternating,0,26,XBGq8RdHt8haXfkyLuMN,1644304,1,2026-05-01 20:29:33.917,q6sCZCaOYPR9i1InmXXC,1,1
60a9455edf704176d918fbaa,60a9455edf704176d918fbaa_1777665441806,one_vial_alternating,0,27,XBGq8RdHt8haXfkyLuMN,1664344,1,2026-05-01 20:29:35.387,lA3fESEEcGQ3MF5491xY,1,1
60a9455edf704176d918fbaa,60a9455edf704176d918fbaa_1777665441806,one_vial_alternating,0,28,XBGq8RdHt8haXfkyLuMN,1684388,1,2026-05-01 20:29:37.619,OclzPZR44VPEkB9LPOcS,1,1
60a9455edf704176d918fbaa,60a9455edf704176d918fbaa_1777665441806,one_vial_alternating,0,29,XBGq8RdHt8haXfkyLuMN,1704440,0,2026-05-01 20:29:40.517,XA7PSbJ00wM8v5COcNTT,1,1
60a9455edf704176d918fbaa,60a9455edf704176d918fbaa_1777665441806,one_vial_alternating,0,30,XBGq8RdHt8haXfkyLuMN,1724488,1,2026-05-01 20:29:49.849,TyroxeIoM8uaAZaWXU2i,1,1
60a9455edf704176d918fbaa,60a9455edf704176d918fbaa_1777665441806,one_vial_alternating,0,31,XBGq8RdHt8haXfkyLuMN,1744535,2,2026-05-01 20:29:52.037,DZrz7V8czupqe3QiM4k9,1,1
60a9455edf704176d918fbaa,60a9455edf704176d918fbaa_1777665441806,one_vial_alternating,0,32,XBGq8RdHt8haXfkyLuMN,1764562,1,2026-05-01 20:29:54.930,sFxNFcSGNlBzmSuP5UV0,1,1
60a9455edf704176d918fbaa,60a9455edf704176d918fbaa_1777665441806,one_vial_alternating,0,33,H6kr0MVjGofdx1dCR4x4,1784632,1,2026-05-01 20:29:56.596,xJmNbnzoU5cdLuHA8a4m,1,1
60a9455edf704176d918fbaa,60a9455edf704176d918fbaa_1777665441806,one_vial_alternating,0,34,98mkpzWMuh8lZk4oMgiy,1804667,1,2026-05-01 20:29:59.481,lsUDYE4bc2GMsxO00YYe,1,1
60a9455edf704176d918fbaa,60a9455edf704176d918fbaa_1777665441806,one_vial_alternating,0,35,f5wTocM811JWnqpEeFNf,1824717,0,2026-05-01 20:30:15.811,izASFUOkpQmWnEAQ1yw1,1,1
60a9455edf704176d918fbaa,60a9455edf704176d918fbaa_1777665441806,one_vial_alternating,0,36,ARUOcAXGzcLeF6UWiAeZ,1844774,0,2026-05-01 20:30:35.862,ECctmjmzXs6ZMSdwurUN,1,1
615a047f08d2a62e66315a7d,615a047f08d2a62e66315a7d_1777666107576,one_vial_alternating,1,1,,671950,2,2026-05-01 20:19:37.204,UktrIgeavYQDnYex3lak,1,1
615a047f08d2a62e66315a7d,615a047f08d2a62e66315a7d_1777666107576,one_vial_alternating,1,2,E9h7bZEzqqSYt247AfUc,686930,1,2026-05-01 20:19:52.184,hnmV6KSXm7fJsWvCUwzG,1,1
615a047f08d2a62e66315a7d,615a047f08d2a62e66315a7d_1777666107576,one_vial_alternating,1,3,vAijFbLDfUht37mAL1tc,701997,2,2026-05-01 20:20:07.327,bQqnJaULQwhiKINp6CIE,1,1
615a047f08d2a62e66315a7d,615a047f08d2a62e66315a7d_1777666107576,one_vial_alternating,1,4,Tlmj3BzV5Gg9oDCAcKLl,717045,1,2026-05-01 20:20:22.298,Qit7gwpBoCMXkLSQMGFs,1,1
615a047f08d2a62e66315a7d,615a047f08d2a62e66315a7d_1777666107576,one_vial_alternating,1,5,lwv0Z48lR5gOKZtfYptH,732083,1,2026-05-01 20:20:37.333,zjr1sHSPYQmPs7j7L7Gd,1,1
615a047f08d2a62e66315a7d,615a047f08d2a62e66315a7d_1777666107576,one_vial_alternating,1,6,jNyqYYPhIL0BBBAX0MeN,747117,1,2026-05-01 20:20:52.364,vYzSm2b4gwaIYsjuN93c,1,1
615a047f08d2a62e66315a7d,615a047f08d2a62e66315a7d_1777666107576,one_vial_alternating,1,7,7Q8KfItREUp2BUrh3s9Q,762159,0,2026-05-01 20:21:07.400,EUT3h6RSNNa6YgaqSY8N,1,1
615a047f08d2a62e66315a7d,615a047f08d2a62e66315a7d_1777666107576,one_vial_alternating,1,8,PczDi27QqNnkEMCjqk0n,777199,0,2026-05-01 20:21:22.476,5FbJ9Y6CaYfOr1JWwWjC,1,1
615a047f08d2a62e66315a7d,615a047f08d2a62e66315a7d_1777666107576,one_vial_alternating,1,9,wZmYQr6Y2goYDKBFPJm9,792240,2,2026-05-01 20:21:37.502,AGbWapyoLt3Mtr9VGs6t,1,1
615a047f08d2a62e66315a7d,615a047f08d2a62e66315a7d_1777666107576,one_vial_alternating,1,10,3x7S32qidtxvMVMiZz4x,807293,1,2026-05-01 20:21:52.572,AztySbxhztHjQR9eTQBt,1,1
615a047f08d2a62e66315a7d,615a047f08d2a62e66315a7d_1777666107576,one_vial_alternating,0,1,YrDKs87W9d1gKgz1Zdq4,958044,1,2026-05-01 20:24:24.111,CUqn72PPUiZUGkp1rlCb,1,1
615a047f08d2a62e66315a7d,615a047f08d2a62e66315a7d_1777666107576,one_vial_alternating,0,2,RAbcRWymCiIZDje8V4vG,977985,1,2026-05-01 20:24:43.241,VBnztA2KUT6uzrA3Kc4u,1,1
615a047f08d2a62e66315a7d,615a047f08d2a62e66315a7d_1777666107576,one_vial_alternating,0,3,ZteRiWWJPNHgzrWT1ldk,998025,1,2026-05-01 20:25:03.266,3xHybArOQN9gyzTpvjfR,1,1
615a047f08d2a62e66315a7d,615a047f08d2a62e66315a7d_1777666107576,one_vial_alternating,0,4,MJGla1Ymj4uBGmKUnJfG,1018066,1,2026-05-01 20:25:23.323,cQv8W5yMiCKzkIoLHz3s,1,1
615a047f08d2a62e66315a7d,615a047f08d2a62e66315a7d_1777666107576,one_vial_alternating,0,5,rIHiHB92BhfkgPHKiw3X,1038099,1,2026-05-01 20:25:43.350,r4VPs2ZOyLw2aIz9oLbJ,1,1
615a047f08d2a62e66315a7d,615a047f08d2a62e66315a7d_1777666107576,one_vial_alternating,0,6,Mpm8X01gdKqqaT5ofS5u,1058144,1,2026-05-01 20:26:03.398,GrLmAiPUlZRDokQGyqQI,1,1
615a047f08d2a62e66315a7d,615a047f08d2a62e66315a7d_1777666107576,one_vial_alternating,0,7,um4cNQrAo3LDKsOrBhYC,1078175,0,2026-05-01 20:26:23.509,RhEhBKDBlMO8ZkVcuIoh,1,1
615a047f08d2a62e66315a7d,615a047f08d2a62e66315a7d_1777666107576,one_vial_alternating,0,8,T5ZyGehKxdq9dbEAdHFJ,1098211,1,2026-05-01 20:26:43.570,ZPmw5TMCylMWMsq7ivXU,1,1
615a047f08d2a62e66315a7d,615a047f08d2a62e66315a7d_1777666107576,one_vial_alternating,0,9,tFuJMSg0tkwX3VigHf9F,1118250,1,2026-05-01 20:27:03.506,faaYaPozXUgL5kSawoIz,1,1
615a047f08d2a62e66315a7d,615a047f08d2a62e66315a7d_1777666107576,one_vial_alternating,0,10,3XodcTQAZjRgpdpvdnI4,1138278,0,2026-05-01 20:27:23.530,18LxK2Rc9gxrZRb3FKYT,1,1
615a047f08d2a62e66315a7d,615a047f08d2a62e66315a7d_1777666107576,one_vial_alternating,0,11,kECHsZqVKloZTGRb3jz7,1158322,1,2026-05-01 20:27:43.569,dF8kIHcbzlSWwg1TPncd,1,1
615a047f08d2a62e66315a7d,615a047f08d2a62e66315a7d_1777666107576,one_vial_alternating,0,12,D0cLhhRmi1aW5kTKpCB5,1178354,1,2026-05-01 20:28:03.610,eLPAjukJQx0hvasljOAl,1,1
615a047f08d2a62e66315a7d,615a047f08d2a62e66315a7d_1777666107576,one_vial_alternating,0,13,El68UAAltqmQ6B4hPR6k,1198402,1,2026-05-01 20:28:23.661,0IxTI7dxBHKpQmWv8dtr,1,1
615a047f08d2a62e66315a7d,615a047f08d2a62e66315a7d_1777666107576,one_vial_alternating,0,14,1faru8yFaM6AH2HJxSht,1218439,1,2026-05-01 20:28:43.913,hD7ycbsgeqPHLNXtptbq,1,1
615a047f08d2a62e66315a7d,615a047f08d2a62e66315a7d_1777666107576,one_vial_alternating,0,15,dEwQnkh1WRGtJVckm7qs,1238495,1,2026-05-01 20:29:03.754,lJQvwCFvUhzffxx7Q90O,1,1
615a047f08d2a62e66315a7d,615a047f08d2a62e66315a7d_1777666107576,one_vial_alternating,0,16,kpUsKuau6L6nv9T9Jrlg,1258537,1,2026-05-01 20:29:23.796,YKiXIE5wcnaoo8maQWep,1,1
615a047f08d2a62e66315a7d,615a047f08d2a62e66315a7d_1777666107576,one_vial_alternating,0,17,UelUY9WLqlgAa9dl7cdV,1278570,1,2026-05-01 20:29:43.897,OLDCzfQXUYyGjhZlP5gk,1,1
615a047f08d2a62e66315a7d,615a047f08d2a62e66315a7d_1777666107576,one_vial_alternating,0,18,CYxAspMJ8QiXVG6Hg1uJ,1298598,0,2026-05-01 20:30:03.867,AwYeRGfuHcMIf2txH9RT,1,1
615a047f08d2a62e66315a7d,615a047f08d2a62e66315a7d_1777666107576,one_vial_alternating,0,19,ac2gwgtAIBmnEQSzyTIr,1318644,1,2026-05-01 20:30:23.888,Dbfqr2PP6zwPO8V2xdQq,1,1
615a047f08d2a62e66315a7d,615a047f08d2a62e66315a7d_1777666107576,one_vial_alternating,0,20,kIzViDwd5g9dE4CTWshq,1338677,1,2026-05-01 20:30:44.075,FaFHHsJC7w9uwY50RojC,1,1
615a047f08d2a62e66315a7d,615a047f08d2a62e66315a7d_1777666107576,one_vial_alternating,0,21,n6aH4UekhimrgyAtB2Rj,1358708,1,2026-05-01 20:31:03.970,SC4R6chXcOoTf886qRz8,1,1
615a047f08d2a62e66315a7d,615a047f08d2a62e66315a7d_1777666107576,one_vial_alternating,0,22,Lr0CE3IEcaKEhFlhAmW5,1378747,1,2026-05-01 20:31:24.025,hrCt8mfJxun47BCWprqO,1,1
615a047f08d2a62e66315a7d,615a047f08d2a62e66315a7d_1777666107576,one_vial_alternating,0,23,5ZuKGF7c5BZfLAaq1fKf,1398807,1,2026-05-01 20:31:44.078,wcUOLkBiXgo05i630y1h,1,1
615a047f08d2a62e66315a7d,615a047f08d2a62e66315a7d_1777666107576,one_vial_alternating,0,24,zh5jWgh1w5KUlq75lF8D,1418844,1,2026-05-01 20:32:04.109,sJofORs7Qo3swSDrONAu,1,1
615a047f08d2a62e66315a7d,615a047f08d2a62e66315a7d_1777666107576,one_vial_alternating,0,25,XtVmEvcKHcck7fUagnuh,1438870,1,2026-05-01 20:32:24.185,SVvSwnNrLsGW4f8RANDq,1,1
615a047f08d2a62e66315a7d,615a047f08d2a62e66315a7d_1777666107576,one_vial_alternating,0,26,lQPzbQWFYLYVe2EMrat2,1458910,1,2026-05-01 20:32:44.183,C0ERSapr3SAfcsj50sT9,1,1
615a047f08d2a62e66315a7d,615a047f08d2a62e66315a7d_1777666107576,one_vial_alternating,0,27,wd8y88IUEW7iMad9bq9B,1478936,1,2026-05-01 20:33:04.223,Yu6poud8IgsLlh6CiRfQ,1,1
615a047f08d2a62e66315a7d,615a047f08d2a62e66315a7d_1777666107576,one_vial_alternating,0,28,ybOQBLT0Jt54GYsyxv8c,1498980,0,2026-05-01 20:33:24.364,fNRBMsFncYglQwBoDput,1,1
615a047f08d2a62e66315a7d,615a047f08d2a62e66315a7d_1777666107576,one_vial_alternating,0,29,Fz9pXGxz6OYoUL1sXOW6,1519026,1,2026-05-01 20:33:44.287,dYpsmcV2wSEhcJfXdWUS,1,1
615a047f08d2a62e66315a7d,615a047f08d2a62e66315a7d_1777666107576,one_vial_alternating,0,30,Mt1PqHLbx78mZCp5xoFP,1539070,1,2026-05-01 20:34:04.327,pAyuJKMTvqksNCcDOxzB,1,1
615a047f08d2a62e66315a7d,615a047f08d2a62e66315a7d_1777666107576,one_vial_alternating,0,31,MG1iMyGgn6LAA7dVlcet,1559112,1,2026-05-01 20:34:24.356,5bywTeOHLUrFroKA27hw,1,1
615a047f08d2a62e66315a7d,615a047f08d2a62e66315a7d_1777666107576,one_vial_alternating,0,32,LJWFjEv6wKHeMXVavqZR,1579157,0,2026-05-01 20:34:44.423,HNYxO7jHg682TxtbDFaV,1,1
615a047f08d2a62e66315a7d,615a047f08d2a62e66315a7d_1777666107576,one_vial_alternating,0,33,AqPx8t2wFSE9FVLKFutb,1599205,1,2026-05-01 20:35:04.513,SBhO6Wa0BesacL17Gfi8,1,1
615a047f08d2a62e66315a7d,615a047f08d2a62e66315a7d_1777666107576,one_vial_alternating,0,34,ME9tql2zVpIa4efTZXlZ,1619241,0,2026-05-01 20:35:24.497,lF83FR1JmkVE5BBL98rC,1,1
615a047f08d2a62e66315a7d,615a047f08d2a62e66315a7d_1777666107576,one_vial_alternating,0,35,uALJ6dVSW8VIhzrYqJI1,1639274,0,2026-05-01 20:35:44.533,OFRo6pSLJjMHDfgiZyXF,1,1
615a047f08d2a62e66315a7d,615a047f08d2a62e66315a7d_1777666107576,one_vial_alternating,0,36,EWX5I7USr9ouTpgnKNyQ,1659311,1,2026-05-01 20:36:04.670,qqac6lp8MGdY8KujLtOm,1,1
64b545f4a6685316298c3785,64b545f4a6685316298c3785_1777664690886,one_vial_alternating,1,1,,984753,0,2026-05-01 20:01:15.864,ibrlwTScsfoWoE36ZfFT,1,1
64b545f4a6685316298c3785,64b545f4a6685316298c3785_1777664690886,one_vial_alternating,1,2,C3j0I9rixp08SEcRHWcx,999687,0,2026-05-01 20:01:30.777,ZsIRBKYdzIFFT2LWkIZP,1,1
64b545f4a6685316298c3785,64b545f4a6685316298c3785_1777664690886,one_vial_alternating,1,3,GL7KbxnlDiqwOVHDaJkR,1014726,1,2026-05-01 20:01:45.832,MckIMhUnj1BBAHWrW1Su,1,1
64b545f4a6685316298c3785,64b545f4a6685316298c3785_1777664690886,one_vial_alternating,1,4,RBINRGdyfKewfOdz6lqu,1029766,0,2026-05-01 20:02:00.878,AXgYDtVUORPvhjF5Fbku,1,1
64b545f4a6685316298c3785,64b545f4a6685316298c3785_1777664690886,one_vial_alternating,1,5,N35CQ13ZtjAe03ygAqsD,1044784,1,2026-05-01 20:02:15.884,WNCcSD0Mn6IyBwLImavC,1,1
64b545f4a6685316298c3785,64b545f4a6685316298c3785_1777664690886,one_vial_alternating,1,6,x4iq7UBZEu3zsFoijHUJ,1059822,1,2026-05-01 20:02:30.928,odudku5Njt7WpP8ye4fS,1,1
64b545f4a6685316298c3785,64b545f4a6685316298c3785_1777664690886,one_vial_alternating,1,7,6lTyIqnesDlUvs1CLmqg,1074845,1,2026-05-01 20:02:45.957,rWWaamWQOZvMukbxqbpp,1,1
64b545f4a6685316298c3785,64b545f4a6685316298c3785_1777664690886,one_vial_alternating,1,8,CL3JnDJsPf1BtHfGNoVR,1089869,1,2026-05-01 20:03:00.986,WFvtqnLCeW4qEklxjEnj,1,1
64b545f4a6685316298c3785,64b545f4a6685316298c3785_1777664690886,one_vial_alternating,1,9,CTmx31vujHOUqeBgNtZX,1104922,0,2026-05-01 20:03:16.072,sgjKQIK1pOCzgjaPseft,1,1
64b545f4a6685316298c3785,64b545f4a6685316298c3785_1777664690886,one_vial_alternating,1,10,5dEbbt3KPKIeQVRfzO3r,1119961,0,2026-05-01 20:03:31.071,kM4uiJprYEP3dQRhUMtS,1,1
64b545f4a6685316298c3785,64b545f4a6685316298c3785_1777664690886,one_vial_alternating,0,1,5PI9hof4Zq2MqtUvk1ia,1171752,0,2026-05-01 20:04:22.882,TrrULv4kDwzewEoIhPSS,1,1
64b545f4a6685316298c3785,64b545f4a6685316298c3785_1777664690886,one_vial_alternating,0,2,Yi8dFWwgTVYmThjzpTte,1191685,1,2026-05-01 20:04:42.808,il0eL02BnjXJCMJ6rSXc,1,1
64b545f4a6685316298c3785,64b545f4a6685316298c3785_1777664690886,one_vial_alternating,0,3,VSjLgBo6NlpE5iWIcBrl,1211727,0,2026-05-01 20:05:02.834,qRX0FijIfep71e23Lgbq,1,1
64b545f4a6685316298c3785,64b545f4a6685316298c3785_1777664690886,one_vial_alternating,0,4,eu9S4sE913bt2HpmUuns,1231744,0,2026-05-01 20:05:22.854,FaDiwoNXihtkGLGcZirf,1,1
64b545f4a6685316298c3785,64b545f4a6685316298c3785_1777664690886,one_vial_alternating,0,5,10uDS1haTXThLzmtYzZu,1251775,0,2026-05-01 20:05:42.894,tvBRE4FeyRuskpV2UTb2,1,1
64b545f4a6685316298c3785,64b545f4a6685316298c3785_1777664690886,one_vial_alternating,0,6,3i1DYNKBh5gEAWSLfHMf,1271805,0,2026-05-01 20:06:02.932,GYKfTOMnmV2X9pejrxLz,1,1
64b545f4a6685316298c3785,64b545f4a6685316298c3785_1777664690886,one_vial_alternating,0,7,nDTUIyx1xMVbiUiauecS,1291828,1,2026-05-01 20:06:22.919,KiHmYt5uPkIPBA4EJtiL,1,1
64b545f4a6685316298c3785,64b545f4a6685316298c3785_1777664690886,one_vial_alternating,0,8,fhXBcx9SvDYMMFKuyjkG,1311839,1,2026-05-01 20:06:42.959,RfRsJGsmjHziH4usezNo,1,1
64b545f4a6685316298c3785,64b545f4a6685316298c3785_1777664690886,one_vial_alternating,0,9,WBOW5jpycdYMGedXgnI5,1331889,0,2026-05-01 20:07:02.990,fpTBfBiF1YlD6LpeR0fP,1,1
64b545f4a6685316298c3785,64b545f4a6685316298c3785_1777664690886,one_vial_alternating,0,10,0wCgqdtCwG3bDW8ZN8M9,1351917,1,2026-05-01 20:07:23.012,HcGlbTuirJYUC033htMt,1,1
64b545f4a6685316298c3785,64b545f4a6685316298c3785_1777664690886,one_vial_alternating,0,11,DuQ46U9ezY2cIkuT3771,1371964,1,2026-05-01 20:07:43.079,Q1sqy8SHdZebNCnZWnWj,1,1
64b545f4a6685316298c3785,64b545f4a6685316298c3785_1777664690886,one_vial_alternating,0,12,mqQcNWAjD8Yrxqzl28H1,1391995,0,2026-05-01 20:08:03.111,ocpk2rnngDEtTEY5HoOY,1,1
64b545f4a6685316298c3785,64b545f4a6685316298c3785_1777664690886,one_vial_alternating,0,13,CWYtBzR9D9wglaTu1pAA,1412007,1,2026-05-01 20:08:23.191,y1T4b1FXjUMZDVvLyNk0,1,1
64b545f4a6685316298c3785,64b545f4a6685316298c3785_1777664690886,one_vial_alternating,0,14,tASIyPZJlmTuee1JqmkN,1432047,1,2026-05-01 20:08:43.167,NVhwPRN09LKzPcAvNfke,1,1
64b545f4a6685316298c3785,64b545f4a6685316298c3785_1777664690886,one_vial_alternating,0,15,8iBuuNjiVQHgWQycWo4m,1452081,0,2026-05-01 20:09:03.282,wUVEq8j9jSSuyzHrheNK,1,1
64b545f4a6685316298c3785,64b545f4a6685316298c3785_1777664690886,one_vial_alternating,0,16,8iIGTZFkYUOjeGfZUUaK,1472100,1,2026-05-01 20:09:23.246,bYPVA5Gjxi3vysmgfEMX,1,1
64b545f4a6685316298c3785,64b545f4a6685316298c3785_1777664690886,one_vial_alternating,0,17,RQANx5IP37yfii6josWr,1492128,1,2026-05-01 20:09:43.380,Bhhts6gRO3a5vwhYjKMk,1,1
64b545f4a6685316298c3785,64b545f4a6685316298c3785_1777664690886,one_vial_alternating,0,18,u3V62jQWcAfNGtx04gQ2,1512168,0,2026-05-01 20:10:03.275,CpjI5pQpA3ylUbihyERR,1,1
64b545f4a6685316298c3785,64b545f4a6685316298c3785_1777664690886,one_vial_alternating,0,19,qYLhM11noA8PKi08NxVa,1532185,1,2026-05-01 20:10:23.295,KQQ3h0PUziKffKp9PRUK,1,1
64b545f4a6685316298c3785,64b545f4a6685316298c3785_1777664690886,one_vial_alternating,0,20,39lHgGTiDmuUNT2FMClu,1552204,1,2026-05-01 20:10:43.425,DLIdN7qZ7YqjEb8XCDse,1,1
64b545f4a6685316298c3785,64b545f4a6685316298c3785_1777664690886,one_vial_alternating,0,21,XSh1MkYjFrt6hUkpzxbJ,1572236,0,2026-05-01 20:11:03.359,JmT7Jecuved6g8G7IZEi,1,1
64b545f4a6685316298c3785,64b545f4a6685316298c3785_1777664690886,one_vial_alternating,0,22,kOOFUNLPaYSWRmp3ZdxA,1592250,1,2026-05-01 20:11:23.430,e0hN77gmy9gjDL6YnOhP,1,1
64b545f4a6685316298c3785,64b545f4a6685316298c3785_1777664690886,one_vial_alternating,0,23,w5Sp9CysUIzSRKKHkQA7,1612291,1,2026-05-01 20:11:43.385,emK8M6v0UXeaIKvUySsP,1,1
64b545f4a6685316298c3785,64b545f4a6685316298c3785_1777664690886,one_vial_alternating,0,24,wR59wrpjdxqGGBuFfX2d,1632335,1,2026-05-01 20:12:03.441,2J17N9dPHwkColtiOvfU,1,1
64b545f4a6685316298c3785,64b545f4a6685316298c3785_1777664690886,one_vial_alternating,0,25,PIqd7c7KxQRnjTlFhUQV,1652370,1,2026-05-01 20:12:23.472,Oo9TTlv5zGum7J2fDTWT,1,1
64b545f4a6685316298c3785,64b545f4a6685316298c3785_1777664690886,one_vial_alternating,0,26,2K583IX3fw253ySyGNiQ,1672395,1,2026-05-01 20:12:43.494,0hKaKELudIOS37p2qdrw,1,1
64b545f4a6685316298c3785,64b545f4a6685316298c3785_1777664690886,one_vial_alternating,0,27,hv7VpX6gNUEsjocn3KrM,1692429,0,2026-05-01 20:13:03.538,zNVmxuuLRDODx8SnRgg2,1,1
64b545f4a6685316298c3785,64b545f4a6685316298c3785_1777664690886,one_vial_alternating,0,28,2q6xrzlrCy7ebg4IdiFz,1712454,0,2026-05-01 20:13:23.570,pQE3d71NNc24EYeYbS51,1,1
64b545f4a6685316298c3785,64b545f4a6685316298c3785_1777664690886,one_vial_alternating,0,29,M26YbmJuwux7XtwRBnK4,1732499,0,2026-05-01 20:13:43.618,BcIxJgVXeSb41d1UXGjB,1,1
64b545f4a6685316298c3785,64b545f4a6685316298c3785_1777664690886,one_vial_alternating,0,30,nHZFhwFZ6UQy3ebsWVtC,1752535,0,2026-05-01 20:14:03.643,9GZjrUQ2rC0u9yW1yYiV,1,1
64b545f4a6685316298c3785,64b545f4a6685316298c3785_1777664690886,one_vial_alternating,0,31,TMGO0HLCUI6syVrZdou8,1772561,0,2026-05-01 20:14:23.673,2DpG3nKQV2p9kXUt7npK,1,1
64b545f4a6685316298c3785,64b545f4a6685316298c3785_1777664690886,one_vial_alternating,0,32,Kj0pkd5hJ81Is4hYUTgB,1792582,0,2026-05-01 20:14:43.692,7IQCrfZf6r5hsLZufTrE,1,1
64b545f4a6685316298c3785,64b545f4a6685316298c3785_1777664690886,one_vial_alternating,0,33,We4EwJgWhXmUVmZixfdw,1812634,0,2026-05-01 20:15:03.755,X0Tg4ntBpcG46IeknS9R,1,1
64b545f4a6685316298c3785,64b545f4a6685316298c3785_1777664690886,one_vial_alternating,0,34,DevIT57em6ka3s24BtW8,1832669,1,2026-05-01 20:15:23.779,0kfQrw1Qx5Y1Y3OeBTYZ,1,1
64b545f4a6685316298c3785,64b545f4a6685316298c3785_1777664690886,one_vial_alternating,0,35,niJFWqe3fHZcY7pS2j5A,1852706,1,2026-05-01 20:15:43.817,0hU0qifZPloQkIOC8K1g,1,1
64b545f4a6685316298c3785,64b545f4a6685316298c3785_1777664690886,one_vial_alternating,0,36,0DVtXLD5UNL2KfKhymy4,1872750,1,2026-05-01 20:16:03.885,dfIdTZ6sxCgfyGnNbxnl,1,1
6694154a46060b3c49b2d6fd,6694154a46060b3c49b2d6fd_1777664726674,one_vial_alternating,1,1,,362527,0,2026-05-01 19:51:29.293,7pxhNYWQF5uDBZ9aKALP,1,1
6694154a46060b3c49b2d6fd,6694154a46060b3c49b2d6fd_1777664726674,one_vial_alternating,1,2,QOptYpJR7kQoQPcg9nar,377454,0,2026-05-01 19:51:44.229,5cgWL1seESszxuFEaETr,1,1
6694154a46060b3c49b2d6fd,6694154a46060b3c49b2d6fd_1777664726674,one_vial_alternating,1,3,zAqdw581bR73wUe6DR5M,392462,0,2026-05-01 19:51:59.257,hRk96yMy2eOV8vFtvMtz,1,1
6694154a46060b3c49b2d6fd,6694154a46060b3c49b2d6fd_1777664726674,one_vial_alternating,1,4,YGHX4PTrUMml2lROuvFW,407472,1,2026-05-01 19:52:14.270,fMLjRLwLPKf9h2lwm5yQ,1,1
6694154a46060b3c49b2d6fd,6694154a46060b3c49b2d6fd_1777664726674,one_vial_alternating,1,5,2FX0HQvnRZWu8WDwv2ud,422487,1,2026-05-01 19:52:29.285,ZeMLxiqGQNslFLkCkIzx,1,1
6694154a46060b3c49b2d6fd,6694154a46060b3c49b2d6fd_1777664726674,one_vial_alternating,1,6,IwHwjEJ8isIhLiF2wwKT,437498,1,2026-05-01 19:52:44.301,9tzjKL4vdFdBzM0sVxKo,1,1
6694154a46060b3c49b2d6fd,6694154a46060b3c49b2d6fd_1777664726674,one_vial_alternating,1,7,8nQTuLlpix87DOsE67ez,452512,1,2026-05-01 19:52:59.307,1RItopEE7HNoDBRQtBhM,1,1
6694154a46060b3c49b2d6fd,6694154a46060b3c49b2d6fd_1777664726674,one_vial_alternating,1,8,qSY4RUgCPrHWjk0XZBcG,467526,1,2026-05-01 19:53:14.331,rtfvLQLgym78IxmlWCzP,1,1
6694154a46060b3c49b2d6fd,6694154a46060b3c49b2d6fd_1777664726674,one_vial_alternating,1,9,WooMu7rVA08d1USObF61,482540,1,2026-05-01 19:53:29.351,bmEuM9jSmLQOhMAZjlBd,1,1
6694154a46060b3c49b2d6fd,6694154a46060b3c49b2d6fd_1777664726674,one_vial_alternating,1,10,Nbi6BPEHdW9GZTvvo7gk,497554,1,2026-05-01 19:53:44.322,serGnIrj68VEdLA5GuHO,1,1
6694154a46060b3c49b2d6fd,6694154a46060b3c49b2d6fd_1777664726674,one_vial_alternating,0,1,vWaAQCNpzsecs7XtaXHm,527132,1,2026-05-01 19:54:13.901,u5gnaNuFNp4hUpOXlHba,1,1
6694154a46060b3c49b2d6fd,6694154a46060b3c49b2d6fd_1777664726674,one_vial_alternating,0,2,Aqc44uIv8WzA8w9BdGV6,547044,1,2026-05-01 19:54:33.914,7PBT23gX3cUreOvcWfv4,1,1
6694154a46060b3c49b2d6fd,6694154a46060b3c49b2d6fd_1777664726674,one_vial_alternating,0,3,auu5cYg7yUGm4epa9eKh,567057,1,2026-05-01 19:54:53.843,C13BhcQYM0ZAknmmRPhi,1,1
6694154a46060b3c49b2d6fd,6694154a46060b3c49b2d6fd_1777664726674,one_vial_alternating,0,4,XcwydPNGTORSEbomYxo7,587071,1,2026-05-01 19:55:13.855,OgLI5f7bC7ZlqARffTJX,1,1
6694154a46060b3c49b2d6fd,6694154a46060b3c49b2d6fd_1777664726674,one_vial_alternating,0,5,skqxMssGx9C1gr1dIZ06,607084,1,2026-05-01 19:55:33.877,Tl7p0PErm99CXHZfYGXT,1,1
6694154a46060b3c49b2d6fd,6694154a46060b3c49b2d6fd_1777664726674,one_vial_alternating,0,6,p8VrYv8JWImF2kBvtIuc,627098,1,2026-05-01 19:55:53.870,cXuRIeO4l3E41Hu8pC1p,1,1
6694154a46060b3c49b2d6fd,6694154a46060b3c49b2d6fd_1777664726674,one_vial_alternating,0,7,Aple8y4nr3tp3NVuIDdZ,647112,1,2026-05-01 19:56:13.894,E9xIzH7Mp20m4sGBm6Ph,1,1
6694154a46060b3c49b2d6fd,6694154a46060b3c49b2d6fd_1777664726674,one_vial_alternating,0,8,3Z5s4h2aDvTzMrTSSIWW,667126,1,2026-05-01 19:56:33.905,8ecLoSEPpAkPkLn114SL,1,1
6694154a46060b3c49b2d6fd,6694154a46060b3c49b2d6fd_1777664726674,one_vial_alternating,0,9,ZQ2ER1eGbRh2vWcbkQH3,687137,0,2026-05-01 19:56:53.914,kGqTpLyGILf82DwHcbDu,1,1
6694154a46060b3c49b2d6fd,6694154a46060b3c49b2d6fd_1777664726674,one_vial_alternating,0,10,vJmiaXZy765YxhE5uIaD,707150,1,2026-05-01 19:57:13.923,BxaIIjAMXW7ecvGESc6W,1,1
6694154a46060b3c49b2d6fd,6694154a46060b3c49b2d6fd_1777664726674,one_vial_alternating,0,11,SOnKxecfHAWfXAPdZDr6,727164,1,2026-05-01 19:57:33.943,WldIIySjGBtuCTNFaz41,1,1
6694154a46060b3c49b2d6fd,6694154a46060b3c49b2d6fd_1777664726674,one_vial_alternating,0,12,9k5TmaWHQkQpvI51ppth,747177,0,2026-05-01 19:57:53.964,pm8GFgXvnIjq1I7GbaHe,1,1
6694154a46060b3c49b2d6fd,6694154a46060b3c49b2d6fd_1777664726674,one_vial_alternating,0,13,pauu3KgwsFDqKEmnajPu,767192,1,2026-05-01 19:58:13.962,baDKkqJFZRPpMQA4n7M2,1,1
6694154a46060b3c49b2d6fd,6694154a46060b3c49b2d6fd_1777664726674,one_vial_alternating,0,14,vXYAh22927qPwHS5qAnv,787205,0,2026-05-01 19:58:34.009,L61gNUZrRgvRAklR6rTE,1,1
6694154a46060b3c49b2d6fd,6694154a46060b3c49b2d6fd_1777664726674,one_vial_alternating,0,15,KMHh0lw7wXsaw7YmIumO,807217,1,2026-05-01 19:58:53.994,HokVasTQR8ifhJlV4kAe,1,1
6694154a46060b3c49b2d6fd,6694154a46060b3c49b2d6fd_1777664726674,one_vial_alternating,0,16,O8fowZ0TlUDtkNp5S8rV,827230,1,2026-05-01 19:59:14.004,8UwMRhYzqGADw0AU96hf,1,1
6694154a46060b3c49b2d6fd,6694154a46060b3c49b2d6fd_1777664726674,one_vial_alternating,0,17,iyS1uatCmuhwsHAZnzeQ,847245,1,2026-05-01 19:59:34.015,bvetskV6x5HEfjb28L19,1,1
6694154a46060b3c49b2d6fd,6694154a46060b3c49b2d6fd_1777664726674,one_vial_alternating,0,18,qyGWYaFT1lckv1D3u28V,867259,1,2026-05-01 19:59:54.053,HCMiVQ3KAsLJ6xUA6Bnv,1,1
6694154a46060b3c49b2d6fd,6694154a46060b3c49b2d6fd_1777664726674,one_vial_alternating,0,19,gfWrGEeuWUUhzh4AMc5x,887273,0,2026-05-01 20:00:14.085,gMSmM2wM3c4xqJGlJ5sP,1,1
6694154a46060b3c49b2d6fd,6694154a46060b3c49b2d6fd_1777664726674,one_vial_alternating,0,20,cs5a5yVwpfpnQYagsUcF,907286,0,2026-05-01 20:00:34.076,xD3BIIIt9GtzNuBb7teZ,1,1
6694154a46060b3c49b2d6fd,6694154a46060b3c49b2d6fd_1777664726674,one_vial_alternating,0,21,0RMy0yITvjPxp0jn6Bs1,927295,0,2026-05-01 20:00:54.082,Am0ulByu2u1quiRUCdE9,1,1
6694154a46060b3c49b2d6fd,6694154a46060b3c49b2d6fd_1777664726674,one_vial_alternating,0,22,J0D7kWRDXNCZYNuh4U64,947308,1,2026-05-01 20:01:14.108,FTeCWzurrJVy3MsUmARz,1,1
6694154a46060b3c49b2d6fd,6694154a46060b3c49b2d6fd_1777664726674,one_vial_alternating,0,23,InWjvyCpBjunf7XHd25l,967323,1,2026-05-01 20:01:34.098,lueUQDY9ssYScHqptJSX,1,1
6694154a46060b3c49b2d6fd,6694154a46060b3c49b2d6fd_1777664726674,one_vial_alternating,0,24,K6q7YoKq0O0L5bScz225,987337,1,2026-05-01 20:01:54.133,u17kXU30LszMgnXzBIad,1,1
6694154a46060b3c49b2d6fd,6694154a46060b3c49b2d6fd_1777664726674,one_vial_alternating,0,25,wP6z0vlAc2I5OsXaEMAx,1007348,0,2026-05-01 20:02:14.136,4GIpPyKN2YQIutEimDFi,1,1
6694154a46060b3c49b2d6fd,6694154a46060b3c49b2d6fd_1777664726674,one_vial_alternating,0,26,ZxbukWkFBBLZyFshk9VB,1027359,1,2026-05-01 20:02:34.151,9C6M4tYmD2wnUpJhLXCr,1,1
6694154a46060b3c49b2d6fd,6694154a46060b3c49b2d6fd_1777664726674,one_vial_alternating,0,27,3XnhFwbCk91fKRfERxXD,1047372,1,2026-05-01 20:02:54.146,FragjiSCAPj1JR8lQ4zS,1,1
6694154a46060b3c49b2d6fd,6694154a46060b3c49b2d6fd_1777664726674,one_vial_alternating,0,28,9z6OvCAwVZVFxam7GekA,1067386,1,2026-05-01 20:03:14.169,tBVsNCTD46jnLzh9hTRK,1,1
6694154a46060b3c49b2d6fd,6694154a46060b3c49b2d6fd_1777664726674,one_vial_alternating,0,29,Kiwf3pO9oakNlyXrGe9f,1087398,1,2026-05-01 20:03:34.169,upI9L4XBZkEDltzjINo9,1,1
6694154a46060b3c49b2d6fd,6694154a46060b3c49b2d6fd_1777664726674,one_vial_alternating,0,30,qkh3bZCyvKI5l8t1SeIL,1107413,1,2026-05-01 20:03:54.215,utvybFdnfnhL25gtaMrb,1,1
6694154a46060b3c49b2d6fd,6694154a46060b3c49b2d6fd_1777664726674,one_vial_alternating,0,31,gVfaiXVYUEwyO9jVkLqX,1127428,1,2026-05-01 20:04:14.238,Nixw63L8kDEhCDpWADL0,1,1
6694154a46060b3c49b2d6fd,6694154a46060b3c49b2d6fd_1777664726674,one_vial_alternating,0,32,sM9MItKMpA5rcf2HG3dq,1147444,1,2026-05-01 20:04:34.237,QWGSwcMl6mJH9fdxCPMB,1,1
6694154a46060b3c49b2d6fd,6694154a46060b3c49b2d6fd_1777664726674,one_vial_alternating,0,33,t2Imd9xpmZQBy5AnQHNT,1167457,0,2026-05-01 20:04:54.251,awtKGhSTljsRvDPNr94m,1,1
6694154a46060b3c49b2d6fd,6694154a46060b3c49b2d6fd_1777664726674,one_vial_alternating,0,34,wEvm1sqSJkQglZUNeHIR,1187469,1,2026-05-01 20:05:14.264,6aVbVAhQYmogkg3IoxZC,1,1
6694154a46060b3c49b2d6fd,6694154a46060b3c49b2d6fd_1777664726674,one_vial_alternating,0,35,n5Z5cSSHvUrfKlzitBbK,1207480,0,2026-05-01 20:05:34.268,bz4i4HitQhEMD4K4wtqS,1,1
6694154a46060b3c49b2d6fd,6694154a46060b3c49b2d6fd_1777664726674,one_vial_alternating,0,36,B9yDuRW9xncjQSQZmbjZ,1227493,0,2026-05-01 20:05:54.265,IYf2RnWEyUZ6Px5ajfoZ,1,1
66ad659998ae847f0eb8d209,66ad659998ae847f0eb8d209_1777665698051,one_vial_alternating,1,1,,562037,0,2026-05-01 20:10:58.973,0gy732iOUtE1ISAJu7V1,1,1
66ad659998ae847f0eb8d209,66ad659998ae847f0eb8d209_1777665698051,one_vial_alternating,1,2,Dk6Tdn4utSXJYAX1qoKS,577006,0,2026-05-01 20:11:13.895,M5LHbbC5OnLC5exrbxqS,1,1
66ad659998ae847f0eb8d209,66ad659998ae847f0eb8d209_1777665698051,one_vial_alternating,1,3,n4Z2QFKREJXXMna30VRc,592050,0,2026-05-01 20:11:28.931,bzKRgYipAw00lYVWMI2v,1,1
66ad659998ae847f0eb8d209,66ad659998ae847f0eb8d209_1777665698051,one_vial_alternating,1,4,rT8bgUEughY7QEaZtJIJ,607116,0,2026-05-01 20:11:43.991,sEEv2pTZgKrZFayL2xq8,1,1
66ad659998ae847f0eb8d209,66ad659998ae847f0eb8d209_1777665698051,one_vial_alternating,1,5,ImfogNzubcmczdJ6mfOn,622154,0,2026-05-01 20:11:59.043,8jhqwx7geRssSDIHzBVg,1,1
66ad659998ae847f0eb8d209,66ad659998ae847f0eb8d209_1777665698051,one_vial_alternating,1,6,Rbl8f0RQhcx1jE48GL3K,637194,0,2026-05-01 20:12:14.076,zQS2Ud4AaYJA9rxqIxYB,1,1
66ad659998ae847f0eb8d209,66ad659998ae847f0eb8d209_1777665698051,one_vial_alternating,1,7,8l7MPxojxfQsuiA5WvvA,652223,0,2026-05-01 20:12:29.107,hexKOCxLC4Kjo0xM2tR4,1,1
66ad659998ae847f0eb8d209,66ad659998ae847f0eb8d209_1777665698051,one_vial_alternating,1,8,BXUvEjLIk2HFUABZpXrr,667285,1,2026-05-01 20:12:44.184,b2rq3jz21ybXBbnRv31h,1,1
66ad659998ae847f0eb8d209,66ad659998ae847f0eb8d209_1777665698051,one_vial_alternating,1,9,rVC7JmhfNCEEOrW63HJ1,682312,0,2026-05-01 20:12:59.228,n0YEXkM0EJMHJ6hVklDI,1,1
66ad659998ae847f0eb8d209,66ad659998ae847f0eb8d209_1777665698051,one_vial_alternating,1,10,THiaU8cg1CJppoZiMrih,697349,0,2026-05-01 20:13:14.241,YwESLglDrjPiFqfq3cHv,1,1
66ad659998ae847f0eb8d209,66ad659998ae847f0eb8d209_1777665698051,one_vial_alternating,0,1,zpWaZxav1OEoVcThCOJm,747468,0,2026-05-01 20:14:04.362,gWArFDVK1h1s0F28WI90,1,1
66ad659998ae847f0eb8d209,66ad659998ae847f0eb8d209_1777665698051,one_vial_alternating,0,2,4Je8eIJcf6hXkVKuO6g0,767411,0,2026-05-01 20:14:24.297,1nePawrImZFTn7YXxr6x,1,1
66ad659998ae847f0eb8d209,66ad659998ae847f0eb8d209_1777665698051,one_vial_alternating,0,3,ilmR4hl8SEPZFPAWcZil,787444,0,2026-05-01 20:14:44.342,A0rDMbigVZPftHq751rv,1,1
66ad659998ae847f0eb8d209,66ad659998ae847f0eb8d209_1777665698051,one_vial_alternating,0,4,reqQlwA1j5rhInZT92Hh,807479,0,2026-05-01 20:15:04.424,O40c0mYkVJ1Ep28EbIpk,1,1
66ad659998ae847f0eb8d209,66ad659998ae847f0eb8d209_1777665698051,one_vial_alternating,0,5,tTRO07orZ9jZ8Bb29TOF,827514,1,2026-05-01 20:15:24.399,QkpuA1HCibgGBBrSKm37,1,1
66ad659998ae847f0eb8d209,66ad659998ae847f0eb8d209_1777665698051,one_vial_alternating,0,6,zg8hlQijXXLkYFpbud1j,847550,0,2026-05-01 20:15:44.429,dEuvyknNfdkeIea1rFTv,1,1
66ad659998ae847f0eb8d209,66ad659998ae847f0eb8d209_1777665698051,one_vial_alternating,0,7,VAgHQFBHMT93bgAIarLo,867600,1,2026-05-01 20:16:04.495,OxRdpFjY5FcR4rha4Gdc,1,1
66ad659998ae847f0eb8d209,66ad659998ae847f0eb8d209_1777665698051,one_vial_alternating,0,8,mnVEujG3e6FDDiGXYP56,887716,1,2026-05-01 20:16:24.603,Iw6bJC171xvTPf4wsGI1,1,1
66ad659998ae847f0eb8d209,66ad659998ae847f0eb8d209_1777665698051,one_vial_alternating,0,9,siULV5fIrml8kqTnL23z,907841,0,2026-05-01 20:16:44.728,35dbfP8pK4NkPOpr7BwQ,1,1
66ad659998ae847f0eb8d209,66ad659998ae847f0eb8d209_1777665698051,one_vial_alternating,0,10,EbuXO8GsjYRRUAZoRs4X,927941,0,2026-05-01 20:17:04.834,kfmIb62yRLQFhN26hmCs,1,1
66ad659998ae847f0eb8d209,66ad659998ae847f0eb8d209_1777665698051,one_vial_alternating,0,11,J0rr2iWyILfuGeWEWq2r,948059,1,2026-05-01 20:17:24.924,lpoxbGCg9c7uCwGTl2Aa,1,1
66ad659998ae847f0eb8d209,66ad659998ae847f0eb8d209_1777665698051,one_vial_alternating,0,12,Craj28eYhaTew3nnEJWf,968181,0,2026-05-01 20:17:45.055,JNHC5AL5afZ8Jj7if2vQ,1,1
66ad659998ae847f0eb8d209,66ad659998ae847f0eb8d209_1777665698051,one_vial_alternating,0,13,hu7UhBrwgdIl1Hmq3UHg,988295,2,2026-05-01 20:18:05.183,zGlRWF8Vi5Dn6PSKEjli,1,1
66ad659998ae847f0eb8d209,66ad659998ae847f0eb8d209_1777665698051,one_vial_alternating,0,14,RNlPd2svoNSI7cSTXgkz,1008419,0,2026-05-01 20:18:25.296,sFSa6wZHJhKDZAQFhNrb,1,1
66ad659998ae847f0eb8d209,66ad659998ae847f0eb8d209_1777665698051,one_vial_alternating,0,15,SXklm34O8Qr5wl055EMe,1028550,1,2026-05-01 20:18:45.417,NyCJcWKxSIE6pNLoR8dv,1,1
66ad659998ae847f0eb8d209,66ad659998ae847f0eb8d209_1777665698051,one_vial_alternating,0,16,j3ZheHydcZSAxzIqKCr8,1048664,0,2026-05-01 20:19:05.533,FEYjXGKAbjg3sJZayZ5N,1,1
66ad659998ae847f0eb8d209,66ad659998ae847f0eb8d209_1777665698051,one_vial_alternating,0,17,XGPoWyPWxlG5vewSXUV0,1068777,1,2026-05-01 20:19:25.636,8HzqqbpI8ecSUd4vULVf,1,1
66ad659998ae847f0eb8d209,66ad659998ae847f0eb8d209_1777665698051,one_vial_alternating,0,18,sQgKF2cHyguMZMTDJAr3,1088908,2,2026-05-01 20:19:45.770,1mhdyMGzA0PfrkRB5uc6,1,1
66ad659998ae847f0eb8d209,66ad659998ae847f0eb8d209_1777665698051,one_vial_alternating,0,19,JX1aYt8As96SZW9f4FpT,1109048,0,2026-05-01 20:20:05.917,W5Zx6r9cIWgJtfPr2v4c,1,1
66ad659998ae847f0eb8d209,66ad659998ae847f0eb8d209_1777665698051,one_vial_alternating,0,20,1j8w4OY31ORxdcyZqbDP,1129156,0,2026-05-01 20:20:26.019,xMdb1KsKJZZJl3oPqbws,1,1
66ad659998ae847f0eb8d209,66ad659998ae847f0eb8d209_1777665698051,one_vial_alternating,0,21,Zu9eXK1AGjwuuI1fflFs,1149294,1,2026-05-01 20:20:46.170,vUmRUpqOkve7vsS8w8WF,1,1
66ad659998ae847f0eb8d209,66ad659998ae847f0eb8d209_1777665698051,one_vial_alternating,0,22,9AzHhh0GdszWeJUhXJT6,1169334,1,2026-05-01 20:21:06.248,OR6AXCrwxYaomkdRtuvi,1,1
66ad659998ae847f0eb8d209,66ad659998ae847f0eb8d209_1777665698051,one_vial_alternating,0,23,3yoTCDG9ukbNnocCI72i,1189378,0,2026-05-01 20:21:26.238,qPJ3tsuiYpFO6oBOya6n,1,1
66ad659998ae847f0eb8d209,66ad659998ae847f0eb8d209_1777665698051,one_vial_alternating,0,24,M9XfNnIBbW5IhHXvKNNo,1209414,0,2026-05-01 20:21:46.284,CcSBVMcg9PQS8C9kWk5I,1,1
66ad659998ae847f0eb8d209,66ad659998ae847f0eb8d209_1777665698051,one_vial_alternating,0,25,jqLVV1J06B63BsjuGWrG,1229441,0,2026-05-01 20:22:06.502,5X6gVbGNOV0yUXKjpI1d,1,1
66ad659998ae847f0eb8d209,66ad659998ae847f0eb8d209_1777665698051,one_vial_alternating,0,26,A7WKXhMaW2EHIXaAYqAA,1249475,0,2026-05-01 20:22:26.326,falHL4q4rMV3eIavEivz,1,1
66ad659998ae847f0eb8d209,66ad659998ae847f0eb8d209_1777665698051,one_vial_alternating,0,27,vrxNChge3sd5s2MvvHrM,1269516,1,2026-05-01 20:22:46.385,SjPCMYGCVrcGWnkymyQx,1,1
66ad659998ae847f0eb8d209,66ad659998ae847f0eb8d209_1777665698051,one_vial_alternating,0,28,EiOSkTtcNMgClW9JnwjB,1289539,0,2026-05-01 20:23:06.418,csFvBTCTxrJZX0aB0kZO,1,1
66ad659998ae847f0eb8d209,66ad659998ae847f0eb8d209_1777665698051,one_vial_alternating,0,29,buTrt19hU7I1Y1XOKn1E,1309576,1,2026-05-01 20:23:26.686,hQAANTIEtUw9Jg3vcVAW,1,1
66ad659998ae847f0eb8d209,66ad659998ae847f0eb8d209_1777665698051,one_vial_alternating,0,30,jxapYfDIYFQkNDip7oeM,1329625,1,2026-05-01 20:23:46.498,1nbQgZuXzLFxDm2pgUWW,1,1
66ad659998ae847f0eb8d209,66ad659998ae847f0eb8d209_1777665698051,one_vial_alternating,0,31,a5HVvXCBSqzg9dxQv2yR,1349678,0,2026-05-01 20:24:06.541,ox3eY53udEVfGiI5HjfL,1,1
66ad659998ae847f0eb8d209,66ad659998ae847f0eb8d209_1777665698051,one_vial_alternating,0,32,aLbqOazaXSlZtRK76V4z,1369805,0,2026-05-01 20:24:26.651,xSuQWJSyzvxLC4ehVlfX,1,1
66ad659998ae847f0eb8d209,66ad659998ae847f0eb8d209_1777665698051,one_vial_alternating,0,33,rkdjwacrnJLCSmzhuzyO,1389925,0,2026-05-01 20:24:46.778,Ldtw6ic9stmN4TES1deG,1,1
66ad659998ae847f0eb8d209,66ad659998ae847f0eb8d209_1777665698051,one_vial_alternating,0,34,8o9WAsyLrbDI3iEY2Thf,1410029,0,2026-05-01 20:25:06.892,TyGSctivu5K2QwpgW2dh,1,1
66ad659998ae847f0eb8d209,66ad659998ae847f0eb8d209_1777665698051,one_vial_alternating,0,35,zeI6o6XTBU9EfX8n5XSP,1430127,0,2026-05-01 20:25:26.992,DYOoXah1pc3E4wyfMowU,1,1
66ad659998ae847f0eb8d209,66ad659998ae847f0eb8d209_1777665698051,one_vial_alternating,0,36,z7EOeFNn5l2ayhmOa1Qi,1450249,0,2026-05-01 20:25:47.116,7DWLDndxPVS9edIDQBYU,1,1
66c20c5d7fb5c5aced53c5f3,66c20c5d7fb5c5aced53c5f3_1777665711377,one_vial_alternating,1,1,,476477,0,2026-05-01 20:09:47.413,Bz5EMu3WCXao0h8BA896,1,1
66c20c5d7fb5c5aced53c5f3,66c20c5d7fb5c5aced53c5f3_1777665711377,one_vial_alternating,1,2,VmVfQC6gJMqolzYvCfOz,491404,0,2026-05-01 20:10:02.357,H7sL918pPfd7FftTMw68,1,1
66c20c5d7fb5c5aced53c5f3,66c20c5d7fb5c5aced53c5f3_1777665711377,one_vial_alternating,1,3,1gmvl1W7IagyFruZkdXX,506426,0,2026-05-01 20:10:17.368,fw8EHzgdT0ZBro5aemvK,1,1
66c20c5d7fb5c5aced53c5f3,66c20c5d7fb5c5aced53c5f3_1777665711377,one_vial_alternating,1,4,PMamZoNwFaRJgIx0rvBL,521440,1,2026-05-01 20:10:32.384,1I9zLdMTtzIGjdYjFQIO,1,1
66c20c5d7fb5c5aced53c5f3,66c20c5d7fb5c5aced53c5f3_1777665711377,one_vial_alternating,1,5,tz4utUwmkU0FzBJUOQ9U,536467,0,2026-05-01 20:10:47.415,XYmLicnKqZGWzUFar8lv,1,1
66c20c5d7fb5c5aced53c5f3,66c20c5d7fb5c5aced53c5f3_1777665711377,one_vial_alternating,1,6,XfwjHFMaj5WMnuLlkGFy,551490,0,2026-05-01 20:11:02.461,bvSS4JHK3rSLkWREp1iQ,1,1
66c20c5d7fb5c5aced53c5f3,66c20c5d7fb5c5aced53c5f3_1777665711377,one_vial_alternating,1,7,g95hJ4MGvLzuuQWA295X,566514,0,2026-05-01 20:11:17.505,5r93qItjKAD5kxC81tNS,1,1
66c20c5d7fb5c5aced53c5f3,66c20c5d7fb5c5aced53c5f3_1777665711377,one_vial_alternating,1,8,xk0V64QGCgv3leAS9nfo,581546,0,2026-05-01 20:11:32.497,UuNW2dIi7XTLDPHmBwY6,1,1
66c20c5d7fb5c5aced53c5f3,66c20c5d7fb5c5aced53c5f3_1777665711377,one_vial_alternating,1,9,XZ8yu3krabzQz1uWP0zm,596558,0,2026-05-01 20:11:47.493,fAA36PNmlNKco6WnZdbJ,1,1
66c20c5d7fb5c5aced53c5f3,66c20c5d7fb5c5aced53c5f3_1777665711377,one_vial_alternating,1,10,vpqQ6Tl55iBoSBXyUqWq,611591,1,2026-05-01 20:12:02.552,qkIj4B8KJcq6hI6NqbjJ,1,1
66c20c5d7fb5c5aced53c5f3,66c20c5d7fb5c5aced53c5f3_1777665711377,one_vial_alternating,0,1,3eXoVZW5yGTzNYOVKwDW,662219,1,2026-05-01 20:12:53.173,kuYIUFVJzm4uoG1Q1qcb,1,1
66c20c5d7fb5c5aced53c5f3,66c20c5d7fb5c5aced53c5f3_1777665711377,one_vial_alternating,0,2,zezVu8VFMeRbUmGsrQHF,682121,0,2026-05-01 20:13:13.071,2UsdGq9BM31q3H2YIoLU,1,1
66c20c5d7fb5c5aced53c5f3,66c20c5d7fb5c5aced53c5f3_1777665711377,one_vial_alternating,0,3,SrMOoCOsQrLEomI7GIbm,702131,0,2026-05-01 20:13:33.068,MenxyieFLX8uYvOPGOCT,1,1
66c20c5d7fb5c5aced53c5f3,66c20c5d7fb5c5aced53c5f3_1777665711377,one_vial_alternating,0,4,rdAZGGRLyFkRGS8IYyFc,722148,0,2026-05-01 20:13:53.093,kdGmUG9mHBAW63NVdo4b,1,1
66c20c5d7fb5c5aced53c5f3,66c20c5d7fb5c5aced53c5f3_1777665711377,one_vial_alternating,0,5,w8jb6QrGWMqJSG4gcin4,742168,0,2026-05-01 20:14:13.113,xGOh9lo3kspTwKi70phF,1,1
66c20c5d7fb5c5aced53c5f3,66c20c5d7fb5c5aced53c5f3_1777665711377,one_vial_alternating,0,6,E44ptre8fpuQRZwetW6H,762202,1,2026-05-01 20:14:33.147,A3jOWQJHqVmGmJr9d9Lm,1,1
66c20c5d7fb5c5aced53c5f3,66c20c5d7fb5c5aced53c5f3_1777665711377,one_vial_alternating,0,7,Yr5gNprlCMgCuIf1Z5oy,782231,0,2026-05-01 20:14:53.177,HuTmAVve4B9o1k4W21Sx,1,1
66c20c5d7fb5c5aced53c5f3,66c20c5d7fb5c5aced53c5f3_1777665711377,one_vial_alternating,0,8,Wx6yays3XvujFltCiUZd,802263,0,2026-05-01 20:15:13.212,5g18R3YIELNRq9MxXA5n,1,1
66c20c5d7fb5c5aced53c5f3,66c20c5d7fb5c5aced53c5f3_1777665711377,one_vial_alternating,0,9,P5jR1cTEPuH0xtNOZ6xw,822294,1,2026-05-01 20:15:33.263,QtPDBjsspMpLYNneYD78,1,1
66c20c5d7fb5c5aced53c5f3,66c20c5d7fb5c5aced53c5f3_1777665711377,one_vial_alternating,0,10,gmXfTPPb2pbgFAbptXBe,842316,0,2026-05-01 20:15:53.264,xtRjhvsuyKyDH6iSjcn6,1,1
66c20c5d7fb5c5aced53c5f3,66c20c5d7fb5c5aced53c5f3_1777665711377,one_vial_alternating,0,11,ValHoZPkTlTwaz6hCnM3,862331,0,2026-05-01 20:16:13.278,ryBzyyofbAFQBCj3xjt1,1,1
66c20c5d7fb5c5aced53c5f3,66c20c5d7fb5c5aced53c5f3_1777665711377,one_vial_alternating,0,12,2qINnyNsIZmlroca3GKg,882353,0,2026-05-01 20:16:33.298,OiMEA54GwaFjBldO60ds,1,1
66c20c5d7fb5c5aced53c5f3,66c20c5d7fb5c5aced53c5f3_1777665711377,one_vial_alternating,0,13,O7OpmB4mctUrE4bTIXye,902384,0,2026-05-01 20:16:53.330,26UEWqAKv0nyhAAmvKbW,1,1
66c20c5d7fb5c5aced53c5f3,66c20c5d7fb5c5aced53c5f3_1777665711377,one_vial_alternating,0,14,bgw5xTF8XldaZCmIPpTR,922405,0,2026-05-01 20:17:13.352,6EAhWkS6C3AOr950nza6,1,1
66c20c5d7fb5c5aced53c5f3,66c20c5d7fb5c5aced53c5f3_1777665711377,one_vial_alternating,0,15,JjdA78sjEJSlImbvdQB2,942419,0,2026-05-01 20:17:33.370,6cV1CaPytsclFDVI7hJ6,1,1
66c20c5d7fb5c5aced53c5f3,66c20c5d7fb5c5aced53c5f3_1777665711377,one_vial_alternating,0,16,8mnoEqWJwKVyosyAN7Vx,962434,1,2026-05-01 20:17:53.388,jOVUD3Rp19aEoe4h9Voz,1,1
66c20c5d7fb5c5aced53c5f3,66c20c5d7fb5c5aced53c5f3_1777665711377,one_vial_alternating,0,17,IXzUQSRftwuXYx8iIrJh,982449,0,2026-05-01 20:18:13.391,Hoa3gYDpwszXQbqeJiNQ,1,1
66c20c5d7fb5c5aced53c5f3,66c20c5d7fb5c5aced53c5f3_1777665711377,one_vial_alternating,0,18,RbIMkyQ2UOW8RnWwjcTU,1002464,0,2026-05-01 20:18:33.399,DbjIVXYnH4SeSxT3E8uN,1,1
66c20c5d7fb5c5aced53c5f3,66c20c5d7fb5c5aced53c5f3_1777665711377,one_vial_alternating,0,19,lTHc9TSKyg5WzHrahBFv,1022478,0,2026-05-01 20:18:53.435,uvHMAy83SHvbWn6HIF6S,1,1
66c20c5d7fb5c5aced53c5f3,66c20c5d7fb5c5aced53c5f3_1777665711377,one_vial_alternating,0,20,jz2IJF3hs6Qv8bQKZdzd,1042496,1,2026-05-01 20:19:13.442,antsTsxWsXfYFCKWZnAm,1,1
66c20c5d7fb5c5aced53c5f3,66c20c5d7fb5c5aced53c5f3_1777665711377,one_vial_alternating,0,21,0p2KrIA8MfZo81RU5RKi,1062522,1,2026-05-01 20:19:33.458,vGFaglSIf0pDdJm2EYy0,1,1
66c20c5d7fb5c5aced53c5f3,66c20c5d7fb5c5aced53c5f3_1777665711377,one_vial_alternating,0,22,XhlBvK6N1eg1ASWSst0k,1082544,0,2026-05-01 20:19:53.489,nEFcHMvHVtMjNA56M3Qv,1,1
66c20c5d7fb5c5aced53c5f3,66c20c5d7fb5c5aced53c5f3_1777665711377,one_vial_alternating,0,23,n87RqHThHqFSU9w814ej,1102565,1,2026-05-01 20:20:13.506,f6LxJD8gOWpcuzfvZ7HH,1,1
66c20c5d7fb5c5aced53c5f3,66c20c5d7fb5c5aced53c5f3_1777665711377,one_vial_alternating,0,24,tpH6ZE46PUTiKlJfIrvb,1122575,0,2026-05-01 20:20:33.535,qryP0329EyDHBsAiBvuU,1,1
66c20c5d7fb5c5aced53c5f3,66c20c5d7fb5c5aced53c5f3_1777665711377,one_vial_alternating,0,25,OZM5WZc4fhlv2D0QAUrd,1142593,0,2026-05-01 20:20:53.543,bEYrDARyfLUlBzKl1sm3,1,1
66c20c5d7fb5c5aced53c5f3,66c20c5d7fb5c5aced53c5f3_1777665711377,one_vial_alternating,0,26,plB7r9dhmu5JmJqSmPwK,1162607,0,2026-05-01 20:21:13.545,cTb7kuiT1nPSrLnUQCSa,1,1
66c20c5d7fb5c5aced53c5f3,66c20c5d7fb5c5aced53c5f3_1777665711377,one_vial_alternating,0,27,dklMqQd7e2E9k2D1IF9G,1182627,0,2026-05-01 20:21:33.563,PgS5aWgiGnb1cIEosN22,1,1
66c20c5d7fb5c5aced53c5f3,66c20c5d7fb5c5aced53c5f3_1777665711377,one_vial_alternating,0,28,wcla7na94vpX2Mgxx1wA,1202652,0,2026-05-01 20:21:53.597,Y0X3egIXIhzpgkTqGl8C,1,1
66c20c5d7fb5c5aced53c5f3,66c20c5d7fb5c5aced53c5f3_1777665711377,one_vial_alternating,0,29,TAtwxQlUpIWDEELelwc7,1222669,0,2026-05-01 20:22:13.614,PIOiLRrPh9FU3U1EaP0b,1,1
66c20c5d7fb5c5aced53c5f3,66c20c5d7fb5c5aced53c5f3_1777665711377,one_vial_alternating,0,30,V4z1C4OezgQ52mwiGB5C,1242701,0,2026-05-01 20:22:33.658,uPzWJRelqPlve4iJOiAQ,1,1
66c20c5d7fb5c5aced53c5f3,66c20c5d7fb5c5aced53c5f3_1777665711377,one_vial_alternating,0,31,OmDnOkGjMs2OhvXscNcU,1262722,0,2026-05-01 20:22:53.670,WpjR3bB5WGlXx3R6lM5n,1,1
66c20c5d7fb5c5aced53c5f3,66c20c5d7fb5c5aced53c5f3_1777665711377,one_vial_alternating,0,32,3Ympk017vbiEclOPzems,1282748,0,2026-05-01 20:23:13.712,Raf028KvlIMRoc9JbXtE,1,1
66c20c5d7fb5c5aced53c5f3,66c20c5d7fb5c5aced53c5f3_1777665711377,one_vial_alternating,0,33,qqcSwbVYaxZC0UcyHSen,1302770,0,2026-05-01 20:23:33.719,XgnDBFVDCBnvo6Spigv3,1,1
66c20c5d7fb5c5aced53c5f3,66c20c5d7fb5c5aced53c5f3_1777665711377,one_vial_alternating,0,34,2FpoXob2aqSdCz8L6omm,1322787,0,2026-05-01 20:23:53.740,FdfBBU9sezoQJ2cLQsIS,1,1
66c20c5d7fb5c5aced53c5f3,66c20c5d7fb5c5aced53c5f3_1777665711377,one_vial_alternating,0,35,7Z4z21ZqgWO0HtdG9dTm,1342812,0,2026-05-01 20:24:13.761,gX9Brh9pe2TQ3uPRAsIf,1,1
66c20c5d7fb5c5aced53c5f3,66c20c5d7fb5c5aced53c5f3_1777665711377,one_vial_alternating,0,36,IgzmpnasPHvVJJxvUJkt,1362836,0,2026-05-01 20:24:33.785,puM6BemLnnGpLOWFgj1m,1,1
67ab1e994f1e4d7f398f8172,67ab1e994f1e4d7f398f8172_1777666925306,one_vial_alternating,1,1,,1736812,0,2026-05-01 20:51:03.332,0Ak1P0NUxSOTHwophG50,1,1
67ab1e994f1e4d7f398f8172,67ab1e994f1e4d7f398f8172_1777666925306,one_vial_alternating,0,2,WGH2AqIjUBAQHs7JLmh3,1746150,2,2026-05-01 20:51:11.726,Bp1ef3LDOns3U1xWjoRI,1,1
67ab1e994f1e4d7f398f8172,67ab1e994f1e4d7f398f8172_1777666925306,one_vial_alternating,0,3,FjgVW0pmAWP9jjY0GLRm,1754915,1,2026-05-01 20:51:20.497,YwLtT0zGBeWBYpqRKlqM,1,1
67ab1e994f1e4d7f398f8172,67ab1e994f1e4d7f398f8172_1777666925306,one_vial_alternating,0,4,cJwgXUmFmyZge9JyJfzO,1763278,1,2026-05-01 20:51:28.835,7gkLhFDYEzNHfjoJV9Re,1,1
67ab1e994f1e4d7f398f8172,67ab1e994f1e4d7f398f8172_1777666925306,one_vial_alternating,0,5,IkoW7JIttuIJHp2lJ9y2,1772029,1,2026-05-01 20:51:37.585,OqD0B8lfeTGe8AZcp4Ne,1,1
67ab1e994f1e4d7f398f8172,67ab1e994f1e4d7f398f8172_1777666925306,one_vial_alternating,0,6,y4uECvKhyE6c0swkSCGP,1781402,2,2026-05-01 20:51:46.958,uoMSkNVorRupK5KHVjOW,1,1
67ab1e994f1e4d7f398f8172,67ab1e994f1e4d7f398f8172_1777666925306,one_vial_alternating,0,7,fewrJNc2dAauTMqfeIEz,1790150,1,2026-05-01 20:51:55.724,okRXc93veQ0wg0hRelsr,1,1
67ab1e994f1e4d7f398f8172,67ab1e994f1e4d7f398f8172_1777666925306,one_vial_alternating,0,8,V1KcVBl1Br80i7eEKVZI,1799508,1,2026-05-01 20:52:05.110,W1liJTjDHdUb6oq6BiHA,1,1
67ab1e994f1e4d7f398f8172,67ab1e994f1e4d7f398f8172_1777666925306,one_vial_alternating,0,9,UsclvmqLDOAqIbJ50eoV,1808426,1,2026-05-01 20:52:13.986,PluOXm3jXMjaYxi8lPOA,1,1
67ab1e994f1e4d7f398f8172,67ab1e994f1e4d7f398f8172_1777666925306,one_vial_alternating,0,10,QlSNr2jQSmQ1yOFH7mYb,1817778,3,2026-05-01 20:52:23.322,vlIhC0GnlVDMUBhwZHdt,1,1
69136beee3f6384c83a704ce,69136beee3f6384c83a704ce_1777664711297,one_vial_alternating,1,1,,423255,0,2026-05-01 19:52:14.703,pq5pCd1yPcynnHNAzSOd,1,1
69136beee3f6384c83a704ce,69136beee3f6384c83a704ce_1777664711297,one_vial_alternating,1,2,qwT91UKojaoHoiSnAVEC,438197,0,2026-05-01 19:52:29.662,4E5hce4ImqPSKMxTTqZy,1,1
69136beee3f6384c83a704ce,69136beee3f6384c83a704ce_1777664711297,one_vial_alternating,1,3,p40ZlKMtLeEnCaLa6BRE,453238,0,2026-05-01 19:52:44.708,YeD1YcNDhGHKBtY3DLQ5,1,1
69136beee3f6384c83a704ce,69136beee3f6384c83a704ce_1777664711297,one_vial_alternating,1,4,RtvUQYMx4XVtXPZEazN5,468263,0,2026-05-01 19:52:59.723,TaX3qju8dtLa87mUAUw0,1,1
69136beee3f6384c83a704ce,69136beee3f6384c83a704ce_1777664711297,one_vial_alternating,1,5,BP6B7kd5QAbq4tGPojBw,483306,1,2026-05-01 19:53:14.776,gM2cjXeVoYoJ49osdole,1,1
69136beee3f6384c83a704ce,69136beee3f6384c83a704ce_1777664711297,one_vial_alternating,1,6,dv6VujcHBq31dTS4uMlu,498347,0,2026-05-01 19:53:29.807,c5ZtYDDOnQxGr4kBxQ3g,1,1
69136beee3f6384c83a704ce,69136beee3f6384c83a704ce_1777664711297,one_vial_alternating,1,7,n2hUZ5mWaBHQ6js4lGJd,513384,0,2026-05-01 19:53:44.846,tYnHmb3VZaxoyrMDDRlq,1,1
69136beee3f6384c83a704ce,69136beee3f6384c83a704ce_1777664711297,one_vial_alternating,1,8,3sO6x0WcmLW2cP1sivur,528396,0,2026-05-01 19:53:59.848,VX4EAMQ4BSlgYPlF34HS,1,1
69136beee3f6384c83a704ce,69136beee3f6384c83a704ce_1777664711297,one_vial_alternating,1,9,t5QPMhFwZWwZ8xJiKu9d,543436,0,2026-05-01 19:54:14.905,AcBbDNZ2aPTrXxat759d,1,1
69136beee3f6384c83a704ce,69136beee3f6384c83a704ce_1777664711297,one_vial_alternating,1,10,KNiI3h4Igaloq3hQO733,558447,0,2026-05-01 19:54:29.894,FQAKYiAU7dIvn6XpSYNV,1,1
69136beee3f6384c83a704ce,69136beee3f6384c83a704ce_1777664711297,one_vial_alternating,0,1,LMoU9rxnegZ8DSH8PAys,588874,0,2026-05-01 19:55:00.344,WWt2WDP03OaDg511KicE,1,1
69136beee3f6384c83a704ce,69136beee3f6384c83a704ce_1777664711297,one_vial_alternating,0,2,mEkM86KTdFwh7IgDruyn,608808,0,2026-05-01 19:55:20.271,68pcPGYyPiHVsS2AeeiP,1,1
69136beee3f6384c83a704ce,69136beee3f6384c83a704ce_1777664711297,one_vial_alternating,0,3,wzuAGGeHgGBGlMa97wka,628841,1,2026-05-01 19:55:40.311,mlB1mJvmvRwmHMIr8ulI,1,1
69136beee3f6384c83a704ce,69136beee3f6384c83a704ce_1777664711297,one_vial_alternating,0,4,aYm1QprYmhxkxdiniML2,648878,4,2026-05-01 19:56:00.360,GSKuBPrcsyRbCFLOWk2t,1,1
69136beee3f6384c83a704ce,69136beee3f6384c83a704ce_1777664711297,one_vial_alternating,0,5,NBthm3HDSaTIduJf0AGH,668898,0,2026-05-01 19:56:20.363,ROoo8V0eBKesS0r6av7b,1,1
69136beee3f6384c83a704ce,69136beee3f6384c83a704ce_1777664711297,one_vial_alternating,0,6,QcsAtd29otZ99HnfEFoi,688938,1,2026-05-01 19:56:40.387,yRLkcy77xn02PDYt0THE,1,1
69136beee3f6384c83a704ce,69136beee3f6384c83a704ce_1777664711297,one_vial_alternating,0,7,G3nQP8eKLwJTpM8Bvw3T,708964,1,2026-05-01 19:57:00.437,nbuyWbAJRwmXObbtjqzy,1,1
69136beee3f6384c83a704ce,69136beee3f6384c83a704ce_1777664711297,one_vial_alternating,0,8,CIHkANS8Ir3Te3DlOyBW,728993,0,2026-05-01 19:57:20.453,FHzvPLIxdKN8W3r0ccGu,1,1
69136beee3f6384c83a704ce,69136beee3f6384c83a704ce_1777664711297,one_vial_alternating,0,9,bCIVTEw9aOb0pbXrIdgJ,749030,2,2026-05-01 19:57:40.493,5KfnxgzKt1yYuP8NcOKM,1,1
69136beee3f6384c83a704ce,69136beee3f6384c83a704ce_1777664711297,one_vial_alternating,0,10,YoYu20E2jdh5U66sd5jh,769068,1,2026-05-01 19:58:00.544,N3kKJ5fpkKeivj7Nr1J2,1,1
69136beee3f6384c83a704ce,69136beee3f6384c83a704ce_1777664711297,one_vial_alternating,0,11,eUDBTi7xrai3m2WqZ4lF,789104,1,2026-05-01 19:58:20.566,Y1ecawXBQxUnulq0gStw,1,1
69136beee3f6384c83a704ce,69136beee3f6384c83a704ce_1777664711297,one_vial_alternating,0,12,cOPC0nCr2yH99Whpa1oj,809133,1,2026-05-01 19:58:40.603,sEBPpxPVoOnfuoJUVOnw,1,1
69136beee3f6384c83a704ce,69136beee3f6384c83a704ce_1777664711297,one_vial_alternating,0,13,142c0FBzsowSOCq4eMcS,829166,0,2026-05-01 19:59:00.631,461QEjZi2wrXit5KqLNw,1,1
69136beee3f6384c83a704ce,69136beee3f6384c83a704ce_1777664711297,one_vial_alternating,0,14,ohXtxPM65ZEGMuiwgIkE,849201,1,2026-05-01 19:59:20.680,bVARB88xfymkgNhOj38t,1,1
69136beee3f6384c83a704ce,69136beee3f6384c83a704ce_1777664711297,one_vial_alternating,0,15,1t4i3Jze8JzjeTIBxh3A,869240,0,2026-05-01 19:59:40.778,PH5KnEapP8Uvo4eYSuqR,1,1
69136beee3f6384c83a704ce,69136beee3f6384c83a704ce_1777664711297,one_vial_alternating,0,16,CaoV8DAeIwFqub50tu8c,889257,1,2026-05-01 20:00:00.726,YfzX0AmqcYSqb9ylPezb,1,1
69136beee3f6384c83a704ce,69136beee3f6384c83a704ce_1777664711297,one_vial_alternating,0,17,vSMUJTZdDaoEP7zBQdV8,909268,1,2026-05-01 20:00:20.756,LWdglVdBkmlxaNmKjKEa,1,1
69136beee3f6384c83a704ce,69136beee3f6384c83a704ce_1777664711297,one_vial_alternating,0,18,w2PZHp9t6fA5gwnsGIbE,929284,0,2026-05-01 20:00:40.749,vXvwxGEH86XFeNEspLX8,1,1
69136beee3f6384c83a704ce,69136beee3f6384c83a704ce_1777664711297,one_vial_alternating,0,19,NF9aWFre7BIlpO58QoKB,949326,0,2026-05-01 20:01:00.794,iVb42zsCoskNVQEynxrL,1,1
69136beee3f6384c83a704ce,69136beee3f6384c83a704ce_1777664711297,one_vial_alternating,0,20,vpkaaIMog87nDYIu0JjC,969355,0,2026-05-01 20:01:20.805,pkBfsRv3GQSwTgD2gsQl,1,1
69136beee3f6384c83a704ce,69136beee3f6384c83a704ce_1777664711297,one_vial_alternating,0,21,7Djc1GowXLztDuOUoulJ,989392,0,2026-05-01 20:01:40.861,uYmrNpGspzlwywGCcXG0,1,1
69136beee3f6384c83a704ce,69136beee3f6384c83a704ce_1777664711297,one_vial_alternating,0,22,oGxOPXs4l3AOFgJXCbML,1009420,0,2026-05-01 20:02:00.889,Fpdi0JDiLVV4o5WLOuoU,1,1
69136beee3f6384c83a704ce,69136beee3f6384c83a704ce_1777664711297,one_vial_alternating,0,23,eE1gy0HUykxT5knKqSmg,1029452,1,2026-05-01 20:02:20.925,WIgtVhdMrDiCwync9fiE,1,1
69136beee3f6384c83a704ce,69136beee3f6384c83a704ce_1777664711297,one_vial_alternating,0,24,UjDNOQLKSmleMlXpbuO1,1049494,0,2026-05-01 20:02:40.955,TiXQgYKf2OAhTu1lA8Tw,1,1
69136beee3f6384c83a704ce,69136beee3f6384c83a704ce_1777664711297,one_vial_alternating,0,25,vkbtxEz1YXFEHa9wQOzl,1069512,0,2026-05-01 20:03:00.984,iGxfRb1oC3cYmq7hVsR3,1,1
69136beee3f6384c83a704ce,69136beee3f6384c83a704ce_1777664711297,one_vial_alternating,0,26,FWHwFNkBM9ug3DhWst3W,1089540,0,2026-05-01 20:03:21.028,XWlqv4oYjbqn1pV19qSI,1,1
69136beee3f6384c83a704ce,69136beee3f6384c83a704ce_1777664711297,one_vial_alternating,0,27,aeLeDYwTwUwpwXlOmJMp,1109556,0,2026-05-01 20:03:41.020,n3IyW6AUdNb9SadtnRM9,1,1
69136beee3f6384c83a704ce,69136beee3f6384c83a704ce_1777664711297,one_vial_alternating,0,28,6e2vGhZtDmVE2p9vZyl4,1129580,2,2026-05-01 20:04:01.029,GN4PwsAvRnxmibpnh4BU,1,1
69136beee3f6384c83a704ce,69136beee3f6384c83a704ce_1777664711297,one_vial_alternating,0,29,NPX8c52jPjmh6MEtFPzQ,1149604,0,2026-05-01 20:04:21.071,rbomAxJ2owhM3AodNxdu,1,1
69136beee3f6384c83a704ce,69136beee3f6384c83a704ce_1777664711297,one_vial_alternating,0,30,hnCB49W9J3Krg93I7K0L,1169647,1,2026-05-01 20:04:41.118,loTIVSLPnSpEP3Fy0E54,1,1
69136beee3f6384c83a704ce,69136beee3f6384c83a704ce_1777664711297,one_vial_alternating,0,31,lG72KAOLZl6LMW9W6SeB,1189676,0,2026-05-01 20:05:01.128,e4i8B9PN7cDO6jrwBqym,1,1
69136beee3f6384c83a704ce,69136beee3f6384c83a704ce_1777664711297,one_vial_alternating,0,32,ZThzopi7Xva9fAacS4Ot,1209698,0,2026-05-01 20:05:21.172,5Ge0t7RwZ8ULVKuBQDyl,1,1
69136beee3f6384c83a704ce,69136beee3f6384c83a704ce_1777664711297,one_vial_alternating,0,33,r5RBZ2zpB4taYVdtHJYB,1229744,1,2026-05-01 20:05:41.207,nVxhFdtm3kPIobdqxW5z,1,1
69136beee3f6384c83a704ce,69136beee3f6384c83a704ce_1777664711297,one_vial_alternating,0,34,tPjTUQdb2KYyUwWxu5P2,1249778,1,2026-05-01 20:06:01.249,wYXEDuZBNo4pXbGXyHgf,1,1
69136beee3f6384c83a704ce,69136beee3f6384c83a704ce_1777664711297,one_vial_alternating,0,35,uS5DhlmCc3C7MPJ04O8N,1269811,0,2026-05-01 20:06:21.263,8UxKL8h2zCTtPng13Zh0,1,1
69136beee3f6384c83a704ce,69136beee3f6384c83a704ce_1777664711297,one_vial_alternating,0,36,2gquADtCw8fgHIjBL2L0,1289856,1,2026-05-01 20:06:41.316,fADghDXwvuG0q1z75ghr,1,1
6925fa29548cb5452d18bdb0,6925fa29548cb5452d18bdb0_1777665188520,one_vial_alternating,1,1,,910391,0,2026-05-01 20:08:19.898,v6eHerOM4wKZXRLRVKoV,1,1
6925fa29548cb5452d18bdb0,6925fa29548cb5452d18bdb0_1777665188520,one_vial_alternating,0,2,RvRJd3ziiIwNvSUf1TXo,918964,0,2026-05-01 20:08:28.430,oFL6cU9CPNwhKSNfGdVu,1,1
6925fa29548cb5452d18bdb0,6925fa29548cb5452d18bdb0_1777665188520,one_vial_alternating,1,3,flWlpx47oN7BtRm89GID,933986,1,2026-05-01 20:08:43.457,vx8e0pQa6gscujrQrxEf,1,1
6925fa29548cb5452d18bdb0,6925fa29548cb5452d18bdb0_1777665188520,one_vial_alternating,1,4,uifmr28B4XA5xFNZmFni,949004,1,2026-05-01 20:08:58.487,KOiu3SASSOGE3c4RwxQk,1,1
6925fa29548cb5452d18bdb0,6925fa29548cb5452d18bdb0_1777665188520,one_vial_alternating,1,5,N5pg2pRI8f8ZDkq69Wbc,964021,0,2026-05-01 20:09:13.509,rcRypw99QHWqRLmRnXuL,1,1
6925fa29548cb5452d18bdb0,6925fa29548cb5452d18bdb0_1777665188520,one_vial_alternating,1,6,SQUoLrV2PBwxWWZhazPA,979043,1,2026-05-01 20:09:28.524,iTEO7vyaBcWzmKXHK5MX,1,1
6925fa29548cb5452d18bdb0,6925fa29548cb5452d18bdb0_1777665188520,one_vial_alternating,1,7,uFnFK5EhNhWT1fryfBEA,994059,1,2026-05-01 20:09:43.542,is0xGvl0u6g9jOhZ6K3L,1,1
6925fa29548cb5452d18bdb0,6925fa29548cb5452d18bdb0_1777665188520,one_vial_alternating,1,8,DCFn0jyZKEvfVlDAGo3O,1009074,0,2026-05-01 20:09:58.635,4qzmHXii6hiA7si1kUUG,1,1
6925fa29548cb5452d18bdb0,6925fa29548cb5452d18bdb0_1777665188520,one_vial_alternating,1,9,tIZ8AOpWy7RrqLaYHfpe,1024093,0,2026-05-01 20:10:13.580,UeZwzrXnORJtQDNkUMde,1,1
6925fa29548cb5452d18bdb0,6925fa29548cb5452d18bdb0_1777665188520,one_vial_alternating,1,10,n8qxWvLQS2vBoQhiFidc,1039115,1,2026-05-01 20:10:28.599,sBvANj4blgdChJM8kHQ8,1,1
6925fa29548cb5452d18bdb0,6925fa29548cb5452d18bdb0_1777665188520,one_vial_alternating,0,1,kRLomn2GKA2OL6GChU3Q,1097691,0,2026-05-01 20:11:27.165,zrTR0zD485E7WgRQ2kL7,1,1
6925fa29548cb5452d18bdb0,6925fa29548cb5452d18bdb0_1777665188520,one_vial_alternating,0,2,G5IlRj9pJEMp9OXEnk10,1117594,0,2026-05-01 20:11:47.067,JNDpBrzOypnUqfQobf8m,1,1
6925fa29548cb5452d18bdb0,6925fa29548cb5452d18bdb0_1777665188520,one_vial_alternating,0,3,1iEBHq2Qb31aVX5AkoKT,1137617,1,2026-05-01 20:12:07.090,tg18OebadwAHmZiKKZXM,1,1
6925fa29548cb5452d18bdb0,6925fa29548cb5452d18bdb0_1777665188520,one_vial_alternating,0,4,VTYmxc7cBElykM47amxI,1157639,0,2026-05-01 20:12:27.117,TCayXYtj5g29l914wFM8,1,1
6925fa29548cb5452d18bdb0,6925fa29548cb5452d18bdb0_1777665188520,one_vial_alternating,0,5,6XAEwdXCxNVDCSxYMVLZ,1177649,1,2026-05-01 20:12:47.246,EhjUI9ypKFLlJ3twEupn,1,1
6925fa29548cb5452d18bdb0,6925fa29548cb5452d18bdb0_1777665188520,one_vial_alternating,0,6,EDfxVaHfYUagFv4Fhv3G,1197665,0,2026-05-01 20:13:07.143,fGCJ2bIHqoPqOdhiqWkS,1,1
6925fa29548cb5452d18bdb0,6925fa29548cb5452d18bdb0_1777665188520,one_vial_alternating,0,7,HGLdTmqFjOaR2VlAeEgV,1217681,0,2026-05-01 20:13:27.150,9nGrhJrmBqJA8G0R1ijP,1,1
6925fa29548cb5452d18bdb0,6925fa29548cb5452d18bdb0_1777665188520,one_vial_alternating,0,8,01zKXXENi5ayxweUW0tu,1237695,1,2026-05-01 20:13:47.172,nnsCfvnCQUrFD574ipON,1,1
6925fa29548cb5452d18bdb0,6925fa29548cb5452d18bdb0_1777665188520,one_vial_alternating,0,9,kKcyb9BwB5HrUDEjJ4TR,1257716,0,2026-05-01 20:14:07.202,8JC64sM0tlGJNdBKE9Ea,1,1
6925fa29548cb5452d18bdb0,6925fa29548cb5452d18bdb0_1777665188520,one_vial_alternating,0,10,8zKuyyK4w2OQVjdXcZ2U,1277727,0,2026-05-01 20:14:27.213,FwEx57zrLpbD0PAnpJP6,1,1
6925fa29548cb5452d18bdb0,6925fa29548cb5452d18bdb0_1777665188520,one_vial_alternating,0,11,k7mj6I2JbIFrVcd44e1S,1297758,0,2026-05-01 20:14:47.240,3EBR23kGDdlMBq3nNELH,1,1
6925fa29548cb5452d18bdb0,6925fa29548cb5452d18bdb0_1777665188520,one_vial_alternating,0,12,XEMXXK8LRyWd7UXNkoIN,1317785,1,2026-05-01 20:15:07.286,grXUTKTA3Gnpr8mSIEbV,1,1
6925fa29548cb5452d18bdb0,6925fa29548cb5452d18bdb0_1777665188520,one_vial_alternating,0,13,J15OkOpLUlOykvjosPCl,1337809,0,2026-05-01 20:15:27.280,Ie7Uy8wEf7AXspjilFRJ,1,1
6925fa29548cb5452d18bdb0,6925fa29548cb5452d18bdb0_1777665188520,one_vial_alternating,0,14,REANDxDHC1y45pEh2qkr,1357833,0,2026-05-01 20:15:47.316,I340BXx9KhstUaT6NHOD,1,1
6925fa29548cb5452d18bdb0,6925fa29548cb5452d18bdb0_1777665188520,one_vial_alternating,0,15,RVkhPwy7A280z25LAR7q,1377851,1,2026-05-01 20:16:07.332,aqHwmEDdeOmcYQ7NAeEP,1,1
6925fa29548cb5452d18bdb0,6925fa29548cb5452d18bdb0_1777665188520,one_vial_alternating,0,16,5INMNoyqcwE3HT3m78Oo,1397880,1,2026-05-01 20:16:27.374,UC5t5Bii6vtOvNRb8BnR,1,1
6925fa29548cb5452d18bdb0,6925fa29548cb5452d18bdb0_1777665188520,one_vial_alternating,0,17,PGIcBrIEGtANQVVlDULX,1417908,0,2026-05-01 20:16:47.384,eeEGouj6ek8zx4Ms8hSW,1,1
6925fa29548cb5452d18bdb0,6925fa29548cb5452d18bdb0_1777665188520,one_vial_alternating,0,18,GGEshdo0NtLEiKljjtVD,1437928,0,2026-05-01 20:17:07.409,lCQXaeqJmqiJ5DxQFaul,1,1
6925fa29548cb5452d18bdb0,6925fa29548cb5452d18bdb0_1777665188520,one_vial_alternating,0,19,dxo6dA2tDpem2dxNM3LE,1457951,0,2026-05-01 20:17:27.431,HxO63X3UAJjcG8mnLC3y,1,1
6925fa29548cb5452d18bdb0,6925fa29548cb5452d18bdb0_1777665188520,one_vial_alternating,0,20,aW6hrCU3y5jVBxb5pTB6,1477966,0,2026-05-01 20:17:47.477,zEp5ibYIEEPeyDLqA2fc,1,1
6925fa29548cb5452d18bdb0,6925fa29548cb5452d18bdb0_1777665188520,one_vial_alternating,0,21,Jzf6pfs7IufL0El8jm0l,1497982,0,2026-05-01 20:18:07.478,e16mFhImwkND1JPNJbXG,1,1
6925fa29548cb5452d18bdb0,6925fa29548cb5452d18bdb0_1777665188520,one_vial_alternating,0,22,v0p2rIBuTZupeBJiPl1x,1517999,1,2026-05-01 20:18:27.481,O27lq4rADDSieP6nFZel,1,1
6925fa29548cb5452d18bdb0,6925fa29548cb5452d18bdb0_1777665188520,one_vial_alternating,0,23,woCCOc1voD2K6P4EFTrF,1538014,0,2026-05-01 20:18:47.486,aIdfPyVecAIk91Y2QcnJ,1,1
6925fa29548cb5452d18bdb0,6925fa29548cb5452d18bdb0_1777665188520,one_vial_alternating,0,24,dYZ1pq3kONg1wR1g3It2,1558038,1,2026-05-01 20:19:07.510,Hf3GqzVLyShZiIJ3iknI,1,1
6925fa29548cb5452d18bdb0,6925fa29548cb5452d18bdb0_1777665188520,one_vial_alternating,0,25,lTrPkleKqd5QnaUmKlcJ,1578068,1,2026-05-01 20:19:27.541,dZKB9rf7Padp7ErDQpmI,1,1
6925fa29548cb5452d18bdb0,6925fa29548cb5452d18bdb0_1777665188520,one_vial_alternating,0,26,GasCzQyUmOScbMdZXQUV,1598094,0,2026-05-01 20:19:47.579,YlcC6PXNnwnyKGdwC2dY,1,1
6925fa29548cb5452d18bdb0,6925fa29548cb5452d18bdb0_1777665188520,one_vial_alternating,0,27,KlLYnyl8k7hMnixeKcdH,1618120,1,2026-05-01 20:20:07.605,pjeG67scNYQ8AK3GK1c5,1,1
6925fa29548cb5452d18bdb0,6925fa29548cb5452d18bdb0_1777665188520,one_vial_alternating,0,28,PMcTNHWR8E5Lfysmy4l5,1638138,1,2026-05-01 20:20:27.606,iJaX8SRiaFzHptHIGMya,1,1
6925fa29548cb5452d18bdb0,6925fa29548cb5452d18bdb0_1777665188520,one_vial_alternating,0,29,EI8gmFQTkz9nHceRmbOE,1658158,1,2026-05-01 20:20:47.647,6W9QXoEjtPnYoa7DfpW2,1,1
6925fa29548cb5452d18bdb0,6925fa29548cb5452d18bdb0_1777665188520,one_vial_alternating,0,30,NdEAx2BC6ZpRks3qSIH7,1678173,0,2026-05-01 20:21:07.657,ogJoKSGqUzTkXd7lzlXc,1,1
6925fa29548cb5452d18bdb0,6925fa29548cb5452d18bdb0_1777665188520,one_vial_alternating,0,31,fMzRXGjiQQDbDK7E0Rad,1698198,0,2026-05-01 20:21:27.693,UOYH9CqF2bCYv16O8Gkr,1,1
6925fa29548cb5452d18bdb0,6925fa29548cb5452d18bdb0_1777665188520,one_vial_alternating,0,32,4QIcfMCPh5NcNBeCRpbK,1718215,0,2026-05-01 20:21:47.702,L5kfGjbAdQ3RxFLLo24Y,1,1
6925fa29548cb5452d18bdb0,6925fa29548cb5452d18bdb0_1777665188520,one_vial_alternating,0,33,L3KdsQ7E6OpJvd8AkqMC,1738224,1,2026-05-01 20:22:07.739,rVvdCz1qJMnFJlSS4LWP,1,1
6925fa29548cb5452d18bdb0,6925fa29548cb5452d18bdb0_1777665188520,one_vial_alternating,0,34,5rhKenPr1xsssPVmEuAB,1758248,0,2026-05-01 20:22:27.728,8b1GQPZRxr69lOVnDvEW,1,1
6925fa29548cb5452d18bdb0,6925fa29548cb5452d18bdb0_1777665188520,one_vial_alternating,0,35,r2kdDhUxp1clGD1tbvEp,1778265,0,2026-05-01 20:22:47.748,rA4KUCQzHoEH1rFyJP6W,1,1
6925fa29548cb5452d18bdb0,6925fa29548cb5452d18bdb0_1777665188520,one_vial_alternating,0,36,RX5VEJgHq2LKJoesPprM,1798276,1,2026-05-01 20:23:07.764,dzsyHrSPg4crRdVW02EV,1,1
6928b461f9bf86904fa8b581,6928b461f9bf86904fa8b581_1777670008810,one_vial_alternating,1,1,,969192,1,2026-05-01 21:29:38.247,Ttt8GZwxtK1GW0jVgW8i,1,1
6928b461f9bf86904fa8b581,6928b461f9bf86904fa8b581_1777670008810,one_vial_alternating,0,2,q5u78aSOCfDRJDq703ej,978389,0,2026-05-01 21:29:47.437,is5gXc3wmTjX2c5lj0X1,1,1
6928b461f9bf86904fa8b581,6928b461f9bf86904fa8b581_1777670008810,one_vial_alternating,1,3,CsmhVtJb6ce5cLI3Rw3Z,993403,0,2026-05-01 21:30:02.464,lmffmDM12VBPDdTkVaeL,1,1
6928b461f9bf86904fa8b581,6928b461f9bf86904fa8b581_1777670008810,one_vial_alternating,1,4,pEz6fqZrLaGnv0O49DPp,1008412,0,2026-05-01 21:30:17.468,GuJMU88cMv6adOBmvcTs,1,1
6928b461f9bf86904fa8b581,6928b461f9bf86904fa8b581_1777670008810,one_vial_alternating,1,5,ELlEywK4hcvIiyGjCfbF,1023425,0,2026-05-01 21:30:32.469,FYt3kvwLc42sPCLsCB3J,1,1
6928b461f9bf86904fa8b581,6928b461f9bf86904fa8b581_1777670008810,one_vial_alternating,1,6,oXI7OF9eSjazHC2IQJhL,1038436,0,2026-05-01 21:30:47.489,v648Hsugp7naZhzR2e0F,1,1
6928b461f9bf86904fa8b581,6928b461f9bf86904fa8b581_1777670008810,one_vial_alternating,1,7,49McGXguunNTTMxO3jzH,1053447,0,2026-05-01 21:31:02.501,SVkxSj1PfJzo1dYRU1OH,1,1
6928b461f9bf86904fa8b581,6928b461f9bf86904fa8b581_1777670008810,one_vial_alternating,1,8,Se8mkl4B69qawdJXO13b,1068461,0,2026-05-01 21:31:17.524,LOaLcgk3VHexvWMlQxlM,1,1
6928b461f9bf86904fa8b581,6928b461f9bf86904fa8b581_1777670008810,one_vial_alternating,1,9,XaI9CcpuY3jvXEM2wXZF,1083472,0,2026-05-01 21:31:32.523,qSF74tlZ2B2izWQ5dVL3,1,1
6928b461f9bf86904fa8b581,6928b461f9bf86904fa8b581_1777670008810,one_vial_alternating,1,10,Cgbt7GHHrPhAttRITjM2,1098483,0,2026-05-01 21:31:47.528,GnxbWlmJ5x3G3l0nV6dT,1,1
6928b461f9bf86904fa8b581,6928b461f9bf86904fa8b581_1777670008810,one_vial_alternating,0,1,XfQm3HOaU5yXl4GZ3DD4,1139022,0,2026-05-01 21:32:28.080,y6FeFB1rKWCauNos2mUd,1,1
6928b461f9bf86904fa8b581,6928b461f9bf86904fa8b581_1777670008810,one_vial_alternating,0,2,35RCwLXQMUe7bpMWenHY,1158942,1,2026-05-01 21:32:48.083,gW7ANwj64aUB8f6niqE9,1,1
6928b461f9bf86904fa8b581,6928b461f9bf86904fa8b581_1777670008810,one_vial_alternating,0,3,neQezCHtS2pASwRks1fT,1178956,1,2026-05-01 21:33:08.009,LxDgVIedTF9feIAkjz6b,1,1
6928b461f9bf86904fa8b581,6928b461f9bf86904fa8b581_1777670008810,one_vial_alternating,0,4,EWfHqo2TDANT33b2ix8t,1198971,0,2026-05-01 21:33:28.028,Jweo1EVHffUNgjxosBcZ,1,1
6928b461f9bf86904fa8b581,6928b461f9bf86904fa8b581_1777670008810,one_vial_alternating,0,5,MQ5jGaLwmlXgZXvGJaOg,1218984,0,2026-05-01 21:33:48.043,nDDkX85P49pjgMvsTJVB,1,1
6928b461f9bf86904fa8b581,6928b461f9bf86904fa8b581_1777670008810,one_vial_alternating,0,6,YPip6bXXRnHtnmSjIMQq,1238998,0,2026-05-01 21:34:08.056,Kc9ijM9KKWpPuPQDXhUo,1,1
6928b461f9bf86904fa8b581,6928b461f9bf86904fa8b581_1777670008810,one_vial_alternating,0,7,wIIuoR2oos4SWahWfNGZ,1259014,1,2026-05-01 21:34:28.076,4xqyfTZdGHKsoJywVz2E,1,1
6928b461f9bf86904fa8b581,6928b461f9bf86904fa8b581_1777670008810,one_vial_alternating,0,8,ZncJCn5okG4s993QVxPy,1279027,0,2026-05-01 21:34:48.100,3ePiMo5zy3BmJvcoDmUn,1,1
6928b461f9bf86904fa8b581,6928b461f9bf86904fa8b581_1777670008810,one_vial_alternating,0,9,RdqdRacim2m3XRFgvGm4,1299043,0,2026-05-01 21:35:08.104,qrSkTFQGbbk5BWPpbbij,1,1
6928b461f9bf86904fa8b581,6928b461f9bf86904fa8b581_1777670008810,one_vial_alternating,0,10,dMM4j0WlpgZRibnjEktm,1319059,1,2026-05-01 21:35:28.107,jieKx7yQ9tzjl0pUScmf,1,1
6928b461f9bf86904fa8b581,6928b461f9bf86904fa8b581_1777670008810,one_vial_alternating,0,11,kiq7EV9rPsMOfmLXTF0y,1339073,1,2026-05-01 21:35:48.128,lnQy33ai1sGut5x7F3iD,1,1
6928b461f9bf86904fa8b581,6928b461f9bf86904fa8b581_1777670008810,one_vial_alternating,0,12,tcahBPtDpVVM8QvI4Xta,1359088,1,2026-05-01 21:36:08.150,ODoeNCOB6xNSDjhyRnwY,1,1
6928b461f9bf86904fa8b581,6928b461f9bf86904fa8b581_1777670008810,one_vial_alternating,0,13,0hFRa0bhRnmd1EIO9ViA,1379102,0,2026-05-01 21:36:28.169,i9qjEL09xZqcPfVD3HN4,1,1
6928b461f9bf86904fa8b581,6928b461f9bf86904fa8b581_1777670008810,one_vial_alternating,0,14,F30QBBVyBpsnOFn7tDZA,1399115,0,2026-05-01 21:36:48.164,JVDFyXe53b1JE7NaJbcc,1,1
6928b461f9bf86904fa8b581,6928b461f9bf86904fa8b581_1777670008810,one_vial_alternating,0,15,SdjoNRi1C7gFH5vxlD9o,1419132,0,2026-05-01 21:37:08.176,Yq3keeQDx3jWyEWWbjY7,1,1
6928b461f9bf86904fa8b581,6928b461f9bf86904fa8b581_1777670008810,one_vial_alternating,0,16,jMZ0kpCtv2rIHprC96n2,1439145,1,2026-05-01 21:37:28.212,2zjQ78kdyYa9FZ71IUnW,1,1
6928b461f9bf86904fa8b581,6928b461f9bf86904fa8b581_1777670008810,one_vial_alternating,0,17,FvEzuWMTw4zs2vgfVth1,1459157,0,2026-05-01 21:37:48.294,6F0OcTUoNeTt8qzAZ5gj,1,1
6928b461f9bf86904fa8b581,6928b461f9bf86904fa8b581_1777670008810,one_vial_alternating,0,18,onSsdqZHcEAdZfx8irGA,1479169,0,2026-05-01 21:38:08.234,pE53dPoXVUZPL5jplPdC,1,1
6928b461f9bf86904fa8b581,6928b461f9bf86904fa8b581_1777670008810,one_vial_alternating,0,19,sv64NZPMwbljhqRODITi,1499178,0,2026-05-01 21:38:28.250,5l5AjOYZEStKFYNUOYSn,1,1
6928b461f9bf86904fa8b581,6928b461f9bf86904fa8b581_1777670008810,one_vial_alternating,0,20,fzhJXx5yeDhtEyYCKics,1519192,0,2026-05-01 21:38:48.262,g1CWEyAMvTfcwB3LBcxY,1,1
6928b461f9bf86904fa8b581,6928b461f9bf86904fa8b581_1777670008810,one_vial_alternating,0,21,LYiM0qQQgPU0MmjuzzPK,1539207,0,2026-05-01 21:39:08.529,8d3QIs3tkGQaJ8kcqvxK,1,1
6928b461f9bf86904fa8b581,6928b461f9bf86904fa8b581_1777670008810,one_vial_alternating,0,22,UCPsZqdWdVVBIbdYcNI1,1559221,0,2026-05-01 21:39:28.310,vgO18NF6EI8Xt9sY9faz,1,1
6928b461f9bf86904fa8b581,6928b461f9bf86904fa8b581_1777670008810,one_vial_alternating,0,23,7eRJ27cyIcofyUHRB3qp,1579236,0,2026-05-01 21:39:48.305,HXFEq9sfb2Fvgh7xFK8F,1,1
6928b461f9bf86904fa8b581,6928b461f9bf86904fa8b581_1777670008810,one_vial_alternating,0,24,CryzvqHrWOzscNUSPYjt,1599248,0,2026-05-01 21:40:08.332,d8eeO7NELN4OUUpu7Uwf,1,1
6928b461f9bf86904fa8b581,6928b461f9bf86904fa8b581_1777670008810,one_vial_alternating,0,25,yiDUlwF4E0ry7rwaawK1,1619275,0,2026-05-01 21:40:28.337,1Cp0y4nsivhaehHh21Vf,1,1
6928b461f9bf86904fa8b581,6928b461f9bf86904fa8b581_1777670008810,one_vial_alternating,0,26,9PbueX5ZOHQQGzeTFDLw,1639305,0,2026-05-01 21:40:48.352,NuQ0uEoYFOGiGxhjA7ky,1,1
6928b461f9bf86904fa8b581,6928b461f9bf86904fa8b581_1777670008810,one_vial_alternating,0,27,TWhi0quVMRb0cytlZm5B,1659324,0,2026-05-01 21:41:08.365,XD1mUnqRuuGjpX6y65tv,1,1
6928b461f9bf86904fa8b581,6928b461f9bf86904fa8b581_1777670008810,one_vial_alternating,0,28,Ghj791bNWpRWzU08X5zq,1679339,1,2026-05-01 21:41:28.375,pXCTKyKk0vVGCvomk8r7,1,1
6928b461f9bf86904fa8b581,6928b461f9bf86904fa8b581_1777670008810,one_vial_alternating,0,29,oq4IPz3uzQdN4inQs5Nk,1699352,1,2026-05-01 21:41:48.389,nJtJZjqFVxpukle6rbT6,1,1
6928b461f9bf86904fa8b581,6928b461f9bf86904fa8b581_1777670008810,one_vial_alternating,0,30,pySuU92bTDMUL8zckauU,1719366,1,2026-05-01 21:42:08.414,D72GMxqvzzQGWpGnIDNX,1,1
6928b461f9bf86904fa8b581,6928b461f9bf86904fa8b581_1777670008810,one_vial_alternating,0,31,3NXcuXWZaQdTBoEwLwOK,1739379,1,2026-05-01 21:42:28.419,14pzDAFQv2FxOdpenvwv,1,1
6928b461f9bf86904fa8b581,6928b461f9bf86904fa8b581_1777670008810,one_vial_alternating,0,32,TYFITw5yourHPRFl2paJ,1759391,0,2026-05-01 21:42:48.431,NICD0JZeaOinzWIJNxse,1,1
6928b461f9bf86904fa8b581,6928b461f9bf86904fa8b581_1777670008810,one_vial_alternating,0,33,qxCtR0qrjihKaTR0661D,1779405,1,2026-05-01 21:43:08.458,MhIB7RRuA6OotlYhYdIB,1,1
6928b461f9bf86904fa8b581,6928b461f9bf86904fa8b581_1777670008810,one_vial_alternating,0,34,B5lpAtlvG89uhLPFpLHA,1799419,0,2026-05-01 21:43:28.463,WczeXTE0p6qQ3gUS7aje,1,1
6928b461f9bf86904fa8b581,6928b461f9bf86904fa8b581_1777670008810,one_vial_alternating,0,35,d2MibeDYRYrQRohg1u9v,1819433,0,2026-05-01 21:43:48.548,zICR1iORt9hdlmEpA2r5,1,1
6928b461f9bf86904fa8b581,6928b461f9bf86904fa8b581_1777670008810,one_vial_alternating,0,36,NDVsQ2zx5k10KquuSbuY,1839446,0,2026-05-01 21:44:08.495,o6Wz3E5sztnVGfSHovGe,1,1
697da549fc95d872d3ee55c4,697da549fc95d872d3ee55c4_1777665118634,one_vial_alternating,1,1,,1007460,0,2026-05-01 20:08:46.397,3QE11lIskmXIqbLd9g4V,1,1
697da549fc95d872d3ee55c4,697da549fc95d872d3ee55c4_1777665118634,one_vial_alternating,0,2,OQl7ljKHRa3in0SA0oB1,1016664,0,2026-05-01 20:08:55.591,NS9ffvucWIsIdTiTDhKk,1,1
697da549fc95d872d3ee55c4,697da549fc95d872d3ee55c4_1777665118634,one_vial_alternating,1,3,FVPIm27r5rJL37q8KkJN,1031680,1,2026-05-01 20:09:10.622,94OYI8tKZPaN25xzoZzP,1,1
697da549fc95d872d3ee55c4,697da549fc95d872d3ee55c4_1777665118634,one_vial_alternating,1,4,H8Tl8BF5TPYw8E0VZLou,1046693,1,2026-05-01 20:09:25.629,DGLg7O58McCs3vsnzAGy,1,1
697da549fc95d872d3ee55c4,697da549fc95d872d3ee55c4_1777665118634,one_vial_alternating,1,5,YeSevg2ITSLefnF5t4F1,1061706,1,2026-05-01 20:09:40.634,ycyxGXZvfdJ1QTbjXTtc,1,1
697da549fc95d872d3ee55c4,697da549fc95d872d3ee55c4_1777665118634,one_vial_alternating,1,6,3GQt86Rz81ElkaekybnX,1076720,1,2026-05-01 20:09:55.646,MYcXS7Uwvimab3dj7bJa,1,1
697da549fc95d872d3ee55c4,697da549fc95d872d3ee55c4_1777665118634,one_vial_alternating,1,7,i9KCnTq7EAS92BieYJ3T,1091731,0,2026-05-01 20:10:10.660,s6I0aau8sHxCdotVYKZZ,1,1
697da549fc95d872d3ee55c4,697da549fc95d872d3ee55c4_1777665118634,one_vial_alternating,1,8,2dSCYPwr9hHBt22USPLH,1106723,1,2026-05-01 20:10:25.690,JVDsvRSoSDOygXd6gkbp,1,1
697da549fc95d872d3ee55c4,697da549fc95d872d3ee55c4_1777665118634,one_vial_alternating,1,9,5cMA830rdDBka8JwCJlg,1121722,0,2026-05-01 20:10:40.694,Yu0qc7KuNWo90GgIjBfr,1,1
697da549fc95d872d3ee55c4,697da549fc95d872d3ee55c4_1777665118634,one_vial_alternating,1,10,5CD7HXMC7S8u0RauS3jj,1136727,0,2026-05-01 20:10:55.695,wUYCgr7pqYYJYn2CftNX,1,1
697da549fc95d872d3ee55c4,697da549fc95d872d3ee55c4_1777665118634,one_vial_alternating,0,1,3vTwvaqVZl0tOcKYRyyG,1184914,0,2026-05-01 20:11:43.879,a0giPR67EYNC34FDxMQ8,1,1
697da549fc95d872d3ee55c4,697da549fc95d872d3ee55c4_1777665118634,one_vial_alternating,0,2,Gt4b4ZN9OVBRvoJOy0Cj,1204826,1,2026-05-01 20:12:03.807,9FXCgYZQz5jN2e0eRMOK,1,1
697da549fc95d872d3ee55c4,697da549fc95d872d3ee55c4_1777665118634,one_vial_alternating,0,3,6u43DxZwILhtm2NiqpSG,1224837,1,2026-05-01 20:12:23.818,KLmibz47IIjz5NamK0u6,1,1
697da549fc95d872d3ee55c4,697da549fc95d872d3ee55c4_1777665118634,one_vial_alternating,0,4,S98bLy7W4b5oSXvbTpCo,1244847,0,2026-05-01 20:12:43.815,MZCK5B6Hl0nPQcySRZnT,1,1
697da549fc95d872d3ee55c4,697da549fc95d872d3ee55c4_1777665118634,one_vial_alternating,0,5,6ym8vFLs9E8QerqWhWd4,1264861,1,2026-05-01 20:13:03.828,2p1C1ttU8HjQBCFO3UJQ,1,1
697da549fc95d872d3ee55c4,697da549fc95d872d3ee55c4_1777665118634,one_vial_alternating,0,6,fDdxstBFhVBqCbvYxS8D,1284880,1,2026-05-01 20:13:23.847,iabpc15cMnHP8VXTMTUF,1,1
697da549fc95d872d3ee55c4,697da549fc95d872d3ee55c4_1777665118634,one_vial_alternating,0,7,0MwhL4xQFCPypuE8iSS9,1304892,1,2026-05-01 20:13:43.863,J045LCB4TMxZFciY7CYw,1,1
697da549fc95d872d3ee55c4,697da549fc95d872d3ee55c4_1777665118634,one_vial_alternating,0,8,cfuc13T2laRF27tksYgv,1324903,0,2026-05-01 20:14:03.869,duPaYh9gA9VBgMTc0OZD,1,1
697da549fc95d872d3ee55c4,697da549fc95d872d3ee55c4_1777665118634,one_vial_alternating,0,9,Z6C7o09t8qy3OocjFdJG,1344915,0,2026-05-01 20:14:23.881,Ugfcq5fZk1X6kPQlwiLw,1,1
697da549fc95d872d3ee55c4,697da549fc95d872d3ee55c4_1777665118634,one_vial_alternating,0,10,JFxkl23xh0AmjaKUnzxA,1364929,0,2026-05-01 20:14:43.902,9dF28OHopOtQ7xSqCuF5,1,1
697da549fc95d872d3ee55c4,697da549fc95d872d3ee55c4_1777665118634,one_vial_alternating,0,11,Y3zTOrdvYuX2TqbgHQU2,1384942,1,2026-05-01 20:15:03.997,HSdzHkfVg4QHK9KlSKVE,1,1
697da549fc95d872d3ee55c4,697da549fc95d872d3ee55c4_1777665118634,one_vial_alternating,0,12,Aaxd9sdmonnNscHkVs1y,1404955,1,2026-05-01 20:15:23.938,tFHt7zbhR86F1j7B093i,1,1
697da549fc95d872d3ee55c4,697da549fc95d872d3ee55c4_1777665118634,one_vial_alternating,0,13,RxCyU2ipvp4tzcox0jN7,1424965,0,2026-05-01 20:15:43.928,xOAk6cFkQ9BubS4pb8yc,1,1
697da549fc95d872d3ee55c4,697da549fc95d872d3ee55c4_1777665118634,one_vial_alternating,0,14,JVaUFcoGdZD3HvzX9lEB,1444978,0,2026-05-01 20:16:03.955,XCSROSlC6nul5lqOi4vI,1,1
697da549fc95d872d3ee55c4,697da549fc95d872d3ee55c4_1777665118634,one_vial_alternating,0,15,b2NQfb4unKX9mVEBjV9k,1464988,0,2026-05-01 20:16:23.946,sgz8IcaD4Fxl8jeo0BGf,1,1
697da549fc95d872d3ee55c4,697da549fc95d872d3ee55c4_1777665118634,one_vial_alternating,0,16,Qz228ZlalPuaGfz8ifsc,1484997,1,2026-05-01 20:16:43.970,NacccGDuiPHawxi1ErQO,1,1
697da549fc95d872d3ee55c4,697da549fc95d872d3ee55c4_1777665118634,one_vial_alternating,0,17,NYBG8ASQEjudq1swz5FU,1505009,1,2026-05-01 20:17:03.980,Sl8Jmnb3vNte5MrEWOWG,1,1
697da549fc95d872d3ee55c4,697da549fc95d872d3ee55c4_1777665118634,one_vial_alternating,0,18,lim1Y1ysnKbVe9AweQhS,1525021,0,2026-05-01 20:17:24.009,QPhItsPn6ts4zJM8L0Ky,1,1
697da549fc95d872d3ee55c4,697da549fc95d872d3ee55c4_1777665118634,one_vial_alternating,0,19,hhO6GJolDRNYzr5tof1t,1545032,0,2026-05-01 20:17:44.011,XbGZaW5s8LIcqjFVEH4T,1,1
697da549fc95d872d3ee55c4,697da549fc95d872d3ee55c4_1777665118634,one_vial_alternating,0,20,5exk3DIIWDgr5RQGeEOs,1565047,1,2026-05-01 20:18:04.019,Cdy7AANgqK35l7Tgakw0,1,1
697da549fc95d872d3ee55c4,697da549fc95d872d3ee55c4_1777665118634,one_vial_alternating,0,21,uS1PFwOSPzAXkHEKXwA3,1585059,0,2026-05-01 20:18:24.042,VXHMdZyLgvJDp2cVsog5,1,1
697da549fc95d872d3ee55c4,697da549fc95d872d3ee55c4_1777665118634,one_vial_alternating,0,22,yOuCQhoVb6WCciBq1LrX,1605068,1,2026-05-01 20:18:44.047,aWccNJUtAKnERpkVe7UG,1,1
697da549fc95d872d3ee55c4,697da549fc95d872d3ee55c4_1777665118634,one_vial_alternating,0,23,rkYbeMR0rxXeUkEBvcXI,1625080,1,2026-05-01 20:19:04.046,QWGl1yPefwfxR7mYffbi,1,1
697da549fc95d872d3ee55c4,697da549fc95d872d3ee55c4_1777665118634,one_vial_alternating,0,24,mqp89ms4MxgjQCbYvnEp,1645093,0,2026-05-01 20:19:24.079,jx7oH9Tkl02Gjwn984if,1,1
697da549fc95d872d3ee55c4,697da549fc95d872d3ee55c4_1777665118634,one_vial_alternating,0,25,b5ghT7B84Bw7utnv9cQz,1665106,1,2026-05-01 20:19:44.080,eruPF4Qzh4mpk1YxAv76,1,1
697da549fc95d872d3ee55c4,697da549fc95d872d3ee55c4_1777665118634,one_vial_alternating,0,26,kMThGAANjkdpaTdsj3jN,1685117,0,2026-05-01 20:20:04.080,YYpYJewN2coYDcoWSB6L,1,1
697da549fc95d872d3ee55c4,697da549fc95d872d3ee55c4_1777665118634,one_vial_alternating,0,27,wxQ9R62tS1BipdSxpXZ9,1705128,1,2026-05-01 20:20:24.115,d44E1AR4zc7N3nukmp4Z,1,1
697da549fc95d872d3ee55c4,697da549fc95d872d3ee55c4_1777665118634,one_vial_alternating,0,28,C94MtuQ2Lbtk1XZZruBd,1725141,1,2026-05-01 20:20:44.121,FKosWFVOGflGInkq35Hi,1,1
697da549fc95d872d3ee55c4,697da549fc95d872d3ee55c4_1777665118634,one_vial_alternating,0,29,UdUQpSAwRGNbcH6pl923,1745154,1,2026-05-01 20:21:04.123,XSD3HjRzqL8TH9xInPEu,1,1
697da549fc95d872d3ee55c4,697da549fc95d872d3ee55c4_1777665118634,one_vial_alternating,0,30,KPIYbbKK3KOzv73WTUzp,1765165,1,2026-05-01 20:21:24.149,IbHaeGxUUiOdyUHdXU7a,1,1
697da549fc95d872d3ee55c4,697da549fc95d872d3ee55c4_1777665118634,one_vial_alternating,0,31,4L54f4sBOWcwIZ28oxQj,1785178,1,2026-05-01 20:21:44.157,g0Wv2GE3wBJ4gb1YTKIb,1,1
697da549fc95d872d3ee55c4,697da549fc95d872d3ee55c4_1777665118634,one_vial_alternating,0,32,WhSW7pYcCmPUOgUa8wzz,1805191,1,2026-05-01 20:22:04.171,l2Ydf3Ig1teNv025oFWH,1,1
697da549fc95d872d3ee55c4,697da549fc95d872d3ee55c4_1777665118634,one_vial_alternating,0,33,0DlBWAXRN7Ly2gZhccpY,1825203,0,2026-05-01 20:22:24.177,Fw6kANrv17V21jNLdMoy,1,1
697da549fc95d872d3ee55c4,697da549fc95d872d3ee55c4_1777665118634,one_vial_alternating,0,34,3Po3heEiSJCWNAJzKc2j,1845213,0,2026-05-01 20:22:44.185,W7Li5bSVxaqwpjNFlj2o,1,1
697da549fc95d872d3ee55c4,697da549fc95d872d3ee55c4_1777665118634,one_vial_alternating,0,35,ep3CIzZ8IgaulM7nKpxq,1865224,1,2026-05-01 20:23:04.196,ZZfaBSSOGexvwTl2N2UN,1,1
697da549fc95d872d3ee55c4,697da549fc95d872d3ee55c4_1777665118634,one_vial_alternating,0,36,4ua4rP9FRtc7VK4rF8ik,1885233,0,2026-05-01 20:23:24.216,3Ynx2QXHIGGOQTzS0I3s,1,1
69830af3546dee3f96a3b80d,69830af3546dee3f96a3b80d_1777665751003,one_vial_alternating,1,1,,390477,0,2026-05-01 20:09:01.605,TeSSTSeEL8EfWw3X12Qr,1,1
69830af3546dee3f96a3b80d,69830af3546dee3f96a3b80d_1777665751003,one_vial_alternating,1,2,0lOBQzUWycaGQtY3f97p,405397,1,2026-05-01 20:09:16.555,Xk26NdpuU03iX8ZNDBRs,1,1
69830af3546dee3f96a3b80d,69830af3546dee3f96a3b80d_1777665751003,one_vial_alternating,1,3,Y9xwaD9URvIPaiDMGJ4u,420409,1,2026-05-01 20:09:31.563,X8dXDj8iw89iG2vQvP1N,1,1
69830af3546dee3f96a3b80d,69830af3546dee3f96a3b80d_1777665751003,one_vial_alternating,1,4,HhTRQQNYMP4jJ4V5ASqr,435431,1,2026-05-01 20:09:54.320,NSbQ5TwyhmT1DHf9Qn9U,1,1
69830af3546dee3f96a3b80d,69830af3546dee3f96a3b80d_1777665751003,one_vial_alternating,1,5,OdKrAWgLBea2sfxGkCQ6,450447,3,2026-05-01 20:10:02.149,ohb6cUkHiUlPHoT3Y8iy,1,1
69830af3546dee3f96a3b80d,69830af3546dee3f96a3b80d_1777665751003,one_vial_alternating,1,6,7PDHDZfvVHOGnVJQQJPp,465460,0,2026-05-01 20:10:16.585,iDScxxO6akZkT2ojXZBJ,1,1
69830af3546dee3f96a3b80d,69830af3546dee3f96a3b80d_1777665751003,one_vial_alternating,1,7,Zl9Om8D0YEccLpGpn5u4,480473,1,2026-05-01 20:10:31.609,m08vWBTedTm2uFeJUbVi,1,1
69830af3546dee3f96a3b80d,69830af3546dee3f96a3b80d_1777665751003,one_vial_alternating,0,8,FSmRGrFrLS4spPxrtLkx,489773,0,2026-05-01 20:10:40.919,Y9zRwndnIxCRZUOZzK2K,1,1
69830af3546dee3f96a3b80d,69830af3546dee3f96a3b80d_1777665751003,one_vial_alternating,1,9,OA3xwcblNdgpwbYVCSE2,504782,1,2026-05-01 20:11:11.737,6RvizwSjtZSVBMEDzS8v,1,1
69830af3546dee3f96a3b80d,69830af3546dee3f96a3b80d_1777665751003,one_vial_alternating,1,10,OA3xwcblNdgpwbYVCSE2,519793,1,2026-05-01 20:11:12.298,x5ALCKcFYLuC6sowDCYf,1,1
69830af3546dee3f96a3b80d,69830af3546dee3f96a3b80d_1777665751003,one_vial_alternating,0,1,xvt6aEo3cDRkOdpjKbja,544518,0,2026-05-01 20:11:35.656,P3ozWmOVuTatBmyj9b8b,1,1
69830af3546dee3f96a3b80d,69830af3546dee3f96a3b80d_1777665751003,one_vial_alternating,0,2,Idd6BEmWzM7W44uFEsUW,564426,1,2026-05-01 20:11:55.613,MFYVHjRyhL8gnIAL14PN,1,1
69830af3546dee3f96a3b80d,69830af3546dee3f96a3b80d_1777665751003,one_vial_alternating,0,3,YojOQuDzqE4ScFlt58U3,572697,1,2026-05-01 20:12:03.856,0SiH3qz5K81hDpXKp0kQ,1,1
69830af3546dee3f96a3b80d,69830af3546dee3f96a3b80d_1777665751003,one_vial_alternating,0,4,0HYbQzWjYop8mqnlUbRj,592713,1,2026-05-01 20:12:23.855,m8f8dIGn7og6b0HEzo7i,1,1
69830af3546dee3f96a3b80d,69830af3546dee3f96a3b80d_1777665751003,one_vial_alternating,0,5,7KAbFJOiy792ylHTMnY8,612724,1,2026-05-01 20:12:43.889,xf0vBob56NB5gLHfO72S,1,1
69830af3546dee3f96a3b80d,69830af3546dee3f96a3b80d_1777665751003,one_vial_alternating,0,6,2gYqPTzMGmWwbb9ow6Ge,632737,1,2026-05-01 20:13:03.882,wJKLCPV7CXzDgi9Mz95D,1,1
69830af3546dee3f96a3b80d,69830af3546dee3f96a3b80d_1777665751003,one_vial_alternating,0,7,speMgkIugVZYV8NQchjC,652749,1,2026-05-01 20:13:23.898,hZO4zo7oFBsvA2IRvnEn,1,1
69830af3546dee3f96a3b80d,69830af3546dee3f96a3b80d_1777665751003,one_vial_alternating,0,8,r4fpNFcdefwYNQ9QO6B6,672758,1,2026-05-01 20:13:43.914,qRkjgiAD1hYcQk8wnTL6,1,1
69830af3546dee3f96a3b80d,69830af3546dee3f96a3b80d_1777665751003,one_vial_alternating,0,9,Er7dC91nDOnKAckmwjpj,692770,0,2026-05-01 20:14:03.901,qjKTHpoHXX5FNOyCMHU2,1,1
69830af3546dee3f96a3b80d,69830af3546dee3f96a3b80d_1777665751003,one_vial_alternating,0,10,Q8Vis0hA2bNi2wlB0IaW,712780,1,2026-05-01 20:14:23.933,MDERBFZyp2PgpsUyiD3I,1,1
69830af3546dee3f96a3b80d,69830af3546dee3f96a3b80d_1777665751003,one_vial_alternating,0,11,2kMKq6VPcQJD9BeA0bZg,732789,0,2026-05-01 20:14:43.942,OEds72xMIVbNixKi1kvG,1,1
69830af3546dee3f96a3b80d,69830af3546dee3f96a3b80d_1777665751003,one_vial_alternating,0,12,3kldHa64gUaq8yWuDQHy,752801,0,2026-05-01 20:15:04.026,gjYplPWWddaR45sFPqcX,1,1
69830af3546dee3f96a3b80d,69830af3546dee3f96a3b80d_1777665751003,one_vial_alternating,0,13,7XAaSYRSWj7M2m60qFMC,772794,0,2026-05-01 20:15:23.950,d9mYbg4cFcMS6fCSXb7w,1,1
69830af3546dee3f96a3b80d,69830af3546dee3f96a3b80d_1777665751003,one_vial_alternating,0,14,80tsfJQIJ6MIoBOQC3xt,792802,1,2026-05-01 20:15:43.966,92BzfXgwvqSfFXqHznzD,1,1
69830af3546dee3f96a3b80d,69830af3546dee3f96a3b80d_1777665751003,one_vial_alternating,0,15,R4byfxRNJzT0dMsN5dpT,812815,1,2026-05-01 20:16:03.980,vE6LndhPdF1gV0Ng9Hlb,1,1
69830af3546dee3f96a3b80d,69830af3546dee3f96a3b80d_1777665751003,one_vial_alternating,0,16,vXBwgDmDPnOfeBJUpYiC,832827,0,2026-05-01 20:16:23.993,b9LbzK6DQXodCp4kdQbP,1,1
69830af3546dee3f96a3b80d,69830af3546dee3f96a3b80d_1777665751003,one_vial_alternating,0,17,pZiw8rCtKSMj3i0KDAWx,840756,0,2026-05-01 20:16:31.911,WKciVxk3TdnslXSAkwqT,1,1
69830af3546dee3f96a3b80d,69830af3546dee3f96a3b80d_1777665751003,one_vial_alternating,0,18,ib3UtL4S3PEPOzwaIwJv,860768,1,2026-05-01 20:16:51.944,Lm9nSv7d7l4JcuMtuceW,1,1
69830af3546dee3f96a3b80d,69830af3546dee3f96a3b80d_1777665751003,one_vial_alternating,0,19,VATFlISIKHN2WFtnuNdg,880782,1,2026-05-01 20:17:11.943,StmrFgE8RKauzXH5IQ0A,1,1
69830af3546dee3f96a3b80d,69830af3546dee3f96a3b80d_1777665751003,one_vial_alternating,0,20,CKzbykc8AAuCI7zIX010,900793,0,2026-05-01 20:17:31.973,ceiQOsq5yghKK9bTj2D9,1,1
69830af3546dee3f96a3b80d,69830af3546dee3f96a3b80d_1777665751003,one_vial_alternating,0,21,xCf3gveKtpqevov6Vs0G,920800,1,2026-05-01 20:17:51.981,LE6cBlvhibd0xgEdCzRR,1,1
69830af3546dee3f96a3b80d,69830af3546dee3f96a3b80d_1777665751003,one_vial_alternating,0,22,9C9RRdZRPKElvILtNv1P,940814,1,2026-05-01 20:18:11.984,8iIlr6DOA1F1mSeeVbKG,1,1
69830af3546dee3f96a3b80d,69830af3546dee3f96a3b80d_1777665751003,one_vial_alternating,0,23,h6B8NoAmSXmm3DAbNcIH,960825,0,2026-05-01 20:18:31.999,j4RypzLaa6jEr86QGISf,1,1
69830af3546dee3f96a3b80d,69830af3546dee3f96a3b80d_1777665751003,one_vial_alternating,0,24,Vo8KHlde3QBi0Q5viHDk,980835,2,2026-05-01 20:18:52.017,q1VtOhyTKtgFHMDrahHz,1,1
69830af3546dee3f96a3b80d,69830af3546dee3f96a3b80d_1777665751003,one_vial_alternating,0,25,WuVbfuAXLqk4yjIDQkq5,1000844,1,2026-05-01 20:19:12.028,XEiYXkJlbwcpBYEdFmh0,1,1
69830af3546dee3f96a3b80d,69830af3546dee3f96a3b80d_1777665751003,one_vial_alternating,0,26,vEtDucPdyaElj8igbFJg,1020856,1,2026-05-01 20:19:32.028,a6reKJqaj25OJzu3bGag,1,1
69830af3546dee3f96a3b80d,69830af3546dee3f96a3b80d_1777665751003,one_vial_alternating,0,27,5ZCkx4SFST22KdmrwJc5,1040864,0,2026-05-01 20:19:52.043,s0aSnJl3F0K4GxQIHqmG,1,1
69830af3546dee3f96a3b80d,69830af3546dee3f96a3b80d_1777665751003,one_vial_alternating,0,28,KMHmgapf51wW1bgG6jvB,1060874,0,2026-05-01 20:20:12.034,hXGv3ddlkGtGMZlUvJHD,1,1
69830af3546dee3f96a3b80d,69830af3546dee3f96a3b80d_1777665751003,one_vial_alternating,0,29,sHUhxywyHwb3HFlSm0Xr,1080886,1,2026-05-01 20:20:32.048,KKazmo95iCv8tN7KVeW1,1,1
69830af3546dee3f96a3b80d,69830af3546dee3f96a3b80d_1777665751003,one_vial_alternating,0,30,73apcRktWkJjNWQG7E8W,1100897,1,2026-05-01 20:20:52.055,CKUF1lGfF90FRsRDCXEq,1,1
69830af3546dee3f96a3b80d,69830af3546dee3f96a3b80d_1777665751003,one_vial_alternating,0,31,YJS4ilAMcwEyulcVs7DY,1120907,0,2026-05-01 20:21:12.119,LChVD5OiWWqcREzb5PxM,1,1
69830af3546dee3f96a3b80d,69830af3546dee3f96a3b80d_1777665751003,one_vial_alternating,0,32,4tJVqi8qCX8S5MfObggw,1140917,1,2026-05-01 20:21:32.075,EiZeE0RUU27vYjXIX8XS,1,1
69830af3546dee3f96a3b80d,69830af3546dee3f96a3b80d_1777665751003,one_vial_alternating,0,33,bzbMSLjED7PXaa7WlItQ,1160937,3,2026-05-01 20:21:52.112,nq7pD1mf3GTzOvjU9tQQ,1,1
69830af3546dee3f96a3b80d,69830af3546dee3f96a3b80d_1777665751003,one_vial_alternating,0,34,3gplwscCgYGuujrcbUyA,1180953,1,2026-05-01 20:22:12.123,8z1FVoL8ImUgnE0voXb4,1,1
69830af3546dee3f96a3b80d,69830af3546dee3f96a3b80d_1777665751003,one_vial_alternating,0,35,r9rvZ57LvYmp6kWKTcGY,1200965,1,2026-05-01 20:22:32.146,KROIhIniJi91a1CNAyd3,1,1
69830af3546dee3f96a3b80d,69830af3546dee3f96a3b80d_1777665751003,one_vial_alternating,0,36,oRJt0Ly31iQgkuttw3ug,1220978,1,2026-05-01 20:22:52.133,K6js8Kc4Qu5LYT6ewRut,1,1
69853e0f17cf080eb88130bc,69853e0f17cf080eb88130bc_1777683780889,one_vial_alternating,1,1,,607668,0,2026-05-02 01:13:08.701,eVAnkGeuu6hAFROuzuNQ,1,1
69853e0f17cf080eb88130bc,69853e0f17cf080eb88130bc_1777683780889,one_vial_alternating,1,2,1OVRKObwYrMcbqMomAX0,622664,0,2026-05-02 01:13:23.655,htz7EdMpYpMH7rdm4eZh,1,1
69853e0f17cf080eb88130bc,69853e0f17cf080eb88130bc_1777683780889,one_vial_alternating,1,3,RVtlx6tU5XhIqihVSTyI,637748,1,2026-05-02 01:13:38.733,J84KF7avW8YZJ7v5XppK,1,1
69853e0f17cf080eb88130bc,69853e0f17cf080eb88130bc_1777683780889,one_vial_alternating,1,4,nvPOU2x7nN3MmSa5p3jF,652864,1,2026-05-02 01:13:53.849,Tj4q0wHGdWIdxz6PSOJT,1,1
69853e0f17cf080eb88130bc,69853e0f17cf080eb88130bc_1777683780889,one_vial_alternating,1,5,klu6I5NnA5lAeVUK2iuM,667949,1,2026-05-02 01:14:08.952,Ha1pKZiO9X1YHpvont5k,1,1
69853e0f17cf080eb88130bc,69853e0f17cf080eb88130bc_1777683780889,one_vial_alternating,1,6,ri0Y5Wc4Yjeyv6xjc5ZG,683084,1,2026-05-02 01:14:24.090,GjSAdyuBzu4UnNQjk9gf,1,1
69853e0f17cf080eb88130bc,69853e0f17cf080eb88130bc_1777683780889,one_vial_alternating,1,7,BGxMTFKANSFLsjrVkXNX,698193,0,2026-05-02 01:14:39.238,Skto1KiUu7jIY37FczIU,1,1
69853e0f17cf080eb88130bc,69853e0f17cf080eb88130bc_1777683780889,one_vial_alternating,1,8,J8VynTQmVxtqSleDJRO4,713302,1,2026-05-02 01:14:54.307,HGQnIwWD8iAtbxAx46Vq,1,1
69853e0f17cf080eb88130bc,69853e0f17cf080eb88130bc_1777683780889,one_vial_alternating,1,9,BhgZ1N36NxB7CCUqLMQK,728390,0,2026-05-02 01:15:09.388,385CZ0JHWk5seriAzdkG,1,1
69853e0f17cf080eb88130bc,69853e0f17cf080eb88130bc_1777683780889,one_vial_alternating,1,10,cZyvcKlG8GK5XXm8lPFl,743530,1,2026-05-02 01:15:24.534,qJoZ4cx29n5VQUGc4d8F,1,1
69853e0f17cf080eb88130bc,69853e0f17cf080eb88130bc_1777683780889,one_vial_alternating,0,1,Ik0vJVsj1Eh2Jm0KnDQb,807517,0,2026-05-02 01:16:28.527,PdeRPxZdYmvBvN3qX0DS,1,1
69853e0f17cf080eb88130bc,69853e0f17cf080eb88130bc_1777683780889,one_vial_alternating,0,2,vzfo6MXZ5aY4MdUzUf7S,827522,0,2026-05-02 01:16:48.536,iQhoo15ihG6Ls3GWTkCo,1,1
69853e0f17cf080eb88130bc,69853e0f17cf080eb88130bc_1777683780889,one_vial_alternating,0,3,RsmRPtub2xqZbZkBGW6F,847552,0,2026-05-02 01:17:08.539,EyT7sVhAggnQJzFVt6aq,1,1
69853e0f17cf080eb88130bc,69853e0f17cf080eb88130bc_1777683780889,one_vial_alternating,0,4,cLj5OV7UN29jKbFLP8HF,867591,1,2026-05-02 01:17:28.566,xf4nYzKLRgAAsc409mac,1,1
69853e0f17cf080eb88130bc,69853e0f17cf080eb88130bc_1777683780889,one_vial_alternating,0,5,oHvnusexSav9wcrKJMMH,887626,0,2026-05-02 01:17:48.623,6kSJg29A882e6Qx7a0JX,1,1
69853e0f17cf080eb88130bc,69853e0f17cf080eb88130bc_1777683780889,one_vial_alternating,0,6,JMjjggHGDiQ9lL8iNa23,907649,0,2026-05-02 01:18:08.656,HI2quKKWFoXiZajcZWsH,1,1
69853e0f17cf080eb88130bc,69853e0f17cf080eb88130bc_1777683780889,one_vial_alternating,0,7,Chyvwecwpf4IRnRinMiU,927681,0,2026-05-02 01:18:28.658,hSyCJuYGIbAqiceztiD2,1,1
69853e0f17cf080eb88130bc,69853e0f17cf080eb88130bc_1777683780889,one_vial_alternating,0,8,4sCSaGfKxEZ9Ox0xNgyB,947706,1,2026-05-02 01:18:48.708,jxP7JeFvFqWnSYzsuIJG,1,1
69853e0f17cf080eb88130bc,69853e0f17cf080eb88130bc_1777683780889,one_vial_alternating,0,9,JTfD45b141qzyTNRYthP,967866,1,2026-05-02 01:19:08.873,opKS75YRj2WYZ91fyO4p,1,1
69853e0f17cf080eb88130bc,69853e0f17cf080eb88130bc_1777683780889,one_vial_alternating,0,10,LomCDGhT6dREbiDDei8J,987991,0,2026-05-02 01:19:28.967,cAKnoeWsBQ69PGFyJTUp,1,1
69853e0f17cf080eb88130bc,69853e0f17cf080eb88130bc_1777683780889,one_vial_alternating,0,11,29JXRBNxgrr5WwFjf3za,1008131,0,2026-05-02 01:19:49.120,jROEAbVna8fNj47a1rEf,1,1
69853e0f17cf080eb88130bc,69853e0f17cf080eb88130bc_1777683780889,one_vial_alternating,0,12,wSgeZtMgaqkE5x5dHTDE,1028272,0,2026-05-02 01:20:09.277,QZJRXLMiJ2u9OtKBhaVJ,1,1
69853e0f17cf080eb88130bc,69853e0f17cf080eb88130bc_1777683780889,one_vial_alternating,0,13,IyX3wZ8ZgUl8yQXP9i1Y,1048408,1,2026-05-02 01:20:29.392,BOWUz2tlyIVEw8NE9VEy,1,1
69853e0f17cf080eb88130bc,69853e0f17cf080eb88130bc_1777683780889,one_vial_alternating,0,14,1eLx9pd8AhRyGWkdz8Iu,1068573,0,2026-05-02 01:20:49.552,l4O0mfh2CZrShahmQisX,1,1
69853e0f17cf080eb88130bc,69853e0f17cf080eb88130bc_1777683780889,one_vial_alternating,0,15,3AgvgdbjRUnQh1bwhdLG,1088699,0,2026-05-02 01:21:09.677,skfo3tQvdXcFPXPxodLz,1,1
69853e0f17cf080eb88130bc,69853e0f17cf080eb88130bc_1777683780889,one_vial_alternating,0,16,oPqoI6eKX8WxaRRujpJA,1108834,1,2026-05-02 01:21:29.801,Hz2oDdZRIlkU43LDw8cG,1,1
69853e0f17cf080eb88130bc,69853e0f17cf080eb88130bc_1777683780889,one_vial_alternating,0,17,sdfzwEHsHnBrvkWyvgnM,1128967,0,2026-05-02 01:21:49.932,E1OHGUldPgGGNmbKhe7l,1,1
69853e0f17cf080eb88130bc,69853e0f17cf080eb88130bc_1777683780889,one_vial_alternating,0,18,dgsOl7t8qYibsV5Z8acV,1149117,1,2026-05-02 01:22:10.110,JNxDGtVyUySkSPtnpkfG,1,1
69853e0f17cf080eb88130bc,69853e0f17cf080eb88130bc_1777683780889,one_vial_alternating,0,19,PKb0yTvUgxwSW5yf15tD,1169259,0,2026-05-02 01:22:30.229,bB7Ru1L2jQQkUs6r8bJD,1,1
69853e0f17cf080eb88130bc,69853e0f17cf080eb88130bc_1777683780889,one_vial_alternating,0,20,C2RGQ3d3irMNRMuI8Snj,1189465,1,2026-05-02 01:22:50.431,pUMC0Y79dZpKCxyywDQ3,1,1
69853e0f17cf080eb88130bc,69853e0f17cf080eb88130bc_1777683780889,one_vial_alternating,0,21,xPAD8W9fchNMz6hYvR0K,1209605,0,2026-05-02 01:23:10.574,1ea078a1hDhvkywMZueP,1,1
69853e0f17cf080eb88130bc,69853e0f17cf080eb88130bc_1777683780889,one_vial_alternating,0,22,JNnVCVqMZCVZeLsa6S1g,1229729,0,2026-05-02 01:23:30.704,anjENm7MdFPlULltJ9I3,1,1
69853e0f17cf080eb88130bc,69853e0f17cf080eb88130bc_1777683780889,one_vial_alternating,0,23,Y7PQA23CruSVN5VqIWOw,1249886,0,2026-05-02 01:23:50.846,GRbTLJlqtRR328Eg6YRN,1,1
69853e0f17cf080eb88130bc,69853e0f17cf080eb88130bc_1777683780889,one_vial_alternating,0,24,nsNsFDkDdDm7AZcdUuMJ,1269930,1,2026-05-02 01:24:10.898,NMzqbRMjAIerBGiD0jOM,1,1
69853e0f17cf080eb88130bc,69853e0f17cf080eb88130bc_1777683780889,one_vial_alternating,0,25,RqpVjLzTnt7SkRBjaN15,1290064,1,2026-05-02 01:24:31.041,occyNpHvFKb5dFsfp9oq,1,1
69853e0f17cf080eb88130bc,69853e0f17cf080eb88130bc_1777683780889,one_vial_alternating,0,26,fqW1InaRPzd5G27U7Md7,1310224,0,2026-05-02 01:24:51.196,aAFeUQvoTpQsQZirMW6H,1,1
69853e0f17cf080eb88130bc,69853e0f17cf080eb88130bc_1777683780889,one_vial_alternating,0,27,kSXqcbADSc08k5MxMDHk,1330376,0,2026-05-02 01:25:11.344,qjWyKtbL0tJDEVvH0GBb,1,1
69853e0f17cf080eb88130bc,69853e0f17cf080eb88130bc_1777683780889,one_vial_alternating,0,28,b0GQO1ikwnd3Lc8c15jM,1350402,0,2026-05-02 01:25:31.373,6k6y7DNJs72Mqut442bl,1,1
69853e0f17cf080eb88130bc,69853e0f17cf080eb88130bc_1777683780889,one_vial_alternating,0,29,d4bvnY6XtJwIuNUhj7B3,1370678,0,2026-05-02 01:25:51.650,HkwcmHz1nZ8VESOLla96,1,1
69853e0f17cf080eb88130bc,69853e0f17cf080eb88130bc_1777683780889,one_vial_alternating,0,30,OcI7FBb238EwZ11kir9W,1390716,0,2026-05-02 01:26:11.700,HHw93qR6x3r6blsOeahd,1,1
69853e0f17cf080eb88130bc,69853e0f17cf080eb88130bc_1777683780889,one_vial_alternating,0,31,d6QNLdPbPMrXNv6dYAQl,1410762,1,2026-05-02 01:26:31.725,S8cKAxIn21LV2Hk2Z5PV,1,1
69853e0f17cf080eb88130bc,69853e0f17cf080eb88130bc_1777683780889,one_vial_alternating,0,32,O32OoPiqeljqD6bFJec2,1430790,0,2026-05-02 01:26:51.746,1fR7oWX1emEaSE9KkY4q,1,1
69853e0f17cf080eb88130bc,69853e0f17cf080eb88130bc_1777683780889,one_vial_alternating,0,33,i2rzWLcMVaEDfIzOrws4,1450814,0,2026-05-02 01:27:11.784,HGYe45VucPENN3n7srBV,1,1
69853e0f17cf080eb88130bc,69853e0f17cf080eb88130bc_1777683780889,one_vial_alternating,0,34,mSOz7ulePGg0jJYSza91,1470848,0,2026-05-02 01:27:31.799,fjaJ8TmNO9UfD4zoUSXt,1,1
69853e0f17cf080eb88130bc,69853e0f17cf080eb88130bc_1777683780889,one_vial_alternating,0,35,umx1bV9Vdf9jrceYQEBT,1490900,0,2026-05-02 01:27:51.879,bZ1kIKFhyXQgP05S9ZmX,1,1
69853e0f17cf080eb88130bc,69853e0f17cf080eb88130bc_1777683780889,one_vial_alternating,0,36,t903SIVsmteqwOe77K38,1511046,0,2026-05-02 01:28:12.020,mMeNoe6xxUCAps7tt2jl,1,1
698ce4c33956b8cb4fc8f802,698ce4c33956b8cb4fc8f802_1777664720498,one_vial_alternating,1,1,,428344,0,2026-05-01 19:52:29.985,cMxjxJjZSpfcKq3gehK6,1,1
698ce4c33956b8cb4fc8f802,698ce4c33956b8cb4fc8f802_1777664720498,one_vial_alternating,1,2,2hFY80qB37FkE9auuQmK,443265,0,2026-05-01 19:52:44.922,WafKoqV6ISAa8oDfijsg,1,1
698ce4c33956b8cb4fc8f802,698ce4c33956b8cb4fc8f802_1777664720498,one_vial_alternating,1,3,msewwlKJbPf2J02fW3Dc,458280,0,2026-05-01 19:52:59.928,nEHgOVEBLxED4X80N3xn,1,1
698ce4c33956b8cb4fc8f802,698ce4c33956b8cb4fc8f802_1777664720498,one_vial_alternating,1,4,5gf0z38CODnZ7eYmd4mV,473304,0,2026-05-01 19:53:14.948,GOR2M0w9IuqzvsYW8XiA,1,1
698ce4c33956b8cb4fc8f802,698ce4c33956b8cb4fc8f802_1777664720498,one_vial_alternating,1,5,DBHJQ1VUlQ1J2K4dJjBS,488316,0,2026-05-01 19:53:29.955,Gn6j44PJ4MC9oiX74OTV,1,1
698ce4c33956b8cb4fc8f802,698ce4c33956b8cb4fc8f802_1777664720498,one_vial_alternating,1,6,kUBzIK0DcgOPmnoPGOLj,503335,0,2026-05-01 19:53:44.983,ZpUeQYukKh4LXFR95n4r,1,1
698ce4c33956b8cb4fc8f802,698ce4c33956b8cb4fc8f802_1777664720498,one_vial_alternating,1,7,W6oPqxEG9OC2pDXSrc63,518344,1,2026-05-01 19:53:59.985,J0z2toDkD9Ho4qIVrGYA,1,1
698ce4c33956b8cb4fc8f802,698ce4c33956b8cb4fc8f802_1777664720498,one_vial_alternating,1,8,kVxOHaJnohBMhu2npnZZ,533361,1,2026-05-01 19:54:15.005,cXp8HyigHd2HmCCenMhI,1,1
698ce4c33956b8cb4fc8f802,698ce4c33956b8cb4fc8f802_1777664720498,one_vial_alternating,1,9,7piJjBX2HjiIrNWngbSR,548372,0,2026-05-01 19:54:30.018,PhuKKrPg4W8yqkBeWCuC,1,1
698ce4c33956b8cb4fc8f802,698ce4c33956b8cb4fc8f802_1777664720498,one_vial_alternating,1,10,qWp4NwEOLOlrGaHlVeI7,563390,0,2026-05-01 19:54:45.013,krNmttBVMW3rIf4G5Wzc,1,1
698ce4c33956b8cb4fc8f802,698ce4c33956b8cb4fc8f802_1777664720498,one_vial_alternating,0,1,N1oCOgMI5KNlt1QZK4Rz,598575,1,2026-05-01 19:55:20.219,8OHvKVsTzghWyqVWj25q,1,1
698ce4c33956b8cb4fc8f802,698ce4c33956b8cb4fc8f802_1777664720498,one_vial_alternating,0,2,RFJKMXelSHdQx25hyQ4d,606399,0,2026-05-01 19:55:28.143,aesQOXRoHkcapw59G0Th,1,1
698ce4c33956b8cb4fc8f802,698ce4c33956b8cb4fc8f802_1777664720498,one_vial_alternating,0,3,JoNzqSqr6HmrM4WT4PdD,626412,0,2026-05-01 19:55:48.061,re2ZPtPv4EChLEiFb2Gi,1,1
698ce4c33956b8cb4fc8f802,698ce4c33956b8cb4fc8f802_1777664720498,one_vial_alternating,0,4,a8eMELR3QORbPquA7MiV,646436,0,2026-05-01 19:56:08.063,nXBVK9qKFxZFuoHAtRDT,1,1
698ce4c33956b8cb4fc8f802,698ce4c33956b8cb4fc8f802_1777664720498,one_vial_alternating,0,5,taDjSWbij79dr0Hv4HNa,666448,1,2026-05-01 19:56:28.091,pb9XW1BOdMrBsD08Hznv,1,1
698ce4c33956b8cb4fc8f802,698ce4c33956b8cb4fc8f802_1777664720498,one_vial_alternating,0,6,nXaB9Fe9fVE6sfllVTfn,686467,0,2026-05-01 19:56:48.119,tAfFktTvU9Lmj3w2HEQS,1,1
698ce4c33956b8cb4fc8f802,698ce4c33956b8cb4fc8f802_1777664720498,one_vial_alternating,0,7,zytAeEIoxO36zcjn20lx,706475,0,2026-05-01 19:57:08.120,84V2VFmLJnMAtxI2NEWv,1,1
698ce4c33956b8cb4fc8f802,698ce4c33956b8cb4fc8f802_1777664720498,one_vial_alternating,0,8,1p0eQyNIW9DqCeac0DSv,726494,0,2026-05-01 19:57:28.135,ZCczEweq5K5HR7EfFW60,1,1
698ce4c33956b8cb4fc8f802,698ce4c33956b8cb4fc8f802_1777664720498,one_vial_alternating,0,9,bSWe1XY76KKRORoR4xW2,746514,1,2026-05-01 19:57:48.158,QlBroN7XqmaSrrgIEZbz,1,1
698ce4c33956b8cb4fc8f802,698ce4c33956b8cb4fc8f802_1777664720498,one_vial_alternating,0,10,RkeSLg7mJChTzfSKwOWl,766538,1,2026-05-01 19:58:08.173,sKRRwfk8BltxJ8bY7u9v,1,1
698ce4c33956b8cb4fc8f802,698ce4c33956b8cb4fc8f802_1777664720498,one_vial_alternating,0,11,38skiaarO15H5zSJtG0X,786562,0,2026-05-01 19:58:28.192,Ay4ktE16vGfJNGPYg2q3,1,1
698ce4c33956b8cb4fc8f802,698ce4c33956b8cb4fc8f802_1777664720498,one_vial_alternating,0,12,c5yNGZHdtdMqHhKpTyuK,806586,0,2026-05-01 19:58:48.218,bLkHMQDOZkQxu9qGi0T8,1,1
698ce4c33956b8cb4fc8f802,698ce4c33956b8cb4fc8f802_1777664720498,one_vial_alternating,0,13,QJN4tV448eYsFvrChgIQ,826599,0,2026-05-01 19:59:08.223,uspLYv1L1PU7JPbbeO9N,1,1
698ce4c33956b8cb4fc8f802,698ce4c33956b8cb4fc8f802_1777664720498,one_vial_alternating,0,14,cGx8Lw32DP548F9WcGBQ,846615,0,2026-05-01 19:59:28.254,U9iT0wg4jSRFuMeRaMog,1,1
698ce4c33956b8cb4fc8f802,698ce4c33956b8cb4fc8f802_1777664720498,one_vial_alternating,0,15,LxFibs0azoA4KPCMd2A3,866634,0,2026-05-01 19:59:48.283,vqzSYuHz1adWgBfXo1Rb,1,1
698ce4c33956b8cb4fc8f802,698ce4c33956b8cb4fc8f802_1777664720498,one_vial_alternating,0,16,8gDT2tpnRX9eWNL7TypS,886654,0,2026-05-01 20:00:08.303,PgaAOfz84J65YjRShNvC,1,1
698ce4c33956b8cb4fc8f802,698ce4c33956b8cb4fc8f802_1777664720498,one_vial_alternating,0,17,QkkXyM0YDNLxP1OviAKF,906673,0,2026-05-01 20:00:28.313,t4YJxPUYMz3jaURzMUua,1,1
698ce4c33956b8cb4fc8f802,698ce4c33956b8cb4fc8f802_1777664720498,one_vial_alternating,0,18,swe2QHnYS1Y2qYLoppdq,926688,0,2026-05-01 20:00:48.314,Iaj9MAjhn1tNU1L6ThvM,1,1
698ce4c33956b8cb4fc8f802,698ce4c33956b8cb4fc8f802_1777664720498,one_vial_alternating,0,19,OuuHqjYSeq8cV1wm9MXE,946707,0,2026-05-01 20:01:08.348,t8JzxNwooPZGJGLlO4ro,1,1
698ce4c33956b8cb4fc8f802,698ce4c33956b8cb4fc8f802_1777664720498,one_vial_alternating,0,20,GDxxLdPqXWbM3gT8Z3Lh,966720,1,2026-05-01 20:01:28.347,ZPoysRHGUTNnFdgIhBCy,1,1
698ce4c33956b8cb4fc8f802,698ce4c33956b8cb4fc8f802_1777664720498,one_vial_alternating,0,21,HvZM1uFTmxMuCfG1dfUK,986735,0,2026-05-01 20:01:48.360,xrc2MEW3Zz0erAdgHu2J,1,1
698ce4c33956b8cb4fc8f802,698ce4c33956b8cb4fc8f802_1777664720498,one_vial_alternating,0,22,uXbJOKwfQ6dfrD7f9Ghf,1006751,0,2026-05-01 20:02:08.399,XxH87FZtWCi4DrVdVQAe,1,1
698ce4c33956b8cb4fc8f802,698ce4c33956b8cb4fc8f802_1777664720498,one_vial_alternating,0,23,2SeQLE0Iz4wwIdhsduXY,1026772,0,2026-05-01 20:02:28.441,07D5GkhvC3ZohY7fM63h,1,1
698ce4c33956b8cb4fc8f802,698ce4c33956b8cb4fc8f802_1777664720498,one_vial_alternating,0,24,lFYR6YzFJFaiUBAXXfu5,1046791,1,2026-05-01 20:02:48.433,2lX3Tu3mFcor49nFpGtX,1,1
698ce4c33956b8cb4fc8f802,698ce4c33956b8cb4fc8f802_1777664720498,one_vial_alternating,0,25,LBmxKO3sN478hPXn43kE,1066798,0,2026-05-01 20:03:08.439,XNe3Ml62m9JYXI0Fta1W,1,1
698ce4c33956b8cb4fc8f802,698ce4c33956b8cb4fc8f802_1777664720498,one_vial_alternating,0,26,c3efwTfILU6uV3bj6jDB,1086812,0,2026-05-01 20:03:28.458,0uwBbEE3g3FEBXcra2zF,1,1
698ce4c33956b8cb4fc8f802,698ce4c33956b8cb4fc8f802_1777664720498,one_vial_alternating,0,27,IkFrpxFzWTC4wPldiLDH,1106837,0,2026-05-01 20:03:48.480,xZXbGxpPbUb54Lj1NmWo,1,1
698ce4c33956b8cb4fc8f802,698ce4c33956b8cb4fc8f802_1777664720498,one_vial_alternating,0,28,TI012xjlmxkh5INltsZD,1126849,0,2026-05-01 20:04:08.490,Zp3ml2SWuF5RJQjSXbOq,1,1
698ce4c33956b8cb4fc8f802,698ce4c33956b8cb4fc8f802_1777664720498,one_vial_alternating,0,29,B7Ok82607GuRsEKyPFMY,1146869,0,2026-05-01 20:04:28.495,NzkW67BS7nrMLLY0MtRW,1,1
698ce4c33956b8cb4fc8f802,698ce4c33956b8cb4fc8f802_1777664720498,one_vial_alternating,0,30,8F8puMnPmhygAMlBzYTa,1166884,0,2026-05-01 20:04:48.528,7sTHmmGSB9RQmKDF6ntM,1,1
698ce4c33956b8cb4fc8f802,698ce4c33956b8cb4fc8f802_1777664720498,one_vial_alternating,0,31,O4e81CLSG09L3PJxAsBZ,1186895,0,2026-05-01 20:05:08.548,3Q1ZWxQI2pGPhd6Eamcs,1,1
698ce4c33956b8cb4fc8f802,698ce4c33956b8cb4fc8f802_1777664720498,one_vial_alternating,0,32,PhWQBnA5J750gKqN7bWV,1206915,0,2026-05-01 20:05:28.639,W7RZ3mIRzsDaJx3mAtwS,1,1
698ce4c33956b8cb4fc8f802,698ce4c33956b8cb4fc8f802_1777664720498,one_vial_alternating,0,33,m2rJwRysGE6Dc0FBeCk4,1226936,0,2026-05-01 20:05:48.579,rH0djNVRCh5ULudbDN7I,1,1
698ce4c33956b8cb4fc8f802,698ce4c33956b8cb4fc8f802_1777664720498,one_vial_alternating,0,34,xRmbYrFNrs0vD2CBaZIT,1246953,1,2026-05-01 20:06:08.591,pyEwGZTTxEXVAHFZbjt2,1,1
698ce4c33956b8cb4fc8f802,698ce4c33956b8cb4fc8f802_1777664720498,one_vial_alternating,0,35,jtsIeZP5JHWlgAMuwoad,1266969,0,2026-05-01 20:06:28.610,XEmsB2cjE1bRuM8cl8PG,1,1
698ce4c33956b8cb4fc8f802,698ce4c33956b8cb4fc8f802_1777664720498,one_vial_alternating,0,36,Oyl11HV7x9QaP2FUXPBx,1286979,0,2026-05-01 20:06:48.619,3r3lw37wKgemf0lbrWpG,1,1
698df4cd381d6e5e66a99019,698df4cd381d6e5e66a99019_1777998882767,one_vial_alternating,1,1,,1028660,0,2026-05-05 16:51:51.853,U1SDvzs4VZ5hFCOelN5c,1,1
698df4cd381d6e5e66a99019,698df4cd381d6e5e66a99019_1777998882767,one_vial_alternating,0,1,rKNfyOoCddiYk6KJfnZv,1092140,0,2026-05-05 16:52:54.983,Ebo1aOz4cavJylSA6e0q,1,1
698df4cd381d6e5e66a99019,698df4cd381d6e5e66a99019_1777998882767,one_vial_alternating,0,2,cyfuLCrnSnqqTY4wpaYT,1112281,0,2026-05-05 16:53:15.440,91clARU6nQiFdyDxoTRR,1,1
698df4cd381d6e5e66a99019,698df4cd381d6e5e66a99019_1777998882767,one_vial_alternating,0,3,4XSm5LcbDAitbR0cyPqV,1132310,0,2026-05-05 16:53:35.142,alHHHZMIYddpDjTiL8HI,1,1
698e09e42da95523bccd20bf,698e09e42da95523bccd20bf_1777664902076,one_vial_alternating,1,1,,951211,1,2026-05-01 20:04:13.127,DAM0GmSUTxLzGcNjbFqd,1,1
698e09e42da95523bccd20bf,698e09e42da95523bccd20bf_1777664902076,one_vial_alternating,1,2,wj4i9PD8JuPPLNGZk6hh,966154,0,2026-05-01 20:04:28.056,yXIYC3NM2ORKsLkS1U75,1,1
698e09e42da95523bccd20bf,698e09e42da95523bccd20bf_1777664902076,one_vial_alternating,1,3,WEWNXnnuiGSXGYbFUnbz,981184,1,2026-05-01 20:04:43.152,opH9qO1o0IYPefYEZbyx,1,1
698e09e42da95523bccd20bf,698e09e42da95523bccd20bf_1777664902076,one_vial_alternating,1,4,ShzVtAAHVDZ50KdjVz6a,996224,0,2026-05-01 20:04:58.159,DKDZQCxkAKsO1GSMw3jO,1,1
698e09e42da95523bccd20bf,698e09e42da95523bccd20bf_1777664902076,one_vial_alternating,1,5,2IXT66kUZgONTqMafWfT,1011264,0,2026-05-01 20:05:13.140,ADwG4nrelTF4HJwdBl5O,1,1
698e09e42da95523bccd20bf,698e09e42da95523bccd20bf_1777664902076,one_vial_alternating,1,6,EsojgUVURdNkZEnQFONG,1026304,1,2026-05-01 20:05:28.182,DyJP4Zpa3zDHfFUo6TST,1,1
698e09e42da95523bccd20bf,698e09e42da95523bccd20bf_1777664902076,one_vial_alternating,1,7,bq6ICZ5PAOSuAjPJTezA,1041343,0,2026-05-01 20:05:43.230,wgpwYm0K6jd9HXBFgY0a,1,1
698e09e42da95523bccd20bf,698e09e42da95523bccd20bf_1777664902076,one_vial_alternating,1,8,mx1q6LLY3SX7rrR44ZRp,1056384,0,2026-05-01 20:05:58.803,ndHXHyudiotgHJXakjbr,1,1
698e09e42da95523bccd20bf,698e09e42da95523bccd20bf_1777664902076,one_vial_alternating,1,9,aFQu4DR8e5MGWXirINJh,1071420,1,2026-05-01 20:06:13.307,Mr3ldk7doEJjDgm7GUXS,1,1
698e09e42da95523bccd20bf,698e09e42da95523bccd20bf_1777664902076,one_vial_alternating,1,10,ZNUS9MNCDhMYAdMFbbJE,1086464,0,2026-05-01 20:06:28.353,Iq36qLZ1xkURIenAY2T8,1,1
698e09e42da95523bccd20bf,698e09e42da95523bccd20bf_1777664902076,one_vial_alternating,0,1,W2GggWRaVZDRIdwYe9LG,1193598,1,2026-05-01 20:08:16.564,H6FUkxNByw3ZHwHOfB2g,1,1
698e09e42da95523bccd20bf,698e09e42da95523bccd20bf_1777664902076,one_vial_alternating,0,2,irkHEtTwWW9Vsob5u5JU,1201536,0,2026-05-01 20:08:23.437,o9NHU99U0nYBRqNeLo7V,1,1
698e09e42da95523bccd20bf,698e09e42da95523bccd20bf_1777664902076,one_vial_alternating,0,3,fLlDTERSXuF7ZdqffSvh,1221576,0,2026-05-01 20:08:43.451,MY4EUecORF0MSgW681X8,1,1
698e09e42da95523bccd20bf,698e09e42da95523bccd20bf_1777664902076,one_vial_alternating,0,4,benL9LqMA65kk18XwiHN,1241619,0,2026-05-01 20:09:03.504,qp0x9VRv3DSwZboWwzWr,1,1
698e09e42da95523bccd20bf,698e09e42da95523bccd20bf_1777664902076,one_vial_alternating,0,5,2UmJqe25j1BMZ7GAbFEy,1261651,0,2026-05-01 20:09:23.571,KkYs2gjnBWbZo1sls2Z4,1,1
698e09e42da95523bccd20bf,698e09e42da95523bccd20bf_1777664902076,one_vial_alternating,0,6,wYKRQ6fKnUCuiAz4pnfC,1281694,0,2026-05-01 20:09:43.579,pLnLg7jYNVfPhoytoheF,1,1
698e09e42da95523bccd20bf,698e09e42da95523bccd20bf_1777664902076,one_vial_alternating,0,7,PgLjR2McVbD0OvSle8N7,1301726,1,2026-05-01 20:10:03.678,grJ1lCcs0h6DqI9GXzfE,1,1
698e09e42da95523bccd20bf,698e09e42da95523bccd20bf_1777664902076,one_vial_alternating,0,8,x8VePFJ5OwWM6vcDsAYG,1321758,0,2026-05-01 20:10:23.652,zHzoDh3zH4fz1e1RptN0,1,1
698e09e42da95523bccd20bf,698e09e42da95523bccd20bf_1777664902076,one_vial_alternating,0,9,yDEJs23G37ozmzsYhBsZ,1341792,0,2026-05-01 20:10:43.669,1YqQpZV1Ie8O7lh907uz,1,1
698e09e42da95523bccd20bf,698e09e42da95523bccd20bf_1777664902076,one_vial_alternating,0,10,S0gKFFo7h4RDkPDtNmqU,1361839,1,2026-05-01 20:11:03.733,bD3aYTUY3iiTF66LGWrO,1,1
698e09e42da95523bccd20bf,698e09e42da95523bccd20bf_1777664902076,one_vial_alternating,0,11,gbtE8Wx3v5mPOyxui30Q,1381871,0,2026-05-01 20:11:23.745,YngcE9Aay6Hv2sQE0dcR,1,1
698e09e42da95523bccd20bf,698e09e42da95523bccd20bf_1777664902076,one_vial_alternating,0,12,CCWiRWo8OTjegY7W39mm,1401897,0,2026-05-01 20:11:43.786,0MVVwiWWwyomLqeLYqBw,1,1
698e09e42da95523bccd20bf,698e09e42da95523bccd20bf_1777664902076,one_vial_alternating,0,13,XbSoGvmc2nqqYyj2Z1Vd,1421919,0,2026-05-01 20:12:03.803,vU0jTY1TD743NJ3wfR1K,1,1
698e09e42da95523bccd20bf,698e09e42da95523bccd20bf_1777664902076,one_vial_alternating,0,14,ne8xqpysDGdMDbn0KbK1,1441952,0,2026-05-01 20:12:23.825,VU3zVxrHcdDSqQIsnx3V,1,1
698e09e42da95523bccd20bf,698e09e42da95523bccd20bf_1777664902076,one_vial_alternating,0,15,LYvGpQwLfBo6wTWInt67,1461970,0,2026-05-01 20:12:43.863,EsAc78xxymJPCBee5lZ6,1,1
698e09e42da95523bccd20bf,698e09e42da95523bccd20bf_1777664902076,one_vial_alternating,0,16,gFkwLgR1Vknv4yNhE50N,1481992,0,2026-05-01 20:13:03.890,mAXXERma1xhTmnEVFJKo,1,1
698e09e42da95523bccd20bf,698e09e42da95523bccd20bf_1777664902076,one_vial_alternating,0,17,qzszRgESpKu2fl97tjSc,1502011,0,2026-05-01 20:13:23.904,uuOda36Nc4MbA6p4gEsd,1,1
698e09e42da95523bccd20bf,698e09e42da95523bccd20bf_1777664902076,one_vial_alternating,0,18,dvhDdkNLaq1mnPuoTIbr,1522028,0,2026-05-01 20:13:43.916,25H87E0p0onrj0l8M6r0,1,1
698e09e42da95523bccd20bf,698e09e42da95523bccd20bf_1777664902076,one_vial_alternating,0,19,kE8cu3OA4sVrBupi3dcE,1542061,0,2026-05-01 20:14:03.954,LiaVRm3A6Yy7dcgDJZnW,1,1
698e09e42da95523bccd20bf,698e09e42da95523bccd20bf_1777664902076,one_vial_alternating,0,20,ZClPW6CMXR6PykpurrwE,1562092,0,2026-05-01 20:14:23.991,kM1nAGcOCqv6jRlbrxzE,1,1
698e09e42da95523bccd20bf,698e09e42da95523bccd20bf_1777664902076,one_vial_alternating,0,21,0Ywi8IazY9U4iUGKjPng,1582114,0,2026-05-01 20:14:44.019,jSdgDevvPh0vtOz2UacP,1,1
698e09e42da95523bccd20bf,698e09e42da95523bccd20bf_1777664902076,one_vial_alternating,0,22,DNV29pI8FFbIhyIx8Hi2,1602125,0,2026-05-01 20:15:04.016,60RIcs9cnSLbKPEtLdv4,1,1
698e09e42da95523bccd20bf,698e09e42da95523bccd20bf_1777664902076,one_vial_alternating,0,23,t6K7D651tmtZa7VLESSS,1622142,1,2026-05-01 20:15:24.046,FMzohiy4f9EhsSssKtfO,1,1
698e09e42da95523bccd20bf,698e09e42da95523bccd20bf_1777664902076,one_vial_alternating,0,24,r2rMot1378RcimXf06Yu,1642168,0,2026-05-01 20:15:44.061,KVEvVEr4fR8xmVl87ptM,1,1
698e09e42da95523bccd20bf,698e09e42da95523bccd20bf_1777664902076,one_vial_alternating,0,25,SndtDJPXIcgKVFF3C7ZK,1662188,0,2026-05-01 20:16:04.083,aS960kM6dlJzYpkRampW,1,1
698e09e42da95523bccd20bf,698e09e42da95523bccd20bf_1777664902076,one_vial_alternating,0,26,alCdLBICyJh0FYRr90ul,1682204,0,2026-05-01 20:16:24.089,E81BSZ63HRYpnYmR3SCI,1,1
698e09e42da95523bccd20bf,698e09e42da95523bccd20bf_1777664902076,one_vial_alternating,0,27,o8mLd8DZ6nXGHXKPX1L0,1702232,0,2026-05-01 20:16:44.203,fjx8cH8GEXNvdcG5UbCd,1,1
698e09e42da95523bccd20bf,698e09e42da95523bccd20bf_1777664902076,one_vial_alternating,0,28,c72KnojUolwYpsqrExUW,1722258,0,2026-05-01 20:17:04.258,pETKmLx20qeWniYQiw2t,1,1
698e09e42da95523bccd20bf,698e09e42da95523bccd20bf_1777664902076,one_vial_alternating,0,29,xi9Eg1rHBSdC9nwQsAjz,1742288,0,2026-05-01 20:17:24.196,oyDpe08ENXrnfhlRBKbB,1,1
698e09e42da95523bccd20bf,698e09e42da95523bccd20bf_1777664902076,one_vial_alternating,0,30,XEBmIXLbOm4csEphO6vi,1762313,0,2026-05-01 20:17:44.217,ZIQd5psnbHdotSPgSx4w,1,1
698e09e42da95523bccd20bf,698e09e42da95523bccd20bf_1777664902076,one_vial_alternating,0,31,CGo3vmleDWYQkfPVA4ja,1782340,1,2026-05-01 20:18:04.247,fZhc4kWVBLKVewHIDOKo,1,1
698e09e42da95523bccd20bf,698e09e42da95523bccd20bf_1777664902076,one_vial_alternating,0,32,ZzQD7kaOntxsdO9u3YV3,1802365,0,2026-05-01 20:18:24.257,9LfbQ1Wwr8IIyr4m7dZR,1,1
698e09e42da95523bccd20bf,698e09e42da95523bccd20bf_1777664902076,one_vial_alternating,0,33,QnnGEsHxm6w90YXNuec5,1822384,0,2026-05-01 20:18:44.277,HFPGX47bx4kduOfOrXLh,1,1
698e09e42da95523bccd20bf,698e09e42da95523bccd20bf_1777664902076,one_vial_alternating,0,34,FyyONmLMRXKrerlPuZJg,1842405,0,2026-05-01 20:19:04.303,JboevaAbaAKJVCFzmsgw,1,1
698e09e42da95523bccd20bf,698e09e42da95523bccd20bf_1777664902076,one_vial_alternating,0,35,TbHiq0ny7MTB3qnFK8cP,1862430,0,2026-05-01 20:19:24.308,UUpziNkl9dlPXBSdjRou,1,1
698e09e42da95523bccd20bf,698e09e42da95523bccd20bf_1777664902076,one_vial_alternating,0,36,LZ0YI9fPVKNBYbQ5KOMh,1882452,0,2026-05-01 20:19:44.339,C3vx6obV4BqfmMwmgNWt,1,1
6992279af3b7e0d972889b67,6992279af3b7e0d972889b67_1777665008441,one_vial_alternating,1,1,,511665,1,2026-05-01 19:58:44.144,mfknlyIq7MqQhkFwPqxo,1,1
6992279af3b7e0d972889b67,6992279af3b7e0d972889b67_1777665008441,one_vial_alternating,1,2,4FTg5zbuyVNaFRKbx6fE,526588,0,2026-05-01 19:58:59.062,WmX3mdlYrGRZ45K316aH,1,1
6992279af3b7e0d972889b67,6992279af3b7e0d972889b67_1777665008441,one_vial_alternating,1,3,Pk6DydLSO3ZEZbjQcazQ,541613,0,2026-05-01 19:59:14.067,0V6H4LdKTxrIad7fYEvW,1,1
6992279af3b7e0d972889b67,6992279af3b7e0d972889b67_1777665008441,one_vial_alternating,1,4,EIUJTxrMeO9UCsdUDcQB,556639,0,2026-05-01 19:59:29.112,qGFiQGPaCv6ajBzmSUus,1,1
6992279af3b7e0d972889b67,6992279af3b7e0d972889b67_1777665008441,one_vial_alternating,1,5,AcVQuJUJqYwPI0BUTzsI,571669,0,2026-05-01 19:59:44.125,TGVp6PSe4uAz2bjQZGbX,1,1
6992279af3b7e0d972889b67,6992279af3b7e0d972889b67_1777665008441,one_vial_alternating,1,6,Xxo8pedJxf3o9iv2N9SE,586701,0,2026-05-01 19:59:59.159,mnLh0Iz8azLG4EDyX3Gv,1,1
6992279af3b7e0d972889b67,6992279af3b7e0d972889b67_1777665008441,one_vial_alternating,1,7,uOCsWWWoacuzvZCFtCal,601723,0,2026-05-01 20:00:14.168,z0e146pbcHxjw72jObGu,1,1
6992279af3b7e0d972889b67,6992279af3b7e0d972889b67_1777665008441,one_vial_alternating,1,8,vKNI43R2AlaC1GuQ1IZE,616736,0,2026-05-01 20:00:29.280,RAdiXO55n5yFK0KUgaq3,1,1
6992279af3b7e0d972889b67,6992279af3b7e0d972889b67_1777665008441,one_vial_alternating,1,9,BseXW3CMuSWFJEUGw5rW,631748,1,2026-05-01 20:00:44.201,MjMMHFWKaA1SsNmTd0se,1,1
6992279af3b7e0d972889b67,6992279af3b7e0d972889b67_1777665008441,one_vial_alternating,1,10,hfCmawDQBfD3FvS3lhew,646758,0,2026-05-01 20:00:59.219,SxfW1MkddNoYicqcxGbt,1,1
6992279af3b7e0d972889b67,6992279af3b7e0d972889b67_1777665008441,one_vial_alternating,0,1,NwDX1QKDaPCaS2tHqIKZ,689023,0,2026-05-01 20:01:41.504,ealbtq4xvOkYZS3b9sfE,1,1
6992279af3b7e0d972889b67,6992279af3b7e0d972889b67_1777665008441,one_vial_alternating,0,2,Cko87IMRb87304Ln7V69,708924,0,2026-05-01 20:02:01.393,NT0kOv7iBIIwVFuFB0rU,1,1
6992279af3b7e0d972889b67,6992279af3b7e0d972889b67_1777665008441,one_vial_alternating,0,3,N56gcLu9Q3oWz1Pr3zZN,728941,0,2026-05-01 20:02:21.403,0gDxVbshyhxQWDoB9S9L,1,1
6992279af3b7e0d972889b67,6992279af3b7e0d972889b67_1777665008441,one_vial_alternating,0,4,RSMUbWOuNRMQScdJKLXf,748966,0,2026-05-01 20:02:41.419,dhTnn0fNW14ThkASiC9Q,1,1
6992279af3b7e0d972889b67,6992279af3b7e0d972889b67_1777665008441,one_vial_alternating,0,5,amFfrqT0iDHVxjWGUIg0,768972,0,2026-05-01 20:03:01.446,0o7uO0UBVRcqNWgloAiW,1,1
6992279af3b7e0d972889b67,6992279af3b7e0d972889b67_1777665008441,one_vial_alternating,0,6,S0rnmZ9hALS4ghJG0jls,788985,1,2026-05-01 20:03:21.446,WunaMk1LkBeRIRiQMQXE,1,1
6992279af3b7e0d972889b67,6992279af3b7e0d972889b67_1777665008441,one_vial_alternating,0,7,7vZQvHDhLhHaGh7SC5jL,809009,1,2026-05-01 20:03:41.484,R0iGAFS0wTDfS099Xyib,1,1
6992279af3b7e0d972889b67,6992279af3b7e0d972889b67_1777665008441,one_vial_alternating,0,8,Yp28zAVCRejACMy8h6Lz,829026,0,2026-05-01 20:04:01.487,FT2W4dX2JuUgG0Lp9kaj,1,1
6992279af3b7e0d972889b67,6992279af3b7e0d972889b67_1777665008441,one_vial_alternating,0,9,hKTyEUjBcCKmcejYrLrt,849049,0,2026-05-01 20:04:21.498,wphmicqRnWLy66zlywiY,1,1
6992279af3b7e0d972889b67,6992279af3b7e0d972889b67_1777665008441,one_vial_alternating,0,10,HWrZkcTDt0HqZ0gHEgfm,869055,0,2026-05-01 20:04:41.520,DuZuSNq58xO0xD4C29DW,1,1
6992279af3b7e0d972889b67,6992279af3b7e0d972889b67_1777665008441,one_vial_alternating,0,11,XdkEE73PnTD7OCR4pKRA,889071,0,2026-05-01 20:05:01.549,vaLq4SkvTBZ6M7qOVyF8,1,1
6992279af3b7e0d972889b67,6992279af3b7e0d972889b67_1777665008441,one_vial_alternating,0,12,uesQnpy0gj0q3fKbgnih,909098,0,2026-05-01 20:05:21.578,0Jg8ik69YhvHFSrBOr28,1,1
6992279af3b7e0d972889b67,6992279af3b7e0d972889b67_1777665008441,one_vial_alternating,0,13,YdtiCNeLkClxck3FUVF3,929110,0,2026-05-01 20:05:41.567,AlAiAB7uL5ajTLSTjTho,1,1
6992279af3b7e0d972889b67,6992279af3b7e0d972889b67_1777665008441,one_vial_alternating,0,14,4WdXv97HALRVmOkuO5yg,949132,1,2026-05-01 20:06:01.609,WWG1IebMiXskYrwYUVIR,1,1
6992279af3b7e0d972889b67,6992279af3b7e0d972889b67_1777665008441,one_vial_alternating,0,15,Yma0SVKmKlLOL1PuEf5s,969149,0,2026-05-01 20:06:21.621,mZnFhfIr21OS9CsWkOls,1,1
6992279af3b7e0d972889b67,6992279af3b7e0d972889b67_1777665008441,one_vial_alternating,0,16,5TGpKvpaORM7Zo6bo1Px,989174,0,2026-05-01 20:06:41.646,IhVQIWcp2OKjNdS1PpYk,1,1
6992279af3b7e0d972889b67,6992279af3b7e0d972889b67_1777665008441,one_vial_alternating,0,17,pEaytfOZjlEXZQdzlupl,1009197,0,2026-05-01 20:07:01.656,Z7gA3ZUXUENfYt6cpoiV,1,1
6992279af3b7e0d972889b67,6992279af3b7e0d972889b67_1777665008441,one_vial_alternating,0,18,8GkrjuJz0pYmbRQGkrHU,1029206,1,2026-05-01 20:07:21.694,ieER1WWos4iIY6lvMNkr,1,1
6992279af3b7e0d972889b67,6992279af3b7e0d972889b67_1777665008441,one_vial_alternating,0,19,mlgEplhF6PVILpyJJqCH,1049219,0,2026-05-01 20:07:41.700,I6Ih5kdTVMjfxiO2GkqG,1,1
6992279af3b7e0d972889b67,6992279af3b7e0d972889b67_1777665008441,one_vial_alternating,0,20,L5mOVZHTKZ0xO0yT0MSx,1069238,1,2026-05-01 20:08:01.698,YAUyVCCBqqqOSs2WIUIY,1,1
6992279af3b7e0d972889b67,6992279af3b7e0d972889b67_1777665008441,one_vial_alternating,0,21,8xSX9zrOIIB5meBBSzSK,1089255,0,2026-05-01 20:08:21.718,WdelIRksXAtl6bth6tzy,1,1
6992279af3b7e0d972889b67,6992279af3b7e0d972889b67_1777665008441,one_vial_alternating,0,22,uAnaNKbgteTsTUnLLudB,1109278,0,2026-05-01 20:08:41.762,k3c7yXcl2d3mmlbxJapY,1,1
6992279af3b7e0d972889b67,6992279af3b7e0d972889b67_1777665008441,one_vial_alternating,0,23,ww9m275u4fliUXR7W9m1,1129297,0,2026-05-01 20:09:01.771,dL5fBasYyJ5PtW9nOsvZ,1,1
6992279af3b7e0d972889b67,6992279af3b7e0d972889b67_1777665008441,one_vial_alternating,0,24,FVk6r98w20lhLlLCPQrZ,1149312,0,2026-05-01 20:09:21.772,zva0S3sRGCGuiYT9Qn6S,1,1
6992279af3b7e0d972889b67,6992279af3b7e0d972889b67_1777665008441,one_vial_alternating,0,25,Vd5CaF9fXTxil0jMQkNM,1169328,0,2026-05-01 20:09:41.821,btzdW0XDUZBok1WiJVhD,1,1
6992279af3b7e0d972889b67,6992279af3b7e0d972889b67_1777665008441,one_vial_alternating,0,26,hC66J8g6BTMBrg6dkSLV,1189347,1,2026-05-01 20:10:01.807,Io5TzvHaKfQi63leteb9,1,1
6992279af3b7e0d972889b67,6992279af3b7e0d972889b67_1777665008441,one_vial_alternating,0,27,xTnAjM13mKr3FjXXfKW6,1209357,0,2026-05-01 20:10:21.832,djoeUMv2YgsglPMfhY0b,1,1
6992279af3b7e0d972889b67,6992279af3b7e0d972889b67_1777665008441,one_vial_alternating,0,28,Sh3nBt95bQlTAk7HXRvg,1229375,0,2026-05-01 20:10:41.878,8gG89h5snx74LiNcdKCt,1,1
6992279af3b7e0d972889b67,6992279af3b7e0d972889b67_1777665008441,one_vial_alternating,0,29,o4o7y4RuAN7TY8iqj0AB,1249387,0,2026-05-01 20:11:01.867,vsgS2SxOJh3y1qV45HKP,1,1
6992279af3b7e0d972889b67,6992279af3b7e0d972889b67_1777665008441,one_vial_alternating,0,30,CRgla22tcozet2KWl6Gf,1269409,0,2026-05-01 20:11:21.891,iFqalU2Mz3kvqIe2kvM3,1,1
6992279af3b7e0d972889b67,6992279af3b7e0d972889b67_1777665008441,one_vial_alternating,0,31,oxnq9H0kXjQWLGhr6zHQ,1289424,1,2026-05-01 20:11:41.897,OrIo7AO0sbg0ybcqpSZs,1,1
6992279af3b7e0d972889b67,6992279af3b7e0d972889b67_1777665008441,one_vial_alternating,0,32,dwDZAC5u0nDvVwDAOsCl,1309436,0,2026-05-01 20:12:01.921,cdWAY0cRWqXfkdG6wL2N,1,1
6992279af3b7e0d972889b67,6992279af3b7e0d972889b67_1777665008441,one_vial_alternating,0,33,ikeJib7VRZkTBLnLhomc,1329453,0,2026-05-01 20:12:21.941,heJmpYDT6VtKoTYu4Ry4,1,1
6992279af3b7e0d972889b67,6992279af3b7e0d972889b67_1777665008441,one_vial_alternating,0,34,BxZ26sFkQXQ9YVzop7i8,1349480,0,2026-05-01 20:12:41.963,1RzZ5vJso4GaLdFDxdWK,1,1
6992279af3b7e0d972889b67,6992279af3b7e0d972889b67_1777665008441,one_vial_alternating,0,35,kkmYwYINpQjVpUHc33HM,1369493,0,2026-05-01 20:13:01.978,Oy4At5oSZvLE2KIbC31d,1,1
6992279af3b7e0d972889b67,6992279af3b7e0d972889b67_1777665008441,one_vial_alternating,0,36,whibaDcFin8gEIfxeOjg,1389507,0,2026-05-01 20:13:21.995,D5DPr4w7G1Fsf84Z2lku,1,1
69d8b313ae434f632a305c9b,69d8b313ae434f632a305c9b_1777666920688,one_vial_alternating,1,1,,728876,1,2026-05-01 20:34:08.523,1iXr8iVMqcWalJ9dRWDD,1,1
69d8b313ae434f632a305c9b,69d8b313ae434f632a305c9b_1777666920688,one_vial_alternating,0,2,1pMSUL8A7mQMSPs6rBu9,739149,1,2026-05-01 20:34:18.776,sdduxrUIo3OOB7GLdXtA,1,1
69d8b313ae434f632a305c9b,69d8b313ae434f632a305c9b_1777666920688,one_vial_alternating,1,3,DGe7UoVW8SbjqjV8MHuq,754194,0,2026-05-01 20:34:33.839,JWHaAEGuxtZiem7tnrM4,1,1
69d8b313ae434f632a305c9b,69d8b313ae434f632a305c9b_1777666920688,one_vial_alternating,1,4,WpESZRKnaV30GkuT91KR,769230,0,2026-05-01 20:34:48.888,9jSP74mGdcMAfvzbF3D8,1,1
69d8b313ae434f632a305c9b,69d8b313ae434f632a305c9b_1777666920688,one_vial_alternating,0,5,X9ldki0vBU9dAALiKCGG,778774,1,2026-05-01 20:34:58.419,rsPlJWHAJ2LvDsTSOS1U,1,1
69d8b313ae434f632a305c9b,69d8b313ae434f632a305c9b_1777666920688,one_vial_alternating,1,6,69kq0qh8pV1KjF4pVnUB,793799,0,2026-05-01 20:35:13.462,v77cL4RAqM98iWfPM4Vi,1,1
69d8b313ae434f632a305c9b,69d8b313ae434f632a305c9b_1777666920688,one_vial_alternating,1,7,C3PuwtMYuQ6W8OBkKk9Z,808823,0,2026-05-01 20:35:28.706,DfIkP0M71bwKE3SGySuR,1,1
69d8b313ae434f632a305c9b,69d8b313ae434f632a305c9b_1777666920688,one_vial_alternating,1,8,MHZ7HoW17mBAIox74clo,823858,2,2026-05-01 20:35:43.488,CmY9KYB2Q8CFxNBCFzTx,1,1
69d8b313ae434f632a305c9b,69d8b313ae434f632a305c9b_1777666920688,one_vial_alternating,1,9,NnBBI0gx70BZWkUYNQK1,838902,1,2026-05-01 20:35:58.573,m5EE6LSdPQbMdXQAEchj,1,1
69d8b313ae434f632a305c9b,69d8b313ae434f632a305c9b_1777666920688,one_vial_alternating,1,10,bYdVNu5haHqfzsNKSbUL,853956,1,2026-05-01 20:36:13.582,87c4UnGDztaD4C06WfRI,1,1
69d8b313ae434f632a305c9b,69d8b313ae434f632a305c9b_1777666920688,one_vial_alternating,0,1,3SPMJc5EuzITr4lDBmuO,918549,0,2026-05-01 20:37:18.267,F8OzNNfo9omFQ3MQcJZi,1,1
69d8b313ae434f632a305c9b,69d8b313ae434f632a305c9b_1777666920688,one_vial_alternating,0,2,N2Yf76SrBIz5ahLPCI1e,938482,1,2026-05-01 20:37:38.110,yfI1u9hVCHMtvfhl51mJ,1,1
69d8b313ae434f632a305c9b,69d8b313ae434f632a305c9b_1777666920688,one_vial_alternating,0,3,IoJowi5O5QISJzr3gzrT,958515,1,2026-05-01 20:37:58.152,G0bHCdeuOjxQ5PryBzp1,1,1
69d8b313ae434f632a305c9b,69d8b313ae434f632a305c9b_1777666920688,one_vial_alternating,0,4,m6xBfvsMLHLksIGzdYQP,978541,0,2026-05-01 20:38:18.197,LsNfrEVi1rBgKNm69jF1,1,1
69d8b313ae434f632a305c9b,69d8b313ae434f632a305c9b_1777666920688,one_vial_alternating,0,5,IukStoTCyYRxYZxrfjva,998574,1,2026-05-01 20:38:38.207,AYEVvmEnF55R2laABAsc,1,1
69d8b313ae434f632a305c9b,69d8b313ae434f632a305c9b_1777666920688,one_vial_alternating,0,6,MdTnIGqjOyI77G81U1MP,1012577,1,2026-05-01 20:38:52.229,ptL6zQv2PD6wIoulLk78,1,1
69d8b313ae434f632a305c9b,69d8b313ae434f632a305c9b_1777666920688,one_vial_alternating,0,7,ijBQNmqZzEezHLwkwroV,1032606,0,2026-05-01 20:39:12.246,LhzzQdsQVWbkqguPQw9V,1,1
69d8b313ae434f632a305c9b,69d8b313ae434f632a305c9b_1777666920688,one_vial_alternating,0,8,VnmKqIVGUaIiD3zYk9Vu,1052652,0,2026-05-01 20:39:32.315,FraH1O0gGRuCVqcmLi7R,1,1
69d8b313ae434f632a305c9b,69d8b313ae434f632a305c9b_1777666920688,one_vial_alternating,0,9,2m5CmBUXc0a3CFaLXQSh,1072682,0,2026-05-01 20:39:52.282,iJA47ubx93yK5y45mwID,1,1
69d8b313ae434f632a305c9b,69d8b313ae434f632a305c9b_1777666920688,one_vial_alternating,0,10,kRJfzcJkdsWxxgWlYxLm,1092716,0,2026-05-01 20:40:12.332,jvibDSXtpd5xvMhzDbzA,1,1
69d8b313ae434f632a305c9b,69d8b313ae434f632a305c9b_1777666920688,one_vial_alternating,0,11,ayvSAcQMELryiWVam896,1112763,0,2026-05-01 20:40:32.462,RFve2EdlkChprDDk8AVD,1,1
69d8b313ae434f632a305c9b,69d8b313ae434f632a305c9b_1777666920688,one_vial_alternating,0,12,R05uoyJNvubrCqiWDeoa,1132796,1,2026-05-01 20:40:52.443,3H0sCKlF5tgYejmxMM0q,1,1
69d8b313ae434f632a305c9b,69d8b313ae434f632a305c9b_1777666920688,one_vial_alternating,0,13,Q1y8wnw4aKGewHjSn58O,1140506,1,2026-05-01 20:41:00.122,Zll668TVWWTOnMSkcgfp,1,1
69d8b313ae434f632a305c9b,69d8b313ae434f632a305c9b_1777666920688,one_vial_alternating,0,14,Lex1Bl5yRVTOOAQOtiq1,1160547,1,2026-05-01 20:41:20.159,MAhXkztlCGI2elPw2OjY,1,1
69d8b313ae434f632a305c9b,69d8b313ae434f632a305c9b_1777666920688,one_vial_alternating,0,15,7o6TCxry8KsisatE4I7G,1180584,0,2026-05-01 20:41:40.209,rPCIjiWzPUTwM4tAbWaZ,1,1
69d8b313ae434f632a305c9b,69d8b313ae434f632a305c9b_1777666920688,one_vial_alternating,0,16,NhoDCWjLbncQdNDyGIEn,1200619,1,2026-05-01 20:42:00.253,dpmMhmn8vPCtICsGr3Kt,1,1
69d8b313ae434f632a305c9b,69d8b313ae434f632a305c9b_1777666920688,one_vial_alternating,0,17,VTWtAuwffzWGcTSWEnj5,1220648,0,2026-05-01 20:42:20.266,U8ccAZNSklj1uq3NP7Nn,1,1
69d8b313ae434f632a305c9b,69d8b313ae434f632a305c9b_1777666920688,one_vial_alternating,0,18,oYdolpG9SpWQ2VwM3DlI,1240675,1,2026-05-01 20:42:40.306,pWvgnsFlzreJfrKsDGHt,1,1
69d8b313ae434f632a305c9b,69d8b313ae434f632a305c9b_1777666920688,one_vial_alternating,0,19,zeBVutISoIJX5w6MiJVg,1260702,1,2026-05-01 20:43:00.329,7n9rgiZhiOEeCPL1MrhQ,1,1
69d8b313ae434f632a305c9b,69d8b313ae434f632a305c9b_1777666920688,one_vial_alternating,0,20,1lVsTOy5DaDJC1eVn41S,1280731,1,2026-05-01 20:43:20.348,grjOHDDsOFfQ8pRG0pfh,1,1
69d8b313ae434f632a305c9b,69d8b313ae434f632a305c9b_1777666920688,one_vial_alternating,0,21,2tXZhFGa9sFCoL2lNf38,1300759,0,2026-05-01 20:43:40.415,FoXWBXLTt6q8uGEOt3Br,1,1
69d8b313ae434f632a305c9b,69d8b313ae434f632a305c9b_1777666920688,one_vial_alternating,0,22,cWtUKjLKd53gF4Ncro41,1320802,0,2026-05-01 20:44:00.423,UhGuUEIsM2JsdA2TaAnx,1,1
69d8b313ae434f632a305c9b,69d8b313ae434f632a305c9b_1777666920688,one_vial_alternating,0,23,DXCjoSrv8i7m1NSKooNI,1340850,1,2026-05-01 20:44:20.454,otis9wFuOS8mzo9zeCvA,1,1
69d8b313ae434f632a305c9b,69d8b313ae434f632a305c9b_1777666920688,one_vial_alternating,0,24,tTwWTvYA54sgcPesWtvV,1360885,0,2026-05-01 20:44:40.503,sKpueOnDml4HBTUaQzEt,1,1
69d8b313ae434f632a305c9b,69d8b313ae434f632a305c9b_1777666920688,one_vial_alternating,0,25,EjmrNg97ko1UKM06pmGJ,1380937,1,2026-05-01 20:45:00.572,iXvDuk9caVErv40BqYUY,1,1
69d8b313ae434f632a305c9b,69d8b313ae434f632a305c9b_1777666920688,one_vial_alternating,0,26,UXoMmzejKuDse1JNacfu,1400969,1,2026-05-01 20:45:20.603,Hnx4RW2Ry0MxTIAIyUSE,1,1
69d8b313ae434f632a305c9b,69d8b313ae434f632a305c9b_1777666920688,one_vial_alternating,0,27,9QOXIuUHar2x31GTxAw5,1408993,1,2026-05-01 20:45:28.635,Nqde59tztGD1cTEXKb4e,1,1
69d8b313ae434f632a305c9b,69d8b313ae434f632a305c9b_1777666920688,one_vial_alternating,0,28,eC9Y3Bre9lakrWnhQkC1,1417475,0,2026-05-01 20:45:37.087,x1OOVDc3mHTyzBff7r2C,1,1
69d8b313ae434f632a305c9b,69d8b313ae434f632a305c9b_1777666920688,one_vial_alternating,0,29,HD70ijd0xcNFVbkAisJp,1437508,1,2026-05-01 20:45:57.151,hJiyHMCGOPSWvuTiMFvg,1,1
69d8b313ae434f632a305c9b,69d8b313ae434f632a305c9b_1777666920688,one_vial_alternating,0,30,fAoSyyxaVsepN3isCOHa,1457553,0,2026-05-01 20:46:17.166,OabmavtHVjAfczTrGaWr,1,1
69d8b313ae434f632a305c9b,69d8b313ae434f632a305c9b_1777666920688,one_vial_alternating,0,31,PTErjpUhS6YbPZZ8Wlo2,1477599,0,2026-05-01 20:46:37.199,TxMQEzD9v6wIX1dbCEtU,1,1
69d8b313ae434f632a305c9b,69d8b313ae434f632a305c9b_1777666920688,one_vial_alternating,0,32,jgw4LFuhuOT0RKF4fkIK,1497635,0,2026-05-01 20:46:57.246,DOYCj5e7FQGYrmpRvG1P,1,1
69d8b313ae434f632a305c9b,69d8b313ae434f632a305c9b_1777666920688,one_vial_alternating,0,33,TX2hCXGXZV2aSm6tnix3,1517672,0,2026-05-01 20:47:17.313,RB4n1gAQDF1jwMvHd95A,1,1
69d8b313ae434f632a305c9b,69d8b313ae434f632a305c9b_1777666920688,one_vial_alternating,0,34,huWwfXW4FIbz2JEpn6ro,1537703,1,2026-05-01 20:47:38.999,zIz6HXwjRBfakwqmYnj8,1,1
69d8b313ae434f632a305c9b,69d8b313ae434f632a305c9b_1777666920688,one_vial_alternating,0,35,ipSLaATVMv00k0kXng8W,1557755,1,2026-05-01 20:47:57.351,gXGcGCZfbzCjFjVDgTjg,1,1
69d8b313ae434f632a305c9b,69d8b313ae434f632a305c9b_1777666920688,one_vial_alternating,0,36,ynb0cH0aUs55C89mqV37,1577787,1,2026-05-01 20:48:17.396,LjM9gFohDqFB2nn0sDHm,1,1
69d8c0b57598af78eb63225f,69d8c0b57598af78eb63225f_1777672040341,one_vial_alternating,1,1,,929002,1,2026-05-01 22:02:49.870,RPPqj1pYk72SU0kwwYWZ,1,1
69d8c0b57598af78eb63225f,69d8c0b57598af78eb63225f_1777672040341,one_vial_alternating,1,2,mrSDyrbAGTXqo2zrS6Kw,943928,0,2026-05-01 22:03:04.764,Nj3ahXugJia7wkdsY4Gz,1,1
69d8c0b57598af78eb63225f,69d8c0b57598af78eb63225f_1777672040341,one_vial_alternating,1,3,GhoLpbGjcqssXud8568N,958943,0,2026-05-01 22:03:19.809,HpHMQXkrhGXGjoVFVv9Y,1,1
69d8c0b57598af78eb63225f,69d8c0b57598af78eb63225f_1777672040341,one_vial_alternating,1,4,ubNRcPqSJkneTKd9iuqk,973964,0,2026-05-01 22:03:34.814,v1KtmqDC33iSAztjBztj,1,1
69d8c0b57598af78eb63225f,69d8c0b57598af78eb63225f_1777672040341,one_vial_alternating,1,5,1jPQ0C8VpRmL3RRmzWTk,989008,0,2026-05-01 22:03:49.865,IfDSvhBmUys6dDAeZIvv,1,1
69d8c0b57598af78eb63225f,69d8c0b57598af78eb63225f_1777672040341,one_vial_alternating,1,6,osY2V9jeaB9wVWd8mAHX,1004028,1,2026-05-01 22:04:04.905,0Pv3X7PqCjleCGQtUD4O,1,1
69d8c0b57598af78eb63225f,69d8c0b57598af78eb63225f_1777672040341,one_vial_alternating,1,7,Do5Xf8c7rXiQFhA9FKfz,1019062,1,2026-05-01 22:04:19.906,OSIb7vYeKFdTI2Il1wFc,1,1
69d8c0b57598af78eb63225f,69d8c0b57598af78eb63225f_1777672040341,one_vial_alternating,1,8,aF6OxImrdnu2syLwwAjy,1034094,1,2026-05-01 22:04:34.934,7MU0mcA661hikbwXXQzP,1,1
69d8c0b57598af78eb63225f,69d8c0b57598af78eb63225f_1777672040341,one_vial_alternating,1,9,klcseOsOBvCsx7bUs0wZ,1049131,1,2026-05-01 22:04:50.005,H82UtldGljY4JDZXRPEo,1,1
69d8c0b57598af78eb63225f,69d8c0b57598af78eb63225f_1777672040341,one_vial_alternating,1,10,YLVNh4c72Kaek44b3q2I,1064152,1,2026-05-01 22:05:05.006,7L7uwCMTmPM6SL1BYVET,1,1
69d8c0b57598af78eb63225f,69d8c0b57598af78eb63225f_1777672040341,one_vial_alternating,0,1,WV8HAGZ15XEvWHWWoPSg,1106947,1,2026-05-01 22:05:47.784,TizEdruSqtmh3kWJFFDL,1,1
69d8c0b57598af78eb63225f,69d8c0b57598af78eb63225f_1777672040341,one_vial_alternating,0,2,t16we2nIST3OjWFvvv5i,1114518,0,2026-05-01 22:05:55.390,dsaZZClzA0QtAAkzpiYk,1,1
69d8c0b57598af78eb63225f,69d8c0b57598af78eb63225f_1777672040341,one_vial_alternating,0,3,JJuOYqBzqIoIkEQhCpG9,1134550,1,2026-05-01 22:06:15.391,vJjxnJhRtkeAc8eneC2g,1,1
69d8c0b57598af78eb63225f,69d8c0b57598af78eb63225f_1777672040341,one_vial_alternating,0,4,amxgOUCRkVn8cS3QRUPc,1154574,1,2026-05-01 22:06:35.415,5WkdSObbGJsCZg3fbEyo,1,1
69d8c0b57598af78eb63225f,69d8c0b57598af78eb63225f_1777672040341,one_vial_alternating,0,5,BEPtIWC4EtXwGZ4QvB8n,1174604,1,2026-05-01 22:06:55.460,JpxqMQQkCafGKziS0vqa,1,1
69d8c0b57598af78eb63225f,69d8c0b57598af78eb63225f_1777672040341,one_vial_alternating,0,6,avLrC8hxnQQyno9U4gsS,1194642,0,2026-05-01 22:07:15.494,QGtM5CPGtV4foM51Zage,1,1
69d8c0b57598af78eb63225f,69d8c0b57598af78eb63225f_1777672040341,one_vial_alternating,0,7,GkdqDuxtsh4dioJ7gUkL,1214669,0,2026-05-01 22:07:35.517,hURKwPSq0KewqB5VZb0Y,1,1
69d8c0b57598af78eb63225f,69d8c0b57598af78eb63225f_1777672040341,one_vial_alternating,0,8,xvC42rT03zYVTYOfbm7e,1234697,1,2026-05-01 22:07:55.535,ZTg2yNHLfLWJQ8iDjxIr,1,1
69d8c0b57598af78eb63225f,69d8c0b57598af78eb63225f_1777672040341,one_vial_alternating,0,9,EqC811z3aU47RN7FsWmM,1254734,1,2026-05-01 22:08:15.568,v7iub9gcRuxMhPikEfze,1,1
69d8c0b57598af78eb63225f,69d8c0b57598af78eb63225f_1777672040341,one_vial_alternating,0,10,ucEnGf0sDJt55lRHea4G,1274774,1,2026-05-01 22:08:35.615,Fkv7dReVjmp4OzpEe0GX,1,1
69d8c0b57598af78eb63225f,69d8c0b57598af78eb63225f_1777672040341,one_vial_alternating,0,11,ZAvaQAPUMDNVDppcf3E3,1294814,1,2026-05-01 22:08:55.674,dY2nlr2tr0sSBYuesqlu,1,1
69d8c0b57598af78eb63225f,69d8c0b57598af78eb63225f_1777672040341,one_vial_alternating,0,12,WYbdxr9HN3HsdC6ymiye,1314843,1,2026-05-01 22:09:15.698,4MRDtsk3DIX08bLJZY0y,1,1
69d8c0b57598af78eb63225f,69d8c0b57598af78eb63225f_1777672040341,one_vial_alternating,0,13,6lrLFJV2JsEHyRaFFsbj,1334873,0,2026-05-01 22:09:35.713,ToqY2ESvz8Mx16qwl4W2,1,1
69d8c0b57598af78eb63225f,69d8c0b57598af78eb63225f_1777672040341,one_vial_alternating,0,14,SsxdMRKXqglf8Pasq9Ts,1354912,1,2026-05-01 22:09:55.792,x91qJquRtouBIkp5OP3i,1,1
69d8c0b57598af78eb63225f,69d8c0b57598af78eb63225f_1777672040341,one_vial_alternating,0,15,QbEbfAIlsWHqSlF2xDJw,1374944,1,2026-05-01 22:10:15.779,sWFm6POpiYxzjiCHWQLZ,1,1
69d8c0b57598af78eb63225f,69d8c0b57598af78eb63225f_1777672040341,one_vial_alternating,0,16,KJgrlCgSaJWA37BB93CO,1394970,0,2026-05-01 22:10:35.840,dN5FJnveebalhBE7XYTv,1,1
69d8c0b57598af78eb63225f,69d8c0b57598af78eb63225f_1777672040341,one_vial_alternating,0,17,AD88MPhGki3cfrljQssE,1414997,0,2026-05-01 22:10:55.996,CKUq2w4LER4RrihBlG97,1,1
69d8c0b57598af78eb63225f,69d8c0b57598af78eb63225f_1777672040341,one_vial_alternating,0,18,aBt0RWfYv1xS6nuEx3lS,1435031,1,2026-05-01 22:11:15.880,1drC4Kjni5c3QhYQ5MDM,1,1
69d8c0b57598af78eb63225f,69d8c0b57598af78eb63225f_1777672040341,one_vial_alternating,0,19,eBidq5IxMjCs0KjqL0rC,1455072,1,2026-05-01 22:11:35.924,LucBLfAJtnxXPponFgwp,1,1
69d8c0b57598af78eb63225f,69d8c0b57598af78eb63225f_1777672040341,one_vial_alternating,0,20,eL11YdSrTG6UcuNHxp0u,1475116,0,2026-05-01 22:11:55.978,RZusvVacnzSKwny8YTW1,1,1
69d8c0b57598af78eb63225f,69d8c0b57598af78eb63225f_1777672040341,one_vial_alternating,0,21,RgJy2KgQqozKv4WAZdox,1495161,1,2026-05-01 22:12:16.003,7qlJo1Q9f1unirypiYZC,1,1
69d8c0b57598af78eb63225f,69d8c0b57598af78eb63225f_1777672040341,one_vial_alternating,0,22,IApHrt54f8MxxKOPwjgD,1515180,1,2026-05-01 22:12:36.657,dRa3jcTUMOdVNveOGM9l,1,1
69d8c0b57598af78eb63225f,69d8c0b57598af78eb63225f_1777672040341,one_vial_alternating,0,23,AUueITlvG2ZvMRBp2nbO,1535212,0,2026-05-01 22:12:56.059,1YcJ7e4xOipDrDKpgCcr,1,1
69d8c0b57598af78eb63225f,69d8c0b57598af78eb63225f_1777672040341,one_vial_alternating,0,24,y1Vdh2ooim4Ic1N3enyO,1555244,1,2026-05-01 22:13:16.089,ygtqkHp5nia73IEYdUim,1,1
69d8c0b57598af78eb63225f,69d8c0b57598af78eb63225f_1777672040341,one_vial_alternating,0,25,uCzWnURkTLGcPxgk73kF,1575274,1,2026-05-01 22:13:36.105,z7bZoTFK5rW5PaqIaJl1,1,1
69d8c0b57598af78eb63225f,69d8c0b57598af78eb63225f_1777672040341,one_vial_alternating,0,26,JaAKJViWzIckHdzZrEWX,1595320,1,2026-05-01 22:13:56.150,9tZSWiQxD1m05ccYFroR,1,1
69d8c0b57598af78eb63225f,69d8c0b57598af78eb63225f_1777672040341,one_vial_alternating,0,27,BA9uXRdFGRuA1P51PLMW,1615342,1,2026-05-01 22:14:16.174,LNsKQkgdW3HXcahKh9iT,1,1
69d8c0b57598af78eb63225f,69d8c0b57598af78eb63225f_1777672040341,one_vial_alternating,0,28,2fRA5sRrHygui9XDmCik,1635369,1,2026-05-01 22:14:36.212,CyYPKEiX3p8Ewa8EIAZA,1,1
69d8c0b57598af78eb63225f,69d8c0b57598af78eb63225f_1777672040341,one_vial_alternating,0,29,riUk9I8zTisvoF7Ho8WM,1655408,1,2026-05-01 22:14:56.250,VRKUiOtH5mpUvTPUNLt8,1,1
69d8c0b57598af78eb63225f,69d8c0b57598af78eb63225f_1777672040341,one_vial_alternating,0,30,ZVTInxrQKwxMtChg824k,1675448,1,2026-05-01 22:15:16.289,QYFgX1rU7b6quKKdW6b4,1,1
69d8c0b57598af78eb63225f,69d8c0b57598af78eb63225f_1777672040341,one_vial_alternating,0,31,132IO5jlMSSUNvtk4oEb,1695476,0,2026-05-01 22:15:36.320,jfkyCCz9BubBQUsd13FS,1,1
69d8c0b57598af78eb63225f,69d8c0b57598af78eb63225f_1777672040341,one_vial_alternating,0,32,WZlwMpo7TdjucDL46PJu,1715520,1,2026-05-01 22:15:56.360,qdP1iqMdDHVfWClJcOrs,1,1
69d8c0b57598af78eb63225f,69d8c0b57598af78eb63225f_1777672040341,one_vial_alternating,0,33,yLTXNBD3D1ksv056Xnj5,1735552,0,2026-05-01 22:16:16.446,L0l9E3HvHbGt2wqfUseU,1,1
69d8c0b57598af78eb63225f,69d8c0b57598af78eb63225f_1777672040341,one_vial_alternating,0,34,Yvmn4lSNygdVV8UHrGqF,1755594,1,2026-05-01 22:16:36.425,UNTUXhLALnckMMEyv5dy,1,1
69d8c0b57598af78eb63225f,69d8c0b57598af78eb63225f_1777672040341,one_vial_alternating,0,35,qrV30jspwcU6JPJURDNd,1775621,0,2026-05-01 22:16:56.456,6r76oJJAO4EZHjnrGEhI,1,1
69d8c0b57598af78eb63225f,69d8c0b57598af78eb63225f_1777672040341,one_vial_alternating,0,36,JsRk1gFW6HTsxESyYjLT,1795663,2,2026-05-01 22:17:16.508,C1Q7mUGdhO4CGgdY9Qx9,1,1
69dde72ce1c8108a83afd8f5,69dde72ce1c8108a83afd8f5_1777638308624,one_vial_alternating,1,1,,1252381,2,2026-05-01 21:15:52.058,y75vMTSun2diFKrgsKu0,1,1
69dde72ce1c8108a83afd8f5,69dde72ce1c8108a83afd8f5_1777638308624,one_vial_alternating,0,2,emREShQ5qhSbNh57m5sR,1261082,1,2026-05-01 21:16:00.757,g7evPOPNGQLo8rqIQMJR,1,1
69dde72ce1c8108a83afd8f5,69dde72ce1c8108a83afd8f5_1777638308624,one_vial_alternating,1,3,G3xSdKMp4MumAaFX0GFZ,1276112,1,2026-05-01 21:16:15.743,CZgzqlYhdNPYmuooDGYp,1,1
69dde72ce1c8108a83afd8f5,69dde72ce1c8108a83afd8f5_1777638308624,one_vial_alternating,1,4,uy9EKxw9TMZsxgs1MirI,1291163,2,2026-05-01 21:16:30.819,RAlvOOlMTMKxKBCwZ1eH,1,1
69dde72ce1c8108a83afd8f5,69dde72ce1c8108a83afd8f5_1777638308624,one_vial_alternating,1,5,UX3ufifRy7W9bzeIe2Px,1306202,1,2026-05-01 21:16:45.872,ry1MPKZ5gQ9a0Jcofzic,1,1
69dde72ce1c8108a83afd8f5,69dde72ce1c8108a83afd8f5_1777638308624,one_vial_alternating,1,6,8VzZ77nif7vIYP7604gt,1321252,1,2026-05-01 21:17:00.897,6TN96DOfBpbUXN2bb0qH,1,1
69dde72ce1c8108a83afd8f5,69dde72ce1c8108a83afd8f5_1777638308624,one_vial_alternating,1,7,5abpji1jNbDzlNQMxyI4,1336291,0,2026-05-01 21:17:16.129,AApK9y0uXzgZkkGgMnZw,1,1
69dde72ce1c8108a83afd8f5,69dde72ce1c8108a83afd8f5_1777638308624,one_vial_alternating,1,8,25cRSU52itkR6j6od4E9,1351321,0,2026-05-01 21:17:30.962,jzWS75Mx8VvqCXwUwV3X,1,1
69dde72ce1c8108a83afd8f5,69dde72ce1c8108a83afd8f5_1777638308624,one_vial_alternating,1,9,mohoDzDeeYczYRpFfNPX,1366353,2,2026-05-01 21:17:45.998,mUgjikG5fHdNixJ9Ej6U,1,1
69dde72ce1c8108a83afd8f5,69dde72ce1c8108a83afd8f5_1777638308624,one_vial_alternating,1,10,k4O70xqZ8HJ8igDIqzgR,1381381,0,2026-05-01 21:18:01.037,k5lcvKxUPgNNNlQHBsgC,1,1
69dde72ce1c8108a83afd8f5,69dde72ce1c8108a83afd8f5_1777638308624,one_vial_alternating,0,1,aIwi3Sns0wp9bUCnOQuH,1433983,1,2026-05-01 21:18:53.896,VWl5Lj5HunkbPXyGbkMQ,1,1
69dde72ce1c8108a83afd8f5,69dde72ce1c8108a83afd8f5_1777638308624,one_vial_alternating,0,2,gSnJIf3Pkd6ZW0auGh3w,1453877,1,2026-05-01 21:19:13.518,jVMsP2OH6lSsCocFs6Zu,1,1
69dde72ce1c8108a83afd8f5,69dde72ce1c8108a83afd8f5_1777638308624,one_vial_alternating,0,3,5NCXJI7CA92fnVLw2NXG,1473926,1,2026-05-01 21:19:33.660,0AAFBAnJJ0270lWG8su6,1,1
69dde72ce1c8108a83afd8f5,69dde72ce1c8108a83afd8f5_1777638308624,one_vial_alternating,0,4,ABTElcjXXnGsFW6eIiQ7,1493957,2,2026-05-01 21:19:53.607,V7y9vClpu1z4UBYJc8kt,1,1
69dde72ce1c8108a83afd8f5,69dde72ce1c8108a83afd8f5_1777638308624,one_vial_alternating,0,5,PSu7Roxwsher5pDUr1ro,1513996,1,2026-05-01 21:20:13.623,DnfWz9KG9IUx9qlVvjOe,1,1
69dde72ce1c8108a83afd8f5,69dde72ce1c8108a83afd8f5_1777638308624,one_vial_alternating,0,6,S897Nicdshois34r4wxP,1534026,1,2026-05-01 21:20:33.665,Rgc1xyVyYWRlaomrdv6Q,1,1
69dde72ce1c8108a83afd8f5,69dde72ce1c8108a83afd8f5_1777638308624,one_vial_alternating,0,7,EVSFNPfJoZKhbYMl4YBb,1554067,2,2026-05-01 21:20:53.711,NNgII2I0T7uwvL2LqgsW,1,1
69dde72ce1c8108a83afd8f5,69dde72ce1c8108a83afd8f5_1777638308624,one_vial_alternating,0,8,28AzK8BCdNy3NF9NNKMp,1574116,1,2026-05-01 21:21:13.742,yj7lmEHHCJznnzQMChbw,1,1
69dde72ce1c8108a83afd8f5,69dde72ce1c8108a83afd8f5_1777638308624,one_vial_alternating,0,9,0awJxiUnfJOWGg1WLEMx,1594146,1,2026-05-01 21:21:33.858,xwUtH1SGSa8aG4R3dhZ5,1,1
69dde72ce1c8108a83afd8f5,69dde72ce1c8108a83afd8f5_1777638308624,one_vial_alternating,0,10,amWzS1gaS7peFh9CVHrC,1614186,2,2026-05-01 21:21:53.833,a1JZtNf1qAAWA41A9GXZ,1,1
69dde72ce1c8108a83afd8f5,69dde72ce1c8108a83afd8f5_1777638308624,one_vial_alternating,0,11,WKRgMiA5h9B6deFYQ2co,1634236,1,2026-05-01 21:22:13.875,BeoTlYokzheyRP6HcQ0M,1,1
69dde72ce1c8108a83afd8f5,69dde72ce1c8108a83afd8f5_1777638308624,one_vial_alternating,0,12,q94YAtelWdvOlw280eVa,1654277,1,2026-05-01 21:22:33.919,ogpH1zNXdB1kFM4PxHC5,1,1
69dde72ce1c8108a83afd8f5,69dde72ce1c8108a83afd8f5_1777638308624,one_vial_alternating,0,13,s8r5vUJqR4WGM1TOEEJC,1674316,0,2026-05-01 21:22:53.961,EGqqtN9fYTAaIiY6LhNO,1,1
69dde72ce1c8108a83afd8f5,69dde72ce1c8108a83afd8f5_1777638308624,one_vial_alternating,0,14,WAz1atrE7Mt1H0gBxJqa,1694357,1,2026-05-01 21:23:13.993,HSQ2SA8gcq7dhgRyt8Z4,1,1
69dde72ce1c8108a83afd8f5,69dde72ce1c8108a83afd8f5_1777638308624,one_vial_alternating,0,15,gjK3oijg5XTxBMMtTBNV,1714376,1,2026-05-01 21:23:34.015,S1QjGH5q1rDvLKAYaeQF,1,1
69dde72ce1c8108a83afd8f5,69dde72ce1c8108a83afd8f5_1777638308624,one_vial_alternating,0,16,OI1VppUApBIItkp9kaX0,1734407,1,2026-05-01 21:23:54.028,4Dny83KwCwqvUKMC52zt,1,1
69dde72ce1c8108a83afd8f5,69dde72ce1c8108a83afd8f5_1777638308624,one_vial_alternating,0,17,fUknjhGwM4hFXDvGAYKP,1754426,1,2026-05-01 21:24:14.058,fyFaJ8uCaHX4wW4DpbOI,1,1
69dde72ce1c8108a83afd8f5,69dde72ce1c8108a83afd8f5_1777638308624,one_vial_alternating,0,18,XraLNZZmmgvtdAcomOTd,1774457,1,2026-05-01 21:24:34.084,4DoUn4FAOiFsuZKx7KBs,1,1
69dde72ce1c8108a83afd8f5,69dde72ce1c8108a83afd8f5_1777638308624,one_vial_alternating,0,19,Z0SNCkbxKJlOqKq1g8SO,1794496,1,2026-05-01 21:24:54.280,oU4Gzw2UJa2YAmqdZOfb,1,1
69dde72ce1c8108a83afd8f5,69dde72ce1c8108a83afd8f5_1777638308624,one_vial_alternating,0,20,WKZrd27lv1oaSyJioRPq,1814526,0,2026-05-01 21:25:14.178,EFnUCR3MaW9noGuLk1uo,1,1
69dde72ce1c8108a83afd8f5,69dde72ce1c8108a83afd8f5_1777638308624,one_vial_alternating,0,21,EAFu5xuaHnCcuVhH5URK,1834566,1,2026-05-01 21:25:34.468,vm3HSdLJ88mAiUJfCSbN,1,1
69dde72ce1c8108a83afd8f5,69dde72ce1c8108a83afd8f5_1777638308624,one_vial_alternating,0,22,Mgd7WMJP42LadNpedxjS,1854587,2,2026-05-01 21:25:54.216,bklNCfU5sxuLHJmsfDPi,1,1
69dde72ce1c8108a83afd8f5,69dde72ce1c8108a83afd8f5_1777638308624,one_vial_alternating,0,23,bHc7tifGNgU00C5epBUu,1874616,1,2026-05-01 21:26:14.260,GUlVfVfqfG7wDisv1VNX,1,1
69dde72ce1c8108a83afd8f5,69dde72ce1c8108a83afd8f5_1777638308624,one_vial_alternating,0,24,lbN5ZInMizFlj5VVVVE2,1894636,1,2026-05-01 21:26:34.392,HgswfRTLkVYd1sGnZNto,1,1
69dde72ce1c8108a83afd8f5,69dde72ce1c8108a83afd8f5_1777638308624,one_vial_alternating,0,25,FGL9WQXfRtckWcWzyuXd,1914666,1,2026-05-01 21:26:54.356,LlEPqHl5HtWscylzXTYE,1,1
69dde72ce1c8108a83afd8f5,69dde72ce1c8108a83afd8f5_1777638308624,one_vial_alternating,0,26,O4cqRsdwVbBjOjfBZofc,1934706,1,2026-05-01 21:27:14.336,lF7OpaDH6F5zj9hF0Wup,1,1
69dde72ce1c8108a83afd8f5,69dde72ce1c8108a83afd8f5_1777638308624,one_vial_alternating,0,27,Zhn6RYar9lA2oyAN7jK6,1954727,1,2026-05-01 21:27:34.360,PgvDLx1WQfOeqfOuqmSN,1,1
69dde72ce1c8108a83afd8f5,69dde72ce1c8108a83afd8f5_1777638308624,one_vial_alternating,0,28,0nQFJos4q9zcNhVORTXM,1974746,0,2026-05-01 21:27:54.417,XGfeLFNTjJcJ3aaGiRRt,1,1
69dde72ce1c8108a83afd8f5,69dde72ce1c8108a83afd8f5_1777638308624,one_vial_alternating,0,29,vE9brfhU15wuiGQEE1r8,1994776,0,2026-05-01 21:28:14.401,aYi4x7jNINoFtXs4T4aC,1,1
69dde72ce1c8108a83afd8f5,69dde72ce1c8108a83afd8f5_1777638308624,one_vial_alternating,0,30,j6LyQRrpwRTiVzQZt4a9,2014796,1,2026-05-01 21:28:34.421,NfLq4hv1poHcuv4FqUJS,1,1
69dde72ce1c8108a83afd8f5,69dde72ce1c8108a83afd8f5_1777638308624,one_vial_alternating,0,31,vJZ9vFOs7x4MAZ3SuZTK,2034815,1,2026-05-01 21:28:54.445,rmFtl0kLREq5SVFjLyxW,1,1
69dde72ce1c8108a83afd8f5,69dde72ce1c8108a83afd8f5_1777638308624,one_vial_alternating,0,32,4FxFSOEX7V6RdgT8Qjuc,2054836,1,2026-05-01 21:29:14.496,2Fl2yF7rzqSTAeIdKaWk,1,1
69dde72ce1c8108a83afd8f5,69dde72ce1c8108a83afd8f5_1777638308624,one_vial_alternating,0,33,8mbcWz6vlnWYSaq6NQEc,2074876,0,2026-05-01 21:29:34.521,HkgQ5VSCysBmGPAvgMDN,1,1
69dde72ce1c8108a83afd8f5,69dde72ce1c8108a83afd8f5_1777638308624,one_vial_alternating,0,34,8mV8hCaFHL2H2urLTY2z,2094916,1,2026-05-01 21:29:54.552,n0SQftwYdLv4Bn8PYAcK,1,1
69dde72ce1c8108a83afd8f5,69dde72ce1c8108a83afd8f5_1777638308624,one_vial_alternating,0,35,M27Q7q3UCUiDdjc0nsCt,2114936,1,2026-05-01 21:30:14.561,Uc0AjMG5UuA3f5UJt2JD,1,1
69dde72ce1c8108a83afd8f5,69dde72ce1c8108a83afd8f5_1777638308624,one_vial_alternating,0,36,yu2KxUPIxTmOHHAc4MT0,2134956,1,2026-05-01 21:30:34.589,GCphmy28KSRKywdqpLIR,1,1
69e1d35d47757faec6df678b,69e1d35d47757faec6df678b_1777667003817,one_vial_alternating,1,1,,837790,1,2026-05-01 20:37:23.029,Hth4OC5nCx6FeCHZgnyh,1,1
69e1d35d47757faec6df678b,69e1d35d47757faec6df678b_1777667003817,one_vial_alternating,0,2,Nayel94sYIYwTzYGxW5w,846749,2,2026-05-01 20:37:31.885,wegNNbFETcSg0e1s16Ir,1,1
69e1d35d47757faec6df678b,69e1d35d47757faec6df678b_1777667003817,one_vial_alternating,0,3,m7JrH3WsogpoL3hEOZx4,857711,0,2026-05-01 20:37:43.448,Ae7YlxjbxNWJyILfL7lm,1,1
69e1d35d47757faec6df678b,69e1d35d47757faec6df678b_1777667003817,one_vial_alternating,0,4,L4hBF6V2dLdoZlTGCfNb,868734,1,2026-05-01 20:37:54.309,MPbhnmUdzuw8Scc22rK8,1,1
69e1d35d47757faec6df678b,69e1d35d47757faec6df678b_1777667003817,one_vial_alternating,0,5,hyVbkSFM08q1jZ6Xrou2,879023,1,2026-05-01 20:38:04.586,tZU01gN1FwQ1MkCyN5Ab,1,1
69e1d35d47757faec6df678b,69e1d35d47757faec6df678b_1777667003817,one_vial_alternating,0,6,GZd5t6BoNvPiLnjqdI42,887586,1,2026-05-01 20:38:12.693,tYmu2seYE2kQ1sYo5DJl,1,1
69e1d35d47757faec6df678b,69e1d35d47757faec6df678b_1777667003817,one_vial_alternating,0,7,a0Xs7yA2z9P7riDimFZt,896517,1,2026-05-01 20:38:21.654,eRswo4YxY75cTxNQHJ10,1,1
69e1d35d47757faec6df678b,69e1d35d47757faec6df678b_1777667003817,one_vial_alternating,0,8,faTTQxfPCGxO60X0sWfE,906164,1,2026-05-01 20:38:31.296,woCyQaAn0Y6uGJJMoeNT,1,1
69e1d35d47757faec6df678b,69e1d35d47757faec6df678b_1777667003817,one_vial_alternating,0,9,VmVMGnbQRZjUbg7DnSDy,914744,1,2026-05-01 20:38:39.865,ijoASWYVNVLT3rPO0dGl,1,1
69e1d35d47757faec6df678b,69e1d35d47757faec6df678b_1777667003817,one_vial_alternating,0,10,YSirHpX81XsmEFJBFJTP,923755,2,2026-05-01 20:38:48.872,U8mNeYuzByaVCcnXVfLw,1,1
69e8d5c81e5253b56cfe784f,69e8d5c81e5253b56cfe784f_1777664682367,one_vial_alternating,1,1,,344126,1,2026-05-01 19:50:28.064,tKcuDbQobMHynEyYb1B9,1,1
69e8d5c81e5253b56cfe784f,69e8d5c81e5253b56cfe784f_1777664682367,one_vial_alternating,1,2,fqQJnYzsywB7LeCqRtaP,359037,0,2026-05-01 19:50:42.891,h0iNUYpM0yQPeXitl04a,1,1
69e8d5c81e5253b56cfe784f,69e8d5c81e5253b56cfe784f_1777664682367,one_vial_alternating,1,3,7k7egzl2MppMl2kwBX6U,374056,0,2026-05-01 19:50:57.914,Kl49hrjspIHb0bG8uJio,1,1
69e8d5c81e5253b56cfe784f,69e8d5c81e5253b56cfe784f_1777664682367,one_vial_alternating,1,4,iqirx3EksDgjr9TuRJWM,389081,0,2026-05-01 19:51:12.949,ER7AKYJu6mkZ2tqQqn0c,1,1
69e8d5c81e5253b56cfe784f,69e8d5c81e5253b56cfe784f_1777664682367,one_vial_alternating,1,5,Ekuvxq3jX56FSPwEdI7Z,404094,0,2026-05-01 19:51:27.948,umYwluV6E9i3RoCyoYpm,1,1
69e8d5c81e5253b56cfe784f,69e8d5c81e5253b56cfe784f_1777664682367,one_vial_alternating,1,6,W2fTm4jTyAt4sgIiqAx5,419111,0,2026-05-01 19:51:42.961,Mi8Zlzxwi2C0mtIPfZsB,1,1
69e8d5c81e5253b56cfe784f,69e8d5c81e5253b56cfe784f_1777664682367,one_vial_alternating,1,7,BFVmStvd1BUAUDK3dxhi,434138,1,2026-05-01 19:51:58.007,k2aR4pKGBh8tLtCjnxDK,1,1
69e8d5c81e5253b56cfe784f,69e8d5c81e5253b56cfe784f_1777664682367,one_vial_alternating,1,8,UHbQjWxr8NWyPti9iG9a,449150,0,2026-05-01 19:52:13.010,C0ILlgutcfIQntFbnoac,1,1
69e8d5c81e5253b56cfe784f,69e8d5c81e5253b56cfe784f_1777664682367,one_vial_alternating,1,9,IvsMfBYypRdFJ0EFw101,464170,0,2026-05-01 19:52:28.039,JCKEGFKVYZxVI9sCQlle,1,1
69e8d5c81e5253b56cfe784f,69e8d5c81e5253b56cfe784f_1777664682367,one_vial_alternating,1,10,Ics7FszvCEQdpASewj13,479186,1,2026-05-01 19:52:43.041,oAQbD2f8PrgLm4LxFHFS,1,1
69e8d5c81e5253b56cfe784f,69e8d5c81e5253b56cfe784f_1777664682367,one_vial_alternating,0,1,tpN3YCpDAPp14sgyF2qa,511352,0,2026-05-01 19:53:15.204,pXEn2UnWlWuF3Pb14m4X,1,1
69e8d5c81e5253b56cfe784f,69e8d5c81e5253b56cfe784f_1777664682367,one_vial_alternating,0,2,CODPTC4EkO2qZ43NfgjW,531269,0,2026-05-01 19:53:35.112,7SCQPaZHzNZtsLAyLrfr,1,1
69e8d5c81e5253b56cfe784f,69e8d5c81e5253b56cfe784f_1777664682367,one_vial_alternating,0,3,xSmSja8Ll7aUyigmJruW,551292,0,2026-05-01 19:53:55.156,jr5Bl4vNaM0EkyE25AIc,1,1
69e8d5c81e5253b56cfe784f,69e8d5c81e5253b56cfe784f_1777664682367,one_vial_alternating,0,4,wl7DHZ31kPSRkptghABj,571308,0,2026-05-01 19:54:15.162,TsUWlWsHNJ3THrXvMgij,1,1
69e8d5c81e5253b56cfe784f,69e8d5c81e5253b56cfe784f_1777664682367,one_vial_alternating,0,5,mLU4zXjjEr57jSmjgEWx,591329,1,2026-05-01 19:54:35.172,yXOhZDqKOSg0Ae9NbISH,1,1
69e8d5c81e5253b56cfe784f,69e8d5c81e5253b56cfe784f_1777664682367,one_vial_alternating,0,6,KIBpcnc4u5ndkjqX5uZU,611345,0,2026-05-01 19:54:55.196,MFf4QAehqemN1p1Vomn8,1,1
69e8d5c81e5253b56cfe784f,69e8d5c81e5253b56cfe784f_1777664682367,one_vial_alternating,0,7,y44U7DsvCXPn8tbSoxsj,631363,0,2026-05-01 19:55:15.202,F5WVILIUPLborsqb214U,1,1
69e8d5c81e5253b56cfe784f,69e8d5c81e5253b56cfe784f_1777664682367,one_vial_alternating,0,8,J79JLBoy8Mv1cCwfdS20,651383,0,2026-05-01 19:55:35.234,dIbH0sVpQBAR9c8dE3u8,1,1
69e8d5c81e5253b56cfe784f,69e8d5c81e5253b56cfe784f_1777664682367,one_vial_alternating,0,9,200OZCBwcOSUpyKrF55u,671409,0,2026-05-01 19:55:55.266,iua1ve3buUzYYLOSGlbW,1,1
69e8d5c81e5253b56cfe784f,69e8d5c81e5253b56cfe784f_1777664682367,one_vial_alternating,0,10,FpUjHZVEnS6uMMJbkpHB,691434,0,2026-05-01 19:56:15.293,iXUfLtKVBzssGcyL0Fk8,1,1
69e8d5c81e5253b56cfe784f,69e8d5c81e5253b56cfe784f_1777664682367,one_vial_alternating,0,11,y1KpGXxPtuzLHSd8Lsl5,711446,0,2026-05-01 19:56:35.303,dk2k0jlE3EY2dlpFeBb8,1,1
69e8d5c81e5253b56cfe784f,69e8d5c81e5253b56cfe784f_1777664682367,one_vial_alternating,0,12,k1O6zXh0YrRwr2sLiQ1m,731461,0,2026-05-01 19:56:55.317,eBoDkQWaJY1kvu4IjJpg,1,1
69e8d5c81e5253b56cfe784f,69e8d5c81e5253b56cfe784f_1777664682367,one_vial_alternating,0,13,bvVT393oJs5NWGqY9Ytn,751486,0,2026-05-01 19:57:15.345,1Vw98lYNG6QZ1XZrlMFg,1,1
69e8d5c81e5253b56cfe784f,69e8d5c81e5253b56cfe784f_1777664682367,one_vial_alternating,0,14,cAPykXgT1GgLL71dmg9G,771508,0,2026-05-01 19:57:35.359,xnaeO03an2UfgV0yuxqY,1,1
69e8d5c81e5253b56cfe784f,69e8d5c81e5253b56cfe784f_1777664682367,one_vial_alternating,0,15,JFGO4TJehjlaD7idsr9F,791529,0,2026-05-01 19:57:55.384,cee3pHqK89Oew1gstgvW,1,1
69e8d5c81e5253b56cfe784f,69e8d5c81e5253b56cfe784f_1777664682367,one_vial_alternating,0,16,8RcMnXgMtkki3RpRo06X,811555,1,2026-05-01 19:58:15.419,LVZnmM95AKGo47EVIqsU,1,1
69e8d5c81e5253b56cfe784f,69e8d5c81e5253b56cfe784f_1777664682367,one_vial_alternating,0,17,qCeuQ6SxRK3z8eObQOAN,831576,0,2026-05-01 19:58:35.431,X7mRPbaBcvTczqljXAft,1,1
69e8d5c81e5253b56cfe784f,69e8d5c81e5253b56cfe784f_1777664682367,one_vial_alternating,0,18,sJcUqtIE37KrskcBwPsj,851606,0,2026-05-01 19:58:55.464,YKV4ykKo4eOlzowYIojn,1,1
69e8d5c81e5253b56cfe784f,69e8d5c81e5253b56cfe784f_1777664682367,one_vial_alternating,0,19,6P3R3DoBK98O6FhKYVs0,871633,0,2026-05-01 19:59:15.492,eVs1tvTcPUvZIt0sWsYY,1,1
69e8d5c81e5253b56cfe784f,69e8d5c81e5253b56cfe784f_1777664682367,one_vial_alternating,0,20,uxhv4pny7T5kDgMITohV,891653,0,2026-05-01 19:59:35.506,hI3JdmJZtxMg1pzhXdn1,1,1
69e8d5c81e5253b56cfe784f,69e8d5c81e5253b56cfe784f_1777664682367,one_vial_alternating,0,21,VeRuQ3EHIHfCMPNwAnxM,911668,1,2026-05-01 19:59:55.562,rkLjxDt4YIDHySqQKdxo,1,1
69e8d5c81e5253b56cfe784f,69e8d5c81e5253b56cfe784f_1777664682367,one_vial_alternating,0,22,wT2y2TcZvRx11uYOsJNF,931676,0,2026-05-01 20:00:15.526,KjjXDCiBFIWdOQVeJSXH,1,1
69e8d5c81e5253b56cfe784f,69e8d5c81e5253b56cfe784f_1777664682367,one_vial_alternating,0,23,k0BvMxXJWIXlAdfHhUzs,951695,1,2026-05-01 20:00:35.559,EATvpJQWnkptLoyrPmG6,1,1
69e8d5c81e5253b56cfe784f,69e8d5c81e5253b56cfe784f_1777664682367,one_vial_alternating,0,24,Of4cPF01qB3SS49x3ExO,971723,0,2026-05-01 20:00:55.571,gGlpP1pohE02zjT2kvgP,1,1
69e8d5c81e5253b56cfe784f,69e8d5c81e5253b56cfe784f_1777664682367,one_vial_alternating,0,25,3ABMEagEhCZB8Wu3RwKo,991742,0,2026-05-01 20:01:15.600,Ffdz7M9kEBd9TQttkAjJ,1,1
69e8d5c81e5253b56cfe784f,69e8d5c81e5253b56cfe784f_1777664682367,one_vial_alternating,0,26,Dik6187EbQVV1yRGGNSN,1011761,0,2026-05-01 20:01:35.608,gYU52Vmz0WiCbqNqoftC,1,1
69e8d5c81e5253b56cfe784f,69e8d5c81e5253b56cfe784f_1777664682367,one_vial_alternating,0,27,3mQ7kCLCg9osZMYNrYd9,1031788,1,2026-05-01 20:01:55.643,PlYDYWjzLznuXWuq2P9M,1,1
69e8d5c81e5253b56cfe784f,69e8d5c81e5253b56cfe784f_1777664682367,one_vial_alternating,0,28,nZue8VZLmBpeAHtGWObc,1051812,0,2026-05-01 20:02:15.676,lQnAB9vaKcZMOgWsDW3r,1,1
69e8d5c81e5253b56cfe784f,69e8d5c81e5253b56cfe784f_1777664682367,one_vial_alternating,0,29,mSB2EUfPC7JSLyabWr8J,1071836,0,2026-05-01 20:02:35.693,KY0joMvejnNPUa0GK9te,1,1
69e8d5c81e5253b56cfe784f,69e8d5c81e5253b56cfe784f_1777664682367,one_vial_alternating,0,30,0HkjiUoN34U58fkdCz9E,1091856,0,2026-05-01 20:02:55.716,mEjR3gi3GL6gaJSZLvYq,1,1
69e8d5c81e5253b56cfe784f,69e8d5c81e5253b56cfe784f_1777664682367,one_vial_alternating,0,31,i7fOMSc06yQUmTLZweSl,1111877,0,2026-05-01 20:03:15.735,VqbihvpUe1QZ3Eg1ltSO,1,1
69e8d5c81e5253b56cfe784f,69e8d5c81e5253b56cfe784f_1777664682367,one_vial_alternating,0,32,zGAE8OI3jFYwPsC3uu3K,1131896,0,2026-05-01 20:03:35.756,DQeShR9Av7YpquDfhUl8,1,1
69e8d5c81e5253b56cfe784f,69e8d5c81e5253b56cfe784f_1777664682367,one_vial_alternating,0,33,yKOo6w2n24uvv3iSBgNl,1151911,0,2026-05-01 20:03:55.770,Tzv4WMAoSw0g5lgHUvaY,1,1
69e8d5c81e5253b56cfe784f,69e8d5c81e5253b56cfe784f_1777664682367,one_vial_alternating,0,34,63upYPqtQsfFTQLrty5R,1171937,1,2026-05-01 20:04:15.795,6sRkOeNo8Iz2yLMUkoDb,1,1
69e8d5c81e5253b56cfe784f,69e8d5c81e5253b56cfe784f_1777664682367,one_vial_alternating,0,35,YEXbOgi6UGvEwLO2f80o,1191951,0,2026-05-01 20:04:35.810,FBGQjUnUEyGwwMzqIEEb,1,1
69e8d5c81e5253b56cfe784f,69e8d5c81e5253b56cfe784f_1777664682367,one_vial_alternating,0,36,iLYNRfHgWs3djTk3vWIU,1211967,0,2026-05-01 20:04:55.823,xzbyF1n5iPUVYRlh4hR9,1,1
69f24e4dade8b7caf6a64dc4,69f24e4dade8b7caf6a64dc4_1777666904259,one_vial_alternating,1,1,,989912,0,2026-05-01 20:38:14.679,eTr7ZJi5Z6dLACCOXZJt,1,1
69f24e4dade8b7caf6a64dc4,69f24e4dade8b7caf6a64dc4_1777666904259,one_vial_alternating,0,2,syAAh08JrPh66yA9Kwuk,999365,0,2026-05-01 20:38:24.111,G7xWnKGyA8uNw9EVoEFi,1,1
69f24e4dade8b7caf6a64dc4,69f24e4dade8b7caf6a64dc4_1777666904259,one_vial_alternating,1,3,WGtvAQsWvCN4ZcRhYeI3,1014396,0,2026-05-01 20:38:39.158,AUeJrmv0DFCOKC4wH4Sr,1,1
69f24e4dade8b7caf6a64dc4,69f24e4dade8b7caf6a64dc4_1777666904259,one_vial_alternating,1,4,inDwbc9v2sDrPtLtk1kP,1029436,1,2026-05-01 20:38:54.200,Hq9kh5Xrghdx07yfOsIF,1,1
69f24e4dade8b7caf6a64dc4,69f24e4dade8b7caf6a64dc4_1777666904259,one_vial_alternating,1,5,vJxI62jDorRe0vR1fqWF,1044457,0,2026-05-01 20:39:09.220,CfHeewU7vw1GQ93MhHER,1,1
69f24e4dade8b7caf6a64dc4,69f24e4dade8b7caf6a64dc4_1777666904259,one_vial_alternating,1,6,Zso88VdI684kQiimADqW,1059483,0,2026-05-01 20:39:24.251,DD7jvZGQHQax3uq9hxG5,1,1
69f24e4dade8b7caf6a64dc4,69f24e4dade8b7caf6a64dc4_1777666904259,one_vial_alternating,1,7,waYrareQkJk9b4hbkyfR,1074497,0,2026-05-01 20:39:39.243,4MmSUQj8By273B6xmXWW,1,1
69f24e4dade8b7caf6a64dc4,69f24e4dade8b7caf6a64dc4_1777666904259,one_vial_alternating,1,8,zSQXcPIda2lY75nkZND8,1089534,1,2026-05-01 20:39:54.290,6pImkssZBH9ce8jUz1FR,1,1
69f24e4dade8b7caf6a64dc4,69f24e4dade8b7caf6a64dc4_1777666904259,one_vial_alternating,1,9,1OLjcq5NUu1qEkWLyDjo,1104565,0,2026-05-01 20:40:09.352,IJmtwFzPgbHAbLN8bHdb,1,1
69f24e4dade8b7caf6a64dc4,69f24e4dade8b7caf6a64dc4_1777666904259,one_vial_alternating,1,10,2smJxAYjMhIVraFbcFpI,1119583,1,2026-05-01 20:40:24.342,pYs4oSIrEBr6VMEf0rpM,1,1
69f24e4dade8b7caf6a64dc4,69f24e4dade8b7caf6a64dc4_1777666904259,one_vial_alternating,0,1,1De1Gc9rLYoo4vuuaIWR,1162033,0,2026-05-01 20:41:06.812,ET6d68X7EO8gsk2gdNcz,1,1
69f24e4dade8b7caf6a64dc4,69f24e4dade8b7caf6a64dc4_1777666904259,one_vial_alternating,0,2,5y1QT5lJGm0HCZWmaTry,1181964,0,2026-05-01 20:41:26.728,Uqhj7lNPFulMzdiA4tto,1,1
69f24e4dade8b7caf6a64dc4,69f24e4dade8b7caf6a64dc4_1777666904259,one_vial_alternating,0,3,3VqXTexWXEzqyjL4V97d,1201980,1,2026-05-01 20:41:46.735,o5J6AEVMHl0XkeICfBbC,1,1
69f24e4dade8b7caf6a64dc4,69f24e4dade8b7caf6a64dc4_1777666904259,one_vial_alternating,0,4,gMw09nJgRDNT1tEblQdH,1222004,1,2026-05-01 20:42:06.774,yrvaUhhMRASpxtt7ARba,1,1
69f24e4dade8b7caf6a64dc4,69f24e4dade8b7caf6a64dc4_1777666904259,one_vial_alternating,0,5,zuIfOBU3Ta9cNdrnQhm8,1242042,0,2026-05-01 20:42:26.814,rstJkidjy0ttyrmqzV7Z,1,1
69f24e4dade8b7caf6a64dc4,69f24e4dade8b7caf6a64dc4_1777666904259,one_vial_alternating,0,6,1FPmtcgF11CZjyZDyrQb,1262071,0,2026-05-01 20:42:46.836,bi7wxuvXlY79u76RWPmW,1,1
69f24e4dade8b7caf6a64dc4,69f24e4dade8b7caf6a64dc4_1777666904259,one_vial_alternating,0,7,7n07yvrw4inQM6UFqMrP,1282080,0,2026-05-01 20:43:06.837,9UBbkpKwV7ssGMuZ7UaN,1,1
69f24e4dade8b7caf6a64dc4,69f24e4dade8b7caf6a64dc4_1777666904259,one_vial_alternating,0,8,OvbWmKZ4CBdDRezEkt1G,1302104,0,2026-05-01 20:43:26.879,A70xnTOfhmz1XAdoZRZo,1,1
69f24e4dade8b7caf6a64dc4,69f24e4dade8b7caf6a64dc4_1777666904259,one_vial_alternating,0,9,BQ5GdFXAZO14bO2ka6SG,1322129,1,2026-05-01 20:43:46.879,ptMX7Kal0g6AGBf8JnRh,1,1
69f24e4dade8b7caf6a64dc4,69f24e4dade8b7caf6a64dc4_1777666904259,one_vial_alternating,0,10,fnEOSn1vdmk3HJGP85jx,1342160,0,2026-05-01 20:44:06.923,vorT0kJ3VpZ4A2q0L0LI,1,1
69f24e4dade8b7caf6a64dc4,69f24e4dade8b7caf6a64dc4_1777666904259,one_vial_alternating,0,11,s1tOEvyYJdrSH8FH9iPM,1362177,0,2026-05-01 20:44:26.953,94qYEfbgyvru6P4RkWe4,1,1
69f24e4dade8b7caf6a64dc4,69f24e4dade8b7caf6a64dc4_1777666904259,one_vial_alternating,0,12,MHQfbBRh9aKTPcML60WT,1382204,0,2026-05-01 20:44:46.982,Z93J99JpAO8COAH7Vuj5,1,1
69f24e4dade8b7caf6a64dc4,69f24e4dade8b7caf6a64dc4_1777666904259,one_vial_alternating,0,13,u2azBcqPGsKmt4CkyvUS,1402222,0,2026-05-01 20:45:06.993,Ovg36M4NGnXPdanMzarw,1,1
69f24e4dade8b7caf6a64dc4,69f24e4dade8b7caf6a64dc4_1777666904259,one_vial_alternating,0,14,GGZc9qfnJJ3hoJP04o4N,1422250,0,2026-05-01 20:45:27.008,ShnQLqJGdTXiaJJNiywR,1,1
69f24e4dade8b7caf6a64dc4,69f24e4dade8b7caf6a64dc4_1777666904259,one_vial_alternating,0,15,UzP1b7NnadpSAgQAPrCq,1442278,0,2026-05-01 20:45:47.048,zfI2mrD2eukIHMtmhP9k,1,1
69f24e4dade8b7caf6a64dc4,69f24e4dade8b7caf6a64dc4_1777666904259,one_vial_alternating,0,16,ousBJ2lwVPA3Iog9yR4f,1462297,0,2026-05-01 20:46:07.054,YRStrvRi958gmcHiFme5,1,1
69f24e4dade8b7caf6a64dc4,69f24e4dade8b7caf6a64dc4_1777666904259,one_vial_alternating,0,17,jMtHsSGfBa4p9wzb7hQT,1482309,0,2026-05-01 20:46:27.208,j26P7gYBt2RdciOTKjt9,1,1
69f24e4dade8b7caf6a64dc4,69f24e4dade8b7caf6a64dc4_1777666904259,one_vial_alternating,0,18,DfAW9X81C48yfyCNUw09,1502348,0,2026-05-01 20:46:47.137,G6x8njNpuxrrTNtuy6B8,1,1
69f24e4dade8b7caf6a64dc4,69f24e4dade8b7caf6a64dc4_1777666904259,one_vial_alternating,0,19,C76BAmi0wdJiP3Do3KaX,1522378,0,2026-05-01 20:47:07.162,1ecFqgh5TqQxsOctpWJZ,1,1
69f24e4dade8b7caf6a64dc4,69f24e4dade8b7caf6a64dc4_1777666904259,one_vial_alternating,0,20,7mqlpa6ohkI5H3n0m6KZ,1542411,0,2026-05-01 20:47:27.184,dPrQO9nL2F9QlM4JDBYT,1,1
69f24e4dade8b7caf6a64dc4,69f24e4dade8b7caf6a64dc4_1777666904259,one_vial_alternating,0,21,mRKDOc4M8K7bP4C3BGMJ,1562431,0,2026-05-01 20:47:47.191,ozMZSpKWVbkHlsUM6Qd4,1,1
69f24e4dade8b7caf6a64dc4,69f24e4dade8b7caf6a64dc4_1777666904259,one_vial_alternating,0,22,pI6AuM8YcD8ffGpWLO0s,1582447,1,2026-05-01 20:48:07.210,7uCAJh918VmrM84vanyC,1,1
69f24e4dade8b7caf6a64dc4,69f24e4dade8b7caf6a64dc4_1777666904259,one_vial_alternating,0,23,FZ2UjKHOrfayZTmrjAwR,1602477,0,2026-05-01 20:48:27.249,zIyi4sgykRKiRGcwX8b3,1,1
69f24e4dade8b7caf6a64dc4,69f24e4dade8b7caf6a64dc4_1777666904259,one_vial_alternating,0,24,rYuArlNDAEy2bgrOmQXc,1622501,0,2026-05-01 20:48:47.260,iCtyjGdNfKlJq9r1aTjc,1,1
69f24e4dade8b7caf6a64dc4,69f24e4dade8b7caf6a64dc4_1777666904259,one_vial_alternating,0,25,yCr6qU4Q8rMoN0En3Hon,1642527,0,2026-05-01 20:49:07.287,J6HmMLYjK1CRuD5qmQbq,1,1
69f24e4dade8b7caf6a64dc4,69f24e4dade8b7caf6a64dc4_1777666904259,one_vial_alternating,0,26,2fLdgO7f1hFxzKKVdQFl,1662563,0,2026-05-01 20:49:27.337,uDG1D183OIkwJrrFoNzw,1,1
69f24e4dade8b7caf6a64dc4,69f24e4dade8b7caf6a64dc4_1777666904259,one_vial_alternating,0,27,PMXWMlcDSLZVLD9emuNP,1682593,1,2026-05-01 20:49:47.365,ayEZe399XJBR1J5qgjS5,1,1
69f24e4dade8b7caf6a64dc4,69f24e4dade8b7caf6a64dc4_1777666904259,one_vial_alternating,0,28,PkaOOKJThXGq9Qk9JtQP,1702623,0,2026-05-01 20:50:07.397,IncyaMWwOpOoS6HdVaBV,1,1
69f24e4dade8b7caf6a64dc4,69f24e4dade8b7caf6a64dc4_1777666904259,one_vial_alternating,0,29,TsrIkScCTgRmje84pC9D,1722646,1,2026-05-01 20:50:27.409,7YawkWWGhOAGwzGOMVpf,1,1
69f24e4dade8b7caf6a64dc4,69f24e4dade8b7caf6a64dc4_1777666904259,one_vial_alternating,0,30,nunkUKvySUFH0NGdEJfh,1742663,0,2026-05-01 20:50:47.434,kh5e5KsT7WM4vGeTUM1m,1,1
69f24e4dade8b7caf6a64dc4,69f24e4dade8b7caf6a64dc4_1777666904259,one_vial_alternating,0,31,6QMujggIaDdhH25cez4t,1762684,0,2026-05-01 20:51:07.472,2rV3WTeZUpNPrVY5BVqX,1,1
69f24e4dade8b7caf6a64dc4,69f24e4dade8b7caf6a64dc4_1777666904259,one_vial_alternating,0,32,dow37dA763UytcDskj57,1782708,0,2026-05-01 20:51:27.479,sRBdw9Uz3fe7Nfzfx6qH,1,1
69f24e4dade8b7caf6a64dc4,69f24e4dade8b7caf6a64dc4_1777666904259,one_vial_alternating,0,33,Eo6G7QGFSm4wY4fQUt9x,1802737,0,2026-05-01 20:51:47.524,iSgyGMFQ0xgAoPyFQZmc,1,1
69f24e4dade8b7caf6a64dc4,69f24e4dade8b7caf6a64dc4_1777666904259,one_vial_alternating,0,34,mmklwv1TO2ZkQNri8rHQ,1822747,0,2026-05-01 20:52:07.535,VBGqMYgwOcFi27y4iUDz,1,1
69f24e4dade8b7caf6a64dc4,69f24e4dade8b7caf6a64dc4_1777666904259,one_vial_alternating,0,35,bsGPBnv4RwJiFSr51ptj,1842788,1,2026-05-01 20:52:27.567,uDh2zj88wP7MDVSNsppV,1,1
69f24e4dade8b7caf6a64dc4,69f24e4dade8b7caf6a64dc4_1777666904259,one_vial_alternating,0,36,vanD43N5GD5cA8mit7c7,1862814,0,2026-05-01 20:52:47.592,AX0w3WoxBfAJrwCEUnca,1,1
69f25f4441180ef1a098b1d7,69f25f4441180ef1a098b1d7_1777664609029,one_vial_alternating,1,1,,270947,0,2026-05-01 19:47:58.854,qmq2zV0b0evm9SLmTg6p,1,1
69f25f4441180ef1a098b1d7,69f25f4441180ef1a098b1d7_1777664609029,one_vial_alternating,1,2,cftOhHPgVa0KpjaopPLj,285881,1,2026-05-01 19:48:13.814,jkvYjHRturoS0491aT4d,1,1
69f25f4441180ef1a098b1d7,69f25f4441180ef1a098b1d7_1777664609029,one_vial_alternating,1,3,CZMWxjmWlrs1hQ1Lf0Xi,300907,1,2026-05-01 19:48:28.819,iBTw5A2P1JqlRMWUabBF,1,1
69f25f4441180ef1a098b1d7,69f25f4441180ef1a098b1d7_1777664609029,one_vial_alternating,1,4,iVZkiwM9axyBRMgNP3Fk,315933,0,2026-05-01 19:48:43.813,XmsjtjC890uCuaJlTG2Y,1,1
69f25f4441180ef1a098b1d7,69f25f4441180ef1a098b1d7_1777664609029,one_vial_alternating,1,5,NCtiF9o100VtLDhH8aJF,331050,0,2026-05-01 19:48:58.939,lI6rh1QIpIAFRxn9exFD,1,1
69f25f4441180ef1a098b1d7,69f25f4441180ef1a098b1d7_1777664609029,one_vial_alternating,1,6,n0SR1JjaBGZpjZyXhIyw,346076,2,2026-05-01 19:49:13.983,a2Pckyh9Bj1QmT0HiMod,1,1
69f25f4441180ef1a098b1d7,69f25f4441180ef1a098b1d7_1777664609029,one_vial_alternating,1,7,222Qq0dBi5HEj3HBJEIv,361099,0,2026-05-01 19:49:29.025,uf0PYudVhwQAbWOYixTc,1,1
69f25f4441180ef1a098b1d7,69f25f4441180ef1a098b1d7_1777664609029,one_vial_alternating,1,8,sd0QxqRcQsEc6teE0fvz,376121,0,2026-05-01 19:49:44.022,BVyOVXSAjU3m3kP6KmFs,1,1
69f25f4441180ef1a098b1d7,69f25f4441180ef1a098b1d7_1777664609029,one_vial_alternating,1,9,PUQ8RDAP9blCp8vCP3ry,391193,0,2026-05-01 19:49:59.101,ohnjYQ1L3N5xrwkqK0KB,1,1
69f25f4441180ef1a098b1d7,69f25f4441180ef1a098b1d7_1777664609029,one_vial_alternating,1,10,F3ZOGOK0Oj192isIO4OL,406237,0,2026-05-01 19:50:14.141,omNjEFX0FBZB61QEFvDA,1,1
69f25f4441180ef1a098b1d7,69f25f4441180ef1a098b1d7_1777664609029,one_vial_alternating,0,1,edOHqa1XSpjR5zHhlDpz,434938,0,2026-05-01 19:50:42.944,nIIgY7JhtDNfwTojThjh,1,1
69f25f4441180ef1a098b1d7,69f25f4441180ef1a098b1d7_1777664609029,one_vial_alternating,0,2,6th83HPqbTb8Iv3A0vIt,454872,0,2026-05-01 19:51:02.773,Ck5kaiTapsk6ZQarZpDB,1,1
69f25f4441180ef1a098b1d7,69f25f4441180ef1a098b1d7_1777664609029,one_vial_alternating,0,3,J5pNQ4VIlrUMYmx1J1sJ,474924,0,2026-05-01 19:51:22.851,x8UPYhMPWtpWbHyfUU1e,1,1
69f25f4441180ef1a098b1d7,69f25f4441180ef1a098b1d7_1777664609029,one_vial_alternating,0,4,NW5NXxjZKKINodJO1cSG,495037,0,2026-05-01 19:51:42.958,pUmCvvVdyLnNEYPcpGsm,1,1
69f25f4441180ef1a098b1d7,69f25f4441180ef1a098b1d7_1777664609029,one_vial_alternating,0,5,Y00WIrKwUULhjAdG3Buw,515091,0,2026-05-01 19:52:03.025,HL9RxtgDAu95KCzdcR0E,1,1
69f25f4441180ef1a098b1d7,69f25f4441180ef1a098b1d7_1777664609029,one_vial_alternating,0,6,91jw2tshRSoWDjU5YOci,535210,0,2026-05-01 19:52:23.095,oahh3HZ1hBsXxntORSyP,1,1
69f25f4441180ef1a098b1d7,69f25f4441180ef1a098b1d7_1777664609029,one_vial_alternating,0,7,Gf6nTYM2fSxds3ejbH8E,555301,0,2026-05-01 19:52:43.202,9hF1CW0BLdoaUDo1Oo39,1,1
69f25f4441180ef1a098b1d7,69f25f4441180ef1a098b1d7_1777664609029,one_vial_alternating,0,8,QEy5dQfya4qrryQyMchr,575380,1,2026-05-01 19:53:03.277,gU4dua7YTU6EGaa12ipZ,1,1
69f25f4441180ef1a098b1d7,69f25f4441180ef1a098b1d7_1777664609029,one_vial_alternating,0,9,8kLdZj5kHf331gAyHbBy,595424,0,2026-05-01 19:53:23.325,8IoL2duhMVdCLAz1dCjn,1,1
69f25f4441180ef1a098b1d7,69f25f4441180ef1a098b1d7_1777664609029,one_vial_alternating,0,10,80CFMVQ1wziS10FQ0p8D,615557,0,2026-05-01 19:53:43.457,r7ZX79MldkMwWrTr2jEi,1,1
69f25f4441180ef1a098b1d7,69f25f4441180ef1a098b1d7_1777664609029,one_vial_alternating,0,11,hP4U6wou6zlCilxdI8fF,635765,0,2026-05-01 19:54:03.663,VlvpHWx3ttkwRApWhgDo,1,1
69f25f4441180ef1a098b1d7,69f25f4441180ef1a098b1d7_1777664609029,one_vial_alternating,0,12,LXv9QNXQJTDtdBRHiqzV,655893,0,2026-05-01 19:54:23.791,EIFR0dcj3kK9MZZfGeKz,1,1
69f25f4441180ef1a098b1d7,69f25f4441180ef1a098b1d7_1777664609029,one_vial_alternating,0,13,dbiHDlfZZAZBaHOqjOzb,675943,1,2026-05-01 19:54:43.836,l5Kd22w4VNZ5rgyCYUf9,1,1
69f25f4441180ef1a098b1d7,69f25f4441180ef1a098b1d7_1777664609029,one_vial_alternating,0,14,wdj414C664xpHOjxGlmS,695995,0,2026-05-01 19:55:03.881,W7C4SGrTrSZZ3sJa6Lt2,1,1
69f25f4441180ef1a098b1d7,69f25f4441180ef1a098b1d7_1777664609029,one_vial_alternating,0,15,TtpymaRUiWmEsI0X97Tk,716116,0,2026-05-01 19:55:24.014,a570zve5U2t9TBkISPxp,1,1
69f25f4441180ef1a098b1d7,69f25f4441180ef1a098b1d7_1777664609029,one_vial_alternating,0,16,4I7EwN9MmbSvSPpDFkHu,736168,0,2026-05-01 19:55:44.069,yZbsW5Uj0RF0ukOdS4UL,1,1
69f25f4441180ef1a098b1d7,69f25f4441180ef1a098b1d7_1777664609029,one_vial_alternating,0,17,VikhVGsfIVySeZHlhEZg,756294,0,2026-05-01 19:56:04.190,ywqvbTbC62LMLcrAI6SJ,1,1
69f25f4441180ef1a098b1d7,69f25f4441180ef1a098b1d7_1777664609029,one_vial_alternating,0,18,WPB5xe98qsohs3pIuagb,776363,0,2026-05-01 19:56:24.266,K75iCbF6uK1rNPK1T3qa,1,1
69f25f4441180ef1a098b1d7,69f25f4441180ef1a098b1d7_1777664609029,one_vial_alternating,0,19,Elb21DYgUPWxwWrDxt6F,796408,0,2026-05-01 19:56:44.309,QvtIIm8vt0Y4UonMYp6C,1,1
69f25f4441180ef1a098b1d7,69f25f4441180ef1a098b1d7_1777664609029,one_vial_alternating,0,20,Kwz2V3stk3PHfiaqKEaR,816547,1,2026-05-01 19:57:04.462,xS5DjGEhFlGrVSUDtphI,1,1
69f25f4441180ef1a098b1d7,69f25f4441180ef1a098b1d7_1777664609029,one_vial_alternating,0,21,efHPLkuz9wkvOVOaL7BS,836657,0,2026-05-01 19:57:24.562,qoldT8yq6349W5TnxfK8,1,1
69f25f4441180ef1a098b1d7,69f25f4441180ef1a098b1d7_1777664609029,one_vial_alternating,0,22,npFfqyxAzUVWGBXto9Ka,856749,2,2026-05-01 19:57:44.709,4XY0tDUYO3tv9CFrVC6U,1,1
69f25f4441180ef1a098b1d7,69f25f4441180ef1a098b1d7_1777664609029,one_vial_alternating,0,23,nVSPuIY35xg0HoOpMHM1,876823,1,2026-05-01 19:58:04.733,eJBuZHQxUfomqc8gHE5z,1,1
69f25f4441180ef1a098b1d7,69f25f4441180ef1a098b1d7_1777664609029,one_vial_alternating,0,24,qgjVJJrnkXyVh1OdWdbm,896886,0,2026-05-01 19:58:24.774,7gXOehy7ihToCygMaN1Z,1,1
69f25f4441180ef1a098b1d7,69f25f4441180ef1a098b1d7_1777664609029,one_vial_alternating,0,25,uLvPf7zYLMrAqjqBJPzM,916987,0,2026-05-01 19:58:44.883,6TMIitVXUjKb3WTrvm1s,1,1
69f25f4441180ef1a098b1d7,69f25f4441180ef1a098b1d7_1777664609029,one_vial_alternating,0,26,yoEDIUAWayyl7i7PT1Np,937077,0,2026-05-01 19:59:04.986,wIfCgYgHaLt5vrdwYOC6,1,1
69f25f4441180ef1a098b1d7,69f25f4441180ef1a098b1d7_1777664609029,one_vial_alternating,0,27,ZRG3xgSDRjTF5gdVZkkK,957123,0,2026-05-01 19:59:25.024,3NSiYXFTvBWU5OU8E21W,1,1
69f25f4441180ef1a098b1d7,69f25f4441180ef1a098b1d7_1777664609029,one_vial_alternating,0,28,fG0Q61eN6N0cTFlAZc1n,977219,1,2026-05-01 19:59:45.128,6THmnUfc55HXQtQBkTL9,1,1
69f25f4441180ef1a098b1d7,69f25f4441180ef1a098b1d7_1777664609029,one_vial_alternating,0,29,0BeIOIo9w6oeqBfVdClT,997325,0,2026-05-01 20:00:05.235,6h6cFZB7d4M2H7mqvLWH,1,1
69f25f4441180ef1a098b1d7,69f25f4441180ef1a098b1d7_1777664609029,one_vial_alternating,0,30,XeLCHFfudrJIdZINxuWl,1017348,0,2026-05-01 20:00:25.270,wSjrr8IHXwqlvwsz5d8y,1,1
69f25f4441180ef1a098b1d7,69f25f4441180ef1a098b1d7_1777664609029,one_vial_alternating,0,31,XDQHqHfTJ2VsD1yzlwT1,1037371,0,2026-05-01 20:00:45.288,dRnQjMCq25p9w7xfkBBM,1,1
69f25f4441180ef1a098b1d7,69f25f4441180ef1a098b1d7_1777664609029,one_vial_alternating,0,32,729WoS8pHbSvDYX9YwVp,1057404,0,2026-05-01 20:01:05.440,UoBCzGj37C2dblJGviK3,1,1
69f25f4441180ef1a098b1d7,69f25f4441180ef1a098b1d7_1777664609029,one_vial_alternating,0,33,SadRImh91os2lw7sTkbk,1077429,0,2026-05-01 20:01:25.344,CbbuiBIB7W4sALQm6lF3,1,1
69f25f4441180ef1a098b1d7,69f25f4441180ef1a098b1d7_1777664609029,one_vial_alternating,0,34,6b79miXhntfxzJ12SQ4b,1097448,0,2026-05-01 20:01:45.355,wyN24EPP47gw7gcgmQdJ,1,1
69f25f4441180ef1a098b1d7,69f25f4441180ef1a098b1d7_1777664609029,one_vial_alternating,0,35,IkCQ72nMHuKlyA5WVPDQ,1117470,1,2026-05-01 20:02:05.385,iDHi5lrdyT6RHHmjekZP,1,1
69f25f4441180ef1a098b1d7,69f25f4441180ef1a098b1d7_1777664609029,one_vial_alternating,0,36,igvjQO6BOWfgTIx1f6zA,1137508,0,2026-05-01 20:02:25.415,Y5OOsatQw7A5Eipgb4oc,1,1
69f2fa609904d03393fd6cd1,69f2fa609904d03393fd6cd1_1777664737057,one_vial_alternating,1,1,,319273,1,2026-05-01 19:50:56.603,vW0N0FugMbCsuTv9UQwM,1,1
69f2fa609904d03393fd6cd1,69f2fa609904d03393fd6cd1_1777664737057,one_vial_alternating,1,2,AlHmRwGnGMhdGCAPK4yJ,334214,1,2026-05-01 19:51:11.537,b08RBKZ5tLqDcBDrTCB6,1,1
69f2fa609904d03393fd6cd1,69f2fa609904d03393fd6cd1_1777664737057,one_vial_alternating,1,3,Ds8yJrevGwsQ4eASjB5k,349220,1,2026-05-01 19:51:26.526,bbAoFlaBBFaQfkUtfxxM,1,1
69f2fa609904d03393fd6cd1,69f2fa609904d03393fd6cd1_1777664737057,one_vial_alternating,1,4,YfEvWt1phl4ZXM1Wzkcz,364226,0,2026-05-01 19:51:41.560,R0hTiwS1UZR9ZQcTFZzr,1,1
69f2fa609904d03393fd6cd1,69f2fa609904d03393fd6cd1_1777664737057,one_vial_alternating,1,5,GKXQhi9t30IIDnIH9XqJ,379236,1,2026-05-01 19:51:56.546,wC8j7Z0jGQvIymQlA6HB,1,1
69f2fa609904d03393fd6cd1,69f2fa609904d03393fd6cd1_1777664737057,one_vial_alternating,1,6,jO4zMJYWzfUiBHbzmQvM,394245,0,2026-05-01 19:52:11.557,I9Bgyk1pyOi2mEhgLQ8s,1,1
69f2fa609904d03393fd6cd1,69f2fa609904d03393fd6cd1_1777664737057,one_vial_alternating,1,7,JKBjjqmsZZUXDm84deHA,409252,1,2026-05-01 19:52:26.565,1N7MutpJcGjjwJ4bUOEC,1,1
69f2fa609904d03393fd6cd1,69f2fa609904d03393fd6cd1_1777664737057,one_vial_alternating,1,8,chv4HswWN0o51jMs82sH,424260,1,2026-05-01 19:52:41.587,mQz4LSnc3LVpuPD7q0VQ,1,1
69f2fa609904d03393fd6cd1,69f2fa609904d03393fd6cd1_1777664737057,one_vial_alternating,1,9,xgpKqsPcrkJ7oNBQKiN5,439266,0,2026-05-01 19:52:56.601,gXTCp70SueEaYOQM64Ig,1,1
69f2fa609904d03393fd6cd1,69f2fa609904d03393fd6cd1_1777664737057,one_vial_alternating,1,10,eSfvVtIJvDCdxL2A9L7q,454273,0,2026-05-01 19:53:11.606,bKQWvcpMtP1NA6dja1wp,1,1
69f2fa609904d03393fd6cd1,69f2fa609904d03393fd6cd1_1777664737057,one_vial_alternating,0,1,TIbx8crRt1lhs6gWYfJi,496615,1,2026-05-01 19:53:54.029,t37xo73V6whuYImmzxcL,1,1
69f2fa609904d03393fd6cd1,69f2fa609904d03393fd6cd1_1777664737057,one_vial_alternating,0,2,EHQuu0GhLOd5pi37YhkU,516526,0,2026-05-01 19:54:13.844,sgsM4HxMV4zBNVvOpXo3,1,1
69f2fa609904d03393fd6cd1,69f2fa609904d03393fd6cd1_1777664737057,one_vial_alternating,0,3,WcDKqBXUTbY985E1EJ5F,536534,0,2026-05-01 19:54:33.850,PAlPGjR6WHrOu3wh8OYG,1,1
69f2fa609904d03393fd6cd1,69f2fa609904d03393fd6cd1_1777664737057,one_vial_alternating,0,4,inDfOe1XGmSINCBy96z2,556540,0,2026-05-01 19:54:53.854,kLrWci3WNkbWbc37Zdmk,1,1
69f2fa609904d03393fd6cd1,69f2fa609904d03393fd6cd1_1777664737057,one_vial_alternating,0,5,ynWo1QZKHzflIMMvLi3C,576546,0,2026-05-01 19:55:13.867,dnBmWXwdYmolPm9lcl1q,1,1
69f2fa609904d03393fd6cd1,69f2fa609904d03393fd6cd1_1777664737057,one_vial_alternating,0,6,biKXZ4peiRwlww6ZRn4q,596553,1,2026-05-01 19:55:33.886,XXvlJtzlvLqVmMlyZgmT,1,1
69f2fa609904d03393fd6cd1,69f2fa609904d03393fd6cd1_1777664737057,one_vial_alternating,0,7,yoQpPbJIdy8cxzpoXwE9,616559,0,2026-05-01 19:55:53.872,H3lxO5CPA6p7po23zyx5,1,1
69f2fa609904d03393fd6cd1,69f2fa609904d03393fd6cd1_1777664737057,one_vial_alternating,0,8,IcLH7vQ2O1dK1ZdveWJ5,636573,0,2026-05-01 19:56:13.902,3kqxi8kkSjJoKKvURskJ,1,1
69f2fa609904d03393fd6cd1,69f2fa609904d03393fd6cd1_1777664737057,one_vial_alternating,0,9,Rx5rKeqgIq8UrOw07TWD,656582,0,2026-05-01 19:56:33.898,wxa8EMK6WF6ZSKedrI3S,1,1
69f2fa609904d03393fd6cd1,69f2fa609904d03393fd6cd1_1777664737057,one_vial_alternating,0,10,o0U0uY4R1f1RmtL2Y7u1,676589,0,2026-05-01 19:56:53.928,00tFF7fxhljVdvWyHVmz,1,1
69f2fa609904d03393fd6cd1,69f2fa609904d03393fd6cd1_1777664737057,one_vial_alternating,0,11,UfEs7CVjX86JYiraic3V,696596,0,2026-05-01 19:57:13.942,oF51VVN5bER9sR3kQkI9,1,1
69f2fa609904d03393fd6cd1,69f2fa609904d03393fd6cd1_1777664737057,one_vial_alternating,0,12,ZjnyVuCF471uoLSArrr2,716603,1,2026-05-01 19:57:33.921,Pqg0TTQ9CyqzcOcOStwl,1,1
69f2fa609904d03393fd6cd1,69f2fa609904d03393fd6cd1_1777664737057,one_vial_alternating,0,13,UyDAs8SoSeaBmuwvYVkS,736609,1,2026-05-01 19:57:53.949,05yfvLWHcp60oe6LraGj,1,1
69f2fa609904d03393fd6cd1,69f2fa609904d03393fd6cd1_1777664737057,one_vial_alternating,0,14,Wh7YONwZndQjIbrEdfPf,756617,0,2026-05-01 19:58:13.950,piAh4lSGVcA6Q2QIay1h,1,1
69f2fa609904d03393fd6cd1,69f2fa609904d03393fd6cd1_1777664737057,one_vial_alternating,0,15,4mjmKsX8L3w8xacht2Iq,776629,1,2026-05-01 19:58:33.968,paPlWcxaMtbgrW8LBu2C,1,1
69f2fa609904d03393fd6cd1,69f2fa609904d03393fd6cd1_1777664737057,one_vial_alternating,0,16,ej4u1ZqQrOp2huAHd2vq,796635,0,2026-05-01 19:58:53.968,37hAOsbqKQFuBFI3anD9,1,1
69f2fa609904d03393fd6cd1,69f2fa609904d03393fd6cd1_1777664737057,one_vial_alternating,0,17,SRRgohxJCYrRCPrylpHV,816641,0,2026-05-01 19:59:13.968,UdAFN8i2gD237naeTh6i,1,1
69f2fa609904d03393fd6cd1,69f2fa609904d03393fd6cd1_1777664737057,one_vial_alternating,0,18,DJ4WGzfkL4RhFEXCkEMG,836646,0,2026-05-01 19:59:33.985,MjBKDDmWEdFrvlrvH4uB,1,1
69f2fa609904d03393fd6cd1,69f2fa609904d03393fd6cd1_1777664737057,one_vial_alternating,0,19,mOESynvRpS22ZguCHGiU,856654,0,2026-05-01 19:59:53.972,9L7HZtMc9DZy0rwp3yft,1,1
69f2fa609904d03393fd6cd1,69f2fa609904d03393fd6cd1_1777664737057,one_vial_alternating,0,20,BJfnxPaEhrL15J3d5CpE,876668,0,2026-05-01 20:00:14.008,PxNweU0nD1NoiXcHTWh3,1,1
69f2fa609904d03393fd6cd1,69f2fa609904d03393fd6cd1_1777664737057,one_vial_alternating,0,21,ZKjrWyoMqPxXoQTWjm4t,896676,0,2026-05-01 20:00:33.999,80h4aX5fnIDiK4VFdZqS,1,1
69f2fa609904d03393fd6cd1,69f2fa609904d03393fd6cd1_1777664737057,one_vial_alternating,0,22,WoRAJ1tcU7wHIk90G7PF,916682,0,2026-05-01 20:00:54.041,HzCO3vJG4HRvoiIkQoG0,1,1
69f2fa609904d03393fd6cd1,69f2fa609904d03393fd6cd1_1777664737057,one_vial_alternating,0,23,mhlKcyOs4jk3eaYVabZv,936688,0,2026-05-01 20:01:14.020,kEzjkk9UFIHhW4EjPhIQ,1,1
69f2fa609904d03393fd6cd1,69f2fa609904d03393fd6cd1_1777664737057,one_vial_alternating,0,24,zHMRKkveaJEPmpVfhhH2,956694,0,2026-05-01 20:01:34.018,GiKGwquo9tNXmfmKvHZ8,1,1
69f2fa609904d03393fd6cd1,69f2fa609904d03393fd6cd1_1777664737057,one_vial_alternating,0,25,9Rp7Gxe5ZtXwd57hZcgq,976706,0,2026-05-01 20:01:54.043,gWOCFd8K5QSstfdBCt7U,1,1
69f2fa609904d03393fd6cd1,69f2fa609904d03393fd6cd1_1777664737057,one_vial_alternating,0,26,ti8gjDA0DASLqaI9QVGN,996716,1,2026-05-01 20:02:14.042,wpfLoHmUgi5g6gOB0voG,1,1
69f2fa609904d03393fd6cd1,69f2fa609904d03393fd6cd1_1777664737057,one_vial_alternating,0,27,ux0Kg6Pu0X33yHVFGafc,1016723,0,2026-05-01 20:02:34.063,EeKuy6yLkdE5zIsbGwAW,1,1
69f2fa609904d03393fd6cd1,69f2fa609904d03393fd6cd1_1777664737057,one_vial_alternating,0,28,7H1HntetNgpkRbDNIedf,1036730,0,2026-05-01 20:02:54.076,aZ4LnDqCWj6lgMZ2C6xr,1,1
69f2fa609904d03393fd6cd1,69f2fa609904d03393fd6cd1_1777664737057,one_vial_alternating,0,29,lijWdArEz4YH9EkwPcOr,1056737,1,2026-05-01 20:03:14.096,R6bahc6HbHGnCSYrHcdi,1,1
69f2fa609904d03393fd6cd1,69f2fa609904d03393fd6cd1_1777664737057,one_vial_alternating,0,30,3N0dWtt25UwTG14FbV6W,1076742,0,2026-05-01 20:03:34.071,QCLlkC6AibDeivRvWyTs,1,1
69f2fa609904d03393fd6cd1,69f2fa609904d03393fd6cd1_1777664737057,one_vial_alternating,0,31,De54YmwmWSPqWCg00Djw,1096750,1,2026-05-01 20:03:54.082,fgms5nhKh03EDa0TnzJC,1,1
69f2fa609904d03393fd6cd1,69f2fa609904d03393fd6cd1_1777664737057,one_vial_alternating,0,32,W2yXcwQbo6CKNpZXzsV7,1116755,1,2026-05-01 20:04:14.084,djV9x701DA6xu5vHriEs,1,1
69f2fa609904d03393fd6cd1,69f2fa609904d03393fd6cd1_1777664737057,one_vial_alternating,0,33,OTayYwvNoAq2UxAZ2rZb,1136761,0,2026-05-01 20:04:34.105,WBnfFPrMxEcLKdwioLxa,1,1
69f2fa609904d03393fd6cd1,69f2fa609904d03393fd6cd1_1777664737057,one_vial_alternating,0,34,TgNxrjkEIRXrWcId9uwt,1156772,1,2026-05-01 20:04:54.104,Ful0SalHEd1YXD444spH,1,1
69f2fa609904d03393fd6cd1,69f2fa609904d03393fd6cd1_1777664737057,one_vial_alternating,0,35,H6TcFrZn9mgWve3Gouj9,1176777,1,2026-05-01 20:05:14.104,yB4dTTG3HwcNwxkjWOaf,1,1
69f2fa609904d03393fd6cd1,69f2fa609904d03393fd6cd1_1777664737057,one_vial_alternating,0,36,obZdsEijuhjh9reUa0kr,1196784,0,2026-05-01 20:05:34.141,ou54WEfmoNV0bfPpFAPe,1,1
69f387595d8ffe70c7914f68,69f387595d8ffe70c7914f68_1777665106034,one_vial_alternating,1,1,,1503153,0,2026-05-01 20:16:48.877,F8kJEwpuTjUMHPyMpjhz,1,1
69f387595d8ffe70c7914f68,69f387595d8ffe70c7914f68_1777665106034,one_vial_alternating,0,2,4m5Gbg1FO39SIIf27nbm,1511987,0,2026-05-01 20:16:57.741,IRTbhsrccEgwuAFumlmY,1,1
69f387595d8ffe70c7914f68,69f387595d8ffe70c7914f68_1777665106034,one_vial_alternating,1,3,btzZaVzWLUcZdYkgXlhP,1527026,1,2026-05-01 20:17:12.754,8HYKbTLrTTnE9HgqVeOD,1,1
69f387595d8ffe70c7914f68,69f387595d8ffe70c7914f68_1777665106034,one_vial_alternating,1,4,tvbP6s6abo5KFTDPfyRF,1542068,1,2026-05-01 20:17:27.895,fVDsvNIh5t1zvpGe3Y6l,1,1
69f387595d8ffe70c7914f68,69f387595d8ffe70c7914f68_1777665106034,one_vial_alternating,1,5,50IO9OlNjezyB8hpC9kZ,1557111,1,2026-05-01 20:17:42.846,Yj2wJixJKgHBVJpee37A,1,1
69f387595d8ffe70c7914f68,69f387595d8ffe70c7914f68_1777665106034,one_vial_alternating,1,6,5ytdKLygO4s2AfYt0lhx,1572160,1,2026-05-01 20:17:57.894,9PNCidpqb5inX3BA6TSw,1,1
69f387595d8ffe70c7914f68,69f387595d8ffe70c7914f68_1777665106034,one_vial_alternating,1,7,5jgVuoUiAyFesuOVjCzW,1587185,0,2026-05-01 20:18:12.907,K6C9LqVYm7NPmbl9kEls,1,1
69f387595d8ffe70c7914f68,69f387595d8ffe70c7914f68_1777665106034,one_vial_alternating,1,8,QOfgZKkKdivwFo22FXSJ,1602230,1,2026-05-01 20:18:28.021,uPAq5IPRj9A6RyVRFVne,1,1
69f387595d8ffe70c7914f68,69f387595d8ffe70c7914f68_1777665106034,one_vial_alternating,1,9,UJ8rIkInwCMQfu1gXhWF,1617267,1,2026-05-01 20:18:43.011,n2biQrVX4CzX190fyGpY,1,1
69f387595d8ffe70c7914f68,69f387595d8ffe70c7914f68_1777665106034,one_vial_alternating,1,10,BAUAg0Y9nE6K7v39BkoK,1632313,0,2026-05-01 20:18:58.098,3ctrdOniUUKvfsGwkN1q,1,1
69f387595d8ffe70c7914f68,69f387595d8ffe70c7914f68_1777665106034,one_vial_alternating,0,1,ItMhYFIfXfBmp332n14c,1705859,0,2026-05-01 20:20:11.790,JeowBJbNqCMTe3bBBnXD,1,1
69f387595d8ffe70c7914f68,69f387595d8ffe70c7914f68_1777665106034,one_vial_alternating,0,2,Ss6S893eXo7F2xvBYeIT,1725790,1,2026-05-01 20:20:32.858,i0QRiIjnhd5wTF6aRuZH,1,1
69f387595d8ffe70c7914f68,69f387595d8ffe70c7914f68_1777665106034,one_vial_alternating,0,3,iaqeIG4xOrcyD5Hy7gHY,1745826,0,2026-05-01 20:20:51.602,Ac0a7wgU6eTn6Jkb4mDd,1,1
69f387595d8ffe70c7914f68,69f387595d8ffe70c7914f68_1777665106034,one_vial_alternating,0,4,KU008MLmWe8kjUKQq7A4,1765853,7,2026-05-01 20:21:11.667,YlYZRrCF7puXzwMJqznB,1,1
69f387595d8ffe70c7914f68,69f387595d8ffe70c7914f68_1777665106034,one_vial_alternating,0,5,970LHDNVEznU8f8KFNGH,1785917,0,2026-05-01 20:21:31.612,H08olsNMYTbQNQb9qLUN,1,1
69f387595d8ffe70c7914f68,69f387595d8ffe70c7914f68_1777665106034,one_vial_alternating,0,6,G82WhXBph156OTXiK3ez,1805933,1,2026-05-01 20:21:51.717,LCgbv6wq29dZ1Z5NeRnJ,1,1
69f387595d8ffe70c7914f68,69f387595d8ffe70c7914f68_1777665106034,one_vial_alternating,0,7,kbKblBAG4rJHK5uAh7v7,1825953,0,2026-05-01 20:22:11.674,TZoSYPwfTevLan3ispn6,1,1
69f387595d8ffe70c7914f68,69f387595d8ffe70c7914f68_1777665106034,one_vial_alternating,0,8,bGk8FSrlElsLQiQPAzEj,1845987,1,2026-05-01 20:22:31.888,tCXpYr5HyBCutljq6e3K,1,1
69f387595d8ffe70c7914f68,69f387595d8ffe70c7914f68_1777665106034,one_vial_alternating,0,9,sgtvqr3Z7gHOpgIDDtlu,1866017,1,2026-05-01 20:22:51.812,VIRkzzIVrqbdXIpe8wve,1,1
69f387595d8ffe70c7914f68,69f387595d8ffe70c7914f68_1777665106034,one_vial_alternating,0,10,icluTC4hVDvVequBksll,1886067,0,2026-05-01 20:23:12.699,hzdSyKQdl1bnwL7xEVeP,1,1
69f387595d8ffe70c7914f68,69f387595d8ffe70c7914f68_1777665106034,one_vial_alternating,0,11,62X5wOwWWZJ90Xhnslj4,1906088,1,2026-05-01 20:23:31.865,qFDcs8Zn1WSciOzScmnA,1,1
69f387595d8ffe70c7914f68,69f387595d8ffe70c7914f68_1777665106034,one_vial_alternating,0,12,BwkP0vcdS0LkRuhMWi9U,1926128,1,2026-05-01 20:23:51.816,4t6g9MqrhUjJ5Lrw1XDp,1,1
69f387595d8ffe70c7914f68,69f387595d8ffe70c7914f68_1777665106034,one_vial_alternating,0,13,jor7bYnssl6QPfRNyX2Q,1946148,1,2026-05-01 20:24:11.924,prpxdfgiaNzsLoTq0gjQ,1,1
69f387595d8ffe70c7914f68,69f387595d8ffe70c7914f68_1777665106034,one_vial_alternating,0,14,doXkcUQw5iM1FCDfNVgZ,1966181,1,2026-05-01 20:24:32.045,Twz9VliqsSPrOfwVGmos,1,1
69f387595d8ffe70c7914f68,69f387595d8ffe70c7914f68_1777665106034,one_vial_alternating,0,15,wfk7U5vWw4S6eTUpxMNN,1986217,1,2026-05-01 20:24:52.049,YgqgUK3MO8pntVhnWM5b,1,1
69f387595d8ffe70c7914f68,69f387595d8ffe70c7914f68_1777665106034,one_vial_alternating,0,16,RFT0Pb4Nnpos0ARuzi3m,2006244,1,2026-05-01 20:25:11.974,x8gJuX032OxdTzj93hhA,1,1
69f387595d8ffe70c7914f68,69f387595d8ffe70c7914f68_1777665106034,one_vial_alternating,0,17,GkqkcvYiQZ1jp7eEP0py,2026273,1,2026-05-01 20:25:37.774,rSWugxDrMvYWl0Io9SRy,1,1
69f387595d8ffe70c7914f68,69f387595d8ffe70c7914f68_1777665106034,one_vial_alternating,0,18,GofuWhHGDp0aoVLiJQe2,2046309,1,2026-05-01 20:25:52.004,8gzDrJmz3633mhYtaOne,1,1
69f387595d8ffe70c7914f68,69f387595d8ffe70c7914f68_1777665106034,one_vial_alternating,0,19,8XyUI9iPYXuwWStA7wUx,2066340,0,2026-05-01 20:26:12.196,uDGzgvlKg5WTe5RU52kv,1,1
69f387595d8ffe70c7914f68,69f387595d8ffe70c7914f68_1777665106034,one_vial_alternating,0,20,uR756Ij6U0P76A9YBHFV,2086363,0,2026-05-01 20:26:32.366,2SxTB6Hik3rIQGYJpZ7n,1,1
69f387595d8ffe70c7914f68,69f387595d8ffe70c7914f68_1777665106034,one_vial_alternating,0,21,CIUdlBVmCZUH8Ju5l0uu,2106402,1,2026-05-01 20:26:52.111,O3onSwjYS7D3hqx7jYxB,1,1
69f387595d8ffe70c7914f68,69f387595d8ffe70c7914f68_1777665106034,one_vial_alternating,0,22,mBthztWy9LFSgoPHh8UF,2126439,1,2026-05-01 20:27:12.238,eKT7YgItMnQbEx8GtCvw,1,1
69f387595d8ffe70c7914f68,69f387595d8ffe70c7914f68_1777665106034,one_vial_alternating,0,23,44AmV6c79rsDCQqIY52o,2146464,0,2026-05-01 20:27:32.177,6vLQvD4e3cJr8Mwe49QL,1,1
69f387595d8ffe70c7914f68,69f387595d8ffe70c7914f68_1777665106034,one_vial_alternating,0,24,HizPsU5jKuzUGufl9J4O,2166492,0,2026-05-01 20:27:52.220,1Hhdb2a6hSQqwwmOyM2N,1,1
69f387595d8ffe70c7914f68,69f387595d8ffe70c7914f68_1777665106034,one_vial_alternating,0,25,4E5yzaCsLgCkJm7CKhFb,2186530,1,2026-05-01 20:28:12.271,KJ6UnaJQzgOtaAonoHN5,1,1
69f387595d8ffe70c7914f68,69f387595d8ffe70c7914f68_1777665106034,one_vial_alternating,0,26,dQVObF31HjAp9fQGw2Dw,2206553,0,2026-05-01 20:28:32.271,nis1EdsROiLG4qlEm7bQ,1,1
69f387595d8ffe70c7914f68,69f387595d8ffe70c7914f68_1777665106034,one_vial_alternating,0,27,1eqBU8MxpHRQ4wZMNlkI,2226589,1,2026-05-01 20:28:52.385,HHOZ3LGiwHvfmISRyfeK,1,1
69f387595d8ffe70c7914f68,69f387595d8ffe70c7914f68_1777665106034,one_vial_alternating,0,28,nx2635EeKA7DWn6nsqJ7,2246625,0,2026-05-01 20:29:12.443,lMRvdg9hzslAfWcrAa0B,1,1
69f387595d8ffe70c7914f68,69f387595d8ffe70c7914f68_1777665106034,one_vial_alternating,0,29,FaQJFK6P4AQxDIc7c6vN,2266664,1,2026-05-01 20:29:32.369,75R22ETR23Gf8pIQWkaB,1,1
69f387595d8ffe70c7914f68,69f387595d8ffe70c7914f68_1777665106034,one_vial_alternating,0,30,PLbNLf3qJioMCzM9VeyW,2286691,1,2026-05-01 20:29:52.426,dWhEYu5826eqEDBjHpgp,1,1
69f387595d8ffe70c7914f68,69f387595d8ffe70c7914f68_1777665106034,one_vial_alternating,0,31,WhjXLjBQ0hG6LzmjQsJA,2306714,1,2026-05-01 20:30:12.576,wN27YFlPU6DHeKSBxXh2,1,1
69f387595d8ffe70c7914f68,69f387595d8ffe70c7914f68_1777665106034,one_vial_alternating,0,32,QEOaCiRWJG7obdXCsl8L,2326752,0,2026-05-01 20:30:32.445,besUkIDD37LvJAN9HVHQ,1,1
69f387595d8ffe70c7914f68,69f387595d8ffe70c7914f68_1777665106034,one_vial_alternating,0,33,DUVXfm7YkBGWEMeIKcqH,2346778,1,2026-05-01 20:30:52.483,WgD2YJPkCWaKNxhA6qDF,1,1
69f387595d8ffe70c7914f68,69f387595d8ffe70c7914f68_1777665106034,one_vial_alternating,0,34,gaqWBbU0HCKoxGko3SQT,2366801,1,2026-05-01 20:31:12.737,2Ljm8O41oDr3DWzdDoNF,1,1
69f387595d8ffe70c7914f68,69f387595d8ffe70c7914f68_1777665106034,one_vial_alternating,0,35,vZnwKYOUZNxPZyJt9ike,2386827,0,2026-05-01 20:31:32.652,afrq046Web1Zl9pWWH1I,1,1
69f387595d8ffe70c7914f68,69f387595d8ffe70c7914f68_1777665106034,one_vial_alternating,0,36,LZDms5UCUJD9ikfk59Pf,2406861,1,2026-05-01 20:31:52.718,92jkrNdfTPWgTBbtak51,1,1
asdf,asdf_1779080917385,one_vial_alternating,1,1,,5676,0,2026-05-18 05:08:43.236,xEoUZiz57GNfPjeSfjNI,1,1
steph1,steph1_1779143680807,one_vial_alternating,1,1,,8481,1,2026-05-18 22:34:49.398,79kOGyx6c5cIUVHmyhUz,1,1
steph123123,steph123123_1779147535225,one_vial_alternating,1,1,,6801,1,2026-05-18 23:39:02.219,dYjQPT3FbRVKEhVO90pi,1,1
steph124,steph124_1779126010009,one_vial_alternating,1,1,,4978,0,2026-05-18 17:40:15.120,uPPa8V915Olw0Lg5XHIc,1,1
steph144,steph144_1779142690875,one_vial_alternating,1,1,,12621,0,2026-05-18 22:18:23.690,IxvrshIW9WFBB8URdwdV,1,1
steph145,steph145_1779142880211,one_vial_alternating,1,1,,6244,1,2026-05-18 22:21:26.552,5d70uSc7G5q56dTv7Ntl,1,1
steph145,steph145_1779142880211,one_vial_alternating,0,1,zLSwfVdKLF3TeHmp4iM6,20996,0,2026-05-18 22:21:41.318,BGhHL2F0o7k8gWzX9sUs,1,1
steph145,steph145_1779142880211,one_vial_alternating,0,2,U7N58VeaHRWcGWK304Au,28410,0,2026-05-18 22:21:48.745,hgnxIWf7S0JHY9w4Cg2Y,1,1
steph145,steph145_1779142880211,one_vial_alternating,0,3,Qbtr7HbrRLFXPmyTWxqn,34691,1,2026-05-18 22:21:55.005,BWqg0Loz5CKqREnkaEUQ,1,1
steph146,steph146_1779142973921,one_vial_always_bucket,1,1,,4795,0,2026-05-18 22:22:58.817,PIXkeJa5zHaL9YRLqC8v,1,1
steph2,steph2_1779143980911,one_vial_alternating,1,1,,6568,1,2026-05-18 22:39:47.733,VoZ9ba2jONxnBOa81tLw,1,1
steph2,steph2_1779143980911,one_vial_alternating,0,1,cDqGw43aTJxwhR0EQIv7,32397,0,2026-05-18 22:40:13.411,ebQY9VzxfQQWHALlVoeH,1,1
steph2,steph2_1779143980911,one_vial_alternating,0,2,t95iz0YGDyYAwWx3PmZ8,40113,1,2026-05-18 22:40:21.351,mhagDOzESFiLV9IUrNRK,1,1