userId,sessionId,gameVersion,isTrainingMode,roundNumber,roundDocId,msSinceSessionStart,timestamp,cumulativeProgress,initialBucket1Level,initialBucket2Level,initialVial1Level,initialVial2Level,numVials,phase,phaseCode,phaseLabel,roundComplete,roundDuration,roundEndTime,roundSuccessful,setpoint,velocity,vial1HasBucket,vial2HasBucket
11,11_1779081000358,,1,1,UCFrUZPiLf2kTHRBWHEY,4399,2026-05-18 05:10:04.823,0,0,0,50,50,1,true,1,abundance,1,6113,2026-05-18 05:10:10.870,0,50,1.2,1,0
5ce7fd368020d30018f9d7a5,5ce7fd368020d30018f9d7a5_1777664711588,,1,1,M19UG8npTY9iyrm2UOoE,909979,2026-05-01 20:00:21.666,,0,0,50,50,1,true,1,abundance,1,9911,2026-05-01 20:00:31.478,1,50,1.2,1,0
5ce7fd368020d30018f9d7a5,5ce7fd368020d30018f9d7a5_1777664711588,,0,1,ZWIvxe0ShLhq6jBGJEI5,1084935,2026-05-01 20:03:16.620,,0,0,50,50,1,false,1,abundance,1,14903,2026-05-01 20:03:31.426,1,50,1.6,1,0
5ce7fd368020d30018f9d7a5,5ce7fd368020d30018f9d7a5_1777664711588,,1,2,3N1T2dEYPZWVth86q2Bd,924900,2026-05-01 20:00:36.621,,0,0,50,50,1,true,1,abundance,1,10009,2026-05-01 20:00:46.497,1,50,1.6,0,0
5ce7fd368020d30018f9d7a5,5ce7fd368020d30018f9d7a5_1777664711588,,0,2,7TbRobIdo4ZepggUyBEc,1104841,2026-05-01 20:03:36.536,,0,0,50,50,1,false,1,abundance,1,15009,2026-05-01 20:03:51.438,1,50,2,1,0
5ce7fd368020d30018f9d7a5,5ce7fd368020d30018f9d7a5_1777664711588,,0,3,94kEfcpbwNdKhSZUxDUn,1124854,2026-05-01 20:03:56.550,,0,0,50,50,1,false,1,abundance,1,15010,2026-05-01 20:04:11.452,1,50,1.8,1,0
5ce7fd368020d30018f9d7a5,5ce7fd368020d30018f9d7a5_1777664711588,,1,3,ah6IgK6uDkN9sWsUMOeV,939913,2026-05-01 20:00:51.607,,0,0,50,50,1,true,1,abundance,1,10010,2026-05-01 20:01:01.511,1,50,1.4,1,0
5ce7fd368020d30018f9d7a5,5ce7fd368020d30018f9d7a5_1777664711588,,1,4,5Yy0aTmx3cnIXxeJPQKI,954927,2026-05-01 20:01:06.622,,0,0,50,50,1,true,1,abundance,1,10009,2026-05-01 20:01:16.524,1,50,1.4,0,0
5ce7fd368020d30018f9d7a5,5ce7fd368020d30018f9d7a5_1777664711588,,0,4,eamJ3VJQYLwxMrIp1OKt,1144868,2026-05-01 20:04:16.563,,0,0,50,50,1,false,1,abundance,1,15007,2026-05-01 20:04:31.463,1,50,1.8,1,0
5ce7fd368020d30018f9d7a5,5ce7fd368020d30018f9d7a5_1777664711588,,0,5,JLA4LTpBHith0Y8o53nO,1164877,2026-05-01 20:04:36.569,,0,0,50,50,1,false,1,abundance,1,15011,2026-05-01 20:04:51.476,1,50,2,1,0
5ce7fd368020d30018f9d7a5,5ce7fd368020d30018f9d7a5_1777664711588,,1,5,koHn2JXzyy7OEISsTmso,969940,2026-05-01 20:01:21.631,,0,0,50,50,1,true,1,abundance,1,10010,2026-05-01 20:01:31.538,1,50,1.4,0,0
5ce7fd368020d30018f9d7a5,5ce7fd368020d30018f9d7a5_1777664711588,,1,6,OcqdrTIOgkFikhxQTq10,984955,2026-05-01 20:01:36.651,,0,0,50,50,1,true,1,abundance,1,10012,2026-05-01 20:01:46.555,1,50,1.4,1,0
5ce7fd368020d30018f9d7a5,5ce7fd368020d30018f9d7a5_1777664711588,,0,6,Z5Ql1A44lVeGAmd8R2ql,1184891,2026-05-01 20:04:56.587,,0,0,50,50,1,false,1,abundance,1,15009,2026-05-01 20:05:11.488,1,50,1.6,1,0
5ce7fd368020d30018f9d7a5,5ce7fd368020d30018f9d7a5_1777664711588,,0,7,Iy7gRuniyUVrkl7YRWjY,1204904,2026-05-01 20:05:16.602,,0,0,50,50,1,false,1,abundance,1,15008,2026-05-01 20:05:31.500,1,50,1.8,1,0
5ce7fd368020d30018f9d7a5,5ce7fd368020d30018f9d7a5_1777664711588,,1,7,jnaPLhoQ3z7p6S4zZxkL,999971,2026-05-01 20:01:51.656,,0,0,50,50,1,true,1,abundance,1,10008,2026-05-01 20:02:01.567,1,50,1.2,0,0
5ce7fd368020d30018f9d7a5,5ce7fd368020d30018f9d7a5_1777664711588,,1,8,Rw42CmD8hUc6jBrRtzR7,1014982,2026-05-01 20:02:06.668,,0,0,50,50,1,true,1,abundance,1,10009,2026-05-01 20:02:16.579,1,50,1.2,0,0
5ce7fd368020d30018f9d7a5,5ce7fd368020d30018f9d7a5_1777664711588,,0,8,gYCEElULvaf3HQF3aoY8,1224916,2026-05-01 20:05:36.613,,0,0,50,50,1,false,1,abundance,1,15009,2026-05-01 20:05:51.513,1,50,2,1,0
5ce7fd368020d30018f9d7a5,5ce7fd368020d30018f9d7a5_1777664711588,,1,9,7bPUHJVdjc3LI8AqVfO5,1029995,2026-05-01 20:02:21.689,,0,0,50,50,1,true,1,abundance,1,10012,2026-05-01 20:02:31.595,1,50,1.2,1,0
5ce7fd368020d30018f9d7a5,5ce7fd368020d30018f9d7a5_1777664711588,,0,9,S3q0aTM1sEktaQPi6yZ0,1244928,2026-05-01 20:05:56.625,,0,0,50,50,1,false,1,abundance,1,15011,2026-05-01 20:06:11.527,1,50,1.6,1,0
5ce7fd368020d30018f9d7a5,5ce7fd368020d30018f9d7a5_1777664711588,,1,10,3fmIRNpOSZHntKWfgldN,1045010,2026-05-01 20:02:36.706,,0,0,50,50,1,true,1,abundance,1,10009,2026-05-01 20:02:46.607,1,50,1.6,1,0
5ce7fd368020d30018f9d7a5,5ce7fd368020d30018f9d7a5_1777664711588,,0,10,fv7p9LhSIJiOPBBlJjSU,1264942,2026-05-01 20:06:16.638,,0,0,50,50,1,false,1,abundance,1,15010,2026-05-01 20:06:31.540,1,50,2,0,0
5ce7fd368020d30018f9d7a5,5ce7fd368020d30018f9d7a5_1777664711588,,0,11,ItUNqu1UowOeDq0xjlHm,1284956,2026-05-01 20:06:36.649,,0,0,50,50,1,false,1,abundance,1,15009,2026-05-01 20:06:51.553,1,50,1.6,0,0
5ce7fd368020d30018f9d7a5,5ce7fd368020d30018f9d7a5_1777664711588,,0,12,kAyFWjfdyPjeEy4IuRmE,1304968,2026-05-01 20:06:56.662,,0,0,50,50,1,false,1,abundance,1,15008,2026-05-01 20:07:11.564,1,50,1.6,0,0
5ce7fd368020d30018f9d7a5,5ce7fd368020d30018f9d7a5_1777664711588,,0,13,zCuv1JqQNKTFmrvS3fRF,1324979,2026-05-01 20:07:16.668,,0,0,50,50,1,false,1,abundance,1,15010,2026-05-01 20:07:31.577,1,50,2,0,0
5ce7fd368020d30018f9d7a5,5ce7fd368020d30018f9d7a5_1777664711588,,0,14,ijJT4XazJJgXlWyp3hhH,1344992,2026-05-01 20:07:36.684,,0,0,50,50,1,false,1,abundance,1,15008,2026-05-01 20:07:51.588,1,50,1.8,0,0
5ce7fd368020d30018f9d7a5,5ce7fd368020d30018f9d7a5_1777664711588,,0,15,AbHiZ0PiYAzcPqEOEVWW,1365004,2026-05-01 20:07:56.688,,0,0,50,50,1,false,1,abundance,1,15003,2026-05-01 20:08:11.595,1,50,1.8,0,0
5ce7fd368020d30018f9d7a5,5ce7fd368020d30018f9d7a5_1777664711588,,0,16,hVQtgCVk7doPhX3nnEea,1385011,2026-05-01 20:08:16.705,,0,0,50,50,1,false,1,abundance,1,15009,2026-05-01 20:08:31.608,1,50,1.6,0,0
5ce7fd368020d30018f9d7a5,5ce7fd368020d30018f9d7a5_1777664711588,,0,17,3KMHWBsWXcRvGUjxIuUO,1405024,2026-05-01 20:08:36.722,,0,0,50,50,1,false,1,abundance,1,15008,2026-05-01 20:08:51.620,1,50,2,0,0
5ce7fd368020d30018f9d7a5,5ce7fd368020d30018f9d7a5_1777664711588,,0,18,qvFUR642VdRCtmNPLZO5,1425035,2026-05-01 20:08:56.722,,0,0,50,50,1,false,1,abundance,1,15008,2026-05-01 20:09:11.631,1,50,1.8,0,0
5ce7fd368020d30018f9d7a5,5ce7fd368020d30018f9d7a5_1777664711588,,0,19,MQnVFSUCXuF34WlnA7wg,1445046,2026-05-01 20:09:16.742,,0,0,50,50,1,false,1,abundance,1,15009,2026-05-01 20:09:31.643,1,50,1.6,1,0
5ce7fd368020d30018f9d7a5,5ce7fd368020d30018f9d7a5_1777664711588,,0,20,ZEiObQw1mPg0uMaHL3kU,1465058,2026-05-01 20:09:36.745,,0,0,50,50,1,false,1,abundance,1,15008,2026-05-01 20:09:51.654,1,50,1.6,1,0
5ce7fd368020d30018f9d7a5,5ce7fd368020d30018f9d7a5_1777664711588,,0,21,vyN65KyXvARVlSUb42DU,1485070,2026-05-01 20:09:56.755,,0,0,50,50,1,false,1,abundance,1,15004,2026-05-01 20:10:11.662,1,50,1.6,1,0
5ce7fd368020d30018f9d7a5,5ce7fd368020d30018f9d7a5_1777664711588,,0,22,cOmImtpS7jLRABpJ3Bmz,1505077,2026-05-01 20:10:16.769,,0,0,50,50,1,false,1,abundance,1,15014,2026-05-01 20:10:31.679,1,50,2,1,0
5ce7fd368020d30018f9d7a5,5ce7fd368020d30018f9d7a5_1777664711588,,0,23,6ltxt5t4BOJRchDLY2xf,1525095,2026-05-01 20:10:36.821,,0,0,50,50,1,false,1,abundance,1,15009,2026-05-01 20:10:51.692,1,50,1.8,1,0
5ce7fd368020d30018f9d7a5,5ce7fd368020d30018f9d7a5_1777664711588,,0,24,EAzavOYvgJ2GKFfXxsee,1545109,2026-05-01 20:10:56.798,,0,0,50,50,1,false,1,abundance,1,15008,2026-05-01 20:11:11.705,1,50,2,1,0
5ce7fd368020d30018f9d7a5,5ce7fd368020d30018f9d7a5_1777664711588,,0,25,ngpatdT4Dpwdk7tDLDiN,1565121,2026-05-01 20:11:16.849,,0,0,50,50,1,false,1,abundance,1,15009,2026-05-01 20:11:31.718,1,50,1.8,1,0
5ce7fd368020d30018f9d7a5,5ce7fd368020d30018f9d7a5_1777664711588,,0,26,0GYrAGv3ZbiVIo2ooHuh,1585133,2026-05-01 20:11:36.823,,0,0,50,50,1,false,1,abundance,1,15008,2026-05-01 20:11:51.729,1,50,1.8,1,0
5ce7fd368020d30018f9d7a5,5ce7fd368020d30018f9d7a5_1777664711588,,0,27,Jze5RNt9tiG6KRQ14xMX,1605145,2026-05-01 20:11:56.831,,0,0,50,50,1,false,1,abundance,1,15013,2026-05-01 20:12:11.746,1,50,2,1,0
5ce7fd368020d30018f9d7a5,5ce7fd368020d30018f9d7a5_1777664711588,,0,28,RdQHb3hq7WPbTDVfo3Ro,1625162,2026-05-01 20:12:16.853,,0,0,50,50,1,false,1,abundance,1,15009,2026-05-01 20:12:31.759,1,50,1.8,0,0
5ce7fd368020d30018f9d7a5,5ce7fd368020d30018f9d7a5_1777664711588,,0,29,wXasfF2LiTBsoms3mQEx,1645174,2026-05-01 20:12:36.864,,0,0,50,50,1,false,1,abundance,1,15008,2026-05-01 20:12:51.770,1,50,1.6,0,0
5ce7fd368020d30018f9d7a5,5ce7fd368020d30018f9d7a5_1777664711588,,0,30,cuWSAJnn8vAtsbpB5NZi,1665187,2026-05-01 20:12:56.877,,0,0,50,50,1,false,1,abundance,1,15009,2026-05-01 20:13:11.784,1,50,2,0,0
5ce7fd368020d30018f9d7a5,5ce7fd368020d30018f9d7a5_1777664711588,,0,31,sD6V5myqvPKJLQ7Mx1Sb,1685201,2026-05-01 20:13:16.894,,0,0,50,50,1,false,1,abundance,1,15008,2026-05-01 20:13:31.797,1,50,1.6,0,0
5ce7fd368020d30018f9d7a5,5ce7fd368020d30018f9d7a5_1777664711588,,0,32,jNMg9t97FJoigWf6aPsh,1705212,2026-05-01 20:13:36.906,,0,0,50,50,1,false,1,abundance,1,15009,2026-05-01 20:13:51.809,1,50,1.8,0,0
5ce7fd368020d30018f9d7a5,5ce7fd368020d30018f9d7a5_1777664711588,,0,33,eyAi9QjSAKZv4LN9dhPh,1725226,2026-05-01 20:13:56.913,,0,0,50,50,1,false,1,abundance,1,15009,2026-05-01 20:14:11.823,1,50,2,0,0
5ce7fd368020d30018f9d7a5,5ce7fd368020d30018f9d7a5_1777664711588,,0,34,Is0f0SvUrHpigT0LZ8oG,1745238,2026-05-01 20:14:16.931,,0,0,50,50,1,false,1,abundance,1,15008,2026-05-01 20:14:31.834,1,50,1.6,0,0
5ce7fd368020d30018f9d7a5,5ce7fd368020d30018f9d7a5_1777664711588,,0,35,8py2tE2qXEC1nkqCDRyP,1765248,2026-05-01 20:14:36.944,,0,0,50,50,1,false,1,abundance,1,15009,2026-05-01 20:14:51.845,1,50,2,0,0
5ce7fd368020d30018f9d7a5,5ce7fd368020d30018f9d7a5_1777664711588,,0,36,mRpIBKPD0NraP7VNWoZA,1785260,2026-05-01 20:14:56.948,,0,0,50,50,1,false,1,abundance,1,15009,2026-05-01 20:15:11.857,1,50,1.8,0,0
5d4a41890e604c00011ade8b,5d4a41890e604c00011ade8b_1777665972066,,0,1,5IZFmprJqOZoCes63joJ,535025,2026-05-01 20:15:07.971,,0,0,50,50,1,false,1,abundance,1,14905,2026-05-01 20:15:21.996,1,50,1.6,0,0
5d4a41890e604c00011ade8b,5d4a41890e604c00011ade8b_1777665972066,,1,1,pZo2Oy1hCwGJch81SGWY,365282,2026-05-01 20:12:18.228,,0,0,50,50,1,true,1,abundance,1,9905,2026-05-01 20:12:27.253,1,50,1.2,0,0
5d4a41890e604c00011ade8b,5d4a41890e604c00011ade8b_1777665972066,,0,2,YNK4wgiAXO44UGhwnggx,554931,2026-05-01 20:15:27.877,,0,0,50,50,1,false,1,abundance,1,15018,2026-05-01 20:15:42.015,1,50,1.6,0,0
5d4a41890e604c00011ade8b,5d4a41890e604c00011ade8b_1777665972066,,1,2,qOITAhXSoCBn2cBQkEk6,380203,2026-05-01 20:12:33.150,,0,0,50,50,1,true,1,abundance,1,10023,2026-05-01 20:12:42.292,1,50,1.4,0,0
5d4a41890e604c00011ade8b,5d4a41890e604c00011ade8b_1777665972066,,1,3,INQzVuRwkV84bxll7r57,395227,2026-05-01 20:12:48.179,,0,0,50,50,1,true,1,abundance,1,10007,2026-05-01 20:12:57.300,1,50,1.4,1,0
5d4a41890e604c00011ade8b,5d4a41890e604c00011ade8b_1777665972066,,0,3,pTkU9VgIpM3ul0oIvLsO,574962,2026-05-01 20:15:47.907,,0,0,50,50,1,false,1,abundance,1,15008,2026-05-01 20:16:02.036,1,50,1.8,0,0
5d4a41890e604c00011ade8b,5d4a41890e604c00011ade8b_1777665972066,,1,4,PLr4pqAiwE0fD9Rol3kI,410288,2026-05-01 20:13:03.250,,0,0,50,50,1,true,1,abundance,1,10009,2026-05-01 20:13:12.363,1,50,1.6,1,0
5d4a41890e604c00011ade8b,5d4a41890e604c00011ade8b_1777665972066,,0,4,loNg2y7YwBkW0jKNA70M,594976,2026-05-01 20:16:07.922,,0,0,50,50,1,false,1,abundance,1,15008,2026-05-01 20:16:22.050,1,50,1.8,0,0
5d4a41890e604c00011ade8b,5d4a41890e604c00011ade8b_1777665972066,,0,5,MLICAY0bMsp8o6vfnPvf,614999,2026-05-01 20:16:28.179,,0,0,50,50,1,false,1,abundance,1,15030,2026-05-01 20:16:42.095,1,50,1.6,0,0
5d4a41890e604c00011ade8b,5d4a41890e604c00011ade8b_1777665972066,,1,5,TGG1T4VwtydciTtY4jrK,425308,2026-05-01 20:13:18.254,,0,0,50,50,1,true,1,abundance,1,10034,2026-05-01 20:13:27.408,1,50,1.4,1,0
5d4a41890e604c00011ade8b,5d4a41890e604c00011ade8b_1777665972066,,1,6,UyYcd5vUBlMpxgHcApWG,440358,2026-05-01 20:13:33.304,,0,0,50,50,1,true,1,abundance,1,10007,2026-05-01 20:13:42.431,1,50,1.4,0,0
5d4a41890e604c00011ade8b,5d4a41890e604c00011ade8b_1777665972066,,0,6,trRPA1qTzSxAAmOSE42O,635039,2026-05-01 20:16:48.007,,0,0,50,50,1,false,1,abundance,1,15015,2026-05-01 20:17:02.120,1,50,1.8,0,0
5d4a41890e604c00011ade8b,5d4a41890e604c00011ade8b_1777665972066,,0,7,oaKN8f3ahugWqOpFNm2R,655070,2026-05-01 20:17:08.020,,0,0,50,50,1,false,1,abundance,1,15007,2026-05-01 20:17:22.143,1,50,2,0,0
5d4a41890e604c00011ade8b,5d4a41890e604c00011ade8b_1777665972066,,1,7,qSsHLud5dt1L55FsKCmp,455373,2026-05-01 20:13:48.338,,0,0,50,50,1,true,1,abundance,1,10016,2026-05-01 20:13:57.455,1,50,1.6,0,0
5d4a41890e604c00011ade8b,5d4a41890e604c00011ade8b_1777665972066,,1,8,1E8XRxfzTRjvoYWszBac,470399,2026-05-01 20:14:03.344,,0,0,50,50,1,true,1,abundance,1,10032,2026-05-01 20:14:12.497,1,50,1.2,0,0
5d4a41890e604c00011ade8b,5d4a41890e604c00011ade8b_1777665972066,,0,8,XYxZQNgxcwh5Y0qZ4EK0,675080,2026-05-01 20:17:28.025,,0,0,50,50,1,false,1,abundance,1,15009,2026-05-01 20:17:42.155,1,50,2,0,0
5d4a41890e604c00011ade8b,5d4a41890e604c00011ade8b_1777665972066,,1,9,djcOVIC4SLzbKkpXPf8O,485442,2026-05-01 20:14:18.388,,0,0,50,50,1,true,1,abundance,1,10039,2026-05-01 20:14:27.547,1,50,1.2,1,0
5d4a41890e604c00011ade8b,5d4a41890e604c00011ade8b_1777665972066,,0,9,fDqyKXyCCuS8oTCqWTfI,695098,2026-05-01 20:17:48.046,,0,0,50,50,1,false,1,abundance,1,15009,2026-05-01 20:18:02.173,1,50,2,0,0
5d4a41890e604c00011ade8b,5d4a41890e604c00011ade8b_1777665972066,,1,10,3C13pjuvKaG2cZAiKFT7,500498,2026-05-01 20:14:33.444,,0,0,50,50,1,true,1,abundance,1,10036,2026-05-01 20:14:42.600,1,50,1.2,1,0
5d4a41890e604c00011ade8b,5d4a41890e604c00011ade8b_1777665972066,,0,10,gvbnC2VrBa0w4nS4AXta,715114,2026-05-01 20:18:08.063,,0,0,50,50,1,false,1,abundance,1,15008,2026-05-01 20:18:22.188,1,50,1.6,1,0
5d4a41890e604c00011ade8b,5d4a41890e604c00011ade8b_1777665972066,,0,11,8A4AhD3qWQCVuhpVFFwq,735136,2026-05-01 20:18:28.084,,0,0,50,50,1,false,1,abundance,1,15008,2026-05-01 20:18:42.210,1,50,1.8,1,0
5d4a41890e604c00011ade8b,5d4a41890e604c00011ade8b_1777665972066,,0,12,PCbxfEPG6xxMOs8UDqG1,755153,2026-05-01 20:18:48.098,,0,0,50,50,1,false,1,abundance,1,15028,2026-05-01 20:19:02.247,1,50,1.6,1,0
5d4a41890e604c00011ade8b,5d4a41890e604c00011ade8b_1777665972066,,0,13,OG4yg8A8AFdLmiqsTGKj,775229,2026-05-01 20:19:08.179,,0,0,50,50,1,false,1,abundance,1,15028,2026-05-01 20:19:22.323,1,50,2,1,0
5d4a41890e604c00011ade8b,5d4a41890e604c00011ade8b_1777665972066,,0,14,qrSnITmZENWLUr5BRvo2,795276,2026-05-01 20:19:28.223,,0,0,50,50,1,false,1,abundance,1,15024,2026-05-01 20:19:42.366,1,50,1.8,1,0
5d4a41890e604c00011ade8b,5d4a41890e604c00011ade8b_1777665972066,,0,15,XM2ibU8P0YyaIU4WPOiz,815314,2026-05-01 20:19:48.266,,0,0,50,50,1,false,1,abundance,1,15005,2026-05-01 20:20:02.385,1,50,1.8,1,0
5d4a41890e604c00011ade8b,5d4a41890e604c00011ade8b_1777665972066,,0,16,WR6HxOWBWeifNInCSnfP,835330,2026-05-01 20:20:08.277,,0,0,50,50,1,false,1,abundance,1,15019,2026-05-01 20:20:22.415,1,50,2,1,0
5d4a41890e604c00011ade8b,5d4a41890e604c00011ade8b_1777665972066,,0,17,nQnes9AdDwSL4wraRUfn,855359,2026-05-01 20:20:28.308,,0,0,50,50,1,false,1,abundance,1,15006,2026-05-01 20:20:42.431,1,50,2,1,0
5d4a41890e604c00011ade8b,5d4a41890e604c00011ade8b_1777665972066,,0,18,66aDL8M7NelowXk9DP91,875376,2026-05-01 20:20:48.321,,0,0,50,50,1,false,1,abundance,1,15010,2026-05-01 20:21:02.452,1,50,1.6,1,0
5d4a41890e604c00011ade8b,5d4a41890e604c00011ade8b_1777665972066,,0,19,UOtobU5yPWLZkI0InY0P,895388,2026-05-01 20:21:08.482,,0,0,50,50,1,false,1,abundance,1,15016,2026-05-01 20:21:22.470,1,50,1.6,0,0
5d4a41890e604c00011ade8b,5d4a41890e604c00011ade8b_1777665972066,,0,20,0PugwuPbLAJEqkeRODwo,915411,2026-05-01 20:21:28.360,,0,0,50,50,1,false,1,abundance,1,15006,2026-05-01 20:21:42.483,1,50,2,0,0
5d4a41890e604c00011ade8b,5d4a41890e604c00011ade8b_1777665972066,,0,21,ceOcZ18NpzFFKtJBCYTn,935438,2026-05-01 20:21:48.452,,0,0,50,50,1,false,1,abundance,1,15007,2026-05-01 20:22:02.511,1,50,2,0,0
5d4a41890e604c00011ade8b,5d4a41890e604c00011ade8b_1777665972066,,0,22,kUAqHP0CdoOvGYRe5owU,955466,2026-05-01 20:22:08.415,,0,0,50,50,1,false,1,abundance,1,15026,2026-05-01 20:22:22.558,1,50,1.8,0,0
5d4a41890e604c00011ade8b,5d4a41890e604c00011ade8b_1777665972066,,0,23,4oTn3InC2bO3Jt8oH1EA,975543,2026-05-01 20:22:28.492,,0,0,50,50,1,false,1,abundance,1,15047,2026-05-01 20:22:42.656,1,50,1.6,0,0
5d4a41890e604c00011ade8b,5d4a41890e604c00011ade8b_1777665972066,,0,24,FDuqeLFWVG0qM8Wn7n4k,995604,2026-05-01 20:22:48.646,,0,0,50,50,1,false,1,abundance,1,15035,2026-05-01 20:23:02.705,1,50,1.6,0,0
5d4a41890e604c00011ade8b,5d4a41890e604c00011ade8b_1777665972066,,0,25,mHoQzt5K7pQTnadWh50Z,1015699,2026-05-01 20:23:08.647,,0,0,50,50,1,false,1,abundance,1,15010,2026-05-01 20:23:22.775,1,50,1.8,0,0
5d4a41890e604c00011ade8b,5d4a41890e604c00011ade8b_1777665972066,,0,26,53Iahk8Z4zP2S4jaaqAJ,1035716,2026-05-01 20:23:28.664,,0,0,50,50,1,false,1,abundance,1,15037,2026-05-01 20:23:42.819,1,50,1.8,0,0
5d4a41890e604c00011ade8b,5d4a41890e604c00011ade8b_1777665972066,,0,27,wegscjUSC5Bumq2ANRUn,1055772,2026-05-01 20:23:48.726,,0,0,50,50,1,false,1,abundance,1,15028,2026-05-01 20:24:02.866,1,50,2,0,0
5d4a41890e604c00011ade8b,5d4a41890e604c00011ade8b_1777665972066,,0,28,8RZF2xuJhYX0YHVDaKoZ,1075816,2026-05-01 20:24:08.830,,0,0,50,50,1,false,1,abundance,1,15016,2026-05-01 20:24:22.898,1,50,2,1,0
5d4a41890e604c00011ade8b,5d4a41890e604c00011ade8b_1777665972066,,0,29,mB5VCQGfMwBd5Hjh7AOM,1095843,2026-05-01 20:24:28.794,,0,0,50,50,1,false,1,abundance,1,15010,2026-05-01 20:24:42.919,1,50,2,1,0
5d4a41890e604c00011ade8b,5d4a41890e604c00011ade8b_1777665972066,,0,30,eLn9G4V1qr5wXipYgPH0,1115871,2026-05-01 20:24:48.816,,0,0,50,50,1,false,1,abundance,1,15010,2026-05-01 20:25:02.947,1,50,1.6,1,0
5d4a41890e604c00011ade8b,5d4a41890e604c00011ade8b_1777665972066,,0,31,Rh2gOX3omr2EAfgTUxpC,1135888,2026-05-01 20:25:08.836,,0,0,50,50,1,false,1,abundance,1,15007,2026-05-01 20:25:22.961,1,50,2,1,0
5d4a41890e604c00011ade8b,5d4a41890e604c00011ade8b_1777665972066,,0,32,8uyidZcenXkKQprUB2do,1155919,2026-05-01 20:25:28.866,,0,0,50,50,1,false,1,abundance,1,15013,2026-05-01 20:25:42.998,1,50,1.6,1,0
5d4a41890e604c00011ade8b,5d4a41890e604c00011ade8b_1777665972066,,0,33,3fY6cWeEekIqXDEFeZZJ,1175933,2026-05-01 20:25:48.881,,0,0,50,50,1,false,1,abundance,1,15009,2026-05-01 20:26:03.008,1,50,1.8,1,0
5d4a41890e604c00011ade8b,5d4a41890e604c00011ade8b_1777665972066,,0,34,0kD1uIfSfIxTSvPK6G47,1195954,2026-05-01 20:26:08.899,,0,0,50,50,1,false,1,abundance,1,15006,2026-05-01 20:26:23.026,1,50,1.6,1,0
5d4a41890e604c00011ade8b,5d4a41890e604c00011ade8b_1777665972066,,0,35,dFYm2JqHgINZTrAaUNG2,1215981,2026-05-01 20:26:28.929,,0,0,50,50,1,false,1,abundance,1,15052,2026-05-01 20:26:43.099,1,50,1.8,1,0
5d4a41890e604c00011ade8b,5d4a41890e604c00011ade8b_1777665972066,,0,36,MZnzPJO6fa3FMY0m9deV,1236063,2026-05-01 20:26:49.009,,0,0,50,50,1,false,1,abundance,1,15016,2026-05-01 20:27:03.145,1,50,1.8,1,0
5e62aca37820fe04614b5ffa,5e62aca37820fe04614b5ffa_1777666081171,,0,1,pg8rgVeiFxMVGf9OwpQE,684368,2026-05-01 20:19:31.887,,0,0,50,50,1,false,1,abundance,1,14905,2026-05-01 20:19:40.444,1,50,1.8,1,0
5e62aca37820fe04614b5ffa,5e62aca37820fe04614b5ffa_1777666081171,,1,1,ziYMdi28aH8tz4BWDACU,519540,2026-05-01 20:16:47.059,,0,0,50,50,1,true,1,abundance,1,9905,2026-05-01 20:16:50.616,1,50,1.2,0,0
5e62aca37820fe04614b5ffa,5e62aca37820fe04614b5ffa_1777666081171,,1,2,tE5gwIgTIyERNvV8eEl1,534455,2026-05-01 20:17:01.974,,0,0,50,50,1,true,1,abundance,1,10007,2026-05-01 20:17:05.633,1,50,1.2,1,0
5e62aca37820fe04614b5ffa,5e62aca37820fe04614b5ffa_1777666081171,,0,2,voP0xbdoUGcl5TgqlABj,704289,2026-05-01 20:19:51.809,,0,0,50,50,1,false,1,abundance,1,15003,2026-05-01 20:20:00.463,1,50,1.6,1,0
5e62aca37820fe04614b5ffa,5e62aca37820fe04614b5ffa_1777666081171,,0,3,ChmZjhBQXmC8gcqdVIWd,724303,2026-05-01 20:20:11.821,,0,0,50,50,1,false,1,abundance,1,15007,2026-05-01 20:20:20.481,1,50,2,1,0
5e62aca37820fe04614b5ffa,5e62aca37820fe04614b5ffa_1777666081171,,1,3,cogOdLg10YLFqPUn3gsZ,549472,2026-05-01 20:17:16.991,,0,0,50,50,1,true,1,abundance,1,10004,2026-05-01 20:17:20.647,1,50,1.2,1,0
5e62aca37820fe04614b5ffa,5e62aca37820fe04614b5ffa_1777666081171,,1,4,65KTSlXiBK51UqUV8VWW,564483,2026-05-01 20:17:32.004,,0,0,50,50,1,true,1,abundance,1,10004,2026-05-01 20:17:35.658,1,50,1.4,1,0
5e62aca37820fe04614b5ffa,5e62aca37820fe04614b5ffa_1777666081171,,0,4,eGvGHBbiBxf04uPitHm0,744319,2026-05-01 20:20:31.842,,0,0,50,50,1,false,1,abundance,1,15003,2026-05-01 20:20:40.493,1,50,1.8,1,0
5e62aca37820fe04614b5ffa,5e62aca37820fe04614b5ffa_1777666081171,,0,5,XzRVA4R7FHKRnw2GfByI,764329,2026-05-01 20:20:51.846,,0,0,50,50,1,false,1,abundance,1,15006,2026-05-01 20:21:00.506,1,50,1.8,1,0
5e62aca37820fe04614b5ffa,5e62aca37820fe04614b5ffa_1777666081171,,1,5,xIQ6Xqun4q9ThsrIonxi,579494,2026-05-01 20:17:47.017,,0,0,50,50,1,true,1,abundance,1,10006,2026-05-01 20:17:50.671,1,50,1.4,0,0
5e62aca37820fe04614b5ffa,5e62aca37820fe04614b5ffa_1777666081171,,0,6,S9xtzRfNGUb1IGQ2In4C,784353,2026-05-01 20:21:11.871,,0,0,50,50,1,false,1,abundance,1,15006,2026-05-01 20:21:20.530,1,50,2,1,0
5e62aca37820fe04614b5ffa,5e62aca37820fe04614b5ffa_1777666081171,,1,6,ci52VlapUyxdlkxF130u,594504,2026-05-01 20:18:02.026,,0,0,50,50,1,true,1,abundance,1,10008,2026-05-01 20:18:05.683,1,50,1.6,1,0
5e62aca37820fe04614b5ffa,5e62aca37820fe04614b5ffa_1777666081171,,0,7,0fYBLF5lvTCvFzH2anH6,804366,2026-05-01 20:21:31.884,,0,0,50,50,1,false,1,abundance,1,15006,2026-05-01 20:21:40.543,1,50,1.6,1,0
5e62aca37820fe04614b5ffa,5e62aca37820fe04614b5ffa_1777666081171,,1,7,9Uwib8VDwjvytavPhQxr,609530,2026-05-01 20:18:17.053,,0,0,50,50,1,true,1,abundance,1,10007,2026-05-01 20:18:20.708,1,50,1.2,0,0
5e62aca37820fe04614b5ffa,5e62aca37820fe04614b5ffa_1777666081171,,0,8,c1Hj9XrmDRXjkLQchnmG,824386,2026-05-01 20:21:51.903,,0,0,50,50,1,false,1,abundance,1,15005,2026-05-01 20:22:00.562,1,50,1.6,1,0
5e62aca37820fe04614b5ffa,5e62aca37820fe04614b5ffa_1777666081171,,1,8,oGclplifBWG8anhYgvDA,624546,2026-05-01 20:18:32.067,,0,0,50,50,1,true,1,abundance,1,10004,2026-05-01 20:18:35.721,1,50,1.4,1,0
5e62aca37820fe04614b5ffa,5e62aca37820fe04614b5ffa_1777666081171,,0,9,3nxFSRjafDgDIUOHTP9U,844408,2026-05-01 20:22:11.925,,0,0,50,50,1,false,1,abundance,1,15002,2026-05-01 20:22:20.581,1,50,2,1,0
5e62aca37820fe04614b5ffa,5e62aca37820fe04614b5ffa_1777666081171,,1,9,D8Ym0VNDTcRhcHPr5n9k,639564,2026-05-01 20:18:47.084,,0,0,50,50,1,true,1,abundance,1,10004,2026-05-01 20:18:50.739,1,50,1.4,0,0
5e62aca37820fe04614b5ffa,5e62aca37820fe04614b5ffa_1777666081171,,1,10,lKq5EXbW0KgD5UFfskkp,654581,2026-05-01 20:19:02.103,,0,0,50,50,1,true,1,abundance,1,10006,2026-05-01 20:19:05.758,1,50,1.6,0,0
5e62aca37820fe04614b5ffa,5e62aca37820fe04614b5ffa_1777666081171,,0,10,xr1Laf2p5EOYafN5k3mY,864426,2026-05-01 20:22:31.950,,0,0,50,50,1,false,1,abundance,1,15008,2026-05-01 20:22:40.605,1,50,1.8,0,0
5e62aca37820fe04614b5ffa,5e62aca37820fe04614b5ffa_1777666081171,,0,11,HsJI5aKSgZJsbsfx7xPi,884441,2026-05-01 20:22:51.957,,0,0,50,50,1,false,1,abundance,1,15005,2026-05-01 20:23:00.617,1,50,1.8,0,0
5e62aca37820fe04614b5ffa,5e62aca37820fe04614b5ffa_1777666081171,,0,12,AfsoN3ZJuIjpBZJsE1RH,904466,2026-05-01 20:23:11.982,,0,0,50,50,1,false,1,abundance,1,15005,2026-05-01 20:23:20.642,1,50,1.8,0,0
5e62aca37820fe04614b5ffa,5e62aca37820fe04614b5ffa_1777666081171,,0,13,3YIUtO69B2sdEzb0uOol,924480,2026-05-01 20:23:32.001,,0,0,50,50,1,false,1,abundance,1,15004,2026-05-01 20:23:40.655,1,50,1.6,0,0
5e62aca37820fe04614b5ffa,5e62aca37820fe04614b5ffa_1777666081171,,0,14,IKustJrTGvzpM79AOSxK,944503,2026-05-01 20:23:52.017,,0,0,50,50,1,false,1,abundance,1,15006,2026-05-01 20:24:00.680,1,50,2,0,0
5e62aca37820fe04614b5ffa,5e62aca37820fe04614b5ffa_1777666081171,,0,15,14RttnylOM17cICPz8Zb,964523,2026-05-01 20:24:12.037,,0,0,50,50,1,false,1,abundance,1,15004,2026-05-01 20:24:20.698,1,50,2,0,0
5e62aca37820fe04614b5ffa,5e62aca37820fe04614b5ffa_1777666081171,,0,16,IMjtWbOGoki16FxKXlUJ,984536,2026-05-01 20:24:32.073,,0,0,50,50,1,false,1,abundance,1,15004,2026-05-01 20:24:40.711,1,50,1.6,0,0
5e62aca37820fe04614b5ffa,5e62aca37820fe04614b5ffa_1777666081171,,0,17,dwAEB5uknPNr1gn412ZW,1004549,2026-05-01 20:24:52.062,,0,0,50,50,1,false,1,abundance,1,15003,2026-05-01 20:25:00.723,1,50,1.6,0,0
5e62aca37820fe04614b5ffa,5e62aca37820fe04614b5ffa_1777666081171,,0,18,PuF7rp93niEj3Et0fble,1024569,2026-05-01 20:25:12.082,,0,0,50,50,1,false,1,abundance,1,15003,2026-05-01 20:25:20.743,1,50,2,0,0
5e62aca37820fe04614b5ffa,5e62aca37820fe04614b5ffa_1777666081171,,0,19,TbVmTuNiaCDdDjmsgPWt,1044591,2026-05-01 20:25:32.111,,0,0,50,50,1,false,1,abundance,1,15005,2026-05-01 20:25:40.767,1,50,2,1,0
5e62aca37820fe04614b5ffa,5e62aca37820fe04614b5ffa_1777666081171,,0,20,yNqmooB0mPvLO2nQYZmD,1064599,2026-05-01 20:25:52.111,,0,0,50,50,1,false,1,abundance,1,15003,2026-05-01 20:26:00.773,1,50,2,1,0
5e62aca37820fe04614b5ffa,5e62aca37820fe04614b5ffa_1777666081171,,0,21,ffGZwqyxlXDORzxYznZ4,1084615,2026-05-01 20:26:12.127,,0,0,50,50,1,false,1,abundance,1,15006,2026-05-01 20:26:20.792,1,50,1.6,1,0
5e62aca37820fe04614b5ffa,5e62aca37820fe04614b5ffa_1777666081171,,0,22,NkwFcW9N6CtjKkJ2IWQJ,1104634,2026-05-01 20:26:32.146,,0,0,50,50,1,false,1,abundance,1,15005,2026-05-01 20:26:40.810,1,50,1.8,1,0
5e62aca37820fe04614b5ffa,5e62aca37820fe04614b5ffa_1777666081171,,0,23,tRxD22vt2pmWC6rqXLnv,1124646,2026-05-01 20:26:52.157,,0,0,50,50,1,false,1,abundance,1,15004,2026-05-01 20:27:00.821,1,50,2,1,0
5e62aca37820fe04614b5ffa,5e62aca37820fe04614b5ffa_1777666081171,,0,24,WrF8BxJ2IvaSj0OPYaRI,1144658,2026-05-01 20:27:12.164,,0,0,50,50,1,false,1,abundance,1,15007,2026-05-01 20:27:20.836,1,50,1.8,1,0
5e62aca37820fe04614b5ffa,5e62aca37820fe04614b5ffa_1777666081171,,0,25,fAsI36Xyn5nbxDTSSWmW,1164672,2026-05-01 20:27:32.186,,0,0,50,50,1,false,1,abundance,1,15006,2026-05-01 20:27:40.849,1,50,1.8,1,0
5e62aca37820fe04614b5ffa,5e62aca37820fe04614b5ffa_1777666081171,,0,26,GI7bOhJFhue9ZlXlWFo8,1184691,2026-05-01 20:27:52.197,,0,0,50,50,1,false,1,abundance,1,15005,2026-05-01 20:28:00.867,1,50,1.6,1,0
5e62aca37820fe04614b5ffa,5e62aca37820fe04614b5ffa_1777666081171,,0,27,D7NvskyhsUArv57pa8yD,1204718,2026-05-01 20:28:12.222,,0,0,50,50,1,false,1,abundance,1,15003,2026-05-01 20:28:20.892,1,50,1.6,1,0
5e62aca37820fe04614b5ffa,5e62aca37820fe04614b5ffa_1777666081171,,0,28,0sSpDyyF1NwwOs3UchHq,1224730,2026-05-01 20:28:32.235,,0,0,50,50,1,false,1,abundance,1,15003,2026-05-01 20:28:40.904,1,50,1.8,0,0
5e62aca37820fe04614b5ffa,5e62aca37820fe04614b5ffa_1777666081171,,0,29,U9lWi2pZUTtXwH6Mkf0R,1244741,2026-05-01 20:28:52.248,,0,0,50,50,1,false,1,abundance,1,15005,2026-05-01 20:29:00.917,1,50,2,0,0
5e62aca37820fe04614b5ffa,5e62aca37820fe04614b5ffa_1777666081171,,0,30,RyDzWWuLCQMjpHjdcMet,1264765,2026-05-01 20:29:12.270,,0,0,50,50,1,false,1,abundance,1,15006,2026-05-01 20:29:20.942,1,50,1.6,0,0
5e62aca37820fe04614b5ffa,5e62aca37820fe04614b5ffa_1777666081171,,0,31,W3nIog9zCLZXxahU6blI,1284778,2026-05-01 20:29:32.296,,0,0,50,50,1,false,1,abundance,1,15005,2026-05-01 20:29:40.954,1,50,1.6,0,0
5e62aca37820fe04614b5ffa,5e62aca37820fe04614b5ffa_1777666081171,,0,32,1G6f876KpQYk7fymqoLN,1304793,2026-05-01 20:29:52.298,,0,0,50,50,1,false,1,abundance,1,15003,2026-05-01 20:30:00.967,1,50,1.8,0,0
5e62aca37820fe04614b5ffa,5e62aca37820fe04614b5ffa_1777666081171,,0,33,0FG1kbAFDQ5TsymLVbxa,1324813,2026-05-01 20:30:12.316,,0,0,50,50,1,false,1,abundance,1,15008,2026-05-01 20:30:20.992,1,50,1.8,0,0
5e62aca37820fe04614b5ffa,5e62aca37820fe04614b5ffa_1777666081171,,0,34,osf2nN3sYAnfVnKG8yqJ,1344841,2026-05-01 20:30:32.351,,0,0,50,50,1,false,1,abundance,1,15004,2026-05-01 20:30:41.016,1,50,2,0,0
5e62aca37820fe04614b5ffa,5e62aca37820fe04614b5ffa_1777666081171,,0,35,jkmqb4VAWCfBPCF3YGtf,1364864,2026-05-01 20:30:52.371,,0,0,50,50,1,false,1,abundance,1,15006,2026-05-01 20:31:01.041,1,50,2,0,0
5e62aca37820fe04614b5ffa,5e62aca37820fe04614b5ffa_1777666081171,,0,36,84JzYPTy6KIH6HXiGzi2,1384881,2026-05-01 20:31:12.388,,0,0,50,50,1,false,1,abundance,1,15003,2026-05-01 20:31:21.055,1,50,1.6,0,0
5f3a7e7b3a55e009ff81175e,5f3a7e7b3a55e009ff81175e_1777664674294,,0,1,ETJhJfjWPniQzHWJmvUe,589445,2026-05-01 19:54:23.820,,0,0,50,50,1,false,1,abundance,1,14907,2026-05-01 19:54:38.646,1,50,1.8,1,0
5f3a7e7b3a55e009ff81175e,5f3a7e7b3a55e009ff81175e_1777664674294,,1,1,d201Q5avLYhZjhnMxl3M,415469,2026-05-01 19:51:29.842,,0,0,50,50,1,true,1,abundance,1,9916,2026-05-01 19:51:39.679,1,50,1.6,1,0
5f3a7e7b3a55e009ff81175e,5f3a7e7b3a55e009ff81175e_1777664674294,,1,2,VfW4RxiVerOCK5FqZb7d,430408,2026-05-01 19:51:44.781,,0,0,50,50,1,true,1,abundance,1,10009,2026-05-01 19:51:54.711,1,50,1.6,0,0
5f3a7e7b3a55e009ff81175e,5f3a7e7b3a55e009ff81175e_1777664674294,,0,2,m3cU55SZeLF5RIwYN4u5,609374,2026-05-01 19:54:43.741,,0,0,50,50,1,false,1,abundance,1,15010,2026-05-01 19:54:58.678,1,50,1.6,1,0
5f3a7e7b3a55e009ff81175e,5f3a7e7b3a55e009ff81175e_1777664674294,,1,3,9jVNBaDla973Lb3XdyJm,445437,2026-05-01 19:51:59.805,,0,0,50,50,1,true,1,abundance,1,10014,2026-05-01 19:52:09.745,1,50,1.4,1,0
5f3a7e7b3a55e009ff81175e,5f3a7e7b3a55e009ff81175e_1777664674294,,0,3,kBQ256HtE0kMB0RB2a3Q,629406,2026-05-01 19:55:03.782,,0,0,50,50,1,false,1,abundance,1,15011,2026-05-01 19:55:18.711,1,50,1.6,1,0
5f3a7e7b3a55e009ff81175e,5f3a7e7b3a55e009ff81175e_1777664674294,,1,4,VOL6MYqJUArj8P8iabQv,460470,2026-05-01 19:52:14.837,,0,0,50,50,1,true,1,abundance,1,10014,2026-05-01 19:52:24.778,1,50,1.4,0,0
5f3a7e7b3a55e009ff81175e,5f3a7e7b3a55e009ff81175e_1777664674294,,0,4,d4LSc0OWDp0Sk4M3Ye5P,649434,2026-05-01 19:55:23.799,,0,0,50,50,1,false,1,abundance,1,15017,2026-05-01 19:55:38.745,1,50,1.6,1,0
5f3a7e7b3a55e009ff81175e,5f3a7e7b3a55e009ff81175e_1777664674294,,0,5,P6xQpjDGOmOKX28hcD3v,669467,2026-05-01 19:55:43.833,,0,0,50,50,1,false,1,abundance,1,15017,2026-05-01 19:55:58.778,1,50,2,1,0
5f3a7e7b3a55e009ff81175e,5f3a7e7b3a55e009ff81175e_1777664674294,,1,5,XftyukdotcjGQyVvUPFJ,475496,2026-05-01 19:52:29.863,,0,0,50,50,1,true,1,abundance,1,10014,2026-05-01 19:52:39.804,1,50,1.4,1,0
5f3a7e7b3a55e009ff81175e,5f3a7e7b3a55e009ff81175e_1777664674294,,1,6,8XhRdn5IAkxGUkFkosoy,490528,2026-05-01 19:52:44.897,,0,0,50,50,1,true,1,abundance,1,10007,2026-05-01 19:52:54.829,1,50,1.4,0,0
5f3a7e7b3a55e009ff81175e,5f3a7e7b3a55e009ff81175e_1777664674294,,0,6,Q0Vlpd5Ly7OiNB1jAYKO,689514,2026-05-01 19:56:03.881,,0,0,50,50,1,false,1,abundance,1,15014,2026-05-01 19:56:18.822,1,50,1.8,1,0
5f3a7e7b3a55e009ff81175e,5f3a7e7b3a55e009ff81175e_1777664674294,,1,7,awDGXAUhFFD71dCypm7m,505546,2026-05-01 19:52:59.914,,0,0,50,50,1,true,1,abundance,1,10017,2026-05-01 19:53:09.857,1,50,1.2,0,0
5f3a7e7b3a55e009ff81175e,5f3a7e7b3a55e009ff81175e_1777664674294,,0,7,fhbp2pcGQ2gCwyZOlnyj,709539,2026-05-01 19:56:23.905,,0,0,50,50,1,false,1,abundance,1,15012,2026-05-01 19:56:38.845,1,50,1.8,1,0
5f3a7e7b3a55e009ff81175e,5f3a7e7b3a55e009ff81175e_1777664674294,,0,8,14Pdrw4muYvkAoBwfgKL,729554,2026-05-01 19:56:43.921,,0,0,50,50,1,false,1,abundance,1,15013,2026-05-01 19:56:58.861,1,50,2,1,0
5f3a7e7b3a55e009ff81175e,5f3a7e7b3a55e009ff81175e_1777664674294,,1,8,b6ztGGuPKoOuMgtZInPw,520574,2026-05-01 19:53:14.941,,0,0,50,50,1,true,1,abundance,1,10010,2026-05-01 19:53:24.878,1,50,1.2,1,0
5f3a7e7b3a55e009ff81175e,5f3a7e7b3a55e009ff81175e_1777664674294,,1,9,BzJJSUA1KWgqHi1laJv9,535602,2026-05-01 19:53:29.969,,0,0,50,50,1,true,1,abundance,1,10015,2026-05-01 19:53:39.911,1,50,1.2,1,0
5f3a7e7b3a55e009ff81175e,5f3a7e7b3a55e009ff81175e_1777664674294,,0,9,nJq1DGxANW8bj1pgBgt2,749594,2026-05-01 19:57:03.962,,0,0,50,50,1,false,1,abundance,1,15018,2026-05-01 19:57:18.906,1,50,2,1,0
5f3a7e7b3a55e009ff81175e,5f3a7e7b3a55e009ff81175e_1777664674294,,1,10,pIPuL7Sk7wojoA1rgmHD,550634,2026-05-01 19:53:45.006,,0,0,50,50,1,true,1,abundance,1,10017,2026-05-01 19:53:54.945,1,50,1.2,0,0
5f3a7e7b3a55e009ff81175e,5f3a7e7b3a55e009ff81175e_1777664674294,,0,10,sTR21eW3invB4M7l5H64,769623,2026-05-01 19:57:23.989,,0,0,50,50,1,false,1,abundance,1,15010,2026-05-01 19:57:38.927,1,50,1.8,0,0
5f3a7e7b3a55e009ff81175e,5f3a7e7b3a55e009ff81175e_1777664674294,,0,11,Yc0gscLBQQjz5FM6MtaE,789641,2026-05-01 19:57:44.008,,0,0,50,50,1,false,1,abundance,1,15009,2026-05-01 19:57:58.944,1,50,1.8,0,0
5f3a7e7b3a55e009ff81175e,5f3a7e7b3a55e009ff81175e_1777664674294,,0,12,RbyfITqLk2g4cGkloikW,809653,2026-05-01 19:58:04.019,,0,0,50,50,1,false,1,abundance,1,15015,2026-05-01 19:58:18.962,1,50,1.6,0,0
5f3a7e7b3a55e009ff81175e,5f3a7e7b3a55e009ff81175e_1777664674294,,0,13,OVA9dutut1d5q4PA4XoJ,829694,2026-05-01 19:58:24.061,,0,0,50,50,1,false,1,abundance,1,15021,2026-05-01 19:58:39.009,1,50,1.8,0,0
5f3a7e7b3a55e009ff81175e,5f3a7e7b3a55e009ff81175e_1777664674294,,0,14,AuDtNI8NI4pd3N1J4YtV,849725,2026-05-01 19:58:44.092,,0,0,50,50,1,false,1,abundance,1,15008,2026-05-01 19:58:59.027,1,50,1.6,0,0
5f3a7e7b3a55e009ff81175e,5f3a7e7b3a55e009ff81175e_1777664674294,,0,15,n2zygaCKRqPuz2bvsz8S,869743,2026-05-01 19:59:04.109,,0,0,50,50,1,false,1,abundance,1,15020,2026-05-01 19:59:19.057,1,50,2,0,0
5f3a7e7b3a55e009ff81175e,5f3a7e7b3a55e009ff81175e_1777664674294,,0,16,Od25eSk0Ygfz9W2qlT3Z,889781,2026-05-01 19:59:24.148,,0,0,50,50,1,false,1,abundance,1,15020,2026-05-01 19:59:39.095,1,50,2,0,0
5f3a7e7b3a55e009ff81175e,5f3a7e7b3a55e009ff81175e_1777664674294,,0,17,lsUXI2TRRa6HuBrdOjgZ,909831,2026-05-01 19:59:44.199,,0,0,50,50,1,false,1,abundance,1,15014,2026-05-01 19:59:59.139,1,50,1.6,0,0
5f3a7e7b3a55e009ff81175e,5f3a7e7b3a55e009ff81175e_1777664674294,,0,18,dGxXj4hEhtYcS7mQHzX2,929856,2026-05-01 20:00:04.221,,0,0,50,50,1,false,1,abundance,1,15011,2026-05-01 20:00:19.161,1,50,2,0,0
5f3a7e7b3a55e009ff81175e,5f3a7e7b3a55e009ff81175e_1777664674294,,0,19,GmtBNcetfDnGMUjTx04i,949874,2026-05-01 20:00:24.241,,0,0,50,50,1,false,1,abundance,1,15009,2026-05-01 20:00:39.177,1,50,1.6,1,0
5f3a7e7b3a55e009ff81175e,5f3a7e7b3a55e009ff81175e_1777664674294,,0,20,jTmfCZoIrHI9bPPhejWF,969888,2026-05-01 20:00:44.256,,0,0,50,50,1,false,1,abundance,1,15012,2026-05-01 20:00:59.194,1,50,2,1,0
5f3a7e7b3a55e009ff81175e,5f3a7e7b3a55e009ff81175e_1777664674294,,0,21,qqmLJKv1mep1jjZl3fQD,989903,2026-05-01 20:01:04.270,,0,0,50,50,1,false,1,abundance,1,15012,2026-05-01 20:01:19.209,1,50,2,1,0
5f3a7e7b3a55e009ff81175e,5f3a7e7b3a55e009ff81175e_1777664674294,,0,22,ZJXeJaK4wcJw5vwuVW1X,1009928,2026-05-01 20:01:24.295,,0,0,50,50,1,false,1,abundance,1,15017,2026-05-01 20:01:39.239,1,50,1.8,1,0
5f3a7e7b3a55e009ff81175e,5f3a7e7b3a55e009ff81175e_1777664674294,,0,23,VVy2Vo5eScNO9iPIP8XS,1029952,2026-05-01 20:01:44.322,,0,0,50,50,1,false,1,abundance,1,15008,2026-05-01 20:01:59.254,1,50,1.6,1,0
5f3a7e7b3a55e009ff81175e,5f3a7e7b3a55e009ff81175e_1777664674294,,0,24,dn7ZBKfIEAsGQSJFosDx,1049971,2026-05-01 20:02:04.340,,0,0,50,50,1,false,1,abundance,1,15012,2026-05-01 20:02:19.277,1,50,1.8,1,0
5f3a7e7b3a55e009ff81175e,5f3a7e7b3a55e009ff81175e_1777664674294,,0,25,hw0I1h0BzEk1JezRtwzk,1069997,2026-05-01 20:02:24.362,,0,0,50,50,1,false,1,abundance,1,15019,2026-05-01 20:02:39.310,1,50,1.6,1,0
5f3a7e7b3a55e009ff81175e,5f3a7e7b3a55e009ff81175e_1777664674294,,0,26,FyaMXCEZ4UcmlTwgYPf3,1090041,2026-05-01 20:02:44.406,,0,0,50,50,1,false,1,abundance,1,15009,2026-05-01 20:02:59.344,1,50,2,1,0
5f3a7e7b3a55e009ff81175e,5f3a7e7b3a55e009ff81175e_1777664674294,,0,27,XchPmu2THuUqkYjDtuIQ,1110062,2026-05-01 20:03:04.430,,0,0,50,50,1,false,1,abundance,1,15010,2026-05-01 20:03:19.366,1,50,1.8,1,0
5f3a7e7b3a55e009ff81175e,5f3a7e7b3a55e009ff81175e_1777664674294,,0,28,A0ItxMltzzaCMx0lf2NE,1130076,2026-05-01 20:03:24.442,,0,0,50,50,1,false,1,abundance,1,15019,2026-05-01 20:03:39.389,1,50,2,0,0
5f3a7e7b3a55e009ff81175e,5f3a7e7b3a55e009ff81175e_1777664674294,,0,29,p82zqbWXYYWnFQ3cUpsm,1150101,2026-05-01 20:03:44.465,,0,0,50,50,1,false,1,abundance,1,15015,2026-05-01 20:03:59.410,1,50,1.8,0,0
5f3a7e7b3a55e009ff81175e,5f3a7e7b3a55e009ff81175e_1777664674294,,0,30,rAsVm34PxTuK3KAR0B4M,1170133,2026-05-01 20:04:04.498,,0,0,50,50,1,false,1,abundance,1,15017,2026-05-01 20:04:19.444,1,50,2,0,0
5f3a7e7b3a55e009ff81175e,5f3a7e7b3a55e009ff81175e_1777664674294,,0,31,uXGJPkrI8ed5KtBjubox,1190159,2026-05-01 20:04:24.524,,0,0,50,50,1,false,1,abundance,1,15008,2026-05-01 20:04:39.461,1,50,1.6,0,0
5f3a7e7b3a55e009ff81175e,5f3a7e7b3a55e009ff81175e_1777664674294,,0,32,hjp5z0v7DkUc2ureehdq,1210190,2026-05-01 20:04:44.555,,0,0,50,50,1,false,1,abundance,1,15010,2026-05-01 20:04:59.494,1,50,1.6,0,0
5f3a7e7b3a55e009ff81175e,5f3a7e7b3a55e009ff81175e_1777664674294,,0,33,jbuS3wVEPbRTHxkD0SzZ,1230216,2026-05-01 20:05:04.582,,0,0,50,50,1,false,1,abundance,1,15017,2026-05-01 20:05:19.527,1,50,1.8,0,0
5f3a7e7b3a55e009ff81175e,5f3a7e7b3a55e009ff81175e_1777664674294,,0,34,S6ougsRbpmbmOHH5ERKU,1250239,2026-05-01 20:05:24.604,,0,0,50,50,1,false,1,abundance,1,15011,2026-05-01 20:05:39.544,1,50,1.6,0,0
5f3a7e7b3a55e009ff81175e,5f3a7e7b3a55e009ff81175e_1777664674294,,0,35,UbCyrmFxGz0PTshQc4vS,1270274,2026-05-01 20:05:44.639,,0,0,50,50,1,false,1,abundance,1,15009,2026-05-01 20:05:59.577,1,50,2,0,0
5f3a7e7b3a55e009ff81175e,5f3a7e7b3a55e009ff81175e_1777664674294,,0,36,3fxQIyOP2qKYXUqzYbj3,1290304,2026-05-01 20:06:04.669,,0,0,50,50,1,false,1,abundance,1,15012,2026-05-01 20:06:19.610,1,50,1.8,0,0
60a9455edf704176d918fbaa,60a9455edf704176d918fbaa_1777665441806,,0,1,NiealkYwyDMeciONsskv,1143121,2026-05-01 20:18:54.187,,0,0,50,50,1,false,1,abundance,1,14937,2026-05-01 20:16:39.864,1,50,1.8,0,0
60a9455edf704176d918fbaa,60a9455edf704176d918fbaa_1777665441806,,1,1,mba1aH5fkD6yJSkZSHP5,939704,2026-05-01 20:15:30.782,,0,0,50,50,1,true,1,abundance,1,10023,2026-05-01 20:13:11.533,1,50,1.6,1,0
60a9455edf704176d918fbaa,60a9455edf704176d918fbaa_1777665441806,,1,2,tvUIl01xxqpGGzFByNgI,954771,2026-05-01 20:15:45.831,,0,0,50,50,1,true,1,abundance,1,10037,2026-05-01 20:13:26.614,1,50,1.4,1,0
60a9455edf704176d918fbaa,60a9455edf704176d918fbaa_1777665441806,,0,2,ufPqCox4L9YnEKapTjAX,1163098,2026-05-01 20:19:14.189,,0,0,50,50,1,false,1,abundance,1,15027,2026-05-01 20:16:59.931,1,50,2,0,0
60a9455edf704176d918fbaa,60a9455edf704176d918fbaa_1777665441806,,1,3,LgSISkL27me1v5UFkolT,969824,2026-05-01 20:16:00.882,,0,0,50,50,1,true,1,abundance,1,10037,2026-05-01 20:13:41.667,1,50,1.2,0,0
60a9455edf704176d918fbaa,60a9455edf704176d918fbaa_1777665441806,,0,3,wYruGGasgBdvgJYjiaGr,1183149,2026-05-01 20:19:34.213,,0,0,50,50,1,false,1,abundance,1,15025,2026-05-01 20:17:19.980,1,50,1.8,0,0
60a9455edf704176d918fbaa,60a9455edf704176d918fbaa_1777665441806,,0,4,6xAoNNQ4LnW8wNhnKSvR,1203185,2026-05-01 20:19:54.249,,0,0,50,50,1,false,1,abundance,1,15040,2026-05-01 20:17:40.031,1,50,1.6,0,0
60a9455edf704176d918fbaa,60a9455edf704176d918fbaa_1777665441806,,1,4,WDRLweNIOagbXr7pMXJ0,984871,2026-05-01 20:16:15.929,,0,0,50,50,1,true,1,abundance,1,10024,2026-05-01 20:13:56.701,1,50,1.4,0,0
60a9455edf704176d918fbaa,60a9455edf704176d918fbaa_1777665441806,,0,5,L8h48fj5NV0out305qLY,1223236,2026-05-01 20:20:14.300,,0,0,50,50,1,false,1,abundance,1,15037,2026-05-01 20:18:00.079,1,50,1.6,0,0
60a9455edf704176d918fbaa,60a9455edf704176d918fbaa_1777665441806,,1,5,bguMY0Kwv5HWncxQ8CcT,999931,2026-05-01 20:16:30.990,,0,0,50,50,1,true,1,abundance,1,10029,2026-05-01 20:14:11.766,1,50,1.4,1,0
60a9455edf704176d918fbaa,60a9455edf704176d918fbaa_1777665441806,,0,6,ZPjPWmdEIUr1FGmDQrba,1243294,2026-05-01 20:20:34.356,,0,0,50,50,1,false,1,abundance,1,15026,2026-05-01 20:18:20.126,1,50,1.8,0,0
60a9455edf704176d918fbaa,60a9455edf704176d918fbaa_1777665441806,,1,6,ypO56eIn5GAMuJvmXG70,1014975,2026-05-01 20:16:46.045,,0,0,50,50,1,true,1,abundance,1,10036,2026-05-01 20:14:26.817,1,50,1.2,1,0
60a9455edf704176d918fbaa,60a9455edf704176d918fbaa_1777665441806,,0,7,GHa7iO03vgKtO0o0pIca,1263345,2026-05-01 20:20:54.408,,0,0,50,50,1,false,1,abundance,1,15028,2026-05-01 20:18:40.179,1,50,2,0,0
60a9455edf704176d918fbaa,60a9455edf704176d918fbaa_1777665441806,,1,7,m1vxSblFKTY14iYoe6In,1030036,2026-05-01 20:17:01.095,,0,0,50,50,1,true,1,abundance,1,10040,2026-05-01 20:14:41.882,1,50,1.6,0,0
60a9455edf704176d918fbaa,60a9455edf704176d918fbaa_1777665441806,,1,8,GqIInttt3X9G5zOTUM4T,1045101,2026-05-01 20:17:16.159,,0,0,50,50,1,true,1,abundance,1,10040,2026-05-01 20:14:56.947,1,50,1.2,1,0
60a9455edf704176d918fbaa,60a9455edf704176d918fbaa_1777665441806,,0,8,lf8hVNeTBuhftLxb8KtM,1283391,2026-05-01 20:21:14.453,,0,0,50,50,1,false,1,abundance,1,15031,2026-05-01 20:19:00.228,1,50,2,0,0
60a9455edf704176d918fbaa,60a9455edf704176d918fbaa_1777665441806,,0,9,uyuxWsQDxrzHlz4SSZKj,1303445,2026-05-01 20:21:34.509,,0,0,50,50,1,false,1,abundance,1,15026,2026-05-01 20:19:20.277,1,50,1.6,0,0
60a9455edf704176d918fbaa,60a9455edf704176d918fbaa_1777665441806,,1,9,yuiXWZylrCSgPXdj8ulM,1060166,2026-05-01 20:17:31.225,,0,0,50,50,1,true,1,abundance,1,10042,2026-05-01 20:15:12.014,1,50,1.4,0,0
60a9455edf704176d918fbaa,60a9455edf704176d918fbaa_1777665441806,,1,10,XdC7cOUZd4j0juJZ3YpV,1075234,2026-05-01 20:17:46.316,,0,0,50,50,1,true,1,abundance,1,10057,2026-05-01 20:15:27.097,1,50,1.2,0,0
60a9455edf704176d918fbaa,60a9455edf704176d918fbaa_1777665441806,,0,10,sHQrfc56M9wNh9eQADd8,1323483,2026-05-01 20:21:54.547,,0,0,50,50,1,false,1,abundance,1,15040,2026-05-01 20:19:40.329,1,50,2,1,0
60a9455edf704176d918fbaa,60a9455edf704176d918fbaa_1777665441806,,0,11,ujfvJFMkRG5yEx14njvX,1343532,2026-05-01 20:22:14.597,,0,0,50,50,1,false,1,abundance,1,15021,2026-05-01 20:20:00.359,1,50,1.8,1,0
60a9455edf704176d918fbaa,60a9455edf704176d918fbaa_1777665441806,,0,12,GoRbkMGRkElko6QDs6bu,1363558,2026-05-01 20:22:34.629,,0,0,50,50,1,false,1,abundance,1,15055,2026-05-01 20:20:20.419,1,50,2,1,0
60a9455edf704176d918fbaa,60a9455edf704176d918fbaa_1777665441806,,0,13,uZyVVHzvniZ7C6DBrRRk,1383635,2026-05-01 20:22:54.700,,0,0,50,50,1,false,1,abundance,1,15019,2026-05-01 20:20:40.460,1,50,1.8,1,0
60a9455edf704176d918fbaa,60a9455edf704176d918fbaa_1777665441806,,0,14,bvIiw5BdiC8voc27REfd,1403662,2026-05-01 20:23:14.732,,0,0,50,50,1,false,1,abundance,1,15036,2026-05-01 20:21:00.504,1,50,1.8,1,0
60a9455edf704176d918fbaa,60a9455edf704176d918fbaa_1777665441806,,0,15,uZe4pARcG1b6DC68EsHV,1423721,2026-05-01 20:23:34.787,,0,0,50,50,1,false,1,abundance,1,15032,2026-05-01 20:21:20.559,1,50,2,1,0
60a9455edf704176d918fbaa,60a9455edf704176d918fbaa_1777665441806,,0,16,SOlK9wuzSyJaG0NeeHwf,1443768,2026-05-01 20:23:54.833,,0,0,50,50,1,false,1,abundance,1,15030,2026-05-01 20:21:40.604,1,50,1.6,1,0
60a9455edf704176d918fbaa,60a9455edf704176d918fbaa_1777665441806,,0,17,115AQcw2jBe9UFBuFIBp,1463816,2026-05-01 20:24:14.883,,0,0,50,50,1,false,1,abundance,1,15038,2026-05-01 20:22:00.660,1,50,1.6,1,0
60a9455edf704176d918fbaa,60a9455edf704176d918fbaa_1777665441806,,0,18,c04ZmXLSJ5rndsKBkt0w,1483883,2026-05-01 20:24:34.950,,0,0,50,50,1,false,1,abundance,1,15036,2026-05-01 20:22:20.725,1,50,1.6,1,0
60a9455edf704176d918fbaa,60a9455edf704176d918fbaa_1777665441806,,0,19,XdCedxqA841YsvGRsrwc,1503930,2026-05-01 20:24:54.997,,0,0,50,50,1,false,1,abundance,1,15037,2026-05-01 20:22:40.773,1,50,1.8,0,0
60a9455edf704176d918fbaa,60a9455edf704176d918fbaa_1777665441806,,0,20,XBGq8RdHt8haXfkyLuMN,1523988,2026-05-01 20:25:15.058,,0,0,50,50,1,false,1,abundance,1,15013,2026-05-01 20:26:41.352,1,50,1.8,0,0
60a9455edf704176d918fbaa,60a9455edf704176d918fbaa_1777665441806,,0,21,cayEK82fB0Es75tYLkKp,1544072,2026-05-01 20:29:16.379,,0,0,50,50,1,false,1,abundance,0,,,,50,1.8,0,0
60a9455edf704176d918fbaa,60a9455edf704176d918fbaa_1777665441806,,0,22,2jssz6xBfjkjZYwwRv40,1564127,2026-05-01 20:29:18.257,,0,0,50,50,1,false,1,abundance,0,,,,50,1.6,0,0
60a9455edf704176d918fbaa,60a9455edf704176d918fbaa_1777665441806,,0,23,QFirF8muD9leaTvpnJEn,1584164,2026-05-01 20:29:23.650,,0,0,50,50,1,false,1,abundance,0,,,,50,2,0,0
60a9455edf704176d918fbaa,60a9455edf704176d918fbaa_1777665441806,,0,24,8zCkSdOSlv6PSYd1GeVu,1604225,2026-05-01 20:29:27.616,,0,0,50,50,1,false,1,abundance,1,15046,2026-05-01 20:27:01.413,1,50,2,0,0
60a9455edf704176d918fbaa,60a9455edf704176d918fbaa_1777665441806,,0,25,oPQF8wgtZfwnVkb3Fkz8,1624268,2026-05-01 20:29:32.052,,0,0,50,50,1,false,1,abundance,0,,,,50,2,0,0
60a9455edf704176d918fbaa,60a9455edf704176d918fbaa_1777665441806,,0,26,iTrMDLhiVOJkxHfzgEwr,1644303,2026-05-01 20:29:33.879,,0,0,50,50,1,false,1,abundance,0,,,,50,1.6,0,0
60a9455edf704176d918fbaa,60a9455edf704176d918fbaa_1777665441806,,0,27,H6kr0MVjGofdx1dCR4x4,1664344,2026-05-01 20:29:35.270,,0,0,50,50,1,false,1,abundance,0,,,,50,1.6,0,0
60a9455edf704176d918fbaa,60a9455edf704176d918fbaa_1777665441806,,0,28,fjmR6SbWWqlJjjmrrRVK,1684387,2026-05-01 20:29:37.436,,0,0,50,50,1,false,1,abundance,0,,,,50,1.8,1,0
60a9455edf704176d918fbaa,60a9455edf704176d918fbaa_1777665441806,,0,29,yJHJleSQdhBbHoi8bWHS,1704440,2026-05-01 20:29:40.494,,0,0,50,50,1,false,1,abundance,1,15016,2026-05-01 20:27:21.453,1,50,1.8,1,0
60a9455edf704176d918fbaa,60a9455edf704176d918fbaa_1777665441806,,0,30,fYhuQCUq1VKgaSVCOP1V,1724488,2026-05-01 20:29:49.829,,0,0,50,50,1,false,1,abundance,0,,,,50,1.6,1,0
60a9455edf704176d918fbaa,60a9455edf704176d918fbaa_1777665441806,,0,31,p0MyhPFFZKXNBYYSt5X0,1744533,2026-05-01 20:29:51.999,,0,0,50,50,1,false,1,abundance,0,,,,50,1.8,1,0
60a9455edf704176d918fbaa,60a9455edf704176d918fbaa_1777665441806,,0,32,98mkpzWMuh8lZk4oMgiy,1764561,2026-05-01 20:29:54.906,,0,0,50,50,1,false,1,abundance,0,,,,50,2,1,0
60a9455edf704176d918fbaa,60a9455edf704176d918fbaa_1777665441806,,0,33,HXRzwTsQ9FXQWfx24SAl,1784631,2026-05-01 20:29:56.573,,0,0,50,50,1,false,1,abundance,0,,,,50,1.6,1,0
60a9455edf704176d918fbaa,60a9455edf704176d918fbaa_1777665441806,,0,34,f5wTocM811JWnqpEeFNf,1804666,2026-05-01 20:29:59.181,,0,0,50,50,1,false,1,abundance,1,15029,2026-05-01 20:27:41.501,1,50,2,1,0
60a9455edf704176d918fbaa,60a9455edf704176d918fbaa_1777665441806,,0,35,ARUOcAXGzcLeF6UWiAeZ,1824717,2026-05-01 20:30:15.789,,0,0,50,50,1,false,1,abundance,1,15030,2026-05-01 20:28:01.553,1,50,1.6,1,0
60a9455edf704176d918fbaa,60a9455edf704176d918fbaa_1777665441806,,0,36,gYQtvAaOXQl1kuvOgJTD,1844774,2026-05-01 20:30:35.843,,0,0,50,50,1,false,1,abundance,1,15020,2026-05-01 20:28:21.600,1,50,2,1,0
615a047f08d2a62e66315a7d,615a047f08d2a62e66315a7d_1777666107576,,1,1,E9h7bZEzqqSYt247AfUc,671948,2026-05-01 20:19:37.167,,0,0,50,50,1,true,1,abundance,1,9930,2026-05-01 20:19:49.454,1,50,1.4,0,0
615a047f08d2a62e66315a7d,615a047f08d2a62e66315a7d_1777666107576,,0,1,RAbcRWymCiIZDje8V4vG,958043,2026-05-01 20:24:24.087,,0,0,50,50,1,false,1,abundance,1,14923,2026-05-01 20:24:40.542,1,50,1.6,0,0
615a047f08d2a62e66315a7d,615a047f08d2a62e66315a7d_1777666107576,,0,2,ZteRiWWJPNHgzrWT1ldk,977984,2026-05-01 20:24:43.203,,0,0,50,50,1,false,1,abundance,1,15030,2026-05-01 20:25:00.590,1,50,2,0,0
615a047f08d2a62e66315a7d,615a047f08d2a62e66315a7d_1777666107576,,1,2,vAijFbLDfUht37mAL1tc,686929,2026-05-01 20:19:52.151,,0,0,50,50,1,true,1,abundance,1,10035,2026-05-01 20:20:04.540,1,50,1.2,1,0
615a047f08d2a62e66315a7d,615a047f08d2a62e66315a7d_1777666107576,,0,3,MJGla1Ymj4uBGmKUnJfG,998024,2026-05-01 20:25:03.242,,0,0,50,50,1,false,1,abundance,1,15023,2026-05-01 20:25:20.623,1,50,1.8,0,0
615a047f08d2a62e66315a7d,615a047f08d2a62e66315a7d_1777666107576,,1,3,Tlmj3BzV5Gg9oDCAcKLl,701995,2026-05-01 20:20:07.218,,0,0,50,50,1,true,1,abundance,1,10029,2026-05-01 20:20:19.600,1,50,1.6,0,0
615a047f08d2a62e66315a7d,615a047f08d2a62e66315a7d_1777666107576,,1,4,lwv0Z48lR5gOKZtfYptH,717044,2026-05-01 20:20:22.264,,0,0,50,50,1,true,1,abundance,1,10024,2026-05-01 20:20:34.644,1,50,1.6,1,0
615a047f08d2a62e66315a7d,615a047f08d2a62e66315a7d_1777666107576,,0,4,rIHiHB92BhfkgPHKiw3X,1018065,2026-05-01 20:25:23.285,,0,0,50,50,1,false,1,abundance,1,15018,2026-05-01 20:25:40.659,1,50,1.8,0,0
615a047f08d2a62e66315a7d,615a047f08d2a62e66315a7d_1777666107576,,0,5,Mpm8X01gdKqqaT5ofS5u,1038098,2026-05-01 20:25:43.316,,0,0,50,50,1,false,1,abundance,1,15028,2026-05-01 20:26:00.702,1,50,1.6,0,0
615a047f08d2a62e66315a7d,615a047f08d2a62e66315a7d_1777666107576,,1,5,jNyqYYPhIL0BBBAX0MeN,732082,2026-05-01 20:20:37.299,,0,0,50,50,1,true,1,abundance,1,10030,2026-05-01 20:20:49.688,1,50,1.4,1,0
615a047f08d2a62e66315a7d,615a047f08d2a62e66315a7d_1777666107576,,1,6,7Q8KfItREUp2BUrh3s9Q,747116,2026-05-01 20:20:52.333,,0,0,50,50,1,true,1,abundance,1,10024,2026-05-01 20:21:04.716,1,50,1.2,1,0
615a047f08d2a62e66315a7d,615a047f08d2a62e66315a7d_1777666107576,,0,6,um4cNQrAo3LDKsOrBhYC,1058143,2026-05-01 20:26:03.361,,0,0,50,50,1,false,1,abundance,1,15020,2026-05-01 20:26:20.739,1,50,1.6,0,0
615a047f08d2a62e66315a7d,615a047f08d2a62e66315a7d_1777666107576,,1,7,PczDi27QqNnkEMCjqk0n,762159,2026-05-01 20:21:07.373,,0,0,50,50,1,true,1,abundance,1,10023,2026-05-01 20:21:19.758,1,50,1.2,0,0
615a047f08d2a62e66315a7d,615a047f08d2a62e66315a7d_1777666107576,,0,7,T5ZyGehKxdq9dbEAdHFJ,1078175,2026-05-01 20:26:23.396,,0,0,50,50,1,false,1,abundance,1,15018,2026-05-01 20:26:40.769,1,50,2,0,0
615a047f08d2a62e66315a7d,615a047f08d2a62e66315a7d_1777666107576,,0,8,tFuJMSg0tkwX3VigHf9F,1098210,2026-05-01 20:26:43.434,,0,0,50,50,1,false,1,abundance,1,15026,2026-05-01 20:27:00.812,1,50,1.8,0,0
615a047f08d2a62e66315a7d,615a047f08d2a62e66315a7d_1777666107576,,1,8,wZmYQr6Y2goYDKBFPJm9,777199,2026-05-01 20:21:22.434,,0,0,50,50,1,true,1,abundance,1,10024,2026-05-01 20:21:34.799,1,50,1.2,0,0
615a047f08d2a62e66315a7d,615a047f08d2a62e66315a7d_1777666107576,,0,9,3XodcTQAZjRgpdpvdnI4,1118249,2026-05-01 20:27:03.472,,0,0,50,50,1,false,1,abundance,1,15022,2026-05-01 20:27:20.847,1,50,2,0,0
615a047f08d2a62e66315a7d,615a047f08d2a62e66315a7d_1777666107576,,1,9,3x7S32qidtxvMVMiZz4x,792238,2026-05-01 20:21:37.457,,0,0,50,50,1,true,1,abundance,1,10026,2026-05-01 20:21:49.840,1,50,1.4,0,0
615a047f08d2a62e66315a7d,615a047f08d2a62e66315a7d_1777666107576,,1,10,YrDKs87W9d1gKgz1Zdq4,807292,2026-05-01 20:21:52.513,,0,0,50,50,1,true,1,abundance,1,10024,2026-05-01 20:22:04.892,1,50,1.4,1,0
615a047f08d2a62e66315a7d,615a047f08d2a62e66315a7d_1777666107576,,0,10,kECHsZqVKloZTGRb3jz7,1138278,2026-05-01 20:27:23.505,,0,0,50,50,1,false,1,abundance,1,15026,2026-05-01 20:27:40.880,1,50,2,1,0
615a047f08d2a62e66315a7d,615a047f08d2a62e66315a7d_1777666107576,,0,11,D0cLhhRmi1aW5kTKpCB5,1158321,2026-05-01 20:27:43.548,,0,0,50,50,1,false,1,abundance,1,15024,2026-05-01 20:28:00.921,1,50,1.6,1,0
615a047f08d2a62e66315a7d,615a047f08d2a62e66315a7d_1777666107576,,0,12,El68UAAltqmQ6B4hPR6k,1178354,2026-05-01 20:28:03.571,,0,0,50,50,1,false,1,abundance,1,15023,2026-05-01 20:28:20.953,1,50,1.6,1,0
615a047f08d2a62e66315a7d,615a047f08d2a62e66315a7d_1777666107576,,0,13,1faru8yFaM6AH2HJxSht,1198401,2026-05-01 20:28:23.621,,0,0,50,50,1,false,1,abundance,1,15013,2026-05-01 20:28:40.990,1,50,2,1,0
615a047f08d2a62e66315a7d,615a047f08d2a62e66315a7d_1777666107576,,0,14,dEwQnkh1WRGtJVckm7qs,1218438,2026-05-01 20:28:43.880,,0,0,50,50,1,false,1,abundance,1,15037,2026-05-01 20:29:01.051,1,50,1.8,1,0
615a047f08d2a62e66315a7d,615a047f08d2a62e66315a7d_1777666107576,,0,15,kpUsKuau6L6nv9T9Jrlg,1238494,2026-05-01 20:29:03.719,,0,0,50,50,1,false,1,abundance,1,15018,2026-05-01 20:29:21.088,1,50,1.8,1,0
615a047f08d2a62e66315a7d,615a047f08d2a62e66315a7d_1777666107576,,0,16,UelUY9WLqlgAa9dl7cdV,1258536,2026-05-01 20:29:23.760,,0,0,50,50,1,false,1,abundance,1,15022,2026-05-01 20:29:41.134,1,50,1.6,1,0
615a047f08d2a62e66315a7d,615a047f08d2a62e66315a7d_1777666107576,,0,17,CYxAspMJ8QiXVG6Hg1uJ,1278569,2026-05-01 20:29:43.850,,0,0,50,50,1,false,1,abundance,1,15021,2026-05-01 20:30:01.166,1,50,1.8,1,0
615a047f08d2a62e66315a7d,615a047f08d2a62e66315a7d_1777666107576,,0,18,ac2gwgtAIBmnEQSzyTIr,1298598,2026-05-01 20:30:03.825,,0,0,50,50,1,false,1,abundance,1,15023,2026-05-01 20:30:21.197,1,50,2,1,0
615a047f08d2a62e66315a7d,615a047f08d2a62e66315a7d_1777666107576,,0,19,kIzViDwd5g9dE4CTWshq,1318643,2026-05-01 20:30:23.866,,0,0,50,50,1,false,1,abundance,1,15021,2026-05-01 20:30:41.240,1,50,1.8,0,0
615a047f08d2a62e66315a7d,615a047f08d2a62e66315a7d_1777666107576,,0,20,n6aH4UekhimrgyAtB2Rj,1338676,2026-05-01 20:30:43.903,,0,0,50,50,1,false,1,abundance,1,15018,2026-05-01 20:31:01.270,1,50,1.8,0,0
615a047f08d2a62e66315a7d,615a047f08d2a62e66315a7d_1777666107576,,0,21,Lr0CE3IEcaKEhFlhAmW5,1358707,2026-05-01 20:31:03.932,,0,0,50,50,1,false,1,abundance,1,15022,2026-05-01 20:31:21.305,1,50,2,0,0
615a047f08d2a62e66315a7d,615a047f08d2a62e66315a7d_1777666107576,,0,22,5ZuKGF7c5BZfLAaq1fKf,1378746,2026-05-01 20:31:24.003,,0,0,50,50,1,false,1,abundance,1,15034,2026-05-01 20:31:41.356,1,50,2,0,0
615a047f08d2a62e66315a7d,615a047f08d2a62e66315a7d_1777666107576,,0,23,zh5jWgh1w5KUlq75lF8D,1398806,2026-05-01 20:31:44.035,,0,0,50,50,1,false,1,abundance,1,15022,2026-05-01 20:32:01.404,1,50,1.6,0,0
615a047f08d2a62e66315a7d,615a047f08d2a62e66315a7d_1777666107576,,0,24,XtVmEvcKHcck7fUagnuh,1418843,2026-05-01 20:32:04.064,,0,0,50,50,1,false,1,abundance,1,15022,2026-05-01 20:32:21.441,1,50,1.6,0,0
615a047f08d2a62e66315a7d,615a047f08d2a62e66315a7d_1777666107576,,0,25,lQPzbQWFYLYVe2EMrat2,1438869,2026-05-01 20:32:24.096,,0,0,50,50,1,false,1,abundance,1,15021,2026-05-01 20:32:41.466,1,50,1.8,0,0
615a047f08d2a62e66315a7d,615a047f08d2a62e66315a7d_1777666107576,,0,26,wd8y88IUEW7iMad9bq9B,1458909,2026-05-01 20:32:44.133,,0,0,50,50,1,false,1,abundance,1,15020,2026-05-01 20:33:01.505,1,50,2,0,0
615a047f08d2a62e66315a7d,615a047f08d2a62e66315a7d_1777666107576,,0,27,ybOQBLT0Jt54GYsyxv8c,1478935,2026-05-01 20:33:04.177,,0,0,50,50,1,false,1,abundance,1,15025,2026-05-01 20:33:21.536,1,50,1.6,0,0
615a047f08d2a62e66315a7d,615a047f08d2a62e66315a7d_1777666107576,,0,28,Fz9pXGxz6OYoUL1sXOW6,1498980,2026-05-01 20:33:24.208,,0,0,50,50,1,false,1,abundance,1,15038,2026-05-01 20:33:41.594,1,50,1.8,1,0
615a047f08d2a62e66315a7d,615a047f08d2a62e66315a7d_1777666107576,,0,29,Mt1PqHLbx78mZCp5xoFP,1519025,2026-05-01 20:33:44.245,,0,0,50,50,1,false,1,abundance,1,15024,2026-05-01 20:34:01.625,1,50,1.6,1,0
615a047f08d2a62e66315a7d,615a047f08d2a62e66315a7d_1777666107576,,0,30,MG1iMyGgn6LAA7dVlcet,1539069,2026-05-01 20:34:04.300,,0,0,50,50,1,false,1,abundance,1,15026,2026-05-01 20:34:21.671,1,50,1.6,1,0
615a047f08d2a62e66315a7d,615a047f08d2a62e66315a7d_1777666107576,,0,31,LJWFjEv6wKHeMXVavqZR,1559111,2026-05-01 20:34:24.334,,0,0,50,50,1,false,1,abundance,1,15025,2026-05-01 20:34:41.712,1,50,2,1,0
615a047f08d2a62e66315a7d,615a047f08d2a62e66315a7d_1777666107576,,0,32,AqPx8t2wFSE9FVLKFutb,1579157,2026-05-01 20:34:44.395,,0,0,50,50,1,false,1,abundance,1,15034,2026-05-01 20:35:01.767,1,50,2,1,0
615a047f08d2a62e66315a7d,615a047f08d2a62e66315a7d_1777666107576,,0,33,ME9tql2zVpIa4efTZXlZ,1599204,2026-05-01 20:35:04.424,,0,0,50,50,1,false,1,abundance,1,15014,2026-05-01 20:35:21.794,1,50,1.8,1,0
615a047f08d2a62e66315a7d,615a047f08d2a62e66315a7d_1777666107576,,0,34,uALJ6dVSW8VIhzrYqJI1,1619241,2026-05-01 20:35:24.462,,0,0,50,50,1,false,1,abundance,1,15026,2026-05-01 20:35:41.843,1,50,2,1,0
615a047f08d2a62e66315a7d,615a047f08d2a62e66315a7d_1777666107576,,0,35,EWX5I7USr9ouTpgnKNyQ,1639274,2026-05-01 20:35:44.494,,0,0,50,50,1,false,1,abundance,1,15021,2026-05-01 20:36:01.871,1,50,1.8,1,0
615a047f08d2a62e66315a7d,615a047f08d2a62e66315a7d_1777666107576,,0,36,atZ0oooOIDlZlUXeu7bj,1659310,2026-05-01 20:36:04.533,,0,0,50,50,1,false,1,abundance,1,15026,2026-05-01 20:36:21.912,1,50,1.6,1,0
64b545f4a6685316298c3785,64b545f4a6685316298c3785_1777664690886,,1,1,C3j0I9rixp08SEcRHWcx,984753,2026-05-01 20:01:15.831,,0,0,50,50,1,true,1,abundance,1,9913,2026-05-01 20:01:25.552,1,50,1.4,1,0
64b545f4a6685316298c3785,64b545f4a6685316298c3785_1777664690886,,0,1,Yi8dFWwgTVYmThjzpTte,1171752,2026-05-01 20:04:22.841,,0,0,50,50,1,false,1,abundance,1,14908,2026-05-01 20:04:37.546,1,50,1.6,0,0
64b545f4a6685316298c3785,64b545f4a6685316298c3785_1777664690886,,1,2,GL7KbxnlDiqwOVHDaJkR,999687,2026-05-01 20:01:30.754,,0,0,50,50,1,true,1,abundance,1,10017,2026-05-01 20:01:40.590,1,50,1.6,1,0
64b545f4a6685316298c3785,64b545f4a6685316298c3785_1777664690886,,0,2,VSjLgBo6NlpE5iWIcBrl,1191684,2026-05-01 20:04:42.771,,0,0,50,50,1,false,1,abundance,1,15016,2026-05-01 20:04:57.586,1,50,2,0,0
64b545f4a6685316298c3785,64b545f4a6685316298c3785_1777664690886,,1,3,RBINRGdyfKewfOdz6lqu,1014725,2026-05-01 20:01:45.796,,0,0,50,50,1,true,1,abundance,1,10014,2026-05-01 20:01:55.625,1,50,1.4,1,0
64b545f4a6685316298c3785,64b545f4a6685316298c3785_1777664690886,,0,3,eu9S4sE913bt2HpmUuns,1211727,2026-05-01 20:05:02.792,,0,0,50,50,1,false,1,abundance,1,15013,2026-05-01 20:05:17.626,1,50,2,0,0
64b545f4a6685316298c3785,64b545f4a6685316298c3785_1777664690886,,0,4,10uDS1haTXThLzmtYzZu,1231744,2026-05-01 20:05:22.815,,0,0,50,50,1,false,1,abundance,1,15019,2026-05-01 20:05:37.649,1,50,1.8,0,0
64b545f4a6685316298c3785,64b545f4a6685316298c3785_1777664690886,,1,4,N35CQ13ZtjAe03ygAqsD,1029766,2026-05-01 20:02:00.840,,0,0,50,50,1,true,1,abundance,1,10011,2026-05-01 20:02:10.663,1,50,1.2,0,0
64b545f4a6685316298c3785,64b545f4a6685316298c3785_1777664690886,,0,5,3i1DYNKBh5gEAWSLfHMf,1251775,2026-05-01 20:05:42.858,,0,0,50,50,1,false,1,abundance,1,15017,2026-05-01 20:05:57.678,1,50,1.8,0,0
64b545f4a6685316298c3785,64b545f4a6685316298c3785_1777664690886,,1,5,x4iq7UBZEu3zsFoijHUJ,1044783,2026-05-01 20:02:15.851,,0,0,50,50,1,true,1,abundance,1,10018,2026-05-01 20:02:25.687,1,50,1.2,1,0
64b545f4a6685316298c3785,64b545f4a6685316298c3785_1777664690886,,1,6,6lTyIqnesDlUvs1CLmqg,1059821,2026-05-01 20:02:30.892,,0,0,50,50,1,true,1,abundance,1,10016,2026-05-01 20:02:40.723,1,50,1.2,1,0
64b545f4a6685316298c3785,64b545f4a6685316298c3785_1777664690886,,0,6,nDTUIyx1xMVbiUiauecS,1271805,2026-05-01 20:06:02.891,,0,0,50,50,1,false,1,abundance,1,15006,2026-05-01 20:06:17.697,1,50,1.6,0,0
64b545f4a6685316298c3785,64b545f4a6685316298c3785_1777664690886,,1,7,CL3JnDJsPf1BtHfGNoVR,1074844,2026-05-01 20:02:45.925,,0,0,50,50,1,true,1,abundance,1,10017,2026-05-01 20:02:55.747,1,50,1.4,0,0
64b545f4a6685316298c3785,64b545f4a6685316298c3785_1777664690886,,0,7,fhXBcx9SvDYMMFKuyjkG,1291827,2026-05-01 20:06:22.898,,0,0,50,50,1,false,1,abundance,1,15008,2026-05-01 20:06:37.721,1,50,2,0,0
64b545f4a6685316298c3785,64b545f4a6685316298c3785_1777664690886,,1,8,CTmx31vujHOUqeBgNtZX,1089868,2026-05-01 20:03:00.944,,0,0,50,50,1,true,1,abundance,1,10029,2026-05-01 20:03:10.783,1,50,1.2,0,0
64b545f4a6685316298c3785,64b545f4a6685316298c3785_1777664690886,,0,8,WBOW5jpycdYMGedXgnI5,1311838,2026-05-01 20:06:42.922,,0,0,50,50,1,false,1,abundance,1,15022,2026-05-01 20:06:57.746,1,50,1.8,0,0
64b545f4a6685316298c3785,64b545f4a6685316298c3785_1777664690886,,0,9,0wCgqdtCwG3bDW8ZN8M9,1331889,2026-05-01 20:07:02.957,,0,0,50,50,1,false,1,abundance,1,15009,2026-05-01 20:07:17.784,1,50,1.6,0,0
64b545f4a6685316298c3785,64b545f4a6685316298c3785_1777664690886,,1,9,5dEbbt3KPKIeQVRfzO3r,1104922,2026-05-01 20:03:16.033,,0,0,50,50,1,true,1,abundance,1,10015,2026-05-01 20:03:25.823,1,50,1.6,0,0
64b545f4a6685316298c3785,64b545f4a6685316298c3785_1777664690886,,1,10,5PI9hof4Zq2MqtUvk1ia,1119961,2026-05-01 20:03:31.032,,0,0,50,50,1,true,1,abundance,1,10015,2026-05-01 20:03:40.862,1,50,1.4,0,0
64b545f4a6685316298c3785,64b545f4a6685316298c3785_1777664690886,,0,10,DuQ46U9ezY2cIkuT3771,1351916,2026-05-01 20:07:22.990,,0,0,50,50,1,false,1,abundance,1,15021,2026-05-01 20:07:37.823,1,50,2,1,0
64b545f4a6685316298c3785,64b545f4a6685316298c3785_1777664690886,,0,11,mqQcNWAjD8Yrxqzl28H1,1371963,2026-05-01 20:07:43.040,,0,0,50,50,1,false,1,abundance,1,15015,2026-05-01 20:07:57.864,1,50,1.8,1,0
64b545f4a6685316298c3785,64b545f4a6685316298c3785_1777664690886,,0,12,CWYtBzR9D9wglaTu1pAA,1391995,2026-05-01 20:08:03.065,,0,0,50,50,1,false,1,abundance,1,15005,2026-05-01 20:08:17.886,1,50,1.6,1,0
64b545f4a6685316298c3785,64b545f4a6685316298c3785_1777664690886,,0,13,tASIyPZJlmTuee1JqmkN,1412006,2026-05-01 20:08:23.078,,0,0,50,50,1,false,1,abundance,1,15020,2026-05-01 20:08:37.912,1,50,1.6,1,0
64b545f4a6685316298c3785,64b545f4a6685316298c3785_1777664690886,,0,14,8iBuuNjiVQHgWQycWo4m,1432046,2026-05-01 20:08:43.120,,0,0,50,50,1,false,1,abundance,1,15020,2026-05-01 20:08:57.952,1,50,1.6,1,0
64b545f4a6685316298c3785,64b545f4a6685316298c3785_1777664690886,,0,15,8iIGTZFkYUOjeGfZUUaK,1452081,2026-05-01 20:09:03.176,,0,0,50,50,1,false,1,abundance,1,15007,2026-05-01 20:09:17.974,1,50,2,1,0
64b545f4a6685316298c3785,64b545f4a6685316298c3785_1777664690886,,0,16,RQANx5IP37yfii6josWr,1472099,2026-05-01 20:09:23.209,,0,0,50,50,1,false,1,abundance,1,15013,2026-05-01 20:09:37.998,1,50,2,1,0
64b545f4a6685316298c3785,64b545f4a6685316298c3785_1777664690886,,0,17,u3V62jQWcAfNGtx04gQ2,1492128,2026-05-01 20:09:43.209,,0,0,50,50,1,false,1,abundance,1,15024,2026-05-01 20:09:58.038,1,50,1.8,1,0
64b545f4a6685316298c3785,64b545f4a6685316298c3785_1777664690886,,0,18,qYLhM11noA8PKi08NxVa,1512168,2026-05-01 20:10:03.237,,0,0,50,50,1,false,1,abundance,1,15007,2026-05-01 20:10:18.061,1,50,1.8,1,0
64b545f4a6685316298c3785,64b545f4a6685316298c3785_1777664690886,,0,19,39lHgGTiDmuUNT2FMClu,1532184,2026-05-01 20:10:23.257,,0,0,50,50,1,false,1,abundance,1,15013,2026-05-01 20:10:38.083,1,50,1.8,0,0
64b545f4a6685316298c3785,64b545f4a6685316298c3785_1777664690886,,0,20,XSh1MkYjFrt6hUkpzxbJ,1552203,2026-05-01 20:10:43.357,,0,0,50,50,1,false,1,abundance,1,15009,2026-05-01 20:10:58.098,1,50,1.6,0,0
64b545f4a6685316298c3785,64b545f4a6685316298c3785_1777664690886,,0,21,kOOFUNLPaYSWRmp3ZdxA,1572236,2026-05-01 20:11:03.312,,0,0,50,50,1,false,1,abundance,1,15009,2026-05-01 20:11:18.131,1,50,2,0,0
64b545f4a6685316298c3785,64b545f4a6685316298c3785_1777664690886,,0,22,w5Sp9CysUIzSRKKHkQA7,1592249,2026-05-01 20:11:23.397,,0,0,50,50,1,false,1,abundance,1,15022,2026-05-01 20:11:38.157,1,50,2,0,0
64b545f4a6685316298c3785,64b545f4a6685316298c3785_1777664690886,,0,23,wR59wrpjdxqGGBuFfX2d,1612290,2026-05-01 20:11:43.363,,0,0,50,50,1,false,1,abundance,1,15022,2026-05-01 20:11:58.198,1,50,1.6,0,0
64b545f4a6685316298c3785,64b545f4a6685316298c3785_1777664690886,,0,24,PIqd7c7KxQRnjTlFhUQV,1632334,2026-05-01 20:12:03.404,,0,0,50,50,1,false,1,abundance,1,15014,2026-05-01 20:12:18.234,1,50,1.8,0,0
64b545f4a6685316298c3785,64b545f4a6685316298c3785_1777664690886,,0,25,2K583IX3fw253ySyGNiQ,1652369,2026-05-01 20:12:23.443,,0,0,50,50,1,false,1,abundance,1,15017,2026-05-01 20:12:38.272,1,50,1.6,0,0
64b545f4a6685316298c3785,64b545f4a6685316298c3785_1777664690886,,0,26,hv7VpX6gNUEsjocn3KrM,1672394,2026-05-01 20:12:43.468,,0,0,50,50,1,false,1,abundance,1,15017,2026-05-01 20:12:58.297,1,50,2,0,0
64b545f4a6685316298c3785,64b545f4a6685316298c3785_1777664690886,,0,27,2q6xrzlrCy7ebg4IdiFz,1692429,2026-05-01 20:13:03.501,,0,0,50,50,1,false,1,abundance,1,15006,2026-05-01 20:13:18.321,1,50,1.8,0,0
64b545f4a6685316298c3785,64b545f4a6685316298c3785_1777664690886,,0,28,M26YbmJuwux7XtwRBnK4,1712454,2026-05-01 20:13:23.526,,0,0,50,50,1,false,1,abundance,1,15022,2026-05-01 20:13:38.362,1,50,2,1,0
64b545f4a6685316298c3785,64b545f4a6685316298c3785_1777664690886,,0,29,nHZFhwFZ6UQy3ebsWVtC,1732499,2026-05-01 20:13:43.583,,0,0,50,50,1,false,1,abundance,1,15018,2026-05-01 20:13:58.403,1,50,1.8,1,0
64b545f4a6685316298c3785,64b545f4a6685316298c3785_1777664690886,,0,30,TMGO0HLCUI6syVrZdou8,1752535,2026-05-01 20:14:03.605,,0,0,50,50,1,false,1,abundance,1,15004,2026-05-01 20:14:18.425,1,50,1.6,1,0
64b545f4a6685316298c3785,64b545f4a6685316298c3785_1777664690886,,0,31,Kj0pkd5hJ81Is4hYUTgB,1772561,2026-05-01 20:14:23.632,,0,0,50,50,1,false,1,abundance,1,15017,2026-05-01 20:14:38.464,1,50,2,1,0
64b545f4a6685316298c3785,64b545f4a6685316298c3785_1777664690886,,0,32,We4EwJgWhXmUVmZixfdw,1792582,2026-05-01 20:14:43.655,,0,0,50,50,1,false,1,abundance,1,15022,2026-05-01 20:14:58.490,1,50,1.6,1,0
64b545f4a6685316298c3785,64b545f4a6685316298c3785_1777664690886,,0,33,DevIT57em6ka3s24BtW8,1812634,2026-05-01 20:15:03.709,,0,0,50,50,1,false,1,abundance,1,15009,2026-05-01 20:15:18.529,1,50,1.8,1,0
64b545f4a6685316298c3785,64b545f4a6685316298c3785_1777664690886,,0,34,niJFWqe3fHZcY7pS2j5A,1832668,2026-05-01 20:15:23.742,,0,0,50,50,1,false,1,abundance,1,15016,2026-05-01 20:15:38.570,1,50,1.8,1,0
64b545f4a6685316298c3785,64b545f4a6685316298c3785_1777664690886,,0,35,0DVtXLD5UNL2KfKhymy4,1852705,2026-05-01 20:15:43.778,,0,0,50,50,1,false,1,abundance,1,15018,2026-05-01 20:15:58.609,1,50,2,1,0
64b545f4a6685316298c3785,64b545f4a6685316298c3785_1777664690886,,0,36,tNJHMTPNZ24P1x83UOYe,1872749,2026-05-01 20:16:03.832,,0,0,50,50,1,false,1,abundance,1,15013,2026-05-01 20:16:18.648,1,50,1.6,1,0
6694154a46060b3c49b2d6fd,6694154a46060b3c49b2d6fd_1777664726674,,0,1,Aqc44uIv8WzA8w9BdGV6,527131,2026-05-01 19:54:13.879,,0,0,50,50,1,false,1,abundance,1,14907,2026-05-01 19:54:28.712,1,50,1.8,1,0
6694154a46060b3c49b2d6fd,6694154a46060b3c49b2d6fd_1777664726674,,1,1,QOptYpJR7kQoQPcg9nar,362527,2026-05-01 19:51:29.275,,0,0,50,50,1,true,1,abundance,1,9919,2026-05-01 19:51:39.120,1,50,1.4,1,0
6694154a46060b3c49b2d6fd,6694154a46060b3c49b2d6fd_1777664726674,,0,2,auu5cYg7yUGm4epa9eKh,547043,2026-05-01 19:54:33.801,,0,0,50,50,1,false,1,abundance,1,15011,2026-05-01 19:54:48.728,1,50,2,1,0
6694154a46060b3c49b2d6fd,6694154a46060b3c49b2d6fd_1777664726674,,1,2,zAqdw581bR73wUe6DR5M,377454,2026-05-01 19:51:44.209,,0,0,50,50,1,true,1,abundance,1,10004,2026-05-01 19:51:54.132,1,50,1.4,1,0
6694154a46060b3c49b2d6fd,6694154a46060b3c49b2d6fd_1777664726674,,0,3,XcwydPNGTORSEbomYxo7,567056,2026-05-01 19:54:53.813,,0,0,50,50,1,false,1,abundance,1,15010,2026-05-01 19:55:08.740,1,50,2,1,0
6694154a46060b3c49b2d6fd,6694154a46060b3c49b2d6fd_1777664726674,,1,3,YGHX4PTrUMml2lROuvFW,392462,2026-05-01 19:51:59.213,,0,0,50,50,1,true,1,abundance,1,10004,2026-05-01 19:52:09.140,1,50,1.4,0,0
6694154a46060b3c49b2d6fd,6694154a46060b3c49b2d6fd_1777664726674,,1,4,2FX0HQvnRZWu8WDwv2ud,407471,2026-05-01 19:52:14.232,,0,0,50,50,1,true,1,abundance,1,10012,2026-05-01 19:52:24.157,1,50,1.4,0,0
6694154a46060b3c49b2d6fd,6694154a46060b3c49b2d6fd_1777664726674,,0,4,skqxMssGx9C1gr1dIZ06,587070,2026-05-01 19:55:13.824,,0,0,50,50,1,false,1,abundance,1,15010,2026-05-01 19:55:28.754,1,50,1.8,1,0
6694154a46060b3c49b2d6fd,6694154a46060b3c49b2d6fd_1777664726674,,1,5,IwHwjEJ8isIhLiF2wwKT,422486,2026-05-01 19:52:29.244,,0,0,50,50,1,true,1,abundance,1,10009,2026-05-01 19:52:39.169,1,50,1.2,0,0
6694154a46060b3c49b2d6fd,6694154a46060b3c49b2d6fd_1777664726674,,0,5,p8VrYv8JWImF2kBvtIuc,607083,2026-05-01 19:55:33.839,,0,0,50,50,1,false,1,abundance,1,15011,2026-05-01 19:55:48.768,1,50,1.8,1,0
6694154a46060b3c49b2d6fd,6694154a46060b3c49b2d6fd_1777664726674,,1,6,8nQTuLlpix87DOsE67ez,437497,2026-05-01 19:52:44.255,,0,0,50,50,1,true,1,abundance,1,10011,2026-05-01 19:52:54.182,1,50,1.6,1,0
6694154a46060b3c49b2d6fd,6694154a46060b3c49b2d6fd_1777664726674,,0,6,Aple8y4nr3tp3NVuIDdZ,627097,2026-05-01 19:55:53.851,,0,0,50,50,1,false,1,abundance,1,15010,2026-05-01 19:56:08.781,1,50,1.6,1,0
6694154a46060b3c49b2d6fd,6694154a46060b3c49b2d6fd_1777664726674,,0,7,3Z5s4h2aDvTzMrTSSIWW,647111,2026-05-01 19:56:13.865,,0,0,50,50,1,false,1,abundance,1,15011,2026-05-01 19:56:28.796,1,50,1.6,1,0
6694154a46060b3c49b2d6fd,6694154a46060b3c49b2d6fd_1777664726674,,1,7,qSY4RUgCPrHWjk0XZBcG,452511,2026-05-01 19:52:59.267,,0,0,50,50,1,true,1,abundance,1,10011,2026-05-01 19:53:09.196,1,50,1.2,1,0
6694154a46060b3c49b2d6fd,6694154a46060b3c49b2d6fd_1777664726674,,1,8,WooMu7rVA08d1USObF61,467525,2026-05-01 19:53:14.282,,0,0,50,50,1,true,1,abundance,1,10010,2026-05-01 19:53:24.209,1,50,1.6,0,0
6694154a46060b3c49b2d6fd,6694154a46060b3c49b2d6fd_1777664726674,,0,8,ZQ2ER1eGbRh2vWcbkQH3,667125,2026-05-01 19:56:33.879,,0,0,50,50,1,false,1,abundance,1,15009,2026-05-01 19:56:48.808,1,50,1.6,1,0
6694154a46060b3c49b2d6fd,6694154a46060b3c49b2d6fd_1777664726674,,1,9,Nbi6BPEHdW9GZTvvo7gk,482539,2026-05-01 19:53:29.296,,0,0,50,50,1,true,1,abundance,1,10011,2026-05-01 19:53:39.224,1,50,1.2,1,0
6694154a46060b3c49b2d6fd,6694154a46060b3c49b2d6fd_1777664726674,,0,9,vJmiaXZy765YxhE5uIaD,687137,2026-05-01 19:56:53.891,,0,0,50,50,1,false,1,abundance,1,15009,2026-05-01 19:57:08.820,1,50,2,1,0
6694154a46060b3c49b2d6fd,6694154a46060b3c49b2d6fd_1777664726674,,0,10,SOnKxecfHAWfXAPdZDr6,707149,2026-05-01 19:57:13.903,,0,0,50,50,1,false,1,abundance,1,15011,2026-05-01 19:57:28.834,1,50,1.8,0,0
6694154a46060b3c49b2d6fd,6694154a46060b3c49b2d6fd_1777664726674,,1,10,vWaAQCNpzsecs7XtaXHm,497553,2026-05-01 19:53:44.302,,0,0,50,50,1,true,1,abundance,1,10004,2026-05-01 19:53:54.231,1,50,1.2,0,0
6694154a46060b3c49b2d6fd,6694154a46060b3c49b2d6fd_1777664726674,,0,11,9k5TmaWHQkQpvI51ppth,727163,2026-05-01 19:57:33.920,,0,0,50,50,1,false,1,abundance,1,15010,2026-05-01 19:57:48.847,1,50,2,0,0
6694154a46060b3c49b2d6fd,6694154a46060b3c49b2d6fd_1777664726674,,0,12,pauu3KgwsFDqKEmnajPu,747177,2026-05-01 19:57:53.932,,0,0,50,50,1,false,1,abundance,1,15010,2026-05-01 19:58:08.861,1,50,1.8,0,0
6694154a46060b3c49b2d6fd,6694154a46060b3c49b2d6fd_1777664726674,,0,13,vXYAh22927qPwHS5qAnv,767191,2026-05-01 19:58:13.942,,0,0,50,50,1,false,1,abundance,1,15010,2026-05-01 19:58:28.875,1,50,2,0,0
6694154a46060b3c49b2d6fd,6694154a46060b3c49b2d6fd_1777664726674,,0,14,KMHh0lw7wXsaw7YmIumO,787205,2026-05-01 19:58:33.959,,0,0,50,50,1,false,1,abundance,1,15007,2026-05-01 19:58:48.886,1,50,1.6,0,0
6694154a46060b3c49b2d6fd,6694154a46060b3c49b2d6fd_1777664726674,,0,15,O8fowZ0TlUDtkNp5S8rV,807216,2026-05-01 19:58:53.971,,0,0,50,50,1,false,1,abundance,1,15011,2026-05-01 19:59:08.901,1,50,1.8,0,0
6694154a46060b3c49b2d6fd,6694154a46060b3c49b2d6fd_1777664726674,,0,16,iyS1uatCmuhwsHAZnzeQ,827229,2026-05-01 19:59:13.984,,0,0,50,50,1,false,1,abundance,1,15010,2026-05-01 19:59:28.913,1,50,1.6,0,0
6694154a46060b3c49b2d6fd,6694154a46060b3c49b2d6fd_1777664726674,,0,17,qyGWYaFT1lckv1D3u28V,847244,2026-05-01 19:59:33.998,,0,0,50,50,1,false,1,abundance,1,15010,2026-05-01 19:59:48.928,1,50,1.6,0,0
6694154a46060b3c49b2d6fd,6694154a46060b3c49b2d6fd_1777664726674,,0,18,gfWrGEeuWUUhzh4AMc5x,867258,2026-05-01 19:59:54.013,,0,0,50,50,1,false,1,abundance,1,15011,2026-05-01 20:00:08.943,1,50,2,0,0
6694154a46060b3c49b2d6fd,6694154a46060b3c49b2d6fd_1777664726674,,0,19,cs5a5yVwpfpnQYagsUcF,887273,2026-05-01 20:00:14.025,,0,0,50,50,1,false,1,abundance,1,15009,2026-05-01 20:00:28.956,1,50,1.6,1,0
6694154a46060b3c49b2d6fd,6694154a46060b3c49b2d6fd_1777664726674,,0,20,0RMy0yITvjPxp0jn6Bs1,907286,2026-05-01 20:00:34.037,,0,0,50,50,1,false,1,abundance,1,15006,2026-05-01 20:00:48.966,1,50,1.8,1,0
6694154a46060b3c49b2d6fd,6694154a46060b3c49b2d6fd_1777664726674,,0,21,J0D7kWRDXNCZYNuh4U64,927295,2026-05-01 20:00:54.049,,0,0,50,50,1,false,1,abundance,1,15009,2026-05-01 20:01:08.978,1,50,1.6,1,0
6694154a46060b3c49b2d6fd,6694154a46060b3c49b2d6fd_1777664726674,,0,22,InWjvyCpBjunf7XHd25l,947308,2026-05-01 20:01:14.069,,0,0,50,50,1,false,1,abundance,1,15010,2026-05-01 20:01:28.992,1,50,2,1,0
6694154a46060b3c49b2d6fd,6694154a46060b3c49b2d6fd_1777664726674,,0,23,K6q7YoKq0O0L5bScz225,967322,2026-05-01 20:01:34.076,,0,0,50,50,1,false,1,abundance,1,15010,2026-05-01 20:01:49.006,1,50,2,1,0
6694154a46060b3c49b2d6fd,6694154a46060b3c49b2d6fd_1777664726674,,0,24,wP6z0vlAc2I5OsXaEMAx,987336,2026-05-01 20:01:54.102,,0,0,50,50,1,false,1,abundance,1,15010,2026-05-01 20:02:09.020,1,50,2,1,0
6694154a46060b3c49b2d6fd,6694154a46060b3c49b2d6fd_1777664726674,,0,25,ZxbukWkFBBLZyFshk9VB,1007348,2026-05-01 20:02:14.097,,0,0,50,50,1,false,1,abundance,1,15007,2026-05-01 20:02:29.029,1,50,1.6,1,0
6694154a46060b3c49b2d6fd,6694154a46060b3c49b2d6fd_1777664726674,,0,26,3XnhFwbCk91fKRfERxXD,1027358,2026-05-01 20:02:34.112,,0,0,50,50,1,false,1,abundance,1,15010,2026-05-01 20:02:49.042,1,50,1.8,1,0
6694154a46060b3c49b2d6fd,6694154a46060b3c49b2d6fd_1777664726674,,0,27,9z6OvCAwVZVFxam7GekA,1047371,2026-05-01 20:02:54.125,,0,0,50,50,1,false,1,abundance,1,15010,2026-05-01 20:03:09.055,1,50,1.8,1,0
6694154a46060b3c49b2d6fd,6694154a46060b3c49b2d6fd_1777664726674,,0,28,Kiwf3pO9oakNlyXrGe9f,1067385,2026-05-01 20:03:14.136,,0,0,50,50,1,false,1,abundance,1,15009,2026-05-01 20:03:29.068,1,50,1.6,0,0
6694154a46060b3c49b2d6fd,6694154a46060b3c49b2d6fd_1777664726674,,0,29,qkh3bZCyvKI5l8t1SeIL,1087397,2026-05-01 20:03:34.150,,0,0,50,50,1,false,1,abundance,1,15012,2026-05-01 20:03:49.083,1,50,1.8,0,0
6694154a46060b3c49b2d6fd,6694154a46060b3c49b2d6fd_1777664726674,,0,30,gVfaiXVYUEwyO9jVkLqX,1107412,2026-05-01 20:03:54.169,,0,0,50,50,1,false,1,abundance,1,15013,2026-05-01 20:04:09.099,1,50,2,0,0
6694154a46060b3c49b2d6fd,6694154a46060b3c49b2d6fd_1777664726674,,0,31,sM9MItKMpA5rcf2HG3dq,1127427,2026-05-01 20:04:14.181,,0,0,50,50,1,false,1,abundance,1,15015,2026-05-01 20:04:29.116,1,50,1.8,0,0
6694154a46060b3c49b2d6fd,6694154a46060b3c49b2d6fd_1777664726674,,0,32,t2Imd9xpmZQBy5AnQHNT,1147443,2026-05-01 20:04:34.199,,0,0,50,50,1,false,1,abundance,1,15009,2026-05-01 20:04:49.126,1,50,2,0,0
6694154a46060b3c49b2d6fd,6694154a46060b3c49b2d6fd_1777664726674,,0,33,wEvm1sqSJkQglZUNeHIR,1167457,2026-05-01 20:04:54.222,,0,0,50,50,1,false,1,abundance,1,15009,2026-05-01 20:05:09.140,1,50,1.6,0,0
6694154a46060b3c49b2d6fd,6694154a46060b3c49b2d6fd_1777664726674,,0,34,n5Z5cSSHvUrfKlzitBbK,1187468,2026-05-01 20:05:14.225,,0,0,50,50,1,false,1,abundance,1,15009,2026-05-01 20:05:29.151,1,50,2,0,0
6694154a46060b3c49b2d6fd,6694154a46060b3c49b2d6fd_1777664726674,,0,35,B9yDuRW9xncjQSQZmbjZ,1207480,2026-05-01 20:05:34.234,,0,0,50,50,1,false,1,abundance,1,15010,2026-05-01 20:05:49.164,1,50,1.8,0,0
6694154a46060b3c49b2d6fd,6694154a46060b3c49b2d6fd_1777664726674,,0,36,SRcVSXYPm5AYWwqvYDeK,1227493,2026-05-01 20:05:54.244,,0,0,50,50,1,false,1,abundance,1,15010,2026-05-01 20:06:09.177,1,50,1.6,0,0
66ad659998ae847f0eb8d209,66ad659998ae847f0eb8d209_1777665698051,,0,1,4Je8eIJcf6hXkVKuO6g0,747468,2026-05-01 20:14:04.312,,0,0,50,50,1,false,1,abundance,1,14912,2026-05-01 20:14:20.431,1,50,1.8,1,0
66ad659998ae847f0eb8d209,66ad659998ae847f0eb8d209_1777665698051,,1,1,Dk6Tdn4utSXJYAX1qoKS,562037,2026-05-01 20:10:58.890,,0,0,50,50,1,true,1,abundance,1,9923,2026-05-01 20:11:10.011,1,50,1.2,0,0
66ad659998ae847f0eb8d209,66ad659998ae847f0eb8d209_1777665698051,,0,2,ilmR4hl8SEPZFPAWcZil,767411,2026-05-01 20:14:24.259,,0,0,50,50,1,false,1,abundance,1,15005,2026-05-01 20:14:40.467,1,50,1.6,1,0
66ad659998ae847f0eb8d209,66ad659998ae847f0eb8d209_1777665698051,,1,2,n4Z2QFKREJXXMna30VRc,577006,2026-05-01 20:11:13.856,,0,0,50,50,1,true,1,abundance,1,10026,2026-05-01 20:11:25.083,1,50,1.2,1,0
66ad659998ae847f0eb8d209,66ad659998ae847f0eb8d209_1777665698051,,1,3,rT8bgUEughY7QEaZtJIJ,592050,2026-05-01 20:11:28.900,,0,0,50,50,1,true,1,abundance,1,10032,2026-05-01 20:11:40.133,1,50,1.4,1,0
66ad659998ae847f0eb8d209,66ad659998ae847f0eb8d209_1777665698051,,0,3,reqQlwA1j5rhInZT92Hh,787444,2026-05-01 20:14:44.304,,0,0,50,50,1,false,1,abundance,1,15014,2026-05-01 20:15:00.509,1,50,1.8,1,0
66ad659998ae847f0eb8d209,66ad659998ae847f0eb8d209_1777665698051,,1,4,ImfogNzubcmczdJ6mfOn,607116,2026-05-01 20:11:43.968,,0,0,50,50,1,true,1,abundance,1,10006,2026-05-01 20:11:55.173,1,50,1.6,0,0
66ad659998ae847f0eb8d209,66ad659998ae847f0eb8d209_1777665698051,,0,4,tTRO07orZ9jZ8Bb29TOF,807479,2026-05-01 20:15:04.400,,0,0,50,50,1,false,1,abundance,1,15009,2026-05-01 20:15:20.539,1,50,1.6,1,0
66ad659998ae847f0eb8d209,66ad659998ae847f0eb8d209_1777665698051,,1,5,Rbl8f0RQhcx1jE48GL3K,622154,2026-05-01 20:11:59.007,,0,0,50,50,1,true,1,abundance,1,10006,2026-05-01 20:12:10.211,1,50,1.4,1,0
66ad659998ae847f0eb8d209,66ad659998ae847f0eb8d209_1777665698051,,0,5,zg8hlQijXXLkYFpbud1j,827513,2026-05-01 20:15:24.375,,0,0,50,50,1,false,1,abundance,1,15016,2026-05-01 20:15:40.580,1,50,1.6,1,0
66ad659998ae847f0eb8d209,66ad659998ae847f0eb8d209_1777665698051,,1,6,8l7MPxojxfQsuiA5WvvA,637194,2026-05-01 20:12:14.040,,0,0,50,50,1,true,1,abundance,1,10024,2026-05-01 20:12:25.269,1,50,1.2,1,0
66ad659998ae847f0eb8d209,66ad659998ae847f0eb8d209_1777665698051,,0,6,VAgHQFBHMT93bgAIarLo,847550,2026-05-01 20:15:44.392,,0,0,50,50,1,false,1,abundance,1,15011,2026-05-01 20:16:00.612,1,50,2,1,0
66ad659998ae847f0eb8d209,66ad659998ae847f0eb8d209_1777665698051,,1,7,BXUvEjLIk2HFUABZpXrr,652223,2026-05-01 20:12:29.070,,0,0,50,50,1,true,1,abundance,1,10013,2026-05-01 20:12:40.287,1,50,1.6,1,0
66ad659998ae847f0eb8d209,66ad659998ae847f0eb8d209_1777665698051,,0,7,mnVEujG3e6FDDiGXYP56,867599,2026-05-01 20:16:04.463,,0,0,50,50,1,false,1,abundance,1,15038,2026-05-01 20:16:20.688,1,50,1.8,1,0
66ad659998ae847f0eb8d209,66ad659998ae847f0eb8d209_1777665698051,,1,8,rVC7JmhfNCEEOrW63HJ1,667284,2026-05-01 20:12:44.145,,0,0,50,50,1,true,1,abundance,1,10012,2026-05-01 20:12:55.347,1,50,1.4,0,0
66ad659998ae847f0eb8d209,66ad659998ae847f0eb8d209_1777665698051,,0,8,siULV5fIrml8kqTnL23z,887715,2026-05-01 20:16:24.557,,0,0,50,50,1,false,1,abundance,1,15013,2026-05-01 20:16:40.779,1,50,2,1,0
66ad659998ae847f0eb8d209,66ad659998ae847f0eb8d209_1777665698051,,0,9,EbuXO8GsjYRRUAZoRs4X,907841,2026-05-01 20:16:44.688,,0,0,50,50,1,false,1,abundance,1,15016,2026-05-01 20:17:00.908,1,50,2,1,0
66ad659998ae847f0eb8d209,66ad659998ae847f0eb8d209_1777665698051,,1,9,THiaU8cg1CJppoZiMrih,682312,2026-05-01 20:12:59.160,,0,0,50,50,1,true,1,abundance,1,10015,2026-05-01 20:13:10.378,1,50,1.2,0,0
66ad659998ae847f0eb8d209,66ad659998ae847f0eb8d209_1777665698051,,0,10,J0rr2iWyILfuGeWEWq2r,927941,2026-05-01 20:17:04.779,,0,0,50,50,1,false,1,abundance,1,15036,2026-05-01 20:17:21.028,1,50,1.6,0,0
66ad659998ae847f0eb8d209,66ad659998ae847f0eb8d209_1777665698051,,1,10,zpWaZxav1OEoVcThCOJm,697349,2026-05-01 20:13:14.196,,0,0,50,50,1,true,1,abundance,1,10021,2026-05-01 20:13:25.421,1,50,1.4,0,0
66ad659998ae847f0eb8d209,66ad659998ae847f0eb8d209_1777665698051,,0,11,Craj28eYhaTew3nnEJWf,948058,2026-05-01 20:17:24.905,,0,0,50,50,1,false,1,abundance,1,15012,2026-05-01 20:17:41.121,1,50,1.6,0,0
66ad659998ae847f0eb8d209,66ad659998ae847f0eb8d209_1777665698051,,0,12,hu7UhBrwgdIl1Hmq3UHg,968181,2026-05-01 20:17:45.019,,0,0,50,50,1,false,1,abundance,1,15010,2026-05-01 20:18:01.242,1,50,1.8,0,0
66ad659998ae847f0eb8d209,66ad659998ae847f0eb8d209_1777665698051,,0,13,RNlPd2svoNSI7cSTXgkz,988293,2026-05-01 20:18:05.137,,0,0,50,50,1,false,1,abundance,1,15029,2026-05-01 20:18:21.373,1,50,1.8,0,0
66ad659998ae847f0eb8d209,66ad659998ae847f0eb8d209_1777665698051,,0,14,SXklm34O8Qr5wl055EMe,1008419,2026-05-01 20:18:25.255,,0,0,50,50,1,false,1,abundance,1,15008,2026-05-01 20:18:41.478,1,50,2,0,0
66ad659998ae847f0eb8d209,66ad659998ae847f0eb8d209_1777665698051,,0,15,j3ZheHydcZSAxzIqKCr8,1028549,2026-05-01 20:18:45.395,,0,0,50,50,1,false,1,abundance,1,15023,2026-05-01 20:19:01.623,1,50,2,0,0
66ad659998ae847f0eb8d209,66ad659998ae847f0eb8d209_1777665698051,,0,16,XGPoWyPWxlG5vewSXUV0,1048664,2026-05-01 20:19:05.499,,0,0,50,50,1,false,1,abundance,1,15020,2026-05-01 20:19:21.735,1,50,2,0,0
66ad659998ae847f0eb8d209,66ad659998ae847f0eb8d209_1777665698051,,0,17,sQgKF2cHyguMZMTDJAr3,1068776,2026-05-01 20:19:25.615,,0,0,50,50,1,false,1,abundance,1,15015,2026-05-01 20:19:41.842,1,50,1.8,0,0
66ad659998ae847f0eb8d209,66ad659998ae847f0eb8d209_1777665698051,,0,18,JX1aYt8As96SZW9f4FpT,1088906,2026-05-01 20:19:45.747,,0,0,50,50,1,false,1,abundance,1,15021,2026-05-01 20:20:01.978,1,50,1.6,0,0
66ad659998ae847f0eb8d209,66ad659998ae847f0eb8d209_1777665698051,,0,19,1j8w4OY31ORxdcyZqbDP,1109048,2026-05-01 20:20:05.885,,0,0,50,50,1,false,1,abundance,1,15011,2026-05-01 20:20:22.110,1,50,1.8,1,0
66ad659998ae847f0eb8d209,66ad659998ae847f0eb8d209_1777665698051,,0,20,Zu9eXK1AGjwuuI1fflFs,1129156,2026-05-01 20:20:25.988,,0,0,50,50,1,false,1,abundance,1,15019,2026-05-01 20:20:42.226,1,50,1.6,1,0
66ad659998ae847f0eb8d209,66ad659998ae847f0eb8d209_1777665698051,,0,21,9AzHhh0GdszWeJUhXJT6,1149293,2026-05-01 20:20:46.135,,0,0,50,50,1,false,1,abundance,1,15023,2026-05-01 20:21:02.367,1,50,2,1,0
66ad659998ae847f0eb8d209,66ad659998ae847f0eb8d209_1777665698051,,0,22,3yoTCDG9ukbNnocCI72i,1169333,2026-05-01 20:21:06.210,,0,0,50,50,1,false,1,abundance,1,15016,2026-05-01 20:21:22.400,1,50,1.8,1,0
66ad659998ae847f0eb8d209,66ad659998ae847f0eb8d209_1777665698051,,0,23,M9XfNnIBbW5IhHXvKNNo,1189378,2026-05-01 20:21:26.215,,0,0,50,50,1,false,1,abundance,1,15008,2026-05-01 20:21:42.437,1,50,1.6,1,0
66ad659998ae847f0eb8d209,66ad659998ae847f0eb8d209_1777665698051,,0,24,jqLVV1J06B63BsjuGWrG,1209414,2026-05-01 20:21:46.253,,0,0,50,50,1,false,1,abundance,1,15008,2026-05-01 20:22:02.473,1,50,1.6,1,0
66ad659998ae847f0eb8d209,66ad659998ae847f0eb8d209_1777665698051,,0,25,A7WKXhMaW2EHIXaAYqAA,1229441,2026-05-01 20:22:06.461,,0,0,50,50,1,false,1,abundance,1,15007,2026-05-01 20:22:22.499,1,50,2,1,0
66ad659998ae847f0eb8d209,66ad659998ae847f0eb8d209_1777665698051,,0,26,vrxNChge3sd5s2MvvHrM,1249475,2026-05-01 20:22:26.305,,0,0,50,50,1,false,1,abundance,1,15007,2026-05-01 20:22:42.533,1,50,2,1,0
66ad659998ae847f0eb8d209,66ad659998ae847f0eb8d209_1777665698051,,0,27,EiOSkTtcNMgClW9JnwjB,1269515,2026-05-01 20:22:46.354,,0,0,50,50,1,false,1,abundance,1,15011,2026-05-01 20:23:02.577,1,50,1.8,1,0
66ad659998ae847f0eb8d209,66ad659998ae847f0eb8d209_1777665698051,,0,28,buTrt19hU7I1Y1XOKn1E,1289539,2026-05-01 20:23:06.380,,0,0,50,50,1,false,1,abundance,1,15008,2026-05-01 20:23:22.598,1,50,1.6,0,0
66ad659998ae847f0eb8d209,66ad659998ae847f0eb8d209_1777665698051,,0,29,jxapYfDIYFQkNDip7oeM,1309575,2026-05-01 20:23:26.651,,0,0,50,50,1,false,1,abundance,1,15012,2026-05-01 20:23:42.638,1,50,1.8,0,0
66ad659998ae847f0eb8d209,66ad659998ae847f0eb8d209_1777665698051,,0,30,a5HVvXCBSqzg9dxQv2yR,1329624,2026-05-01 20:23:46.452,,0,0,50,50,1,false,1,abundance,1,15015,2026-05-01 20:24:02.690,1,50,1.6,0,0
66ad659998ae847f0eb8d209,66ad659998ae847f0eb8d209_1777665698051,,0,31,aLbqOazaXSlZtRK76V4z,1349678,2026-05-01 20:24:06.502,,0,0,50,50,1,false,1,abundance,1,15007,2026-05-01 20:24:22.736,1,50,2,0,0
66ad659998ae847f0eb8d209,66ad659998ae847f0eb8d209_1777665698051,,0,32,rkdjwacrnJLCSmzhuzyO,1369805,2026-05-01 20:24:26.628,,0,0,50,50,1,false,1,abundance,1,15009,2026-05-01 20:24:42.865,1,50,2,0,0
66ad659998ae847f0eb8d209,66ad659998ae847f0eb8d209_1777665698051,,0,33,8o9WAsyLrbDI3iEY2Thf,1389925,2026-05-01 20:24:46.756,,0,0,50,50,1,false,1,abundance,1,15013,2026-05-01 20:25:02.989,1,50,2,0,0
66ad659998ae847f0eb8d209,66ad659998ae847f0eb8d209_1777665698051,,0,34,zeI6o6XTBU9EfX8n5XSP,1410029,2026-05-01 20:25:06.851,,0,0,50,50,1,false,1,abundance,1,15009,2026-05-01 20:25:23.089,1,50,1.8,0,0
66ad659998ae847f0eb8d209,66ad659998ae847f0eb8d209_1777665698051,,0,35,z7EOeFNn5l2ayhmOa1Qi,1430127,2026-05-01 20:25:26.956,,0,0,50,50,1,false,1,abundance,1,15008,2026-05-01 20:25:43.186,1,50,1.6,0,0
66ad659998ae847f0eb8d209,66ad659998ae847f0eb8d209_1777665698051,,0,36,bvVtkK07Wjdhg13bBxM8,1450249,2026-05-01 20:25:47.074,,0,0,50,50,1,false,1,abundance,1,15007,2026-05-01 20:26:03.307,1,50,1.8,0,0
66c20c5d7fb5c5aced53c5f3,66c20c5d7fb5c5aced53c5f3_1777665711377,,1,1,VmVfQC6gJMqolzYvCfOz,476477,2026-05-01 20:09:47.392,,0,0,50,50,1,true,1,abundance,1,9910,2026-05-01 20:09:57.764,1,50,1.2,0,0
66c20c5d7fb5c5aced53c5f3,66c20c5d7fb5c5aced53c5f3_1777665711377,,0,1,zezVu8VFMeRbUmGsrQHF,662218,2026-05-01 20:12:53.134,,0,0,50,50,1,false,1,abundance,1,14897,2026-05-01 20:13:08.492,1,50,1.6,1,0
66c20c5d7fb5c5aced53c5f3,66c20c5d7fb5c5aced53c5f3_1777665711377,,1,2,1gmvl1W7IagyFruZkdXX,491404,2026-05-01 20:10:02.318,,0,0,50,50,1,true,1,abundance,1,10009,2026-05-01 20:10:12.790,1,50,1.6,1,0
66c20c5d7fb5c5aced53c5f3,66c20c5d7fb5c5aced53c5f3_1777665711377,,0,2,SrMOoCOsQrLEomI7GIbm,682121,2026-05-01 20:13:13.036,,0,0,50,50,1,false,1,abundance,1,15007,2026-05-01 20:13:28.505,1,50,1.6,1,0
66c20c5d7fb5c5aced53c5f3,66c20c5d7fb5c5aced53c5f3_1777665711377,,1,3,PMamZoNwFaRJgIx0rvBL,506426,2026-05-01 20:10:17.340,,0,0,50,50,1,true,1,abundance,1,10010,2026-05-01 20:10:27.813,1,50,1.4,1,0
66c20c5d7fb5c5aced53c5f3,66c20c5d7fb5c5aced53c5f3_1777665711377,,0,3,rdAZGGRLyFkRGS8IYyFc,702131,2026-05-01 20:13:33.045,,0,0,50,50,1,false,1,abundance,1,15011,2026-05-01 20:13:48.519,1,50,2,1,0
66c20c5d7fb5c5aced53c5f3,66c20c5d7fb5c5aced53c5f3_1777665711377,,1,4,tz4utUwmkU0FzBJUOQ9U,521439,2026-05-01 20:10:32.355,,0,0,50,50,1,true,1,abundance,1,10020,2026-05-01 20:10:42.836,1,50,1.4,0,0
66c20c5d7fb5c5aced53c5f3,66c20c5d7fb5c5aced53c5f3_1777665711377,,0,4,w8jb6QrGWMqJSG4gcin4,722148,2026-05-01 20:13:53.063,,0,0,50,50,1,false,1,abundance,1,15009,2026-05-01 20:14:08.534,1,50,1.8,1,0
66c20c5d7fb5c5aced53c5f3,66c20c5d7fb5c5aced53c5f3_1777665711377,,0,5,E44ptre8fpuQRZwetW6H,742168,2026-05-01 20:14:13.083,,0,0,50,50,1,false,1,abundance,1,15004,2026-05-01 20:14:28.549,1,50,2,1,0
66c20c5d7fb5c5aced53c5f3,66c20c5d7fb5c5aced53c5f3_1777665711377,,1,5,XfwjHFMaj5WMnuLlkGFy,536467,2026-05-01 20:10:47.384,,0,0,50,50,1,true,1,abundance,1,10005,2026-05-01 20:10:57.849,1,50,1.4,1,0
66c20c5d7fb5c5aced53c5f3,66c20c5d7fb5c5aced53c5f3_1777665711377,,0,6,Yr5gNprlCMgCuIf1Z5oy,762201,2026-05-01 20:14:33.117,,0,0,50,50,1,false,1,abundance,1,15015,2026-05-01 20:14:48.593,1,50,1.8,1,0
66c20c5d7fb5c5aced53c5f3,66c20c5d7fb5c5aced53c5f3_1777665711377,,1,6,g95hJ4MGvLzuuQWA295X,551490,2026-05-01 20:11:02.425,,0,0,50,50,1,true,1,abundance,1,10014,2026-05-01 20:11:12.881,1,50,1.4,0,0
66c20c5d7fb5c5aced53c5f3,66c20c5d7fb5c5aced53c5f3_1777665711377,,0,7,Wx6yays3XvujFltCiUZd,782231,2026-05-01 20:14:53.146,,0,0,50,50,1,false,1,abundance,1,15017,2026-05-01 20:15:08.625,1,50,1.6,1,0
66c20c5d7fb5c5aced53c5f3,66c20c5d7fb5c5aced53c5f3_1777665711377,,1,7,xk0V64QGCgv3leAS9nfo,566514,2026-05-01 20:11:17.470,,0,0,50,50,1,true,1,abundance,1,10012,2026-05-01 20:11:27.903,1,50,1.2,0,0
66c20c5d7fb5c5aced53c5f3,66c20c5d7fb5c5aced53c5f3_1777665711377,,0,8,P5jR1cTEPuH0xtNOZ6xw,802263,2026-05-01 20:15:13.178,,0,0,50,50,1,false,1,abundance,1,15015,2026-05-01 20:15:28.655,1,50,1.8,1,0
66c20c5d7fb5c5aced53c5f3,66c20c5d7fb5c5aced53c5f3_1777665711377,,1,8,XZ8yu3krabzQz1uWP0zm,581546,2026-05-01 20:11:32.467,,0,0,50,50,1,true,1,abundance,1,10005,2026-05-01 20:11:42.928,1,50,1.6,0,0
66c20c5d7fb5c5aced53c5f3,66c20c5d7fb5c5aced53c5f3_1777665711377,,0,9,gmXfTPPb2pbgFAbptXBe,822293,2026-05-01 20:15:33.231,,0,0,50,50,1,false,1,abundance,1,15016,2026-05-01 20:15:48.686,1,50,2,1,0
66c20c5d7fb5c5aced53c5f3,66c20c5d7fb5c5aced53c5f3_1777665711377,,1,9,vpqQ6Tl55iBoSBXyUqWq,596558,2026-05-01 20:11:47.472,,0,0,50,50,1,true,1,abundance,1,10016,2026-05-01 20:11:57.951,1,50,1.2,1,0
66c20c5d7fb5c5aced53c5f3,66c20c5d7fb5c5aced53c5f3_1777665711377,,1,10,3eXoVZW5yGTzNYOVKwDW,611590,2026-05-01 20:12:02.507,,0,0,50,50,1,true,1,abundance,1,10006,2026-05-01 20:12:12.973,1,50,1.2,1,0
66c20c5d7fb5c5aced53c5f3,66c20c5d7fb5c5aced53c5f3_1777665711377,,0,10,ValHoZPkTlTwaz6hCnM3,842316,2026-05-01 20:15:53.232,,0,0,50,50,1,false,1,abundance,1,15008,2026-05-01 20:16:08.701,1,50,1.6,0,0
66c20c5d7fb5c5aced53c5f3,66c20c5d7fb5c5aced53c5f3_1777665711377,,0,11,2qINnyNsIZmlroca3GKg,862331,2026-05-01 20:16:13.243,,0,0,50,50,1,false,1,abundance,1,15004,2026-05-01 20:16:28.712,1,50,1.6,0,0
66c20c5d7fb5c5aced53c5f3,66c20c5d7fb5c5aced53c5f3_1777665711377,,0,12,O7OpmB4mctUrE4bTIXye,882353,2026-05-01 20:16:33.273,,0,0,50,50,1,false,1,abundance,1,15010,2026-05-01 20:16:48.740,1,50,1.8,0,0
66c20c5d7fb5c5aced53c5f3,66c20c5d7fb5c5aced53c5f3_1777665711377,,0,13,bgw5xTF8XldaZCmIPpTR,902384,2026-05-01 20:16:53.299,,0,0,50,50,1,false,1,abundance,1,15014,2026-05-01 20:17:08.775,1,50,1.6,0,0
66c20c5d7fb5c5aced53c5f3,66c20c5d7fb5c5aced53c5f3_1777665711377,,0,14,JjdA78sjEJSlImbvdQB2,922405,2026-05-01 20:17:13.320,,0,0,50,50,1,false,1,abundance,1,15006,2026-05-01 20:17:28.788,1,50,1.8,0,0
66c20c5d7fb5c5aced53c5f3,66c20c5d7fb5c5aced53c5f3_1777665711377,,0,15,8mnoEqWJwKVyosyAN7Vx,942419,2026-05-01 20:17:33.333,,0,0,50,50,1,false,1,abundance,1,15007,2026-05-01 20:17:48.803,1,50,2,0,0
66c20c5d7fb5c5aced53c5f3,66c20c5d7fb5c5aced53c5f3_1777665711377,,0,16,IXzUQSRftwuXYx8iIrJh,962433,2026-05-01 20:17:53.348,,0,0,50,50,1,false,1,abundance,1,15006,2026-05-01 20:18:08.816,1,50,2,0,0
66c20c5d7fb5c5aced53c5f3,66c20c5d7fb5c5aced53c5f3_1777665711377,,0,17,RbIMkyQ2UOW8RnWwjcTU,982449,2026-05-01 20:18:13.363,,0,0,50,50,1,false,1,abundance,1,15004,2026-05-01 20:18:28.830,1,50,2,0,0
66c20c5d7fb5c5aced53c5f3,66c20c5d7fb5c5aced53c5f3_1777665711377,,0,18,lTHc9TSKyg5WzHrahBFv,1002464,2026-05-01 20:18:33.378,,0,0,50,50,1,false,1,abundance,1,15004,2026-05-01 20:18:48.845,1,50,1.8,0,0
66c20c5d7fb5c5aced53c5f3,66c20c5d7fb5c5aced53c5f3_1777665711377,,0,19,jz2IJF3hs6Qv8bQKZdzd,1022478,2026-05-01 20:18:53.402,,0,0,50,50,1,false,1,abundance,1,15004,2026-05-01 20:19:08.859,1,50,2,1,0
66c20c5d7fb5c5aced53c5f3,66c20c5d7fb5c5aced53c5f3_1777665711377,,0,20,0p2KrIA8MfZo81RU5RKi,1042495,2026-05-01 20:19:13.421,,0,0,50,50,1,false,1,abundance,1,15010,2026-05-01 20:19:28.882,1,50,1.8,1,0
66c20c5d7fb5c5aced53c5f3,66c20c5d7fb5c5aced53c5f3_1777665711377,,0,21,XhlBvK6N1eg1ASWSst0k,1062521,2026-05-01 20:19:33.436,,0,0,50,50,1,false,1,abundance,1,15004,2026-05-01 20:19:48.902,1,50,1.6,1,0
66c20c5d7fb5c5aced53c5f3,66c20c5d7fb5c5aced53c5f3_1777665711377,,0,22,n87RqHThHqFSU9w814ej,1082544,2026-05-01 20:19:53.465,,0,0,50,50,1,false,1,abundance,1,15012,2026-05-01 20:20:08.933,1,50,2,1,0
66c20c5d7fb5c5aced53c5f3,66c20c5d7fb5c5aced53c5f3_1777665711377,,0,23,tpH6ZE46PUTiKlJfIrvb,1102564,2026-05-01 20:20:13.479,,0,0,50,50,1,false,1,abundance,1,15006,2026-05-01 20:20:28.947,1,50,1.6,1,0
66c20c5d7fb5c5aced53c5f3,66c20c5d7fb5c5aced53c5f3_1777665711377,,0,24,OZM5WZc4fhlv2D0QAUrd,1122575,2026-05-01 20:20:33.487,,0,0,50,50,1,false,1,abundance,1,15009,2026-05-01 20:20:48.961,1,50,1.8,1,0
66c20c5d7fb5c5aced53c5f3,66c20c5d7fb5c5aced53c5f3_1777665711377,,0,25,plB7r9dhmu5JmJqSmPwK,1142593,2026-05-01 20:20:53.509,,0,0,50,50,1,false,1,abundance,1,15004,2026-05-01 20:21:08.974,1,50,1.6,1,0
66c20c5d7fb5c5aced53c5f3,66c20c5d7fb5c5aced53c5f3_1777665711377,,0,26,dklMqQd7e2E9k2D1IF9G,1162607,2026-05-01 20:21:13.523,,0,0,50,50,1,false,1,abundance,1,15004,2026-05-01 20:21:28.988,1,50,2,1,0
66c20c5d7fb5c5aced53c5f3,66c20c5d7fb5c5aced53c5f3_1777665711377,,0,27,wcla7na94vpX2Mgxx1wA,1182627,2026-05-01 20:21:33.541,,0,0,50,50,1,false,1,abundance,1,15006,2026-05-01 20:21:49.010,1,50,1.8,1,0
66c20c5d7fb5c5aced53c5f3,66c20c5d7fb5c5aced53c5f3_1777665711377,,0,28,TAtwxQlUpIWDEELelwc7,1202652,2026-05-01 20:21:53.577,,0,0,50,50,1,false,1,abundance,1,15004,2026-05-01 20:22:09.033,1,50,1.8,0,0
66c20c5d7fb5c5aced53c5f3,66c20c5d7fb5c5aced53c5f3_1777665711377,,0,29,V4z1C4OezgQ52mwiGB5C,1222669,2026-05-01 20:22:13.580,,0,0,50,50,1,false,1,abundance,1,15013,2026-05-01 20:22:29.059,1,50,2,0,0
66c20c5d7fb5c5aced53c5f3,66c20c5d7fb5c5aced53c5f3_1777665711377,,0,30,OmDnOkGjMs2OhvXscNcU,1242701,2026-05-01 20:22:33.616,,0,0,50,50,1,false,1,abundance,1,15005,2026-05-01 20:22:49.083,1,50,1.6,0,0
66c20c5d7fb5c5aced53c5f3,66c20c5d7fb5c5aced53c5f3_1777665711377,,0,31,3Ympk017vbiEclOPzems,1262722,2026-05-01 20:22:53.635,,0,0,50,50,1,false,1,abundance,1,15009,2026-05-01 20:23:09.108,1,50,2,0,0
66c20c5d7fb5c5aced53c5f3,66c20c5d7fb5c5aced53c5f3_1777665711377,,0,32,qqcSwbVYaxZC0UcyHSen,1282748,2026-05-01 20:23:13.690,,0,0,50,50,1,false,1,abundance,1,15013,2026-05-01 20:23:29.138,1,50,1.6,0,0
66c20c5d7fb5c5aced53c5f3,66c20c5d7fb5c5aced53c5f3_1777665711377,,0,33,2FpoXob2aqSdCz8L6omm,1302770,2026-05-01 20:23:33.686,,0,0,50,50,1,false,1,abundance,1,15005,2026-05-01 20:23:49.152,1,50,1.8,0,0
66c20c5d7fb5c5aced53c5f3,66c20c5d7fb5c5aced53c5f3_1777665711377,,0,34,7Z4z21ZqgWO0HtdG9dTm,1322787,2026-05-01 20:23:53.718,,0,0,50,50,1,false,1,abundance,1,15013,2026-05-01 20:24:09.177,1,50,2,0,0
66c20c5d7fb5c5aced53c5f3,66c20c5d7fb5c5aced53c5f3_1777665711377,,0,35,IgzmpnasPHvVJJxvUJkt,1342812,2026-05-01 20:24:13.725,,0,0,50,50,1,false,1,abundance,1,15007,2026-05-01 20:24:29.196,1,50,1.8,0,0
66c20c5d7fb5c5aced53c5f3,66c20c5d7fb5c5aced53c5f3_1777665711377,,0,36,n9JBTR6ZXgNH6HXI7O8x,1362836,2026-05-01 20:24:33.749,,0,0,50,50,1,false,1,abundance,1,15009,2026-05-01 20:24:49.222,1,50,1.6,0,0
67ab1e994f1e4d7f398f8172,67ab1e994f1e4d7f398f8172_1777666925306,,1,1,WGH2AqIjUBAQHs7JLmh3,1736812,2026-05-01 20:51:03.290,,0,0,50,50,1,true,1,abundance,1,6329,2026-05-01 20:51:08.447,0,50,1.2,1,0
67ab1e994f1e4d7f398f8172,67ab1e994f1e4d7f398f8172_1777666925306,,1,2,FjgVW0pmAWP9jjY0GLRm,1746148,2026-05-01 20:51:11.663,,0,0,50,50,1,true,1,abundance,1,5765,2026-05-01 20:51:17.219,0,50,1.4,0,0
67ab1e994f1e4d7f398f8172,67ab1e994f1e4d7f398f8172_1777666925306,,1,3,cJwgXUmFmyZge9JyJfzO,1754914,2026-05-01 20:51:20.433,,0,0,50,50,1,true,1,abundance,1,5361,2026-05-01 20:51:25.581,0,50,1.6,1,0
67ab1e994f1e4d7f398f8172,67ab1e994f1e4d7f398f8172_1777666925306,,1,4,IkoW7JIttuIJHp2lJ9y2,1763277,2026-05-01 20:51:28.791,,0,0,50,50,1,true,1,abundance,1,5748,2026-05-01 20:51:34.331,0,50,1.4,1,0
67ab1e994f1e4d7f398f8172,67ab1e994f1e4d7f398f8172_1777666925306,,1,5,y4uECvKhyE6c0swkSCGP,1772028,2026-05-01 20:51:37.541,,0,0,50,50,1,true,1,abundance,1,6368,2026-05-01 20:51:43.702,0,50,1.2,1,0
67ab1e994f1e4d7f398f8172,67ab1e994f1e4d7f398f8172_1777666925306,,1,6,fewrJNc2dAauTMqfeIEz,1781400,2026-05-01 20:51:46.913,,0,0,50,50,1,true,1,abundance,1,5746,2026-05-01 20:51:52.452,0,50,1.4,0,0
67ab1e994f1e4d7f398f8172,67ab1e994f1e4d7f398f8172_1777666925306,,1,7,V1KcVBl1Br80i7eEKVZI,1790149,2026-05-01 20:51:55.664,,0,0,50,50,1,true,1,abundance,1,6355,2026-05-01 20:52:01.810,0,50,1.2,0,0
67ab1e994f1e4d7f398f8172,67ab1e994f1e4d7f398f8172_1777666925306,,1,8,UsclvmqLDOAqIbJ50eoV,1799507,2026-05-01 20:52:05.017,,0,0,50,50,1,true,1,abundance,1,5857,2026-05-01 20:52:10.670,0,50,1.4,1,0
67ab1e994f1e4d7f398f8172,67ab1e994f1e4d7f398f8172_1777666925306,,1,9,QlSNr2jQSmQ1yOFH7mYb,1808425,2026-05-01 20:52:13.938,,0,0,50,50,1,true,1,abundance,1,6346,2026-05-01 20:52:20.077,0,50,1.2,0,0
67ab1e994f1e4d7f398f8172,67ab1e994f1e4d7f398f8172_1777666925306,,1,10,UWHRodXxWmduvCTks9HT,1817775,2026-05-01 20:52:23.288,,0,0,50,50,1,true,1,abundance,1,5325,2026-05-01 20:52:28.406,0,50,1.6,0,0
69136beee3f6384c83a704ce,69136beee3f6384c83a704ce_1777664711297,,0,1,mEkM86KTdFwh7IgDruyn,588874,2026-05-01 19:55:00.304,,0,0,50,50,1,false,1,abundance,1,14905,2026-05-01 19:55:15.076,1,50,2,1,0
69136beee3f6384c83a704ce,69136beee3f6384c83a704ce_1777664711297,,1,1,qwT91UKojaoHoiSnAVEC,423255,2026-05-01 19:52:14.680,,0,0,50,50,1,true,1,abundance,1,9920,2026-05-01 19:52:24.472,1,50,1.4,0,0
69136beee3f6384c83a704ce,69136beee3f6384c83a704ce_1777664711297,,1,2,p40ZlKMtLeEnCaLa6BRE,438197,2026-05-01 19:52:29.627,,0,0,50,50,1,true,1,abundance,1,10012,2026-05-01 19:52:39.506,1,50,1.2,1,0
69136beee3f6384c83a704ce,69136beee3f6384c83a704ce_1777664711297,,0,2,wzuAGGeHgGBGlMa97wka,608808,2026-05-01 19:55:20.233,,0,0,50,50,1,false,1,abundance,1,15020,2026-05-01 19:55:35.125,1,50,1.6,1,0
69136beee3f6384c83a704ce,69136beee3f6384c83a704ce_1777664711297,,1,3,RtvUQYMx4XVtXPZEazN5,453238,2026-05-01 19:52:44.665,,0,0,50,50,1,true,1,abundance,1,10009,2026-05-01 19:52:54.544,1,50,1.2,0,0
69136beee3f6384c83a704ce,69136beee3f6384c83a704ce_1777664711297,,0,3,aYm1QprYmhxkxdiniML2,628840,2026-05-01 19:55:40.270,,0,0,50,50,1,false,1,abundance,1,15007,2026-05-01 19:55:55.144,1,50,1.6,1,0
69136beee3f6384c83a704ce,69136beee3f6384c83a704ce_1777664711297,,1,4,BP6B7kd5QAbq4tGPojBw,468263,2026-05-01 19:52:59.688,,0,0,50,50,1,true,1,abundance,1,10012,2026-05-01 19:53:09.572,1,50,1.2,0,0
69136beee3f6384c83a704ce,69136beee3f6384c83a704ce_1777664711297,,0,4,NBthm3HDSaTIduJf0AGH,648874,2026-05-01 19:56:00.321,,0,0,50,50,1,false,1,abundance,1,15021,2026-05-01 19:56:15.192,1,50,1.6,1,0
69136beee3f6384c83a704ce,69136beee3f6384c83a704ce_1777664711297,,0,5,QcsAtd29otZ99HnfEFoi,668898,2026-05-01 19:56:20.326,,0,0,50,50,1,false,1,abundance,1,15015,2026-05-01 19:56:35.210,1,50,1.8,1,0
69136beee3f6384c83a704ce,69136beee3f6384c83a704ce_1777664711297,,1,5,dv6VujcHBq31dTS4uMlu,483305,2026-05-01 19:53:14.734,,0,0,50,50,1,true,1,abundance,1,10021,2026-05-01 19:53:24.623,1,50,1.6,1,0
69136beee3f6384c83a704ce,69136beee3f6384c83a704ce_1777664711297,,0,6,G3nQP8eKLwJTpM8Bvw3T,688937,2026-05-01 19:56:40.363,,0,0,50,50,1,false,1,abundance,1,15010,2026-05-01 19:56:55.244,1,50,1.8,1,0
69136beee3f6384c83a704ce,69136beee3f6384c83a704ce_1777664711297,,1,6,n2hUZ5mWaBHQ6js4lGJd,498347,2026-05-01 19:53:29.771,,0,0,50,50,1,true,1,abundance,1,10012,2026-05-01 19:53:39.656,1,50,1.2,1,0
69136beee3f6384c83a704ce,69136beee3f6384c83a704ce_1777664711297,,1,7,3sO6x0WcmLW2cP1sivur,513384,2026-05-01 19:53:44.808,,0,0,50,50,1,true,1,abundance,1,10009,2026-05-01 19:53:54.690,1,50,1.4,0,0
69136beee3f6384c83a704ce,69136beee3f6384c83a704ce_1777664711297,,0,7,CIHkANS8Ir3Te3DlOyBW,708964,2026-05-01 19:57:00.388,,0,0,50,50,1,false,1,abundance,1,15013,2026-05-01 19:57:15.274,1,50,1.8,1,0
69136beee3f6384c83a704ce,69136beee3f6384c83a704ce_1777664711297,,0,8,bCIVTEw9aOb0pbXrIdgJ,728993,2026-05-01 19:57:20.417,,0,0,50,50,1,false,1,abundance,1,15004,2026-05-01 19:57:35.294,1,50,2,1,0
69136beee3f6384c83a704ce,69136beee3f6384c83a704ce_1777664711297,,1,8,t5QPMhFwZWwZ8xJiKu9d,528396,2026-05-01 19:53:59.825,,0,0,50,50,1,true,1,abundance,1,10014,2026-05-01 19:54:09.707,1,50,1.4,1,0
69136beee3f6384c83a704ce,69136beee3f6384c83a704ce_1777664711297,,1,9,KNiI3h4Igaloq3hQO733,543436,2026-05-01 19:54:14.867,,0,0,50,50,1,true,1,abundance,1,10007,2026-05-01 19:54:24.740,1,50,1.4,1,0
69136beee3f6384c83a704ce,69136beee3f6384c83a704ce_1777664711297,,0,9,YoYu20E2jdh5U66sd5jh,749028,2026-05-01 19:57:40.458,,0,0,50,50,1,false,1,abundance,1,15019,2026-05-01 19:57:55.344,1,50,2,1,0
69136beee3f6384c83a704ce,69136beee3f6384c83a704ce_1777664711297,,1,10,LMoU9rxnegZ8DSH8PAys,558447,2026-05-01 19:54:29.871,,0,0,50,50,1,true,1,abundance,1,10014,2026-05-01 19:54:39.758,1,50,1.6,0,0
69136beee3f6384c83a704ce,69136beee3f6384c83a704ce_1777664711297,,0,10,eUDBTi7xrai3m2WqZ4lF,769067,2026-05-01 19:58:00.497,,0,0,50,50,1,false,1,abundance,1,15014,2026-05-01 19:58:15.378,1,50,1.6,0,0
69136beee3f6384c83a704ce,69136beee3f6384c83a704ce_1777664711297,,0,11,cOPC0nCr2yH99Whpa1oj,789103,2026-05-01 19:58:20.525,,0,0,50,50,1,false,1,abundance,1,15012,2026-05-01 19:58:35.412,1,50,1.8,0,0
69136beee3f6384c83a704ce,69136beee3f6384c83a704ce_1777664711297,,0,12,142c0FBzsowSOCq4eMcS,809132,2026-05-01 19:58:40.564,,0,0,50,50,1,false,1,abundance,1,15017,2026-05-01 19:58:55.446,1,50,1.6,0,0
69136beee3f6384c83a704ce,69136beee3f6384c83a704ce_1777664711297,,0,13,ohXtxPM65ZEGMuiwgIkE,829166,2026-05-01 19:59:00.598,,0,0,50,50,1,false,1,abundance,1,15015,2026-05-01 19:59:15.478,1,50,2,0,0
69136beee3f6384c83a704ce,69136beee3f6384c83a704ce_1777664711297,,0,14,1t4i3Jze8JzjeTIBxh3A,849200,2026-05-01 19:59:20.634,,0,0,50,50,1,false,1,abundance,1,15016,2026-05-01 19:59:35.513,1,50,1.6,0,0
69136beee3f6384c83a704ce,69136beee3f6384c83a704ce_1777664711297,,0,15,CaoV8DAeIwFqub50tu8c,869240,2026-05-01 19:59:40.671,,0,0,50,50,1,false,1,abundance,1,15004,2026-05-01 19:59:55.541,1,50,2,0,0
69136beee3f6384c83a704ce,69136beee3f6384c83a704ce_1777664711297,,0,16,vSMUJTZdDaoEP7zBQdV8,889256,2026-05-01 20:00:00.687,,0,0,50,50,1,false,1,abundance,1,15008,2026-05-01 20:00:15.561,1,50,2,0,0
69136beee3f6384c83a704ce,69136beee3f6384c83a704ce_1777664711297,,0,17,w2PZHp9t6fA5gwnsGIbE,909267,2026-05-01 20:00:20.694,,0,0,50,50,1,false,1,abundance,1,15014,2026-05-01 20:00:35.578,1,50,1.8,0,0
69136beee3f6384c83a704ce,69136beee3f6384c83a704ce_1777664711297,,0,18,NF9aWFre7BIlpO58QoKB,929284,2026-05-01 20:00:40.713,,0,0,50,50,1,false,1,abundance,1,15017,2026-05-01 20:00:55.598,1,50,1.8,0,0
69136beee3f6384c83a704ce,69136beee3f6384c83a704ce_1777664711297,,0,19,vpkaaIMog87nDYIu0JjC,949326,2026-05-01 20:01:00.758,,0,0,50,50,1,false,1,abundance,1,15009,2026-05-01 20:01:15.632,1,50,2,1,0
69136beee3f6384c83a704ce,69136beee3f6384c83a704ce_1777664711297,,0,20,7Djc1GowXLztDuOUoulJ,969355,2026-05-01 20:01:20.785,,0,0,50,50,1,false,1,abundance,1,15013,2026-05-01 20:01:35.665,1,50,1.8,1,0
69136beee3f6384c83a704ce,69136beee3f6384c83a704ce_1777664711297,,0,21,oGxOPXs4l3AOFgJXCbML,989392,2026-05-01 20:01:40.821,,0,0,50,50,1,false,1,abundance,1,15010,2026-05-01 20:01:55.699,1,50,1.8,1,0
69136beee3f6384c83a704ce,69136beee3f6384c83a704ce_1777664711297,,0,22,eE1gy0HUykxT5knKqSmg,1009420,2026-05-01 20:02:00.851,,0,0,50,50,1,false,1,abundance,1,15015,2026-05-01 20:02:15.732,1,50,1.6,1,0
69136beee3f6384c83a704ce,69136beee3f6384c83a704ce_1777664711297,,0,23,UjDNOQLKSmleMlXpbuO1,1029451,2026-05-01 20:02:20.879,,0,0,50,50,1,false,1,abundance,1,15018,2026-05-01 20:02:35.766,1,50,1.6,1,0
69136beee3f6384c83a704ce,69136beee3f6384c83a704ce_1777664711297,,0,24,vkbtxEz1YXFEHa9wQOzl,1049494,2026-05-01 20:02:40.919,,0,0,50,50,1,false,1,abundance,1,15009,2026-05-01 20:02:55.800,1,50,2,1,0
69136beee3f6384c83a704ce,69136beee3f6384c83a704ce_1777664711297,,0,25,FWHwFNkBM9ug3DhWst3W,1069512,2026-05-01 20:03:00.946,,0,0,50,50,1,false,1,abundance,1,15008,2026-05-01 20:03:15.817,1,50,1.6,1,0
69136beee3f6384c83a704ce,69136beee3f6384c83a704ce_1777664711297,,0,26,aeLeDYwTwUwpwXlOmJMp,1089540,2026-05-01 20:03:20.970,,0,0,50,50,1,false,1,abundance,1,15013,2026-05-01 20:03:35.850,1,50,2,1,0
69136beee3f6384c83a704ce,69136beee3f6384c83a704ce_1777664711297,,0,27,6e2vGhZtDmVE2p9vZyl4,1109556,2026-05-01 20:03:40.988,,0,0,50,50,1,false,1,abundance,1,15008,2026-05-01 20:03:55.861,1,50,1.8,1,0
69136beee3f6384c83a704ce,69136beee3f6384c83a704ce_1777664711297,,0,28,NPX8c52jPjmh6MEtFPzQ,1129578,2026-05-01 20:04:01.008,,0,0,50,50,1,false,1,abundance,1,15010,2026-05-01 20:04:15.885,1,50,2,0,0
69136beee3f6384c83a704ce,69136beee3f6384c83a704ce_1777664711297,,0,29,hnCB49W9J3Krg93I7K0L,1149604,2026-05-01 20:04:21.033,,0,0,50,50,1,false,1,abundance,1,15017,2026-05-01 20:04:35.918,1,50,1.8,0,0
69136beee3f6384c83a704ce,69136beee3f6384c83a704ce_1777664711297,,0,30,lG72KAOLZl6LMW9W6SeB,1169646,2026-05-01 20:04:41.075,,0,0,50,50,1,false,1,abundance,1,15008,2026-05-01 20:04:55.951,1,50,1.6,0,0
69136beee3f6384c83a704ce,69136beee3f6384c83a704ce_1777664711297,,0,31,ZThzopi7Xva9fAacS4Ot,1189676,2026-05-01 20:05:01.104,,0,0,50,50,1,false,1,abundance,1,15013,2026-05-01 20:05:15.986,1,50,1.6,0,0
69136beee3f6384c83a704ce,69136beee3f6384c83a704ce_1777664711297,,0,32,r5RBZ2zpB4taYVdtHJYB,1209698,2026-05-01 20:05:21.130,,0,0,50,50,1,false,1,abundance,1,15024,2026-05-01 20:05:36.019,1,50,1.6,0,0
69136beee3f6384c83a704ce,69136beee3f6384c83a704ce_1777664711297,,0,33,tPjTUQdb2KYyUwWxu5P2,1229743,2026-05-01 20:05:41.171,,0,0,50,50,1,false,1,abundance,1,15013,2026-05-01 20:05:56.053,1,50,1.8,0,0
69136beee3f6384c83a704ce,69136beee3f6384c83a704ce_1777664711297,,0,34,uS5DhlmCc3C7MPJ04O8N,1249777,2026-05-01 20:06:01.206,,0,0,50,50,1,false,1,abundance,1,15015,2026-05-01 20:06:16.089,1,50,1.8,0,0
69136beee3f6384c83a704ce,69136beee3f6384c83a704ce_1777664711297,,0,35,2gquADtCw8fgHIjBL2L0,1269811,2026-05-01 20:06:21.239,,0,0,50,50,1,false,1,abundance,1,15012,2026-05-01 20:06:36.120,1,50,2,0,0
69136beee3f6384c83a704ce,69136beee3f6384c83a704ce_1777664711297,,0,36,KjgkW52NMKAxEYZtle5B,1289855,2026-05-01 20:06:41.282,,0,0,50,50,1,false,1,abundance,1,15018,2026-05-01 20:06:56.170,1,50,2,0,0
6925fa29548cb5452d18bdb0,6925fa29548cb5452d18bdb0_1777665188520,,0,1,G5IlRj9pJEMp9OXEnk10,1097691,2026-05-01 20:11:27.134,,0,0,50,50,1,false,1,abundance,1,14894,2026-05-01 20:11:41.105,1,50,1.8,1,0
6925fa29548cb5452d18bdb0,6925fa29548cb5452d18bdb0_1777665188520,,1,1,RvRJd3ziiIwNvSUf1TXo,910391,2026-05-01 20:08:19.831,,0,0,50,50,1,true,1,abundance,1,5570,2026-05-01 20:08:24.481,0,50,1.4,1,0
6925fa29548cb5452d18bdb0,6925fa29548cb5452d18bdb0_1777665188520,,0,2,1iEBHq2Qb31aVX5AkoKT,1117594,2026-05-01 20:11:47.046,,0,0,50,50,1,false,1,abundance,1,15012,2026-05-01 20:12:01.126,1,50,2,1,0
6925fa29548cb5452d18bdb0,6925fa29548cb5452d18bdb0_1777665188520,,1,2,flWlpx47oN7BtRm89GID,918964,2026-05-01 20:08:28.404,,0,0,50,50,1,true,1,abundance,1,10007,2026-05-01 20:08:37.491,1,50,1.4,1,0
6925fa29548cb5452d18bdb0,6925fa29548cb5452d18bdb0_1777665188520,,0,3,VTYmxc7cBElykM47amxI,1137616,2026-05-01 20:12:07.068,,0,0,50,50,1,false,1,abundance,1,15012,2026-05-01 20:12:21.148,1,50,2,1,0
6925fa29548cb5452d18bdb0,6925fa29548cb5452d18bdb0_1777665188520,,1,3,uifmr28B4XA5xFNZmFni,933986,2026-05-01 20:08:43.436,,0,0,50,50,1,true,1,abundance,1,10012,2026-05-01 20:08:52.518,1,50,1.2,1,0
6925fa29548cb5452d18bdb0,6925fa29548cb5452d18bdb0_1777665188520,,0,4,6XAEwdXCxNVDCSxYMVLZ,1157639,2026-05-01 20:12:27.083,,0,0,50,50,1,false,1,abundance,1,15005,2026-05-01 20:12:41.164,1,50,1.6,1,0
6925fa29548cb5452d18bdb0,6925fa29548cb5452d18bdb0_1777665188520,,1,4,N5pg2pRI8f8ZDkq69Wbc,949003,2026-05-01 20:08:58.450,,0,0,50,50,1,true,1,abundance,1,10011,2026-05-01 20:09:07.534,1,50,1.4,0,0
6925fa29548cb5452d18bdb0,6925fa29548cb5452d18bdb0_1777665188520,,0,5,EDfxVaHfYUagFv4Fhv3G,1177648,2026-05-01 20:12:47.102,,0,0,50,50,1,false,1,abundance,1,15011,2026-05-01 20:13:01.179,1,50,1.6,1,0
6925fa29548cb5452d18bdb0,6925fa29548cb5452d18bdb0_1777665188520,,1,5,SQUoLrV2PBwxWWZhazPA,964021,2026-05-01 20:09:13.479,,0,0,50,50,1,true,1,abundance,1,10012,2026-05-01 20:09:22.553,1,50,1.6,1,0
6925fa29548cb5452d18bdb0,6925fa29548cb5452d18bdb0_1777665188520,,0,6,HGLdTmqFjOaR2VlAeEgV,1197665,2026-05-01 20:13:07.110,,0,0,50,50,1,false,1,abundance,1,15009,2026-05-01 20:13:21.194,1,50,2,1,0
6925fa29548cb5452d18bdb0,6925fa29548cb5452d18bdb0_1777665188520,,1,6,uFnFK5EhNhWT1fryfBEA,979042,2026-05-01 20:09:28.486,,0,0,50,50,1,true,1,abundance,1,10009,2026-05-01 20:09:37.571,1,50,1.2,0,0
6925fa29548cb5452d18bdb0,6925fa29548cb5452d18bdb0_1777665188520,,0,7,01zKXXENi5ayxweUW0tu,1217681,2026-05-01 20:13:27.130,,0,0,50,50,1,false,1,abundance,1,15009,2026-05-01 20:13:41.210,1,50,1.8,1,0
6925fa29548cb5452d18bdb0,6925fa29548cb5452d18bdb0_1777665188520,,1,7,DCFn0jyZKEvfVlDAGo3O,994058,2026-05-01 20:09:43.506,,0,0,50,50,1,true,1,abundance,1,10010,2026-05-01 20:09:52.588,1,50,1.2,0,0
6925fa29548cb5452d18bdb0,6925fa29548cb5452d18bdb0_1777665188520,,0,8,kKcyb9BwB5HrUDEjJ4TR,1237694,2026-05-01 20:13:47.150,,0,0,50,50,1,false,1,abundance,1,15017,2026-05-01 20:14:01.231,1,50,1.6,1,0
6925fa29548cb5452d18bdb0,6925fa29548cb5452d18bdb0_1777665188520,,1,8,tIZ8AOpWy7RrqLaYHfpe,1009074,2026-05-01 20:09:58.518,,0,0,50,50,1,true,1,abundance,1,10006,2026-05-01 20:10:07.600,1,50,1.6,0,0
6925fa29548cb5452d18bdb0,6925fa29548cb5452d18bdb0_1777665188520,,0,9,8zKuyyK4w2OQVjdXcZ2U,1257716,2026-05-01 20:14:07.164,,0,0,50,50,1,false,1,abundance,1,15005,2026-05-01 20:14:21.241,1,50,1.8,1,0
6925fa29548cb5452d18bdb0,6925fa29548cb5452d18bdb0_1777665188520,,1,9,n8qxWvLQS2vBoQhiFidc,1024093,2026-05-01 20:10:13.537,,0,0,50,50,1,true,1,abundance,1,10007,2026-05-01 20:10:22.620,1,50,1.2,1,0
6925fa29548cb5452d18bdb0,6925fa29548cb5452d18bdb0_1777665188520,,0,10,k7mj6I2JbIFrVcd44e1S,1277727,2026-05-01 20:14:27.177,,0,0,50,50,1,false,1,abundance,1,15014,2026-05-01 20:14:41.261,1,50,2,0,0
6925fa29548cb5452d18bdb0,6925fa29548cb5452d18bdb0_1777665188520,,1,10,kRLomn2GKA2OL6GChU3Q,1039114,2026-05-01 20:10:28.559,,0,0,50,50,1,true,1,abundance,1,10007,2026-05-01 20:10:37.641,1,50,1.4,0,0
6925fa29548cb5452d18bdb0,6925fa29548cb5452d18bdb0_1777665188520,,0,11,XEMXXK8LRyWd7UXNkoIN,1297758,2026-05-01 20:14:47.207,,0,0,50,50,1,false,1,abundance,1,15010,2026-05-01 20:15:01.288,1,50,1.8,0,0
6925fa29548cb5452d18bdb0,6925fa29548cb5452d18bdb0_1777665188520,,0,12,J15OkOpLUlOykvjosPCl,1317784,2026-05-01 20:15:07.235,,0,0,50,50,1,false,1,abundance,1,15013,2026-05-01 20:15:21.317,1,50,2,0,0
6925fa29548cb5452d18bdb0,6925fa29548cb5452d18bdb0_1777665188520,,0,13,REANDxDHC1y45pEh2qkr,1337809,2026-05-01 20:15:27.261,,0,0,50,50,1,false,1,abundance,1,15009,2026-05-01 20:15:41.338,1,50,1.6,0,0
6925fa29548cb5452d18bdb0,6925fa29548cb5452d18bdb0_1777665188520,,0,14,RVkhPwy7A280z25LAR7q,1357833,2026-05-01 20:15:47.282,,0,0,50,50,1,false,1,abundance,1,15012,2026-05-01 20:16:01.365,1,50,1.6,0,0
6925fa29548cb5452d18bdb0,6925fa29548cb5452d18bdb0_1777665188520,,0,15,5INMNoyqcwE3HT3m78Oo,1377850,2026-05-01 20:16:07.298,,0,0,50,50,1,false,1,abundance,1,15010,2026-05-01 20:16:21.380,1,50,2,0,0
6925fa29548cb5452d18bdb0,6925fa29548cb5452d18bdb0_1777665188520,,0,16,PGIcBrIEGtANQVVlDULX,1397879,2026-05-01 20:16:27.330,,0,0,50,50,1,false,1,abundance,1,15012,2026-05-01 20:16:41.411,1,50,1.6,0,0
6925fa29548cb5452d18bdb0,6925fa29548cb5452d18bdb0_1777665188520,,0,17,GGEshdo0NtLEiKljjtVD,1417908,2026-05-01 20:16:47.362,,0,0,50,50,1,false,1,abundance,1,15011,2026-05-01 20:17:01.439,1,50,1.8,0,0
6925fa29548cb5452d18bdb0,6925fa29548cb5452d18bdb0_1777665188520,,0,18,dxo6dA2tDpem2dxNM3LE,1437928,2026-05-01 20:17:07.376,,0,0,50,50,1,false,1,abundance,1,15007,2026-05-01 20:17:21.455,1,50,1.8,0,0
6925fa29548cb5452d18bdb0,6925fa29548cb5452d18bdb0_1777665188520,,0,19,aW6hrCU3y5jVBxb5pTB6,1457951,2026-05-01 20:17:27.394,,0,0,50,50,1,false,1,abundance,1,15007,2026-05-01 20:17:41.478,1,50,1.6,1,0
6925fa29548cb5452d18bdb0,6925fa29548cb5452d18bdb0_1777665188520,,0,20,Jzf6pfs7IufL0El8jm0l,1477966,2026-05-01 20:17:47.420,,0,0,50,50,1,false,1,abundance,1,15009,2026-05-01 20:18:01.495,1,50,1.6,1,0
6925fa29548cb5452d18bdb0,6925fa29548cb5452d18bdb0_1777665188520,,0,21,v0p2rIBuTZupeBJiPl1x,1497982,2026-05-01 20:18:07.430,,0,0,50,50,1,false,1,abundance,1,15008,2026-05-01 20:18:21.510,1,50,2,1,0
6925fa29548cb5452d18bdb0,6925fa29548cb5452d18bdb0_1777665188520,,0,22,woCCOc1voD2K6P4EFTrF,1517998,2026-05-01 20:18:27.450,,0,0,50,50,1,false,1,abundance,1,15012,2026-05-01 20:18:41.530,1,50,1.8,1,0
6925fa29548cb5452d18bdb0,6925fa29548cb5452d18bdb0_1777665188520,,0,23,dYZ1pq3kONg1wR1g3It2,1538014,2026-05-01 20:18:47.462,,0,0,50,50,1,false,1,abundance,1,15007,2026-05-01 20:19:01.541,1,50,2,1,0
6925fa29548cb5452d18bdb0,6925fa29548cb5452d18bdb0_1777665188520,,0,24,lTrPkleKqd5QnaUmKlcJ,1558037,2026-05-01 20:19:07.487,,0,0,50,50,1,false,1,abundance,1,15011,2026-05-01 20:19:21.568,1,50,1.8,1,0
6925fa29548cb5452d18bdb0,6925fa29548cb5452d18bdb0_1777665188520,,0,25,GasCzQyUmOScbMdZXQUV,1578067,2026-05-01 20:19:27.519,,0,0,50,50,1,false,1,abundance,1,15010,2026-05-01 20:19:41.597,1,50,1.8,1,0
6925fa29548cb5452d18bdb0,6925fa29548cb5452d18bdb0_1777665188520,,0,26,KlLYnyl8k7hMnixeKcdH,1598094,2026-05-01 20:19:47.545,,0,0,50,50,1,false,1,abundance,1,15010,2026-05-01 20:20:01.624,1,50,2,1,0
6925fa29548cb5452d18bdb0,6925fa29548cb5452d18bdb0_1777665188520,,0,27,PMcTNHWR8E5Lfysmy4l5,1618119,2026-05-01 20:20:07.569,,0,0,50,50,1,false,1,abundance,1,15009,2026-05-01 20:20:21.648,1,50,1.6,1,0
6925fa29548cb5452d18bdb0,6925fa29548cb5452d18bdb0_1777665188520,,0,28,EI8gmFQTkz9nHceRmbOE,1638137,2026-05-01 20:20:27.585,,0,0,50,50,1,false,1,abundance,1,15007,2026-05-01 20:20:41.664,1,50,1.6,0,0
6925fa29548cb5452d18bdb0,6925fa29548cb5452d18bdb0_1777665188520,,0,29,NdEAx2BC6ZpRks3qSIH7,1658157,2026-05-01 20:20:47.605,,0,0,50,50,1,false,1,abundance,1,15005,2026-05-01 20:21:01.682,1,50,1.8,0,0
6925fa29548cb5452d18bdb0,6925fa29548cb5452d18bdb0_1777665188520,,0,30,fMzRXGjiQQDbDK7E0Rad,1678173,2026-05-01 20:21:07.622,,0,0,50,50,1,false,1,abundance,1,15009,2026-05-01 20:21:21.702,1,50,1.8,0,0
6925fa29548cb5452d18bdb0,6925fa29548cb5452d18bdb0_1777665188520,,0,31,4QIcfMCPh5NcNBeCRpbK,1698198,2026-05-01 20:21:27.652,,0,0,50,50,1,false,1,abundance,1,15009,2026-05-01 20:21:41.727,1,50,1.6,0,0
6925fa29548cb5452d18bdb0,6925fa29548cb5452d18bdb0_1777665188520,,0,32,L3KdsQ7E6OpJvd8AkqMC,1718215,2026-05-01 20:21:47.663,,0,0,50,50,1,false,1,abundance,1,15007,2026-05-01 20:22:01.742,1,50,2,0,0
6925fa29548cb5452d18bdb0,6925fa29548cb5452d18bdb0_1777665188520,,0,33,5rhKenPr1xsssPVmEuAB,1738223,2026-05-01 20:22:07.672,,0,0,50,50,1,false,1,abundance,1,15009,2026-05-01 20:22:21.752,1,50,1.6,0,0
6925fa29548cb5452d18bdb0,6925fa29548cb5452d18bdb0_1777665188520,,0,34,r2kdDhUxp1clGD1tbvEp,1758248,2026-05-01 20:22:27.694,,0,0,50,50,1,false,1,abundance,1,15008,2026-05-01 20:22:41.776,1,50,2,0,0
6925fa29548cb5452d18bdb0,6925fa29548cb5452d18bdb0_1777665188520,,0,35,RX5VEJgHq2LKJoesPprM,1778265,2026-05-01 20:22:47.713,,0,0,50,50,1,false,1,abundance,1,15007,2026-05-01 20:23:01.792,1,50,2,0,0
6925fa29548cb5452d18bdb0,6925fa29548cb5452d18bdb0_1777665188520,,0,36,UZnSDKu7AfTbXX478Spt,1798275,2026-05-01 20:23:07.720,,0,0,50,50,1,false,1,abundance,1,15005,2026-05-01 20:23:21.800,1,50,1.8,0,0
6928b461f9bf86904fa8b581,6928b461f9bf86904fa8b581_1777670008810,,0,1,35RCwLXQMUe7bpMWenHY,1139022,2026-05-01 21:32:28.035,,0,0,50,50,1,false,1,abundance,1,14916,2026-05-01 21:32:42.748,1,50,1.6,0,0
6928b461f9bf86904fa8b581,6928b461f9bf86904fa8b581_1777670008810,,1,1,q5u78aSOCfDRJDq703ej,969191,2026-05-01 21:29:38.197,,0,0,50,50,1,true,1,abundance,1,6196,2026-05-01 21:29:44.197,0,50,1.2,0,0
6928b461f9bf86904fa8b581,6928b461f9bf86904fa8b581_1777670008810,,1,2,CsmhVtJb6ce5cLI3Rw3Z,978389,2026-05-01 21:29:47.399,,0,0,50,50,1,true,1,abundance,1,10011,2026-05-01 21:29:57.210,1,50,1.2,1,0
6928b461f9bf86904fa8b581,6928b461f9bf86904fa8b581_1777670008810,,0,2,neQezCHtS2pASwRks1fT,1158941,2026-05-01 21:32:47.959,,0,0,50,50,1,false,1,abundance,1,15012,2026-05-01 21:33:02.763,1,50,2,0,0
6928b461f9bf86904fa8b581,6928b461f9bf86904fa8b581_1777670008810,,0,3,EWfHqo2TDANT33b2ix8t,1178955,2026-05-01 21:33:07.973,,0,0,50,50,1,false,1,abundance,1,15014,2026-05-01 21:33:22.779,1,50,1.8,0,0
6928b461f9bf86904fa8b581,6928b461f9bf86904fa8b581_1777670008810,,1,3,pEz6fqZrLaGnv0O49DPp,993403,2026-05-01 21:30:02.412,,0,0,50,50,1,true,1,abundance,1,10007,2026-05-01 21:30:12.220,1,50,1.6,0,0
6928b461f9bf86904fa8b581,6928b461f9bf86904fa8b581_1777670008810,,1,4,ELlEywK4hcvIiyGjCfbF,1008412,2026-05-01 21:30:17.419,,0,0,50,50,1,true,1,abundance,1,10011,2026-05-01 21:30:27.233,1,50,1.4,1,0
6928b461f9bf86904fa8b581,6928b461f9bf86904fa8b581_1777670008810,,0,4,MQ5jGaLwmlXgZXvGJaOg,1198971,2026-05-01 21:33:27.985,,0,0,50,50,1,false,1,abundance,1,15011,2026-05-01 21:33:42.792,1,50,1.8,0,0
6928b461f9bf86904fa8b581,6928b461f9bf86904fa8b581_1777670008810,,0,5,YPip6bXXRnHtnmSjIMQq,1218984,2026-05-01 21:33:48.005,,0,0,50,50,1,false,1,abundance,1,15012,2026-05-01 21:34:02.806,1,50,1.6,0,0
6928b461f9bf86904fa8b581,6928b461f9bf86904fa8b581_1777670008810,,1,5,oXI7OF9eSjazHC2IQJhL,1023425,2026-05-01 21:30:32.436,,0,0,50,50,1,true,1,abundance,1,10009,2026-05-01 21:30:42.244,1,50,1.6,1,0
6928b461f9bf86904fa8b581,6928b461f9bf86904fa8b581_1777670008810,,1,6,49McGXguunNTTMxO3jzH,1038436,2026-05-01 21:30:47.449,,0,0,50,50,1,true,1,abundance,1,10009,2026-05-01 21:30:57.255,1,50,1.4,0,0
6928b461f9bf86904fa8b581,6928b461f9bf86904fa8b581_1777670008810,,0,6,wIIuoR2oos4SWahWfNGZ,1238998,2026-05-01 21:34:08.019,,0,0,50,50,1,false,1,abundance,1,15013,2026-05-01 21:34:22.821,1,50,2,0,0
6928b461f9bf86904fa8b581,6928b461f9bf86904fa8b581_1777670008810,,1,7,Se8mkl4B69qawdJXO13b,1053447,2026-05-01 21:31:02.462,,0,0,50,50,1,true,1,abundance,1,10011,2026-05-01 21:31:12.268,1,50,1.2,0,0
6928b461f9bf86904fa8b581,6928b461f9bf86904fa8b581_1777670008810,,0,7,ZncJCn5okG4s993QVxPy,1259013,2026-05-01 21:34:28.036,,0,0,50,50,1,false,1,abundance,1,15012,2026-05-01 21:34:42.835,1,50,1.6,0,0
6928b461f9bf86904fa8b581,6928b461f9bf86904fa8b581_1777670008810,,0,8,RdqdRacim2m3XRFgvGm4,1279027,2026-05-01 21:34:48.050,,0,0,50,50,1,false,1,abundance,1,15014,2026-05-01 21:35:02.851,1,50,2,0,0
6928b461f9bf86904fa8b581,6928b461f9bf86904fa8b581_1777670008810,,1,8,XaI9CcpuY3jvXEM2wXZF,1068461,2026-05-01 21:31:17.476,,0,0,50,50,1,true,1,abundance,1,10009,2026-05-01 21:31:27.280,1,50,1.4,0,0
6928b461f9bf86904fa8b581,6928b461f9bf86904fa8b581_1777670008810,,1,9,Cgbt7GHHrPhAttRITjM2,1083472,2026-05-01 21:31:32.484,,0,0,50,50,1,true,1,abundance,1,10009,2026-05-01 21:31:42.291,1,50,1.2,1,0
6928b461f9bf86904fa8b581,6928b461f9bf86904fa8b581_1777670008810,,0,9,dMM4j0WlpgZRibnjEktm,1299043,2026-05-01 21:35:08.063,,0,0,50,50,1,false,1,abundance,1,15013,2026-05-01 21:35:22.866,1,50,1.8,0,0
6928b461f9bf86904fa8b581,6928b461f9bf86904fa8b581_1777670008810,,1,10,XfQm3HOaU5yXl4GZ3DD4,1098483,2026-05-01 21:31:47.498,,0,0,50,50,1,true,1,abundance,1,10012,2026-05-01 21:31:57.305,1,50,1.4,1,0
6928b461f9bf86904fa8b581,6928b461f9bf86904fa8b581_1777670008810,,0,10,kiq7EV9rPsMOfmLXTF0y,1319058,2026-05-01 21:35:28.083,,0,0,50,50,1,false,1,abundance,1,15012,2026-05-01 21:35:42.880,1,50,1.6,1,0
6928b461f9bf86904fa8b581,6928b461f9bf86904fa8b581_1777670008810,,0,11,tcahBPtDpVVM8QvI4Xta,1339072,2026-05-01 21:35:48.093,,0,0,50,50,1,false,1,abundance,1,15014,2026-05-01 21:36:02.896,1,50,2,1,0
6928b461f9bf86904fa8b581,6928b461f9bf86904fa8b581_1777670008810,,0,12,0hFRa0bhRnmd1EIO9ViA,1359087,2026-05-01 21:36:08.116,,0,0,50,50,1,false,1,abundance,1,15012,2026-05-01 21:36:22.909,1,50,1.8,1,0
6928b461f9bf86904fa8b581,6928b461f9bf86904fa8b581_1777670008810,,0,13,F30QBBVyBpsnOFn7tDZA,1379102,2026-05-01 21:36:28.127,,0,0,50,50,1,false,1,abundance,1,15011,2026-05-01 21:36:42.923,1,50,1.8,1,0
6928b461f9bf86904fa8b581,6928b461f9bf86904fa8b581_1777670008810,,0,14,SdjoNRi1C7gFH5vxlD9o,1399115,2026-05-01 21:36:48.142,,0,0,50,50,1,false,1,abundance,1,15015,2026-05-01 21:37:02.940,1,50,2,1,0
6928b461f9bf86904fa8b581,6928b461f9bf86904fa8b581_1777670008810,,0,15,jMZ0kpCtv2rIHprC96n2,1419132,2026-05-01 21:37:08.157,,0,0,50,50,1,false,1,abundance,1,15011,2026-05-01 21:37:22.953,1,50,1.6,1,0
6928b461f9bf86904fa8b581,6928b461f9bf86904fa8b581_1777670008810,,0,16,FvEzuWMTw4zs2vgfVth1,1439144,2026-05-01 21:37:28.174,,0,0,50,50,1,false,1,abundance,1,15012,2026-05-01 21:37:42.966,1,50,1.8,1,0
6928b461f9bf86904fa8b581,6928b461f9bf86904fa8b581_1777670008810,,0,17,onSsdqZHcEAdZfx8irGA,1459157,2026-05-01 21:37:48.186,,0,0,50,50,1,false,1,abundance,1,15010,2026-05-01 21:38:02.977,1,50,1.6,1,0
6928b461f9bf86904fa8b581,6928b461f9bf86904fa8b581_1777670008810,,0,18,sv64NZPMwbljhqRODITi,1479169,2026-05-01 21:38:08.195,,0,0,50,50,1,false,1,abundance,1,15008,2026-05-01 21:38:22.987,1,50,2,1,0
6928b461f9bf86904fa8b581,6928b461f9bf86904fa8b581_1777670008810,,0,19,fzhJXx5yeDhtEyYCKics,1499178,2026-05-01 21:38:28.213,,0,0,50,50,1,false,1,abundance,1,15012,2026-05-01 21:38:43.000,1,50,1.6,0,0
6928b461f9bf86904fa8b581,6928b461f9bf86904fa8b581_1777670008810,,0,20,LYiM0qQQgPU0MmjuzzPK,1519192,2026-05-01 21:38:48.224,,0,0,50,50,1,false,1,abundance,1,15013,2026-05-01 21:39:03.015,1,50,1.8,0,0
6928b461f9bf86904fa8b581,6928b461f9bf86904fa8b581_1777670008810,,0,21,UCPsZqdWdVVBIbdYcNI1,1539207,2026-05-01 21:39:08.241,,0,0,50,50,1,false,1,abundance,1,15012,2026-05-01 21:39:23.029,1,50,2,0,0
6928b461f9bf86904fa8b581,6928b461f9bf86904fa8b581_1777670008810,,0,22,7eRJ27cyIcofyUHRB3qp,1559221,2026-05-01 21:39:28.255,,0,0,50,50,1,false,1,abundance,1,15012,2026-05-01 21:39:43.043,1,50,1.6,0,0
6928b461f9bf86904fa8b581,6928b461f9bf86904fa8b581_1777670008810,,0,23,CryzvqHrWOzscNUSPYjt,1579236,2026-05-01 21:39:48.272,,0,0,50,50,1,false,1,abundance,1,15011,2026-05-01 21:40:03.057,1,50,1.8,0,0
6928b461f9bf86904fa8b581,6928b461f9bf86904fa8b581_1777670008810,,0,24,yiDUlwF4E0ry7rwaawK1,1599248,2026-05-01 21:40:08.282,,0,0,50,50,1,false,1,abundance,1,15017,2026-05-01 21:40:23.075,1,50,1.8,0,0
6928b461f9bf86904fa8b581,6928b461f9bf86904fa8b581_1777670008810,,0,25,9PbueX5ZOHQQGzeTFDLw,1619275,2026-05-01 21:40:28.298,,0,0,50,50,1,false,1,abundance,1,15026,2026-05-01 21:40:43.111,1,50,1.6,0,0
6928b461f9bf86904fa8b581,6928b461f9bf86904fa8b581_1777670008810,,0,26,TWhi0quVMRb0cytlZm5B,1639305,2026-05-01 21:40:48.312,,0,0,50,50,1,false,1,abundance,1,15016,2026-05-01 21:41:03.131,1,50,2,0,0
6928b461f9bf86904fa8b581,6928b461f9bf86904fa8b581_1777670008810,,0,27,Ghj791bNWpRWzU08X5zq,1659324,2026-05-01 21:41:08.325,,0,0,50,50,1,false,1,abundance,1,15013,2026-05-01 21:41:23.147,1,50,2,0,0
6928b461f9bf86904fa8b581,6928b461f9bf86904fa8b581_1777670008810,,0,28,oq4IPz3uzQdN4inQs5Nk,1679338,2026-05-01 21:41:28.344,,0,0,50,50,1,false,1,abundance,1,15011,2026-05-01 21:41:43.159,1,50,1.8,1,0
6928b461f9bf86904fa8b581,6928b461f9bf86904fa8b581_1777670008810,,0,29,pySuU92bTDMUL8zckauU,1699351,2026-05-01 21:41:48.357,,0,0,50,50,1,false,1,abundance,1,15012,2026-05-01 21:42:03.173,1,50,1.8,1,0
6928b461f9bf86904fa8b581,6928b461f9bf86904fa8b581_1777670008810,,0,30,3NXcuXWZaQdTBoEwLwOK,1719365,2026-05-01 21:42:08.373,,0,0,50,50,1,false,1,abundance,1,15011,2026-05-01 21:42:23.186,1,50,1.8,1,0
6928b461f9bf86904fa8b581,6928b461f9bf86904fa8b581_1777670008810,,0,31,TYFITw5yourHPRFl2paJ,1739378,2026-05-01 21:42:28.387,,0,0,50,50,1,false,1,abundance,1,15012,2026-05-01 21:42:43.200,1,50,2,1,0
6928b461f9bf86904fa8b581,6928b461f9bf86904fa8b581_1777670008810,,0,32,qxCtR0qrjihKaTR0661D,1759391,2026-05-01 21:42:48.399,,0,0,50,50,1,false,1,abundance,1,15012,2026-05-01 21:43:03.213,1,50,2,1,0
6928b461f9bf86904fa8b581,6928b461f9bf86904fa8b581_1777670008810,,0,33,B5lpAtlvG89uhLPFpLHA,1779404,2026-05-01 21:43:08.415,,0,0,50,50,1,false,1,abundance,1,15014,2026-05-01 21:43:23.228,1,50,2,1,0
6928b461f9bf86904fa8b581,6928b461f9bf86904fa8b581_1777670008810,,0,34,d2MibeDYRYrQRohg1u9v,1799419,2026-05-01 21:43:28.430,,0,0,50,50,1,false,1,abundance,1,15012,2026-05-01 21:43:43.241,1,50,1.6,1,0
6928b461f9bf86904fa8b581,6928b461f9bf86904fa8b581_1777670008810,,0,35,NDVsQ2zx5k10KquuSbuY,1819433,2026-05-01 21:43:48.440,,0,0,50,50,1,false,1,abundance,1,15011,2026-05-01 21:44:03.254,1,50,1.6,1,0
6928b461f9bf86904fa8b581,6928b461f9bf86904fa8b581_1777670008810,,0,36,ZTCGfe2unUAgVdftFgRt,1839446,2026-05-01 21:44:08.458,,0,0,50,50,1,false,1,abundance,1,15012,2026-05-01 21:44:23.268,1,50,1.6,1,0
697da549fc95d872d3ee55c4,697da549fc95d872d3ee55c4_1777665118634,,0,1,Gt4b4ZN9OVBRvoJOy0Cj,1184914,2026-05-01 20:11:43.843,,0,0,50,50,1,false,1,abundance,1,14905,2026-05-01 20:11:58.453,1,50,1.8,1,0
697da549fc95d872d3ee55c4,697da549fc95d872d3ee55c4_1777665118634,,1,1,OQl7ljKHRa3in0SA0oB1,1007460,2026-05-01 20:08:46.351,,0,0,50,50,1,true,1,abundance,1,6198,2026-05-01 20:08:52.292,0,50,1.2,1,0
697da549fc95d872d3ee55c4,697da549fc95d872d3ee55c4_1777665118634,,0,2,6u43DxZwILhtm2NiqpSG,1204825,2026-05-01 20:12:03.769,,0,0,50,50,1,false,1,abundance,1,15008,2026-05-01 20:12:18.467,1,50,1.8,1,0
697da549fc95d872d3ee55c4,697da549fc95d872d3ee55c4_1777665118634,,1,2,FVPIm27r5rJL37q8KkJN,1016664,2026-05-01 20:08:55.559,,0,0,50,50,1,true,1,abundance,1,10010,2026-05-01 20:09:05.308,1,50,1.4,1,0
697da549fc95d872d3ee55c4,697da549fc95d872d3ee55c4_1777665118634,,1,3,H8Tl8BF5TPYw8E0VZLou,1031679,2026-05-01 20:09:10.574,,0,0,50,50,1,true,1,abundance,1,10009,2026-05-01 20:09:20.322,1,50,1.4,0,0
697da549fc95d872d3ee55c4,697da549fc95d872d3ee55c4_1777665118634,,0,3,S98bLy7W4b5oSXvbTpCo,1224836,2026-05-01 20:12:23.785,,0,0,50,50,1,false,1,abundance,1,15009,2026-05-01 20:12:38.479,1,50,1.6,1,0
697da549fc95d872d3ee55c4,697da549fc95d872d3ee55c4_1777665118634,,0,4,6ym8vFLs9E8QerqWhWd4,1244847,2026-05-01 20:12:43.784,,0,0,50,50,1,false,1,abundance,1,15009,2026-05-01 20:12:58.490,1,50,2,1,0
697da549fc95d872d3ee55c4,697da549fc95d872d3ee55c4_1777665118634,,1,4,YeSevg2ITSLefnF5t4F1,1046692,2026-05-01 20:09:25.595,,0,0,50,50,1,true,1,abundance,1,10009,2026-05-01 20:09:35.335,1,50,1.2,0,0
697da549fc95d872d3ee55c4,697da549fc95d872d3ee55c4_1777665118634,,1,5,3GQt86Rz81ElkaekybnX,1061705,2026-05-01 20:09:40.600,,0,0,50,50,1,true,1,abundance,1,10010,2026-05-01 20:09:50.349,1,50,1.2,1,0
697da549fc95d872d3ee55c4,697da549fc95d872d3ee55c4_1777665118634,,0,5,fDdxstBFhVBqCbvYxS8D,1264860,2026-05-01 20:13:03.806,,0,0,50,50,1,false,1,abundance,1,15008,2026-05-01 20:13:18.502,1,50,1.8,1,0
697da549fc95d872d3ee55c4,697da549fc95d872d3ee55c4_1777665118634,,0,6,0MwhL4xQFCPypuE8iSS9,1284879,2026-05-01 20:13:23.825,,0,0,50,50,1,false,1,abundance,1,15009,2026-05-01 20:13:38.522,1,50,2,1,0
697da549fc95d872d3ee55c4,697da549fc95d872d3ee55c4_1777665118634,,1,6,i9KCnTq7EAS92BieYJ3T,1076719,2026-05-01 20:09:55.616,,0,0,50,50,1,true,1,abundance,1,10008,2026-05-01 20:10:05.361,1,50,1.6,1,0
697da549fc95d872d3ee55c4,697da549fc95d872d3ee55c4_1777665118634,,1,7,2dSCYPwr9hHBt22USPLH,1091731,2026-05-01 20:10:10.625,,0,0,50,50,1,true,1,abundance,1,9995,2026-05-01 20:10:20.360,1,50,1.2,0,0
697da549fc95d872d3ee55c4,697da549fc95d872d3ee55c4_1777665118634,,0,7,cfuc13T2laRF27tksYgv,1304891,2026-05-01 20:13:43.830,,0,0,50,50,1,false,1,abundance,1,15008,2026-05-01 20:13:58.533,1,50,1.6,1,0
697da549fc95d872d3ee55c4,697da549fc95d872d3ee55c4_1777665118634,,1,8,5cMA830rdDBka8JwCJlg,1106722,2026-05-01 20:10:25.650,,0,0,50,50,1,true,1,abundance,1,9999,2026-05-01 20:10:35.355,1,50,1.4,0,0
697da549fc95d872d3ee55c4,697da549fc95d872d3ee55c4_1777665118634,,0,8,Z6C7o09t8qy3OocjFdJG,1324903,2026-05-01 20:14:03.850,,0,0,50,50,1,false,1,abundance,1,15008,2026-05-01 20:14:18.545,1,50,2,1,0
697da549fc95d872d3ee55c4,697da549fc95d872d3ee55c4_1777665118634,,1,9,5CD7HXMC7S8u0RauS3jj,1121722,2026-05-01 20:10:40.651,,0,0,50,50,1,true,1,abundance,1,10001,2026-05-01 20:10:50.357,1,50,1.6,0,0
697da549fc95d872d3ee55c4,697da549fc95d872d3ee55c4_1777665118634,,0,9,JFxkl23xh0AmjaKUnzxA,1344915,2026-05-01 20:14:23.857,,0,0,50,50,1,false,1,abundance,1,15009,2026-05-01 20:14:38.558,1,50,1.6,1,0
697da549fc95d872d3ee55c4,697da549fc95d872d3ee55c4_1777665118634,,1,10,3vTwvaqVZl0tOcKYRyyG,1136727,2026-05-01 20:10:55.675,,0,0,50,50,1,true,1,abundance,1,10008,2026-05-01 20:11:05.369,1,50,1.4,1,0
697da549fc95d872d3ee55c4,697da549fc95d872d3ee55c4_1777665118634,,0,10,Y3zTOrdvYuX2TqbgHQU2,1364929,2026-05-01 20:14:43.867,,0,0,50,50,1,false,1,abundance,1,15009,2026-05-01 20:14:58.572,1,50,1.8,0,0
697da549fc95d872d3ee55c4,697da549fc95d872d3ee55c4_1777665118634,,0,11,Aaxd9sdmonnNscHkVs1y,1384941,2026-05-01 20:15:03.880,,0,0,50,50,1,false,1,abundance,1,15009,2026-05-01 20:15:18.584,1,50,2,0,0
697da549fc95d872d3ee55c4,697da549fc95d872d3ee55c4_1777665118634,,0,12,RxCyU2ipvp4tzcox0jN7,1404954,2026-05-01 20:15:23.900,,0,0,50,50,1,false,1,abundance,1,15008,2026-05-01 20:15:38.596,1,50,2,0,0
697da549fc95d872d3ee55c4,697da549fc95d872d3ee55c4_1777665118634,,0,13,JVaUFcoGdZD3HvzX9lEB,1424965,2026-05-01 20:15:43.907,,0,0,50,50,1,false,1,abundance,1,15008,2026-05-01 20:15:58.607,1,50,1.6,0,0
697da549fc95d872d3ee55c4,697da549fc95d872d3ee55c4_1777665118634,,0,14,b2NQfb4unKX9mVEBjV9k,1444978,2026-05-01 20:16:03.922,,0,0,50,50,1,false,1,abundance,1,15006,2026-05-01 20:16:18.618,1,50,1.8,0,0
697da549fc95d872d3ee55c4,697da549fc95d872d3ee55c4_1777665118634,,0,15,Qz228ZlalPuaGfz8ifsc,1464988,2026-05-01 20:16:23.925,,0,0,50,50,1,false,1,abundance,1,15006,2026-05-01 20:16:38.628,1,50,2,0,0
697da549fc95d872d3ee55c4,697da549fc95d872d3ee55c4_1777665118634,,0,16,NYBG8ASQEjudq1swz5FU,1484996,2026-05-01 20:16:43.936,,0,0,50,50,1,false,1,abundance,1,15009,2026-05-01 20:16:58.639,1,50,1.6,0,0
697da549fc95d872d3ee55c4,697da549fc95d872d3ee55c4_1777665118634,,0,17,lim1Y1ysnKbVe9AweQhS,1505008,2026-05-01 20:17:03.949,,0,0,50,50,1,false,1,abundance,1,15008,2026-05-01 20:17:18.650,1,50,1.6,0,0
697da549fc95d872d3ee55c4,697da549fc95d872d3ee55c4_1777665118634,,0,18,hhO6GJolDRNYzr5tof1t,1525021,2026-05-01 20:17:23.972,,0,0,50,50,1,false,1,abundance,1,15008,2026-05-01 20:17:38.663,1,50,1.8,0,0
697da549fc95d872d3ee55c4,697da549fc95d872d3ee55c4_1777665118634,,0,19,5exk3DIIWDgr5RQGeEOs,1545032,2026-05-01 20:17:43.973,,0,0,50,50,1,false,1,abundance,1,15011,2026-05-01 20:17:58.677,1,50,1.8,1,0
697da549fc95d872d3ee55c4,697da549fc95d872d3ee55c4_1777665118634,,0,20,uS1PFwOSPzAXkHEKXwA3,1565046,2026-05-01 20:18:03.988,,0,0,50,50,1,false,1,abundance,1,15009,2026-05-01 20:18:18.689,1,50,1.8,1,0
697da549fc95d872d3ee55c4,697da549fc95d872d3ee55c4_1777665118634,,0,21,yOuCQhoVb6WCciBq1LrX,1585059,2026-05-01 20:18:24.006,,0,0,50,50,1,false,1,abundance,1,15005,2026-05-01 20:18:38.698,1,50,2,1,0
697da549fc95d872d3ee55c4,697da549fc95d872d3ee55c4_1777665118634,,0,22,rkYbeMR0rxXeUkEBvcXI,1605067,2026-05-01 20:18:44.015,,0,0,50,50,1,false,1,abundance,1,15009,2026-05-01 20:18:58.710,1,50,1.6,1,0
697da549fc95d872d3ee55c4,697da549fc95d872d3ee55c4_1777665118634,,0,23,mqp89ms4MxgjQCbYvnEp,1625079,2026-05-01 20:19:04.023,,0,0,50,50,1,false,1,abundance,1,15010,2026-05-01 20:19:18.723,1,50,2,1,0
697da549fc95d872d3ee55c4,697da549fc95d872d3ee55c4_1777665118634,,0,24,b5ghT7B84Bw7utnv9cQz,1645093,2026-05-01 20:19:24.044,,0,0,50,50,1,false,1,abundance,1,15008,2026-05-01 20:19:38.735,1,50,2,1,0
697da549fc95d872d3ee55c4,697da549fc95d872d3ee55c4_1777665118634,,0,25,kMThGAANjkdpaTdsj3jN,1665105,2026-05-01 20:19:44.047,,0,0,50,50,1,false,1,abundance,1,15008,2026-05-01 20:19:58.747,1,50,1.6,1,0
697da549fc95d872d3ee55c4,697da549fc95d872d3ee55c4_1777665118634,,0,26,wxQ9R62tS1BipdSxpXZ9,1685117,2026-05-01 20:20:04.058,,0,0,50,50,1,false,1,abundance,1,15008,2026-05-01 20:20:18.759,1,50,1.8,1,0
697da549fc95d872d3ee55c4,697da549fc95d872d3ee55c4_1777665118634,,0,27,C94MtuQ2Lbtk1XZZruBd,1705127,2026-05-01 20:20:24.079,,0,0,50,50,1,false,1,abundance,1,15009,2026-05-01 20:20:38.770,1,50,1.6,1,0
697da549fc95d872d3ee55c4,697da549fc95d872d3ee55c4_1777665118634,,0,28,UdUQpSAwRGNbcH6pl923,1725140,2026-05-01 20:20:44.083,,0,0,50,50,1,false,1,abundance,1,15009,2026-05-01 20:20:58.783,1,50,1.8,0,0
697da549fc95d872d3ee55c4,697da549fc95d872d3ee55c4_1777665118634,,0,29,KPIYbbKK3KOzv73WTUzp,1745153,2026-05-01 20:21:04.096,,0,0,50,50,1,false,1,abundance,1,15008,2026-05-01 20:21:18.795,1,50,1.8,0,0
697da549fc95d872d3ee55c4,697da549fc95d872d3ee55c4_1777665118634,,0,30,4L54f4sBOWcwIZ28oxQj,1765164,2026-05-01 20:21:24.107,,0,0,50,50,1,false,1,abundance,1,15011,2026-05-01 20:21:38.809,1,50,2,0,0
697da549fc95d872d3ee55c4,697da549fc95d872d3ee55c4_1777665118634,,0,31,WhSW7pYcCmPUOgUa8wzz,1785177,2026-05-01 20:21:44.124,,0,0,50,50,1,false,1,abundance,1,15009,2026-05-01 20:21:58.820,1,50,1.6,0,0
697da549fc95d872d3ee55c4,697da549fc95d872d3ee55c4_1777665118634,,0,32,0DlBWAXRN7Ly2gZhccpY,1805190,2026-05-01 20:22:04.141,,0,0,50,50,1,false,1,abundance,1,15008,2026-05-01 20:22:18.832,1,50,2,0,0
697da549fc95d872d3ee55c4,697da549fc95d872d3ee55c4_1777665118634,,0,33,3Po3heEiSJCWNAJzKc2j,1825203,2026-05-01 20:22:24.147,,0,0,50,50,1,false,1,abundance,1,15007,2026-05-01 20:22:38.844,1,50,1.8,0,0
697da549fc95d872d3ee55c4,697da549fc95d872d3ee55c4_1777665118634,,0,34,ep3CIzZ8IgaulM7nKpxq,1845213,2026-05-01 20:22:44.155,,0,0,50,50,1,false,1,abundance,1,15007,2026-05-01 20:22:58.854,1,50,1.6,0,0
697da549fc95d872d3ee55c4,697da549fc95d872d3ee55c4_1777665118634,,0,35,4ua4rP9FRtc7VK4rF8ik,1865223,2026-05-01 20:23:04.175,,0,0,50,50,1,false,1,abundance,1,15008,2026-05-01 20:23:18.865,1,50,2,0,0
697da549fc95d872d3ee55c4,697da549fc95d872d3ee55c4_1777665118634,,0,36,6bv7IKYerkaEn5aZEYBf,1885233,2026-05-01 20:23:24.185,,0,0,50,50,1,false,1,abundance,1,15008,2026-05-01 20:23:38.875,1,50,1.6,0,0
69830af3546dee3f96a3b80d,69830af3546dee3f96a3b80d_1777665751003,,1,1,0lOBQzUWycaGQtY3f97p,390477,2026-05-01 20:09:01.586,,0,0,50,50,1,true,1,abundance,1,9907,2026-05-01 20:09:11.387,1,50,1.4,0,0
69830af3546dee3f96a3b80d,69830af3546dee3f96a3b80d_1777665751003,,0,1,Idd6BEmWzM7W44uFEsUW,544518,2026-05-01 20:11:35.625,,0,0,50,50,1,false,1,abundance,1,14903,2026-05-01 20:11:50.424,1,50,1.6,0,0
69830af3546dee3f96a3b80d,69830af3546dee3f96a3b80d_1777665751003,,1,2,Y9xwaD9URvIPaiDMGJ4u,405396,2026-05-01 20:09:16.521,,0,0,50,50,1,true,1,abundance,1,10009,2026-05-01 20:09:26.408,1,50,1.6,1,0
69830af3546dee3f96a3b80d,69830af3546dee3f96a3b80d_1777665751003,,0,2,YojOQuDzqE4ScFlt58U3,564425,2026-05-01 20:11:55.539,,0,0,50,50,1,false,1,abundance,1,5270,2026-05-01 20:12:00.698,0,50,1.6,0,0
69830af3546dee3f96a3b80d,69830af3546dee3f96a3b80d_1777665751003,,0,3,0HYbQzWjYop8mqnlUbRj,572696,2026-05-01 20:12:03.817,,0,0,50,50,1,false,1,abundance,1,15007,2026-05-01 20:12:18.706,1,50,1.8,0,0
69830af3546dee3f96a3b80d,69830af3546dee3f96a3b80d_1777665751003,,1,3,HhTRQQNYMP4jJ4V5ASqr,420408,2026-05-01 20:09:31.526,,0,0,50,50,1,true,1,abundance,1,10010,2026-05-01 20:09:41.421,1,50,1.6,0,0
69830af3546dee3f96a3b80d,69830af3546dee3f96a3b80d_1777665751003,,0,4,7KAbFJOiy792ylHTMnY8,592712,2026-05-01 20:12:23.833,,0,0,50,50,1,false,1,abundance,1,15009,2026-05-01 20:12:38.724,1,50,1.6,0,0
69830af3546dee3f96a3b80d,69830af3546dee3f96a3b80d_1777665751003,,1,4,OdKrAWgLBea2sfxGkCQ6,435430,2026-05-01 20:09:54.278,,0,0,50,50,1,true,1,abundance,1,10009,2026-05-01 20:09:56.442,1,50,1.4,1,0
69830af3546dee3f96a3b80d,69830af3546dee3f96a3b80d_1777665751003,,0,5,2gYqPTzMGmWwbb9ow6Ge,612723,2026-05-01 20:12:43.834,,0,0,50,50,1,false,1,abundance,1,15010,2026-05-01 20:12:58.736,1,50,2,0,0
69830af3546dee3f96a3b80d,69830af3546dee3f96a3b80d_1777665751003,,1,5,7PDHDZfvVHOGnVJQQJPp,450444,2026-05-01 20:10:02.106,,0,0,50,50,1,true,1,abundance,1,10013,2026-05-01 20:10:11.460,1,50,1.2,0,0
69830af3546dee3f96a3b80d,69830af3546dee3f96a3b80d_1777665751003,,1,6,Zl9Om8D0YEccLpGpn5u4,465460,2026-05-01 20:10:16.565,,0,0,50,50,1,true,1,abundance,1,10007,2026-05-01 20:10:26.470,1,50,1.2,1,0
69830af3546dee3f96a3b80d,69830af3546dee3f96a3b80d_1777665751003,,0,6,speMgkIugVZYV8NQchjC,632736,2026-05-01 20:13:03.845,,0,0,50,50,1,false,1,abundance,1,15008,2026-05-01 20:13:18.747,1,50,2,0,0
69830af3546dee3f96a3b80d,69830af3546dee3f96a3b80d_1777665751003,,1,7,FSmRGrFrLS4spPxrtLkx,480472,2026-05-01 20:10:31.586,,0,0,50,50,1,true,1,abundance,1,6298,2026-05-01 20:10:37.773,0,50,1.2,1,0
69830af3546dee3f96a3b80d,69830af3546dee3f96a3b80d_1777665751003,,0,7,r4fpNFcdefwYNQ9QO6B6,652748,2026-05-01 20:13:23.861,,0,0,50,50,1,false,1,abundance,1,15006,2026-05-01 20:13:38.757,1,50,1.8,0,0
69830af3546dee3f96a3b80d,69830af3546dee3f96a3b80d_1777665751003,,0,8,Er7dC91nDOnKAckmwjpj,672757,2026-05-01 20:13:43.877,,0,0,50,50,1,false,1,abundance,1,15009,2026-05-01 20:13:58.769,1,50,2,0,0
69830af3546dee3f96a3b80d,69830af3546dee3f96a3b80d_1777665751003,,1,8,OA3xwcblNdgpwbYVCSE2,489773,2026-05-01 20:10:40.883,,0,0,50,50,1,true,1,abundance,1,10007,2026-05-01 20:11:05.791,1,50,1.4,1,0
69830af3546dee3f96a3b80d,69830af3546dee3f96a3b80d_1777665751003,,0,9,Q8Vis0hA2bNi2wlB0IaW,692770,2026-05-01 20:14:03.882,,0,0,50,50,1,false,1,abundance,1,15007,2026-05-01 20:14:18.780,1,50,1.8,0,0
69830af3546dee3f96a3b80d,69830af3546dee3f96a3b80d_1777665751003,,1,9,wNfzeXtV4NCmtdp4gtio,504781,2026-05-01 20:11:11.711,,0,0,50,50,1,true,1,abundance,0,,,,50,1.2,0,0
69830af3546dee3f96a3b80d,69830af3546dee3f96a3b80d_1777665751003,,0,10,2kMKq6VPcQJD9BeA0bZg,712779,2026-05-01 20:14:23.911,,0,0,50,50,1,false,1,abundance,1,15008,2026-05-01 20:14:38.790,1,50,1.8,1,0
69830af3546dee3f96a3b80d,69830af3546dee3f96a3b80d_1777665751003,,1,10,xvt6aEo3cDRkOdpjKbja,519793,2026-05-01 20:11:12.278,,0,0,50,50,1,true,1,abundance,1,10007,2026-05-01 20:11:20.803,1,50,1.4,0,0
69830af3546dee3f96a3b80d,69830af3546dee3f96a3b80d_1777665751003,,0,11,3kldHa64gUaq8yWuDQHy,732789,2026-05-01 20:14:43.907,,0,0,50,50,1,false,1,abundance,1,15008,2026-05-01 20:14:58.800,1,50,2,1,0
69830af3546dee3f96a3b80d,69830af3546dee3f96a3b80d_1777665751003,,0,12,7XAaSYRSWj7M2m60qFMC,752801,2026-05-01 20:15:03.923,,0,0,50,50,1,false,1,abundance,1,14992,2026-05-01 20:15:18.796,1,50,1.8,1,0
69830af3546dee3f96a3b80d,69830af3546dee3f96a3b80d_1777665751003,,0,13,80tsfJQIJ6MIoBOQC3xt,772794,2026-05-01 20:15:23.929,,0,0,50,50,1,false,1,abundance,1,15005,2026-05-01 20:15:38.802,1,50,1.6,1,0
69830af3546dee3f96a3b80d,69830af3546dee3f96a3b80d_1777665751003,,0,14,R4byfxRNJzT0dMsN5dpT,792801,2026-05-01 20:15:43.945,,0,0,50,50,1,false,1,abundance,1,15009,2026-05-01 20:15:58.813,1,50,1.6,1,0
69830af3546dee3f96a3b80d,69830af3546dee3f96a3b80d_1777665751003,,0,15,vXBwgDmDPnOfeBJUpYiC,812814,2026-05-01 20:16:03.956,,0,0,50,50,1,false,1,abundance,1,15009,2026-05-01 20:16:18.826,1,50,2,1,0
69830af3546dee3f96a3b80d,69830af3546dee3f96a3b80d_1777665751003,,0,16,pZiw8rCtKSMj3i0KDAWx,832827,2026-05-01 20:16:23.971,,0,0,50,50,1,false,1,abundance,1,4926,2026-05-01 20:16:28.756,0,50,1.8,1,0
69830af3546dee3f96a3b80d,69830af3546dee3f96a3b80d_1777665751003,,0,17,ib3UtL4S3PEPOzwaIwJv,840756,2026-05-01 20:16:31.892,,0,0,50,50,1,false,1,abundance,1,15007,2026-05-01 20:16:46.766,1,50,1.6,1,0
69830af3546dee3f96a3b80d,69830af3546dee3f96a3b80d_1777665751003,,0,18,VATFlISIKHN2WFtnuNdg,860767,2026-05-01 20:16:51.904,,0,0,50,50,1,false,1,abundance,1,15011,2026-05-01 20:17:06.781,1,50,2,1,0
69830af3546dee3f96a3b80d,69830af3546dee3f96a3b80d_1777665751003,,0,19,CKzbykc8AAuCI7zIX010,880781,2026-05-01 20:17:11.919,,0,0,50,50,1,false,1,abundance,1,15009,2026-05-01 20:17:26.793,1,50,2,0,0
69830af3546dee3f96a3b80d,69830af3546dee3f96a3b80d_1777665751003,,0,20,xCf3gveKtpqevov6Vs0G,900793,2026-05-01 20:17:31.934,,0,0,50,50,1,false,1,abundance,1,15004,2026-05-01 20:17:46.800,1,50,2,0,0
69830af3546dee3f96a3b80d,69830af3546dee3f96a3b80d_1777665751003,,0,21,9C9RRdZRPKElvILtNv1P,920799,2026-05-01 20:17:51.942,,0,0,50,50,1,false,1,abundance,1,15011,2026-05-01 20:18:06.813,1,50,1.8,0,0
69830af3546dee3f96a3b80d,69830af3546dee3f96a3b80d_1777665751003,,0,22,h6B8NoAmSXmm3DAbNcIH,940813,2026-05-01 20:18:11.958,,0,0,50,50,1,false,1,abundance,1,15009,2026-05-01 20:18:26.825,1,50,2,0,0
69830af3546dee3f96a3b80d,69830af3546dee3f96a3b80d_1777665751003,,0,23,Vo8KHlde3QBi0Q5viHDk,960825,2026-05-01 20:18:31.961,,0,0,50,50,1,false,1,abundance,1,15006,2026-05-01 20:18:46.834,1,50,1.6,0,0
69830af3546dee3f96a3b80d,69830af3546dee3f96a3b80d_1777665751003,,0,24,WuVbfuAXLqk4yjIDQkq5,980833,2026-05-01 20:18:51.967,,0,0,50,50,1,false,1,abundance,1,15007,2026-05-01 20:19:06.843,1,50,1.8,0,0
69830af3546dee3f96a3b80d,69830af3546dee3f96a3b80d_1777665751003,,0,25,vEtDucPdyaElj8igbFJg,1000843,2026-05-01 20:19:11.989,,0,0,50,50,1,false,1,abundance,1,15008,2026-05-01 20:19:26.854,1,50,1.6,0,0
69830af3546dee3f96a3b80d,69830af3546dee3f96a3b80d_1777665751003,,0,26,5ZCkx4SFST22KdmrwJc5,1020855,2026-05-01 20:19:31.990,,0,0,50,50,1,false,1,abundance,1,15007,2026-05-01 20:19:46.865,1,50,1.6,0,0
69830af3546dee3f96a3b80d,69830af3546dee3f96a3b80d_1777665751003,,0,27,KMHmgapf51wW1bgG6jvB,1040864,2026-05-01 20:19:52.005,,0,0,50,50,1,false,1,abundance,1,15005,2026-05-01 20:20:06.872,1,50,1.8,0,0
69830af3546dee3f96a3b80d,69830af3546dee3f96a3b80d_1777665751003,,0,28,sHUhxywyHwb3HFlSm0Xr,1060874,2026-05-01 20:20:12.012,,0,0,50,50,1,false,1,abundance,1,15009,2026-05-01 20:20:26.886,1,50,1.8,1,0
69830af3546dee3f96a3b80d,69830af3546dee3f96a3b80d_1777665751003,,0,29,73apcRktWkJjNWQG7E8W,1080885,2026-05-01 20:20:32.025,,0,0,50,50,1,false,1,abundance,1,15009,2026-05-01 20:20:46.897,1,50,1.8,1,0
69830af3546dee3f96a3b80d,69830af3546dee3f96a3b80d_1777665751003,,0,30,YJS4ilAMcwEyulcVs7DY,1100896,2026-05-01 20:20:52.034,,0,0,50,50,1,false,1,abundance,1,15006,2026-05-01 20:21:06.905,1,50,1.6,1,0
69830af3546dee3f96a3b80d,69830af3546dee3f96a3b80d_1777665751003,,0,31,4tJVqi8qCX8S5MfObggw,1120907,2026-05-01 20:21:12.043,,0,0,50,50,1,false,1,abundance,1,15006,2026-05-01 20:21:26.916,1,50,1.6,1,0
69830af3546dee3f96a3b80d,69830af3546dee3f96a3b80d_1777665751003,,0,32,bzbMSLjED7PXaa7WlItQ,1140916,2026-05-01 20:21:32.053,,0,0,50,50,1,false,1,abundance,1,15010,2026-05-01 20:21:46.929,1,50,2,1,0
69830af3546dee3f96a3b80d,69830af3546dee3f96a3b80d_1777665751003,,0,33,3gplwscCgYGuujrcbUyA,1160934,2026-05-01 20:21:52.087,,0,0,50,50,1,false,1,abundance,1,15014,2026-05-01 20:22:06.951,1,50,1.6,1,0
69830af3546dee3f96a3b80d,69830af3546dee3f96a3b80d_1777665751003,,0,34,r9rvZ57LvYmp6kWKTcGY,1180952,2026-05-01 20:22:12.098,,0,0,50,50,1,false,1,abundance,1,15009,2026-05-01 20:22:26.964,1,50,2,1,0
69830af3546dee3f96a3b80d,69830af3546dee3f96a3b80d_1777665751003,,0,35,oRJt0Ly31iQgkuttw3ug,1200964,2026-05-01 20:22:32.110,,0,0,50,50,1,false,1,abundance,1,15008,2026-05-01 20:22:46.975,1,50,1.8,1,0
69830af3546dee3f96a3b80d,69830af3546dee3f96a3b80d_1777665751003,,0,36,uo9hG5HpEakcrYM6ni9f,1220977,2026-05-01 20:22:52.114,,0,0,50,50,1,false,1,abundance,1,15008,2026-05-01 20:23:06.988,1,50,2,1,0
69853e0f17cf080eb88130bc,69853e0f17cf080eb88130bc_1777683780889,,1,1,1OVRKObwYrMcbqMomAX0,607668,2026-05-02 01:13:08.647,,0,0,50,50,1,true,1,abundance,1,9913,2026-05-02 01:13:18.470,1,50,1.4,1,0
69853e0f17cf080eb88130bc,69853e0f17cf080eb88130bc_1777683780889,,0,1,vzfo6MXZ5aY4MdUzUf7S,807517,2026-05-02 01:16:28.477,,0,0,50,50,1,false,1,abundance,1,14921,2026-05-02 01:16:43.327,1,50,1.6,1,0
69853e0f17cf080eb88130bc,69853e0f17cf080eb88130bc_1777683780889,,1,2,RVtlx6tU5XhIqihVSTyI,622664,2026-05-02 01:13:23.635,,0,0,50,50,1,true,1,abundance,1,10015,2026-05-02 01:13:33.568,1,50,1.2,0,0
69853e0f17cf080eb88130bc,69853e0f17cf080eb88130bc_1777683780889,,0,2,RsmRPtub2xqZbZkBGW6F,827522,2026-05-02 01:16:48.484,,0,0,50,50,1,false,1,abundance,1,15019,2026-05-02 01:17:03.430,1,50,2,1,0
69853e0f17cf080eb88130bc,69853e0f17cf080eb88130bc_1777683780889,,0,3,cLj5OV7UN29jKbFLP8HF,847552,2026-05-02 01:17:08.515,,0,0,50,50,1,false,1,abundance,1,15014,2026-05-02 01:17:23.455,1,50,1.8,1,0
69853e0f17cf080eb88130bc,69853e0f17cf080eb88130bc_1777683780889,,1,3,nvPOU2x7nN3MmSa5p3jF,637747,2026-05-02 01:13:38.712,,0,0,50,50,1,true,1,abundance,1,10016,2026-05-02 01:13:48.652,1,50,1.4,1,0
69853e0f17cf080eb88130bc,69853e0f17cf080eb88130bc_1777683780889,,1,4,klu6I5NnA5lAeVUK2iuM,652863,2026-05-02 01:13:53.830,,0,0,50,50,1,true,1,abundance,1,10031,2026-05-02 01:14:03.783,1,50,1.6,0,0
69853e0f17cf080eb88130bc,69853e0f17cf080eb88130bc_1777683780889,,0,4,oHvnusexSav9wcrKJMMH,867590,2026-05-02 01:17:28.547,,0,0,50,50,1,false,1,abundance,1,15017,2026-05-02 01:17:43.496,1,50,1.8,1,0
69853e0f17cf080eb88130bc,69853e0f17cf080eb88130bc_1777683780889,,0,5,JMjjggHGDiQ9lL8iNa23,887626,2026-05-02 01:17:48.581,,0,0,50,50,1,false,1,abundance,1,15011,2026-05-02 01:18:03.526,1,50,1.6,1,0
69853e0f17cf080eb88130bc,69853e0f17cf080eb88130bc_1777683780889,,1,5,ri0Y5Wc4Yjeyv6xjc5ZG,667948,2026-05-02 01:14:08.913,,0,0,50,50,1,true,1,abundance,1,10017,2026-05-02 01:14:18.854,1,50,1.2,0,0
69853e0f17cf080eb88130bc,69853e0f17cf080eb88130bc_1777683780889,,1,6,BGxMTFKANSFLsjrVkXNX,683083,2026-05-02 01:14:24.050,,0,0,50,50,1,true,1,abundance,1,10015,2026-05-02 01:14:33.987,1,50,1.2,1,0
69853e0f17cf080eb88130bc,69853e0f17cf080eb88130bc_1777683780889,,0,6,Chyvwecwpf4IRnRinMiU,907649,2026-05-02 01:18:08.617,,0,0,50,50,1,false,1,abundance,1,15015,2026-05-02 01:18:23.553,1,50,2,1,0
69853e0f17cf080eb88130bc,69853e0f17cf080eb88130bc_1777683780889,,0,7,4sCSaGfKxEZ9Ox0xNgyB,927681,2026-05-02 01:18:28.638,,0,0,50,50,1,false,1,abundance,1,15021,2026-05-02 01:18:43.591,1,50,1.8,1,0
69853e0f17cf080eb88130bc,69853e0f17cf080eb88130bc_1777683780889,,1,7,J8VynTQmVxtqSleDJRO4,698193,2026-05-02 01:14:39.195,,0,0,50,50,1,true,1,abundance,1,10012,2026-05-02 01:14:49.094,1,50,1.6,1,0
69853e0f17cf080eb88130bc,69853e0f17cf080eb88130bc_1777683780889,,1,8,BhgZ1N36NxB7CCUqLMQK,713301,2026-05-02 01:14:54.271,,0,0,50,50,1,true,1,abundance,1,10016,2026-05-02 01:15:04.206,1,50,1.4,0,0
69853e0f17cf080eb88130bc,69853e0f17cf080eb88130bc_1777683780889,,0,8,JTfD45b141qzyTNRYthP,947705,2026-05-02 01:18:48.690,,0,0,50,50,1,false,1,abundance,1,15037,2026-05-02 01:19:03.631,1,50,1.6,1,0
69853e0f17cf080eb88130bc,69853e0f17cf080eb88130bc_1777683780889,,0,9,LomCDGhT6dREbiDDei8J,967865,2026-05-02 01:19:08.855,,0,0,50,50,1,false,1,abundance,1,15022,2026-05-02 01:19:23.776,1,50,2,1,0
69853e0f17cf080eb88130bc,69853e0f17cf080eb88130bc_1777683780889,,1,9,cZyvcKlG8GK5XXm8lPFl,728390,2026-05-02 01:15:09.352,,0,0,50,50,1,true,1,abundance,1,10027,2026-05-02 01:15:19.306,1,50,1.2,1,0
69853e0f17cf080eb88130bc,69853e0f17cf080eb88130bc_1777683780889,,0,10,29JXRBNxgrr5WwFjf3za,987991,2026-05-02 01:19:28.944,,0,0,50,50,1,false,1,abundance,1,15018,2026-05-02 01:19:43.898,1,50,1.8,0,0
69853e0f17cf080eb88130bc,69853e0f17cf080eb88130bc_1777683780889,,1,10,Ik0vJVsj1Eh2Jm0KnDQb,743529,2026-05-02 01:15:24.502,,0,0,50,50,1,true,1,abundance,1,10044,2026-05-02 01:15:34.462,1,50,1.4,0,0
69853e0f17cf080eb88130bc,69853e0f17cf080eb88130bc_1777683780889,,0,11,wSgeZtMgaqkE5x5dHTDE,1008131,2026-05-02 01:19:49.081,,0,0,50,50,1,false,1,abundance,1,15031,2026-05-02 01:20:04.051,1,50,1.8,0,0
69853e0f17cf080eb88130bc,69853e0f17cf080eb88130bc_1777683780889,,0,12,IyX3wZ8ZgUl8yQXP9i1Y,1028272,2026-05-02 01:20:09.227,,0,0,50,50,1,false,1,abundance,1,15017,2026-05-02 01:20:24.178,1,50,1.8,0,0
69853e0f17cf080eb88130bc,69853e0f17cf080eb88130bc_1777683780889,,0,13,1eLx9pd8AhRyGWkdz8Iu,1048407,2026-05-02 01:20:29.361,,0,0,50,50,1,false,1,abundance,1,15022,2026-05-02 01:20:44.318,1,50,1.6,0,0
69853e0f17cf080eb88130bc,69853e0f17cf080eb88130bc_1777683780889,,0,14,3AgvgdbjRUnQh1bwhdLG,1068573,2026-05-02 01:20:49.520,,0,0,50,50,1,false,1,abundance,1,15027,2026-05-02 01:21:04.489,1,50,2,0,0
69853e0f17cf080eb88130bc,69853e0f17cf080eb88130bc_1777683780889,,0,15,oPqoI6eKX8WxaRRujpJA,1088699,2026-05-02 01:21:09.647,,0,0,50,50,1,false,1,abundance,1,15014,2026-05-02 01:21:24.602,1,50,1.6,0,0
69853e0f17cf080eb88130bc,69853e0f17cf080eb88130bc_1777683780889,,0,16,sdfzwEHsHnBrvkWyvgnM,1108833,2026-05-02 01:21:29.778,,0,0,50,50,1,false,1,abundance,1,15018,2026-05-02 01:21:44.740,1,50,2,0,0
69853e0f17cf080eb88130bc,69853e0f17cf080eb88130bc_1777683780889,,0,17,dgsOl7t8qYibsV5Z8acV,1128967,2026-05-02 01:21:49.912,,0,0,50,50,1,false,1,abundance,1,15021,2026-05-02 01:22:04.877,1,50,1.6,0,0
69853e0f17cf080eb88130bc,69853e0f17cf080eb88130bc_1777683780889,,0,18,PKb0yTvUgxwSW5yf15tD,1149116,2026-05-02 01:22:10.062,,0,0,50,50,1,false,1,abundance,1,15017,2026-05-02 01:22:25.022,1,50,2,0,0
69853e0f17cf080eb88130bc,69853e0f17cf080eb88130bc_1777683780889,,0,19,C2RGQ3d3irMNRMuI8Snj,1169259,2026-05-02 01:22:30.209,,0,0,50,50,1,false,1,abundance,1,15031,2026-05-02 01:22:45.179,1,50,1.8,1,0
69853e0f17cf080eb88130bc,69853e0f17cf080eb88130bc_1777683780889,,0,20,xPAD8W9fchNMz6hYvR0K,1189464,2026-05-02 01:22:50.413,,0,0,50,50,1,false,1,abundance,1,15014,2026-05-02 01:23:05.367,1,50,2,1,0
69853e0f17cf080eb88130bc,69853e0f17cf080eb88130bc_1777683780889,,0,21,JNnVCVqMZCVZeLsa6S1g,1209605,2026-05-02 01:23:10.555,,0,0,50,50,1,false,1,abundance,1,15030,2026-05-02 01:23:25.524,1,50,2,1,0
69853e0f17cf080eb88130bc,69853e0f17cf080eb88130bc_1777683780889,,0,22,Y7PQA23CruSVN5VqIWOw,1229729,2026-05-02 01:23:30.685,,0,0,50,50,1,false,1,abundance,1,15016,2026-05-02 01:23:45.634,1,50,1.8,1,0
69853e0f17cf080eb88130bc,69853e0f17cf080eb88130bc_1777683780889,,0,23,nsNsFDkDdDm7AZcdUuMJ,1249886,2026-05-02 01:23:50.826,,0,0,50,50,1,false,1,abundance,1,15018,2026-05-02 01:24:05.793,1,50,2,1,0
69853e0f17cf080eb88130bc,69853e0f17cf080eb88130bc_1777683780889,,0,24,RqpVjLzTnt7SkRBjaN15,1269929,2026-05-02 01:24:10.871,,0,0,50,50,1,false,1,abundance,1,15020,2026-05-02 01:24:25.838,1,50,1.8,1,0
69853e0f17cf080eb88130bc,69853e0f17cf080eb88130bc_1777683780889,,0,25,fqW1InaRPzd5G27U7Md7,1290063,2026-05-02 01:24:31.005,,0,0,50,50,1,false,1,abundance,1,15035,2026-05-02 01:24:45.987,1,50,1.6,1,0
69853e0f17cf080eb88130bc,69853e0f17cf080eb88130bc_1777683780889,,0,26,kSXqcbADSc08k5MxMDHk,1310224,2026-05-02 01:24:51.165,,0,0,50,50,1,false,1,abundance,1,15017,2026-05-02 01:25:06.130,1,50,1.6,1,0
69853e0f17cf080eb88130bc,69853e0f17cf080eb88130bc_1777683780889,,0,27,b0GQO1ikwnd3Lc8c15jM,1330376,2026-05-02 01:25:11.324,,0,0,50,50,1,false,1,abundance,1,15016,2026-05-02 01:25:26.281,1,50,1.6,1,0
69853e0f17cf080eb88130bc,69853e0f17cf080eb88130bc_1777683780889,,0,28,d4bvnY6XtJwIuNUhj7B3,1350402,2026-05-02 01:25:31.348,,0,0,50,50,1,false,1,abundance,1,15016,2026-05-02 01:25:46.307,1,50,1.8,0,0
69853e0f17cf080eb88130bc,69853e0f17cf080eb88130bc_1777683780889,,0,29,OcI7FBb238EwZ11kir9W,1370678,2026-05-02 01:25:51.612,,0,0,50,50,1,false,1,abundance,1,15016,2026-05-02 01:26:06.583,1,50,1.8,0,0
69853e0f17cf080eb88130bc,69853e0f17cf080eb88130bc_1777683780889,,0,30,d6QNLdPbPMrXNv6dYAQl,1390716,2026-05-02 01:26:11.652,,0,0,50,50,1,false,1,abundance,1,15035,2026-05-02 01:26:26.640,1,50,2,0,0
69853e0f17cf080eb88130bc,69853e0f17cf080eb88130bc_1777683780889,,0,31,O32OoPiqeljqD6bFJec2,1410761,2026-05-02 01:26:31.698,,0,0,50,50,1,false,1,abundance,1,15013,2026-05-02 01:26:46.663,1,50,2,0,0
69853e0f17cf080eb88130bc,69853e0f17cf080eb88130bc_1777683780889,,0,32,i2rzWLcMVaEDfIzOrws4,1430790,2026-05-02 01:26:51.726,,0,0,50,50,1,false,1,abundance,1,15012,2026-05-02 01:27:06.691,1,50,1.8,0,0
69853e0f17cf080eb88130bc,69853e0f17cf080eb88130bc_1777683780889,,0,33,mSOz7ulePGg0jJYSza91,1450814,2026-05-02 01:27:11.747,,0,0,50,50,1,false,1,abundance,1,15018,2026-05-02 01:27:26.721,1,50,1.6,0,0
69853e0f17cf080eb88130bc,69853e0f17cf080eb88130bc_1777683780889,,0,34,umx1bV9Vdf9jrceYQEBT,1470848,2026-05-02 01:27:31.780,,0,0,50,50,1,false,1,abundance,1,15028,2026-05-02 01:27:46.765,1,50,1.6,0,0
69853e0f17cf080eb88130bc,69853e0f17cf080eb88130bc_1777683780889,,0,35,t903SIVsmteqwOe77K38,1490900,2026-05-02 01:27:51.842,,0,0,50,50,1,false,1,abundance,1,15014,2026-05-02 01:28:06.803,1,50,1.6,0,0
69853e0f17cf080eb88130bc,69853e0f17cf080eb88130bc_1777683780889,,0,36,JyeIYiPBF5FT9AFKW9eb,1511046,2026-05-02 01:28:11.980,,0,0,50,50,1,false,1,abundance,1,15016,2026-05-02 01:28:26.951,1,50,2,0,0
698ce4c33956b8cb4fc8f802,698ce4c33956b8cb4fc8f802_1777664720498,,1,1,2hFY80qB37FkE9auuQmK,428344,2026-05-01 19:52:29.935,,0,0,50,50,1,true,1,abundance,1,9908,2026-05-01 19:52:38.750,1,50,1.4,0,0
698ce4c33956b8cb4fc8f802,698ce4c33956b8cb4fc8f802_1777664720498,,0,1,RFJKMXelSHdQx25hyQ4d,598574,2026-05-01 19:55:20.168,,0,0,50,50,1,false,1,abundance,1,4812,2026-05-01 19:55:23.884,0,50,1.8,0,0
698ce4c33956b8cb4fc8f802,698ce4c33956b8cb4fc8f802_1777664720498,,0,2,JoNzqSqr6HmrM4WT4PdD,606399,2026-05-01 19:55:27.992,,0,0,50,50,1,false,1,abundance,1,15007,2026-05-01 19:55:41.904,1,50,2,0,0
698ce4c33956b8cb4fc8f802,698ce4c33956b8cb4fc8f802_1777664720498,,1,2,msewwlKJbPf2J02fW3Dc,443265,2026-05-01 19:52:44.858,,0,0,50,50,1,true,1,abundance,1,10003,2026-05-01 19:52:53.766,1,50,1.4,0,0
698ce4c33956b8cb4fc8f802,698ce4c33956b8cb4fc8f802_1777664720498,,1,3,5gf0z38CODnZ7eYmd4mV,458280,2026-05-01 19:52:59.872,,0,0,50,50,1,true,1,abundance,1,10004,2026-05-01 19:53:08.782,1,50,1.6,0,0
698ce4c33956b8cb4fc8f802,698ce4c33956b8cb4fc8f802_1777664720498,,0,3,a8eMELR3QORbPquA7MiV,626412,2026-05-01 19:55:48.005,,0,0,50,50,1,false,1,abundance,1,15004,2026-05-01 19:56:01.914,1,50,1.6,0,0
698ce4c33956b8cb4fc8f802,698ce4c33956b8cb4fc8f802_1777664720498,,1,4,DBHJQ1VUlQ1J2K4dJjBS,473304,2026-05-01 19:53:14.896,,0,0,50,50,1,true,1,abundance,1,10009,2026-05-01 19:53:23.811,1,50,1.4,1,0
698ce4c33956b8cb4fc8f802,698ce4c33956b8cb4fc8f802_1777664720498,,0,4,taDjSWbij79dr0Hv4HNa,646436,2026-05-01 19:56:08.029,,0,0,50,50,1,false,1,abundance,1,15008,2026-05-01 19:56:21.942,1,50,2,0,0
698ce4c33956b8cb4fc8f802,698ce4c33956b8cb4fc8f802_1777664720498,,1,5,kUBzIK0DcgOPmnoPGOLj,488316,2026-05-01 19:53:29.906,,0,0,50,50,1,true,1,abundance,1,10003,2026-05-01 19:53:38.817,1,50,1.2,0,0
698ce4c33956b8cb4fc8f802,698ce4c33956b8cb4fc8f802_1777664720498,,0,5,nXaB9Fe9fVE6sfllVTfn,666447,2026-05-01 19:56:28.042,,0,0,50,50,1,false,1,abundance,1,15007,2026-05-01 19:56:41.952,1,50,1.8,0,0
698ce4c33956b8cb4fc8f802,698ce4c33956b8cb4fc8f802_1777664720498,,1,6,W6oPqxEG9OC2pDXSrc63,503335,2026-05-01 19:53:44.929,,0,0,50,50,1,true,1,abundance,1,10003,2026-05-01 19:53:53.836,1,50,1.2,1,0
698ce4c33956b8cb4fc8f802,698ce4c33956b8cb4fc8f802_1777664720498,,0,6,zytAeEIoxO36zcjn20lx,686467,2026-05-01 19:56:48.058,,0,0,50,50,1,false,1,abundance,1,15004,2026-05-01 19:57:01.969,1,50,1.8,0,0
698ce4c33956b8cb4fc8f802,698ce4c33956b8cb4fc8f802_1777664720498,,0,7,1p0eQyNIW9DqCeac0DSv,706475,2026-05-01 19:57:08.067,,0,0,50,50,1,false,1,abundance,1,15006,2026-05-01 19:57:21.979,1,50,1.6,0,0
698ce4c33956b8cb4fc8f802,698ce4c33956b8cb4fc8f802_1777664720498,,1,7,kVxOHaJnohBMhu2npnZZ,518343,2026-05-01 19:53:59.935,,0,0,50,50,1,true,1,abundance,1,10009,2026-05-01 19:54:08.850,1,50,1.2,0,0
698ce4c33956b8cb4fc8f802,698ce4c33956b8cb4fc8f802_1777664720498,,1,8,7piJjBX2HjiIrNWngbSR,533360,2026-05-01 19:54:14.953,,0,0,50,50,1,true,1,abundance,1,10009,2026-05-01 19:54:23.867,1,50,1.6,1,0
698ce4c33956b8cb4fc8f802,698ce4c33956b8cb4fc8f802_1777664720498,,0,8,bSWe1XY76KKRORoR4xW2,726494,2026-05-01 19:57:28.092,,0,0,50,50,1,false,1,abundance,1,15003,2026-05-01 19:57:41.995,1,50,1.6,0,0
698ce4c33956b8cb4fc8f802,698ce4c33956b8cb4fc8f802_1777664720498,,0,9,RkeSLg7mJChTzfSKwOWl,746513,2026-05-01 19:57:48.106,,0,0,50,50,1,false,1,abundance,1,15007,2026-05-01 19:58:02.018,1,50,2,0,0
698ce4c33956b8cb4fc8f802,698ce4c33956b8cb4fc8f802_1777664720498,,1,9,qWp4NwEOLOlrGaHlVeI7,548372,2026-05-01 19:54:29.964,,0,0,50,50,1,true,1,abundance,1,10006,2026-05-01 19:54:38.876,1,50,1.2,1,0
698ce4c33956b8cb4fc8f802,698ce4c33956b8cb4fc8f802_1777664720498,,0,10,38skiaarO15H5zSJtG0X,766537,2026-05-01 19:58:08.130,,0,0,50,50,1,false,1,abundance,1,15006,2026-05-01 19:58:22.041,1,50,1.6,1,0
698ce4c33956b8cb4fc8f802,698ce4c33956b8cb4fc8f802_1777664720498,,1,10,N1oCOgMI5KNlt1QZK4Rz,563390,2026-05-01 19:54:44.982,,0,0,50,50,1,true,1,abundance,1,10003,2026-05-01 19:54:53.891,1,50,1.4,1,0
698ce4c33956b8cb4fc8f802,698ce4c33956b8cb4fc8f802_1777664720498,,0,11,c5yNGZHdtdMqHhKpTyuK,786562,2026-05-01 19:58:28.153,,0,0,50,50,1,false,1,abundance,1,15004,2026-05-01 19:58:42.064,1,50,1.8,1,0
698ce4c33956b8cb4fc8f802,698ce4c33956b8cb4fc8f802_1777664720498,,0,12,QJN4tV448eYsFvrChgIQ,806586,2026-05-01 19:58:48.181,,0,0,50,50,1,false,1,abundance,1,15004,2026-05-01 19:59:02.088,1,50,1.6,1,0
698ce4c33956b8cb4fc8f802,698ce4c33956b8cb4fc8f802_1777664720498,,0,13,cGx8Lw32DP548F9WcGBQ,826599,2026-05-01 19:59:08.193,,0,0,50,50,1,false,1,abundance,1,15003,2026-05-01 19:59:22.100,1,50,2,1,0
698ce4c33956b8cb4fc8f802,698ce4c33956b8cb4fc8f802_1777664720498,,0,14,LxFibs0azoA4KPCMd2A3,846615,2026-05-01 19:59:28.207,,0,0,50,50,1,false,1,abundance,1,15007,2026-05-01 19:59:42.120,1,50,1.8,1,0
698ce4c33956b8cb4fc8f802,698ce4c33956b8cb4fc8f802_1777664720498,,0,15,8gDT2tpnRX9eWNL7TypS,866634,2026-05-01 19:59:48.226,,0,0,50,50,1,false,1,abundance,1,15004,2026-05-01 20:00:02.136,1,50,1.8,1,0
698ce4c33956b8cb4fc8f802,698ce4c33956b8cb4fc8f802_1777664720498,,0,16,QkkXyM0YDNLxP1OviAKF,886654,2026-05-01 20:00:08.249,,0,0,50,50,1,false,1,abundance,1,15008,2026-05-01 20:00:22.160,1,50,2,1,0
698ce4c33956b8cb4fc8f802,698ce4c33956b8cb4fc8f802_1777664720498,,0,17,swe2QHnYS1Y2qYLoppdq,906673,2026-05-01 20:00:28.266,,0,0,50,50,1,false,1,abundance,1,15005,2026-05-01 20:00:42.176,1,50,2,1,0
698ce4c33956b8cb4fc8f802,698ce4c33956b8cb4fc8f802_1777664720498,,0,18,OuuHqjYSeq8cV1wm9MXE,926688,2026-05-01 20:00:48.281,,0,0,50,50,1,false,1,abundance,1,15005,2026-05-01 20:01:02.191,1,50,1.6,1,0
698ce4c33956b8cb4fc8f802,698ce4c33956b8cb4fc8f802_1777664720498,,0,19,GDxxLdPqXWbM3gT8Z3Lh,946707,2026-05-01 20:01:08.300,,0,0,50,50,1,false,1,abundance,1,15004,2026-05-01 20:01:22.209,1,50,1.6,0,0
698ce4c33956b8cb4fc8f802,698ce4c33956b8cb4fc8f802_1777664720498,,0,20,HvZM1uFTmxMuCfG1dfUK,966719,2026-05-01 20:01:28.313,,0,0,50,50,1,false,1,abundance,1,15007,2026-05-01 20:01:42.224,1,50,1.6,0,0
698ce4c33956b8cb4fc8f802,698ce4c33956b8cb4fc8f802_1777664720498,,0,21,uXbJOKwfQ6dfrD7f9Ghf,986735,2026-05-01 20:01:48.328,,0,0,50,50,1,false,1,abundance,1,15008,2026-05-01 20:02:02.241,1,50,1.8,0,0
698ce4c33956b8cb4fc8f802,698ce4c33956b8cb4fc8f802_1777664720498,,0,22,2SeQLE0Iz4wwIdhsduXY,1006751,2026-05-01 20:02:08.344,,0,0,50,50,1,false,1,abundance,1,15009,2026-05-01 20:02:22.258,1,50,1.8,0,0
698ce4c33956b8cb4fc8f802,698ce4c33956b8cb4fc8f802_1777664720498,,0,23,lFYR6YzFJFaiUBAXXfu5,1026772,2026-05-01 20:02:28.366,,0,0,50,50,1,false,1,abundance,1,15005,2026-05-01 20:02:42.275,1,50,1.6,0,0
698ce4c33956b8cb4fc8f802,698ce4c33956b8cb4fc8f802_1777664720498,,0,24,LBmxKO3sN478hPXn43kE,1046790,2026-05-01 20:02:48.384,,0,0,50,50,1,false,1,abundance,1,15004,2026-05-01 20:03:02.292,1,50,2,0,0
698ce4c33956b8cb4fc8f802,698ce4c33956b8cb4fc8f802_1777664720498,,0,25,c3efwTfILU6uV3bj6jDB,1066798,2026-05-01 20:03:08.392,,0,0,50,50,1,false,1,abundance,1,15003,2026-05-01 20:03:22.299,1,50,1.8,0,0
698ce4c33956b8cb4fc8f802,698ce4c33956b8cb4fc8f802_1777664720498,,0,26,IkFrpxFzWTC4wPldiLDH,1086812,2026-05-01 20:03:28.408,,0,0,50,50,1,false,1,abundance,1,15006,2026-05-01 20:03:42.316,1,50,2,0,0
698ce4c33956b8cb4fc8f802,698ce4c33956b8cb4fc8f802_1777664720498,,0,27,TI012xjlmxkh5INltsZD,1106837,2026-05-01 20:03:48.431,,0,0,50,50,1,false,1,abundance,1,15004,2026-05-01 20:04:02.339,1,50,2,0,0
698ce4c33956b8cb4fc8f802,698ce4c33956b8cb4fc8f802_1777664720498,,0,28,B7Ok82607GuRsEKyPFMY,1126849,2026-05-01 20:04:08.443,,0,0,50,50,1,false,1,abundance,1,15007,2026-05-01 20:04:22.354,1,50,1.6,1,0
698ce4c33956b8cb4fc8f802,698ce4c33956b8cb4fc8f802_1777664720498,,0,29,8F8puMnPmhygAMlBzYTa,1146869,2026-05-01 20:04:28.463,,0,0,50,50,1,false,1,abundance,1,15005,2026-05-01 20:04:42.372,1,50,2,1,0
698ce4c33956b8cb4fc8f802,698ce4c33956b8cb4fc8f802_1777664720498,,0,30,O4e81CLSG09L3PJxAsBZ,1166884,2026-05-01 20:04:48.480,,0,0,50,50,1,false,1,abundance,1,15005,2026-05-01 20:05:02.387,1,50,1.8,1,0
698ce4c33956b8cb4fc8f802,698ce4c33956b8cb4fc8f802_1777664720498,,0,31,PhWQBnA5J750gKqN7bWV,1186895,2026-05-01 20:05:08.489,,0,0,50,50,1,false,1,abundance,1,15005,2026-05-01 20:05:22.398,1,50,1.6,1,0
698ce4c33956b8cb4fc8f802,698ce4c33956b8cb4fc8f802_1777664720498,,0,32,m2rJwRysGE6Dc0FBeCk4,1206915,2026-05-01 20:05:28.509,,0,0,50,50,1,false,1,abundance,1,15007,2026-05-01 20:05:42.420,1,50,1.8,1,0
698ce4c33956b8cb4fc8f802,698ce4c33956b8cb4fc8f802_1777664720498,,0,33,xRmbYrFNrs0vD2CBaZIT,1226936,2026-05-01 20:05:48.529,,0,0,50,50,1,false,1,abundance,1,15003,2026-05-01 20:06:02.437,1,50,1.8,1,0
698ce4c33956b8cb4fc8f802,698ce4c33956b8cb4fc8f802_1777664720498,,0,34,jtsIeZP5JHWlgAMuwoad,1246952,2026-05-01 20:06:08.546,,0,0,50,50,1,false,1,abundance,1,15010,2026-05-01 20:06:22.460,1,50,2,1,0
698ce4c33956b8cb4fc8f802,698ce4c33956b8cb4fc8f802_1777664720498,,0,35,Oyl11HV7x9QaP2FUXPBx,1266969,2026-05-01 20:06:28.562,,0,0,50,50,1,false,1,abundance,1,15003,2026-05-01 20:06:42.470,1,50,1.6,1,0
698ce4c33956b8cb4fc8f802,698ce4c33956b8cb4fc8f802_1777664720498,,0,36,PLBZKapqOcSNo8vmQ9kN,1286979,2026-05-01 20:06:48.574,,0,0,50,50,1,false,1,abundance,1,15006,2026-05-01 20:07:02.483,1,50,2,1,0
698df4cd381d6e5e66a99019,698df4cd381d6e5e66a99019_1777998882767,,0,1,cyfuLCrnSnqqTY4wpaYT,1092140,2026-05-05 16:52:54.931,29.7,0,0,50,50,1,false,1,abundance,1,14908,2026-05-05 16:53:09.815,1,50,1.8,0,0
698df4cd381d6e5e66a99019,698df4cd381d6e5e66a99019_1777998882767,,1,1,rKNfyOoCddiYk6KJfnZv,1028660,2026-05-05 16:51:51.746,26.75,0,0,50,50,1,true,1,abundance,1,10467,2026-05-05 16:52:01.894,1,50,1.4,0,0
698df4cd381d6e5e66a99019,698df4cd381d6e5e66a99019_1777998882767,,0,2,4XSm5LcbDAitbR0cyPqV,1112281,2026-05-05 16:53:15.391,59.54,0,0,50,50,1,false,1,abundance,1,15011,2026-05-05 16:53:30.059,1,50,2,0,0
698df4cd381d6e5e66a99019,698df4cd381d6e5e66a99019_1777998882767,,0,3,ylkZLOtJVH8eI8gb93ui,1132310,2026-05-05 16:53:35.103,89.38,0,0,50,50,1,false,1,abundance,1,15009,2026-05-05 16:53:50.086,1,50,1.6,0,0
698e09e42da95523bccd20bf,698e09e42da95523bccd20bf_1777664902076,,0,1,irkHEtTwWW9Vsob5u5JU,1193597,2026-05-01 20:08:16.539,,0,0,50,50,1,false,1,abundance,1,4925,2026-05-01 20:08:20.598,0,50,1.8,1,0
698e09e42da95523bccd20bf,698e09e42da95523bccd20bf_1777664902076,,1,1,wj4i9PD8JuPPLNGZk6hh,951210,2026-05-01 20:04:13.065,,0,0,50,50,1,true,1,abundance,1,9913,2026-05-01 20:04:23.199,1,50,1.4,1,0
698e09e42da95523bccd20bf,698e09e42da95523bccd20bf_1777664902076,,1,2,WEWNXnnuiGSXGYbFUnbz,966154,2026-05-01 20:04:28.007,,0,0,50,50,1,true,1,abundance,1,10012,2026-05-01 20:04:38.242,1,50,1.2,0,0
698e09e42da95523bccd20bf,698e09e42da95523bccd20bf_1777664902076,,0,2,fLlDTERSXuF7ZdqffSvh,1201536,2026-05-01 20:08:23.389,,0,0,50,50,1,false,1,abundance,1,15012,2026-05-01 20:08:38.624,1,50,2,1,0
698e09e42da95523bccd20bf,698e09e42da95523bccd20bf_1777664902076,,1,3,ShzVtAAHVDZ50KdjVz6a,981183,2026-05-01 20:04:43.036,,0,0,50,50,1,true,1,abundance,1,10008,2026-05-01 20:04:53.267,1,50,1.2,1,0
698e09e42da95523bccd20bf,698e09e42da95523bccd20bf_1777664902076,,0,3,benL9LqMA65kk18XwiHN,1221576,2026-05-01 20:08:43.431,,0,0,50,50,1,false,1,abundance,1,15011,2026-05-01 20:08:58.663,1,50,1.8,1,0
698e09e42da95523bccd20bf,698e09e42da95523bccd20bf_1777664902076,,1,4,2IXT66kUZgONTqMafWfT,996224,2026-05-01 20:04:58.119,,0,0,50,50,1,true,1,abundance,1,10010,2026-05-01 20:05:08.310,1,50,1.2,1,0
698e09e42da95523bccd20bf,698e09e42da95523bccd20bf_1777664902076,,0,4,2UmJqe25j1BMZ7GAbFEy,1241619,2026-05-01 20:09:03.472,,0,0,50,50,1,false,1,abundance,1,15009,2026-05-01 20:09:18.704,1,50,2,1,0
698e09e42da95523bccd20bf,698e09e42da95523bccd20bf_1777664902076,,1,5,EsojgUVURdNkZEnQFONG,1011264,2026-05-01 20:05:13.117,,0,0,50,50,1,true,1,abundance,1,10013,2026-05-01 20:05:23.353,1,50,1.6,0,0
698e09e42da95523bccd20bf,698e09e42da95523bccd20bf_1777664902076,,0,5,wYKRQ6fKnUCuiAz4pnfC,1261651,2026-05-01 20:09:23.534,,0,0,50,50,1,false,1,abundance,1,15016,2026-05-01 20:09:38.743,1,50,1.6,1,0
698e09e42da95523bccd20bf,698e09e42da95523bccd20bf_1777664902076,,0,6,PgLjR2McVbD0OvSle8N7,1281694,2026-05-01 20:09:43.545,,0,0,50,50,1,false,1,abundance,1,15013,2026-05-01 20:09:58.783,1,50,1.8,1,0
698e09e42da95523bccd20bf,698e09e42da95523bccd20bf_1777664902076,,1,6,bq6ICZ5PAOSuAjPJTezA,1026303,2026-05-01 20:05:28.158,,0,0,50,50,1,true,1,abundance,1,10017,2026-05-01 20:05:38.396,1,50,1.4,1,0
698e09e42da95523bccd20bf,698e09e42da95523bccd20bf_1777664902076,,1,7,mx1q6LLY3SX7rrR44ZRp,1041343,2026-05-01 20:05:43.196,,0,0,50,50,1,true,1,abundance,1,10019,2026-05-01 20:05:53.438,1,50,1.4,0,0
698e09e42da95523bccd20bf,698e09e42da95523bccd20bf_1777664902076,,0,7,x8VePFJ5OwWM6vcDsAYG,1301725,2026-05-01 20:10:03.580,,0,0,50,50,1,false,1,abundance,1,15007,2026-05-01 20:10:18.808,1,50,2,1,0
698e09e42da95523bccd20bf,698e09e42da95523bccd20bf_1777664902076,,1,8,aFQu4DR8e5MGWXirINJh,1056384,2026-05-01 20:05:58.763,,0,0,50,50,1,true,1,abundance,1,10004,2026-05-01 20:06:08.464,1,50,1.2,0,0
698e09e42da95523bccd20bf,698e09e42da95523bccd20bf_1777664902076,,0,8,yDEJs23G37ozmzsYhBsZ,1321758,2026-05-01 20:10:23.609,,0,0,50,50,1,false,1,abundance,1,15012,2026-05-01 20:10:38.846,1,50,1.6,1,0
698e09e42da95523bccd20bf,698e09e42da95523bccd20bf_1777664902076,,0,9,S0gKFFo7h4RDkPDtNmqU,1341792,2026-05-01 20:10:43.643,,0,0,50,50,1,false,1,abundance,1,15019,2026-05-01 20:10:58.887,1,50,1.6,1,0
698e09e42da95523bccd20bf,698e09e42da95523bccd20bf_1777664902076,,1,9,ZNUS9MNCDhMYAdMFbbJE,1071419,2026-05-01 20:06:13.272,,0,0,50,50,1,true,1,abundance,1,10014,2026-05-01 20:06:23.509,1,50,1.6,1,0
698e09e42da95523bccd20bf,698e09e42da95523bccd20bf_1777664902076,,1,10,W2GggWRaVZDRIdwYe9LG,1086464,2026-05-01 20:06:28.317,,0,0,50,50,1,true,1,abundance,1,10008,2026-05-01 20:06:38.548,1,50,1.4,0,0
698e09e42da95523bccd20bf,698e09e42da95523bccd20bf_1777664902076,,0,10,gbtE8Wx3v5mPOyxui30Q,1361838,2026-05-01 20:11:03.703,,0,0,50,50,1,false,1,abundance,1,15013,2026-05-01 20:11:18.927,1,50,2,0,0
698e09e42da95523bccd20bf,698e09e42da95523bccd20bf_1777664902076,,0,11,CCWiRWo8OTjegY7W39mm,1381871,2026-05-01 20:11:23.722,,0,0,50,50,1,false,1,abundance,1,15004,2026-05-01 20:11:38.951,1,50,2,0,0
698e09e42da95523bccd20bf,698e09e42da95523bccd20bf_1777664902076,,0,12,XbSoGvmc2nqqYyj2Z1Vd,1401897,2026-05-01 20:11:43.749,,0,0,50,50,1,false,1,abundance,1,15007,2026-05-01 20:11:58.980,1,50,1.8,0,0
698e09e42da95523bccd20bf,698e09e42da95523bccd20bf_1777664902076,,0,13,ne8xqpysDGdMDbn0KbK1,1421919,2026-05-01 20:12:03.769,,0,0,50,50,1,false,1,abundance,1,15007,2026-05-01 20:12:19.002,1,50,1.8,0,0
698e09e42da95523bccd20bf,698e09e42da95523bccd20bf_1777664902076,,0,14,LYvGpQwLfBo6wTWInt67,1441952,2026-05-01 20:12:23.803,,0,0,50,50,1,false,1,abundance,1,15008,2026-05-01 20:12:39.036,1,50,1.6,0,0
698e09e42da95523bccd20bf,698e09e42da95523bccd20bf_1777664902076,,0,15,gFkwLgR1Vknv4yNhE50N,1461970,2026-05-01 20:12:43.826,,0,0,50,50,1,false,1,abundance,1,15015,2026-05-01 20:12:59.061,1,50,1.6,0,0
698e09e42da95523bccd20bf,698e09e42da95523bccd20bf_1777664902076,,0,16,qzszRgESpKu2fl97tjSc,1481992,2026-05-01 20:13:03.845,,0,0,50,50,1,false,1,abundance,1,15012,2026-05-01 20:13:19.080,1,50,2,0,0
698e09e42da95523bccd20bf,698e09e42da95523bccd20bf_1777664902076,,0,17,dvhDdkNLaq1mnPuoTIbr,1502011,2026-05-01 20:13:23.870,,0,0,50,50,1,false,1,abundance,1,15004,2026-05-01 20:13:39.091,1,50,1.6,0,0
698e09e42da95523bccd20bf,698e09e42da95523bccd20bf_1777664902076,,0,18,kE8cu3OA4sVrBupi3dcE,1522028,2026-05-01 20:13:43.883,,0,0,50,50,1,false,1,abundance,1,15008,2026-05-01 20:13:59.112,1,50,1.8,0,0
698e09e42da95523bccd20bf,698e09e42da95523bccd20bf_1777664902076,,0,19,ZClPW6CMXR6PykpurrwE,1542061,2026-05-01 20:14:03.917,,0,0,50,50,1,false,1,abundance,1,15008,2026-05-01 20:14:19.145,1,50,1.6,1,0
698e09e42da95523bccd20bf,698e09e42da95523bccd20bf_1777664902076,,0,20,0Ywi8IazY9U4iUGKjPng,1562092,2026-05-01 20:14:23.946,,0,0,50,50,1,false,1,abundance,1,15008,2026-05-01 20:14:39.176,1,50,1.6,1,0
698e09e42da95523bccd20bf,698e09e42da95523bccd20bf_1777664902076,,0,21,DNV29pI8FFbIhyIx8Hi2,1582114,2026-05-01 20:14:43.967,,0,0,50,50,1,false,1,abundance,1,15003,2026-05-01 20:14:59.193,1,50,1.6,1,0
698e09e42da95523bccd20bf,698e09e42da95523bccd20bf_1777664902076,,0,22,t6K7D651tmtZa7VLESSS,1602125,2026-05-01 20:15:03.979,,0,0,50,50,1,false,1,abundance,1,15007,2026-05-01 20:15:19.208,1,50,2,1,0
698e09e42da95523bccd20bf,698e09e42da95523bccd20bf_1777664902076,,0,23,r2rMot1378RcimXf06Yu,1622141,2026-05-01 20:15:23.997,,0,0,50,50,1,false,1,abundance,1,15013,2026-05-01 20:15:39.230,1,50,1.8,1,0
698e09e42da95523bccd20bf,698e09e42da95523bccd20bf_1777664902076,,0,24,SndtDJPXIcgKVFF3C7ZK,1642168,2026-05-01 20:15:44.021,,0,0,50,50,1,false,1,abundance,1,15010,2026-05-01 20:15:59.254,1,50,1.8,1,0
698e09e42da95523bccd20bf,698e09e42da95523bccd20bf_1777664902076,,0,25,alCdLBICyJh0FYRr90ul,1662188,2026-05-01 20:16:04.046,,0,0,50,50,1,false,1,abundance,1,15007,2026-05-01 20:16:19.271,1,50,1.8,1,0
698e09e42da95523bccd20bf,698e09e42da95523bccd20bf_1777664902076,,0,26,o8mLd8DZ6nXGHXKPX1L0,1682204,2026-05-01 20:16:24.056,,0,0,50,50,1,false,1,abundance,1,15004,2026-05-01 20:16:39.284,1,50,2,1,0
698e09e42da95523bccd20bf,698e09e42da95523bccd20bf_1777664902076,,0,27,c72KnojUolwYpsqrExUW,1702232,2026-05-01 20:16:44.085,,0,0,50,50,1,false,1,abundance,1,15004,2026-05-01 20:16:59.312,1,50,2,1,0
698e09e42da95523bccd20bf,698e09e42da95523bccd20bf_1777664902076,,0,28,xi9Eg1rHBSdC9nwQsAjz,1722258,2026-05-01 20:17:04.151,,0,0,50,50,1,false,1,abundance,1,15014,2026-05-01 20:17:19.348,1,50,1.6,0,0
698e09e42da95523bccd20bf,698e09e42da95523bccd20bf_1777664902076,,0,29,XEBmIXLbOm4csEphO6vi,1742288,2026-05-01 20:17:24.144,,0,0,50,50,1,false,1,abundance,1,15007,2026-05-01 20:17:39.371,1,50,2,0,0
698e09e42da95523bccd20bf,698e09e42da95523bccd20bf_1777664902076,,0,30,CGo3vmleDWYQkfPVA4ja,1762313,2026-05-01 20:17:44.166,,0,0,50,50,1,false,1,abundance,1,15006,2026-05-01 20:17:59.395,1,50,2,0,0
698e09e42da95523bccd20bf,698e09e42da95523bccd20bf_1777664902076,,0,31,ZzQD7kaOntxsdO9u3YV3,1782339,2026-05-01 20:18:04.196,,0,0,50,50,1,false,1,abundance,1,15018,2026-05-01 20:18:19.433,1,50,1.6,0,0
698e09e42da95523bccd20bf,698e09e42da95523bccd20bf_1777664902076,,0,32,QnnGEsHxm6w90YXNuec5,1802365,2026-05-01 20:18:24.217,,0,0,50,50,1,false,1,abundance,1,15014,2026-05-01 20:18:39.455,1,50,1.6,0,0
698e09e42da95523bccd20bf,698e09e42da95523bccd20bf_1777664902076,,0,33,FyyONmLMRXKrerlPuZJg,1822384,2026-05-01 20:18:44.236,,0,0,50,50,1,false,1,abundance,1,15003,2026-05-01 20:18:59.463,1,50,1.8,0,0
698e09e42da95523bccd20bf,698e09e42da95523bccd20bf_1777664902076,,0,34,TbHiq0ny7MTB3qnFK8cP,1842405,2026-05-01 20:19:04.257,,0,0,50,50,1,false,1,abundance,1,15007,2026-05-01 20:19:19.488,1,50,2,0,0
698e09e42da95523bccd20bf,698e09e42da95523bccd20bf_1777664902076,,0,35,LZ0YI9fPVKNBYbQ5KOMh,1862430,2026-05-01 20:19:24.283,,0,0,50,50,1,false,1,abundance,1,15005,2026-05-01 20:19:39.511,1,50,1.8,0,0
698e09e42da95523bccd20bf,698e09e42da95523bccd20bf_1777664902076,,0,36,S9VGTzFG58jUZsJuMSEB,1882452,2026-05-01 20:19:44.305,,0,0,50,50,1,false,1,abundance,1,15005,2026-05-01 20:19:59.533,1,50,1.8,0,0
6992279af3b7e0d972889b67,6992279af3b7e0d972889b67_1777665008441,,1,1,4FTg5zbuyVNaFRKbx6fE,511664,2026-05-01 19:58:44.086,,0,0,50,50,1,true,1,abundance,1,9910,2026-05-01 19:58:50.015,1,50,1.6,1,0
6992279af3b7e0d972889b67,6992279af3b7e0d972889b67_1777665008441,,0,1,Cko87IMRb87304Ln7V69,689023,2026-05-01 20:01:41.448,,0,0,50,50,1,false,1,abundance,1,14896,2026-05-01 20:01:52.360,1,50,2,1,0
6992279af3b7e0d972889b67,6992279af3b7e0d972889b67_1777665008441,,0,2,N56gcLu9Q3oWz1Pr3zZN,708924,2026-05-01 20:02:01.352,,0,0,50,50,1,false,1,abundance,1,15012,2026-05-01 20:02:12.377,1,50,1.8,1,0
6992279af3b7e0d972889b67,6992279af3b7e0d972889b67_1777665008441,,1,2,Pk6DydLSO3ZEZbjQcazQ,526588,2026-05-01 19:58:59.011,,0,0,50,50,1,true,1,abundance,1,10009,2026-05-01 19:59:05.038,1,50,1.4,0,0
6992279af3b7e0d972889b67,6992279af3b7e0d972889b67_1777665008441,,1,3,EIUJTxrMeO9UCsdUDcQB,541613,2026-05-01 19:59:14.037,,0,0,50,50,1,true,1,abundance,1,10006,2026-05-01 19:59:20.060,1,50,1.2,0,0
6992279af3b7e0d972889b67,6992279af3b7e0d972889b67_1777665008441,,0,3,RSMUbWOuNRMQScdJKLXf,728941,2026-05-01 20:02:21.369,,0,0,50,50,1,false,1,abundance,1,15011,2026-05-01 20:02:32.393,1,50,2,1,0
6992279af3b7e0d972889b67,6992279af3b7e0d972889b67_1777665008441,,1,4,AcVQuJUJqYwPI0BUTzsI,556639,2026-05-01 19:59:29.064,,0,0,50,50,1,true,1,abundance,1,10014,2026-05-01 19:59:35.094,1,50,1.4,1,0
6992279af3b7e0d972889b67,6992279af3b7e0d972889b67_1777665008441,,0,4,amFfrqT0iDHVxjWGUIg0,748966,2026-05-01 20:02:41.397,,0,0,50,50,1,false,1,abundance,1,15003,2026-05-01 20:02:52.410,1,50,1.8,1,0
6992279af3b7e0d972889b67,6992279af3b7e0d972889b67_1777665008441,,0,5,S0rnmZ9hALS4ghJG0jls,768972,2026-05-01 20:03:01.403,,0,0,50,50,1,false,1,abundance,1,15008,2026-05-01 20:03:12.421,1,50,1.6,1,0
6992279af3b7e0d972889b67,6992279af3b7e0d972889b67_1777665008441,,1,5,Xxo8pedJxf3o9iv2N9SE,571669,2026-05-01 19:59:44.094,,0,0,50,50,1,true,1,abundance,1,10016,2026-05-01 19:59:50.126,1,50,1.4,1,0
6992279af3b7e0d972889b67,6992279af3b7e0d972889b67_1777665008441,,0,6,7vZQvHDhLhHaGh7SC5jL,788984,2026-05-01 20:03:21.411,,0,0,50,50,1,false,1,abundance,1,15014,2026-05-01 20:03:32.439,1,50,2,1,0
6992279af3b7e0d972889b67,6992279af3b7e0d972889b67_1777665008441,,1,6,uOCsWWWoacuzvZCFtCal,586701,2026-05-01 19:59:59.128,,0,0,50,50,1,true,1,abundance,1,10013,2026-05-01 20:00:05.155,1,50,1.2,1,0
6992279af3b7e0d972889b67,6992279af3b7e0d972889b67_1777665008441,,0,7,Yp28zAVCRejACMy8h6Lz,809008,2026-05-01 20:03:41.441,,0,0,50,50,1,false,1,abundance,1,15006,2026-05-01 20:03:52.455,1,50,1.6,1,0
6992279af3b7e0d972889b67,6992279af3b7e0d972889b67_1777665008441,,1,7,vKNI43R2AlaC1GuQ1IZE,601723,2026-05-01 20:00:14.145,,0,0,50,50,1,true,1,abundance,1,10004,2026-05-01 20:00:20.168,1,50,1.2,0,0
6992279af3b7e0d972889b67,6992279af3b7e0d972889b67_1777665008441,,1,8,BseXW3CMuSWFJEUGw5rW,616736,2026-05-01 20:00:29.165,,0,0,50,50,1,true,1,abundance,1,10003,2026-05-01 20:00:35.180,1,50,1.6,0,0
6992279af3b7e0d972889b67,6992279af3b7e0d972889b67_1777665008441,,0,8,hKTyEUjBcCKmcejYrLrt,829026,2026-05-01 20:04:01.457,,0,0,50,50,1,false,1,abundance,1,15009,2026-05-01 20:04:12.476,1,50,1.8,1,0
6992279af3b7e0d972889b67,6992279af3b7e0d972889b67_1777665008441,,0,9,HWrZkcTDt0HqZ0gHEgfm,849049,2026-05-01 20:04:21.478,,0,0,50,50,1,false,1,abundance,1,15003,2026-05-01 20:04:32.493,1,50,1.6,1,0
6992279af3b7e0d972889b67,6992279af3b7e0d972889b67_1777665008441,,1,9,hfCmawDQBfD3FvS3lhew,631747,2026-05-01 20:00:44.171,,0,0,50,50,1,true,1,abundance,1,10004,2026-05-01 20:00:50.192,1,50,1.2,1,0
6992279af3b7e0d972889b67,6992279af3b7e0d972889b67_1777665008441,,1,10,NwDX1QKDaPCaS2tHqIKZ,646758,2026-05-01 20:00:59.185,,0,0,50,50,1,true,1,abundance,1,10006,2026-05-01 20:01:05.205,1,50,1.4,0,0
6992279af3b7e0d972889b67,6992279af3b7e0d972889b67_1777665008441,,0,10,XdkEE73PnTD7OCR4pKRA,869055,2026-05-01 20:04:41.491,,0,0,50,50,1,false,1,abundance,1,15013,2026-05-01 20:04:52.509,1,50,1.8,0,0
6992279af3b7e0d972889b67,6992279af3b7e0d972889b67_1777665008441,,0,11,uesQnpy0gj0q3fKbgnih,889071,2026-05-01 20:05:01.506,,0,0,50,50,1,false,1,abundance,1,15014,2026-05-01 20:05:12.526,1,50,2,0,0
6992279af3b7e0d972889b67,6992279af3b7e0d972889b67_1777665008441,,0,12,YdtiCNeLkClxck3FUVF3,909098,2026-05-01 20:05:21.532,,0,0,50,50,1,false,1,abundance,1,15003,2026-05-01 20:05:32.542,1,50,2,0,0
6992279af3b7e0d972889b67,6992279af3b7e0d972889b67_1777665008441,,0,13,4WdXv97HALRVmOkuO5yg,929110,2026-05-01 20:05:41.544,,0,0,50,50,1,false,1,abundance,1,15008,2026-05-01 20:05:52.559,1,50,1.6,0,0
6992279af3b7e0d972889b67,6992279af3b7e0d972889b67_1777665008441,,0,14,Yma0SVKmKlLOL1PuEf5s,949131,2026-05-01 20:06:01.568,,0,0,50,50,1,false,1,abundance,1,15004,2026-05-01 20:06:12.576,1,50,2,0,0
6992279af3b7e0d972889b67,6992279af3b7e0d972889b67_1777665008441,,0,15,5TGpKvpaORM7Zo6bo1Px,969149,2026-05-01 20:06:21.584,,0,0,50,50,1,false,1,abundance,1,15011,2026-05-01 20:06:32.601,1,50,1.8,0,0
6992279af3b7e0d972889b67,6992279af3b7e0d972889b67_1777665008441,,0,16,pEaytfOZjlEXZQdzlupl,989174,2026-05-01 20:06:41.626,,0,0,50,50,1,false,1,abundance,1,15005,2026-05-01 20:06:52.620,1,50,1.8,0,0
6992279af3b7e0d972889b67,6992279af3b7e0d972889b67_1777665008441,,0,17,8GkrjuJz0pYmbRQGkrHU,1009197,2026-05-01 20:07:01.635,,0,0,50,50,1,false,1,abundance,1,15004,2026-05-01 20:07:12.642,1,50,1.6,0,0
6992279af3b7e0d972889b67,6992279af3b7e0d972889b67_1777665008441,,0,18,mlgEplhF6PVILpyJJqCH,1029205,2026-05-01 20:07:21.642,,0,0,50,50,1,false,1,abundance,1,15004,2026-05-01 20:07:32.650,1,50,1.6,0,0
6992279af3b7e0d972889b67,6992279af3b7e0d972889b67_1777665008441,,0,19,L5mOVZHTKZ0xO0yT0MSx,1049219,2026-05-01 20:07:41.657,,0,0,50,50,1,false,1,abundance,1,15011,2026-05-01 20:07:52.671,1,50,1.6,1,0
6992279af3b7e0d972889b67,6992279af3b7e0d972889b67_1777665008441,,0,20,8xSX9zrOIIB5meBBSzSK,1069237,2026-05-01 20:08:01.676,,0,0,50,50,1,false,1,abundance,1,15009,2026-05-01 20:08:12.687,1,50,2,1,0
6992279af3b7e0d972889b67,6992279af3b7e0d972889b67_1777665008441,,0,21,uAnaNKbgteTsTUnLLudB,1089255,2026-05-01 20:08:21.694,,0,0,50,50,1,false,1,abundance,1,15011,2026-05-01 20:08:32.707,1,50,1.8,1,0
6992279af3b7e0d972889b67,6992279af3b7e0d972889b67_1777665008441,,0,22,ww9m275u4fliUXR7W9m1,1109278,2026-05-01 20:08:41.721,,0,0,50,50,1,false,1,abundance,1,15006,2026-05-01 20:08:52.725,1,50,2,1,0
6992279af3b7e0d972889b67,6992279af3b7e0d972889b67_1777665008441,,0,23,FVk6r98w20lhLlLCPQrZ,1129297,2026-05-01 20:09:01.736,,0,0,50,50,1,false,1,abundance,1,15004,2026-05-01 20:09:12.742,1,50,1.8,1,0
6992279af3b7e0d972889b67,6992279af3b7e0d972889b67_1777665008441,,0,24,Vd5CaF9fXTxil0jMQkNM,1149312,2026-05-01 20:09:21.751,,0,0,50,50,1,false,1,abundance,1,15005,2026-05-01 20:09:32.758,1,50,2,1,0
6992279af3b7e0d972889b67,6992279af3b7e0d972889b67_1777665008441,,0,25,hC66J8g6BTMBrg6dkSLV,1169328,2026-05-01 20:09:41.768,,0,0,50,50,1,false,1,abundance,1,15006,2026-05-01 20:09:52.775,1,50,1.8,1,0
6992279af3b7e0d972889b67,6992279af3b7e0d972889b67_1777665008441,,0,26,xTnAjM13mKr3FjXXfKW6,1189346,2026-05-01 20:10:01.787,,0,0,50,50,1,false,1,abundance,1,15005,2026-05-01 20:10:12.792,1,50,1.6,1,0
6992279af3b7e0d972889b67,6992279af3b7e0d972889b67_1777665008441,,0,27,Sh3nBt95bQlTAk7HXRvg,1209357,2026-05-01 20:10:21.799,,0,0,50,50,1,false,1,abundance,1,15010,2026-05-01 20:10:32.808,1,50,1.6,1,0
6992279af3b7e0d972889b67,6992279af3b7e0d972889b67_1777665008441,,0,28,o4o7y4RuAN7TY8iqj0AB,1229375,2026-05-01 20:10:41.836,,0,0,50,50,1,false,1,abundance,1,15008,2026-05-01 20:10:52.824,1,50,2,0,0
6992279af3b7e0d972889b67,6992279af3b7e0d972889b67_1777665008441,,0,29,CRgla22tcozet2KWl6Gf,1249387,2026-05-01 20:11:01.829,,0,0,50,50,1,false,1,abundance,1,15013,2026-05-01 20:11:12.841,1,50,2,0,0
6992279af3b7e0d972889b67,6992279af3b7e0d972889b67_1777665008441,,0,30,oxnq9H0kXjQWLGhr6zHQ,1269409,2026-05-01 20:11:21.853,,0,0,50,50,1,false,1,abundance,1,15004,2026-05-01 20:11:32.854,1,50,1.6,0,0
6992279af3b7e0d972889b67,6992279af3b7e0d972889b67_1777665008441,,0,31,dwDZAC5u0nDvVwDAOsCl,1289423,2026-05-01 20:11:41.865,,0,0,50,50,1,false,1,abundance,1,15006,2026-05-01 20:11:52.870,1,50,1.8,0,0
6992279af3b7e0d972889b67,6992279af3b7e0d972889b67_1777665008441,,0,32,ikeJib7VRZkTBLnLhomc,1309436,2026-05-01 20:12:01.879,,0,0,50,50,1,false,1,abundance,1,15005,2026-05-01 20:12:12.882,1,50,1.6,0,0
6992279af3b7e0d972889b67,6992279af3b7e0d972889b67_1777665008441,,0,33,BxZ26sFkQXQ9YVzop7i8,1329453,2026-05-01 20:12:21.901,,0,0,50,50,1,false,1,abundance,1,15013,2026-05-01 20:12:32.907,1,50,1.6,0,0
6992279af3b7e0d972889b67,6992279af3b7e0d972889b67_1777665008441,,0,34,kkmYwYINpQjVpUHc33HM,1349480,2026-05-01 20:12:41.927,,0,0,50,50,1,false,1,abundance,1,15003,2026-05-01 20:12:52.924,1,50,1.8,0,0
6992279af3b7e0d972889b67,6992279af3b7e0d972889b67_1777665008441,,0,35,whibaDcFin8gEIfxeOjg,1369493,2026-05-01 20:13:01.937,,0,0,50,50,1,false,1,abundance,1,15004,2026-05-01 20:13:12.938,1,50,2,0,0
6992279af3b7e0d972889b67,6992279af3b7e0d972889b67_1777665008441,,0,36,GsFpOQpnLA2S2NGei4ZC,1389507,2026-05-01 20:13:21.951,,0,0,50,50,1,false,1,abundance,1,15006,2026-05-01 20:13:32.954,1,50,1.8,0,0
69d8b313ae434f632a305c9b,69d8b313ae434f632a305c9b_1777666920688,,1,1,1pMSUL8A7mQMSPs6rBu9,728875,2026-05-01 20:34:08.476,,0,0,50,50,1,true,1,abundance,1,7217,2026-05-01 20:34:16.780,0,50,1.6,0,0
69d8b313ae434f632a305c9b,69d8b313ae434f632a305c9b_1777666920688,,0,1,N2Yf76SrBIz5ahLPCI1e,918549,2026-05-01 20:37:18.133,,0,0,50,50,1,false,1,abundance,1,14910,2026-05-01 20:37:34.147,1,50,1.8,0,0
69d8b313ae434f632a305c9b,69d8b313ae434f632a305c9b_1777666920688,,1,2,DGe7UoVW8SbjqjV8MHuq,739148,2026-05-01 20:34:18.758,,0,0,50,50,1,true,1,abundance,1,10026,2026-05-01 20:34:29.862,1,50,1.6,1,0
69d8b313ae434f632a305c9b,69d8b313ae434f632a305c9b_1777666920688,,0,2,IoJowi5O5QISJzr3gzrT,938481,2026-05-01 20:37:38.085,,0,0,50,50,1,false,1,abundance,1,15021,2026-05-01 20:37:54.190,1,50,1.8,0,0
69d8b313ae434f632a305c9b,69d8b313ae434f632a305c9b_1777666920688,,1,3,WpESZRKnaV30GkuT91KR,754194,2026-05-01 20:34:33.798,,0,0,50,50,1,true,1,abundance,1,10025,2026-05-01 20:34:44.907,1,50,1.4,1,0
69d8b313ae434f632a305c9b,69d8b313ae434f632a305c9b_1777666920688,,0,3,m6xBfvsMLHLksIGzdYQP,958514,2026-05-01 20:37:58.118,,0,0,50,50,1,false,1,abundance,1,15009,2026-05-01 20:38:14.211,1,50,2,0,0
69d8b313ae434f632a305c9b,69d8b313ae434f632a305c9b_1777666920688,,0,4,IukStoTCyYRxYZxrfjva,978541,2026-05-01 20:38:18.176,,0,0,50,50,1,false,1,abundance,1,15015,2026-05-01 20:38:34.244,1,50,2,0,0
69d8b313ae434f632a305c9b,69d8b313ae434f632a305c9b_1777666920688,,1,4,X9ldki0vBU9dAALiKCGG,769230,2026-05-01 20:34:48.851,,0,0,50,50,1,true,1,abundance,1,6537,2026-05-01 20:34:56.455,0,50,1.2,0,0
69d8b313ae434f632a305c9b,69d8b313ae434f632a305c9b_1777666920688,,1,5,69kq0qh8pV1KjF4pVnUB,778773,2026-05-01 20:34:58.373,,0,0,50,50,1,true,1,abundance,1,10012,2026-05-01 20:35:09.473,1,50,1.4,0,0
69d8b313ae434f632a305c9b,69d8b313ae434f632a305c9b_1777666920688,,0,5,MdTnIGqjOyI77G81U1MP,998573,2026-05-01 20:38:38.176,,0,0,50,50,1,false,1,abundance,1,11001,2026-05-01 20:38:50.262,0,50,1.6,0,0
69d8b313ae434f632a305c9b,69d8b313ae434f632a305c9b_1777666920688,,1,6,C3PuwtMYuQ6W8OBkKk9Z,793799,2026-05-01 20:35:13.420,,0,0,50,50,1,true,1,abundance,1,10008,2026-05-01 20:35:24.495,1,50,1.4,1,0
69d8b313ae434f632a305c9b,69d8b313ae434f632a305c9b_1777666920688,,0,6,ijBQNmqZzEezHLwkwroV,1012576,2026-05-01 20:38:52.195,,0,0,50,50,1,false,1,abundance,1,15008,2026-05-01 20:39:08.272,1,50,1.6,0,0
69d8b313ae434f632a305c9b,69d8b313ae434f632a305c9b_1777666920688,,1,7,MHZ7HoW17mBAIox74clo,808823,2026-05-01 20:35:28.460,,0,0,50,50,1,true,1,abundance,1,10020,2026-05-01 20:35:39.531,1,50,1.2,1,0
69d8b313ae434f632a305c9b,69d8b313ae434f632a305c9b_1777666920688,,0,7,VnmKqIVGUaIiD3zYk9Vu,1032606,2026-05-01 20:39:12.225,,0,0,50,50,1,false,1,abundance,1,15019,2026-05-01 20:39:28.313,1,50,2,0,0
69d8b313ae434f632a305c9b,69d8b313ae434f632a305c9b_1777666920688,,0,8,2m5CmBUXc0a3CFaLXQSh,1052652,2026-05-01 20:39:32.279,,0,0,50,50,1,false,1,abundance,1,15021,2026-05-01 20:39:48.361,1,50,1.8,0,0
69d8b313ae434f632a305c9b,69d8b313ae434f632a305c9b_1777666920688,,1,8,NnBBI0gx70BZWkUYNQK1,823856,2026-05-01 20:35:43.468,,0,0,50,50,1,true,1,abundance,1,10020,2026-05-01 20:35:54.564,1,50,1.2,1,0
69d8b313ae434f632a305c9b,69d8b313ae434f632a305c9b_1777666920688,,1,9,bYdVNu5haHqfzsNKSbUL,838901,2026-05-01 20:35:58.534,,0,0,50,50,1,true,1,abundance,1,10022,2026-05-01 20:36:09.611,1,50,1.4,0,0
69d8b313ae434f632a305c9b,69d8b313ae434f632a305c9b_1777666920688,,0,9,kRJfzcJkdsWxxgWlYxLm,1072682,2026-05-01 20:39:52.256,,0,0,50,50,1,false,1,abundance,1,15011,2026-05-01 20:40:08.381,1,50,1.6,0,0
69d8b313ae434f632a305c9b,69d8b313ae434f632a305c9b_1777666920688,,1,10,3SPMJc5EuzITr4lDBmuO,853955,2026-05-01 20:36:13.559,,0,0,50,50,1,true,1,abundance,1,10014,2026-05-01 20:36:24.657,1,50,1.2,0,0
69d8b313ae434f632a305c9b,69d8b313ae434f632a305c9b_1777666920688,,0,10,ayvSAcQMELryiWVam896,1092716,2026-05-01 20:40:12.313,,0,0,50,50,1,false,1,abundance,1,15024,2026-05-01 20:40:28.428,1,50,1.8,1,0
69d8b313ae434f632a305c9b,69d8b313ae434f632a305c9b_1777666920688,,0,11,R05uoyJNvubrCqiWDeoa,1112763,2026-05-01 20:40:32.361,,0,0,50,50,1,false,1,abundance,1,15011,2026-05-01 20:40:48.462,1,50,2,1,0
69d8b313ae434f632a305c9b,69d8b313ae434f632a305c9b_1777666920688,,0,12,Q1y8wnw4aKGewHjSn58O,1132795,2026-05-01 20:40:52.393,,0,0,50,50,1,false,1,abundance,1,4694,2026-05-01 20:40:58.177,0,50,2,1,0
69d8b313ae434f632a305c9b,69d8b313ae434f632a305c9b_1777666920688,,0,13,Lex1Bl5yRVTOOAQOtiq1,1140505,2026-05-01 20:41:00.087,,0,0,50,50,1,false,1,abundance,1,15019,2026-05-01 20:41:16.212,1,50,1.8,1,0
69d8b313ae434f632a305c9b,69d8b313ae434f632a305c9b_1777666920688,,0,14,7o6TCxry8KsisatE4I7G,1160546,2026-05-01 20:41:20.136,,0,0,50,50,1,false,1,abundance,1,15011,2026-05-01 20:41:36.245,1,50,1.6,1,0
69d8b313ae434f632a305c9b,69d8b313ae434f632a305c9b_1777666920688,,0,15,NhoDCWjLbncQdNDyGIEn,1180584,2026-05-01 20:41:40.168,,0,0,50,50,1,false,1,abundance,1,15013,2026-05-01 20:41:56.285,1,50,1.6,1,0
69d8b313ae434f632a305c9b,69d8b313ae434f632a305c9b_1777666920688,,0,16,VTWtAuwffzWGcTSWEnj5,1200618,2026-05-01 20:42:00.214,,0,0,50,50,1,false,1,abundance,1,15022,2026-05-01 20:42:16.328,1,50,2,1,0
69d8b313ae434f632a305c9b,69d8b313ae434f632a305c9b_1777666920688,,0,17,oYdolpG9SpWQ2VwM3DlI,1220648,2026-05-01 20:42:20.238,,0,0,50,50,1,false,1,abundance,1,15009,2026-05-01 20:42:36.345,1,50,1.8,1,0
69d8b313ae434f632a305c9b,69d8b313ae434f632a305c9b_1777666920688,,0,18,zeBVutISoIJX5w6MiJVg,1240674,2026-05-01 20:42:40.244,,0,0,50,50,1,false,1,abundance,1,15017,2026-05-01 20:42:56.379,1,50,1.6,1,0
69d8b313ae434f632a305c9b,69d8b313ae434f632a305c9b_1777666920688,,0,19,1lVsTOy5DaDJC1eVn41S,1260701,2026-05-01 20:43:00.294,,0,0,50,50,1,false,1,abundance,1,15007,2026-05-01 20:43:16.396,1,50,1.6,0,0
69d8b313ae434f632a305c9b,69d8b313ae434f632a305c9b_1777666920688,,0,20,2tXZhFGa9sFCoL2lNf38,1280730,2026-05-01 20:43:20.324,,0,0,50,50,1,false,1,abundance,1,15010,2026-05-01 20:43:36.428,1,50,2,0,0
69d8b313ae434f632a305c9b,69d8b313ae434f632a305c9b_1777666920688,,0,21,cWtUKjLKd53gF4Ncro41,1300759,2026-05-01 20:43:40.385,,0,0,50,50,1,false,1,abundance,1,15014,2026-05-01 20:43:56.461,1,50,2,0,0
69d8b313ae434f632a305c9b,69d8b313ae434f632a305c9b_1777666920688,,0,22,DXCjoSrv8i7m1NSKooNI,1320802,2026-05-01 20:44:00.385,,0,0,50,50,1,false,1,abundance,1,15021,2026-05-01 20:44:16.511,1,50,2,0,0
69d8b313ae434f632a305c9b,69d8b313ae434f632a305c9b_1777666920688,,0,23,tTwWTvYA54sgcPesWtvV,1340849,2026-05-01 20:44:20.424,,0,0,50,50,1,false,1,abundance,1,15013,2026-05-01 20:44:36.550,1,50,1.8,0,0
69d8b313ae434f632a305c9b,69d8b313ae434f632a305c9b_1777666920688,,0,24,EjmrNg97ko1UKM06pmGJ,1360885,2026-05-01 20:44:40.472,,0,0,50,50,1,false,1,abundance,1,15024,2026-05-01 20:44:56.597,1,50,1.6,0,0
69d8b313ae434f632a305c9b,69d8b313ae434f632a305c9b_1777666920688,,0,25,UXoMmzejKuDse1JNacfu,1380936,2026-05-01 20:45:00.537,,0,0,50,50,1,false,1,abundance,1,15022,2026-05-01 20:45:16.646,1,50,1.8,0,0
69d8b313ae434f632a305c9b,69d8b313ae434f632a305c9b_1777666920688,,0,26,9QOXIuUHar2x31GTxAw5,1400968,2026-05-01 20:45:20.564,,0,0,50,50,1,false,1,abundance,1,5021,2026-05-01 20:45:26.677,0,50,1.8,0,0
69d8b313ae434f632a305c9b,69d8b313ae434f632a305c9b_1777666920688,,0,27,eC9Y3Bre9lakrWnhQkC1,1408992,2026-05-01 20:45:28.577,,0,0,50,50,1,false,1,abundance,1,5468,2026-05-01 20:45:35.148,0,50,1.6,0,0
69d8b313ae434f632a305c9b,69d8b313ae434f632a305c9b_1777666920688,,0,28,HD70ijd0xcNFVbkAisJp,1417475,2026-05-01 20:45:37.054,,0,0,50,50,1,false,1,abundance,1,15015,2026-05-01 20:45:53.178,1,50,1.6,1,0
69d8b313ae434f632a305c9b,69d8b313ae434f632a305c9b_1777666920688,,0,29,fAoSyyxaVsepN3isCOHa,1437507,2026-05-01 20:45:57.130,,0,0,50,50,1,false,1,abundance,1,15019,2026-05-01 20:46:13.214,1,50,2,1,0
69d8b313ae434f632a305c9b,69d8b313ae434f632a305c9b_1777666920688,,0,30,PTErjpUhS6YbPZZ8Wlo2,1457553,2026-05-01 20:46:17.144,,0,0,50,50,1,false,1,abundance,1,15021,2026-05-01 20:46:33.262,1,50,1.6,1,0
69d8b313ae434f632a305c9b,69d8b313ae434f632a305c9b_1777666920688,,0,31,jgw4LFuhuOT0RKF4fkIK,1477599,2026-05-01 20:46:37.178,,0,0,50,50,1,false,1,abundance,1,15010,2026-05-01 20:46:53.297,1,50,1.6,1,0
69d8b313ae434f632a305c9b,69d8b313ae434f632a305c9b_1777666920688,,0,32,TX2hCXGXZV2aSm6tnix3,1497635,2026-05-01 20:46:57.224,,0,0,50,50,1,false,1,abundance,1,15012,2026-05-01 20:47:13.335,1,50,2,1,0
69d8b313ae434f632a305c9b,69d8b313ae434f632a305c9b_1777666920688,,0,33,huWwfXW4FIbz2JEpn6ro,1517672,2026-05-01 20:47:17.293,,0,0,50,50,1,false,1,abundance,1,15011,2026-05-01 20:47:33.371,1,50,1.8,1,0
69d8b313ae434f632a305c9b,69d8b313ae434f632a305c9b_1777666920688,,0,34,ipSLaATVMv00k0kXng8W,1537702,2026-05-01 20:47:38.959,,0,0,50,50,1,false,1,abundance,1,15023,2026-05-01 20:47:53.413,1,50,1.8,1,0
69d8b313ae434f632a305c9b,69d8b313ae434f632a305c9b_1777666920688,,0,35,ynb0cH0aUs55C89mqV37,1557754,2026-05-01 20:47:57.329,,0,0,50,50,1,false,1,abundance,1,15020,2026-05-01 20:48:13.462,1,50,2,1,0
69d8b313ae434f632a305c9b,69d8b313ae434f632a305c9b_1777666920688,,0,36,NLBtiQLDcR7O6UyDfiXJ,1577786,2026-05-01 20:48:17.375,,0,0,50,50,1,false,1,abundance,1,15008,2026-05-01 20:48:33.482,1,50,1.8,1,0
69d8c0b57598af78eb63225f,69d8c0b57598af78eb63225f_1777672040341,,1,1,mrSDyrbAGTXqo2zrS6Kw,929001,2026-05-01 22:02:49.817,,0,0,50,50,1,true,1,abundance,1,9903,2026-05-01 22:02:59.245,1,50,1.6,0,0
69d8c0b57598af78eb63225f,69d8c0b57598af78eb63225f_1777672040341,,0,1,t16we2nIST3OjWFvvv5i,1106946,2026-05-01 22:05:47.764,,0,0,50,50,1,false,1,abundance,1,4570,2026-05-01 22:05:51.857,0,50,2,0,0
69d8c0b57598af78eb63225f,69d8c0b57598af78eb63225f_1777672040341,,1,2,GhoLpbGjcqssXud8568N,943928,2026-05-01 22:03:04.745,,0,0,50,50,1,true,1,abundance,1,10004,2026-05-01 22:03:14.273,1,50,1.2,0,0
69d8c0b57598af78eb63225f,69d8c0b57598af78eb63225f_1777672040341,,0,2,JJuOYqBzqIoIkEQhCpG9,1114518,2026-05-01 22:05:55.336,,0,0,50,50,1,false,1,abundance,1,15014,2026-05-01 22:06:09.873,1,50,1.6,0,0
69d8c0b57598af78eb63225f,69d8c0b57598af78eb63225f_1777672040341,,0,3,amxgOUCRkVn8cS3QRUPc,1134549,2026-05-01 22:06:15.371,,0,0,50,50,1,false,1,abundance,1,15015,2026-05-01 22:06:29.905,1,50,1.6,0,0
69d8c0b57598af78eb63225f,69d8c0b57598af78eb63225f_1777672040341,,1,3,ubNRcPqSJkneTKd9iuqk,958943,2026-05-01 22:03:19.759,,0,0,50,50,1,true,1,abundance,1,10007,2026-05-01 22:03:29.291,1,50,1.2,1,0
69d8c0b57598af78eb63225f,69d8c0b57598af78eb63225f_1777672040341,,1,4,1jPQ0C8VpRmL3RRmzWTk,973964,2026-05-01 22:03:34.785,,0,0,50,50,1,true,1,abundance,1,10016,2026-05-01 22:03:44.321,1,50,1.4,1,0
69d8c0b57598af78eb63225f,69d8c0b57598af78eb63225f_1777672040341,,0,4,BEPtIWC4EtXwGZ4QvB8n,1154573,2026-05-01 22:06:35.395,,0,0,50,50,1,false,1,abundance,1,15018,2026-05-01 22:06:49.932,1,50,1.8,0,0
69d8c0b57598af78eb63225f,69d8c0b57598af78eb63225f_1777672040341,,0,5,avLrC8hxnQQyno9U4gsS,1174603,2026-05-01 22:06:55.424,,0,0,50,50,1,false,1,abundance,1,15023,2026-05-01 22:07:09.967,1,50,2,0,0
69d8c0b57598af78eb63225f,69d8c0b57598af78eb63225f_1777672040341,,1,5,osY2V9jeaB9wVWd8mAHX,989008,2026-05-01 22:03:49.828,,0,0,50,50,1,true,1,abundance,1,10015,2026-05-01 22:03:59.364,1,50,1.4,0,0
69d8c0b57598af78eb63225f,69d8c0b57598af78eb63225f_1777672040341,,1,6,Do5Xf8c7rXiQFhA9FKfz,1004027,2026-05-01 22:04:04.858,,0,0,50,50,1,true,1,abundance,1,10015,2026-05-01 22:04:14.383,1,50,1.2,1,0
69d8c0b57598af78eb63225f,69d8c0b57598af78eb63225f_1777672040341,,0,6,GkdqDuxtsh4dioJ7gUkL,1194642,2026-05-01 22:07:15.471,,0,0,50,50,1,false,1,abundance,1,15014,2026-05-01 22:07:29.997,1,50,1.6,0,0
69d8c0b57598af78eb63225f,69d8c0b57598af78eb63225f_1777672040341,,1,7,aF6OxImrdnu2syLwwAjy,1019061,2026-05-01 22:04:19.883,,0,0,50,50,1,true,1,abundance,1,10023,2026-05-01 22:04:29.425,1,50,1.4,1,0
69d8c0b57598af78eb63225f,69d8c0b57598af78eb63225f_1777672040341,,0,7,xvC42rT03zYVTYOfbm7e,1214669,2026-05-01 22:07:35.490,,0,0,50,50,1,false,1,abundance,1,15013,2026-05-01 22:07:50.023,1,50,1.8,0,0
69d8c0b57598af78eb63225f,69d8c0b57598af78eb63225f_1777672040341,,0,8,EqC811z3aU47RN7FsWmM,1234696,2026-05-01 22:07:55.514,,0,0,50,50,1,false,1,abundance,1,15012,2026-05-01 22:08:10.049,1,50,1.8,0,0
69d8c0b57598af78eb63225f,69d8c0b57598af78eb63225f_1777672040341,,1,8,klcseOsOBvCsx7bUs0wZ,1034093,2026-05-01 22:04:34.915,,0,0,50,50,1,true,1,abundance,1,10021,2026-05-01 22:04:44.455,1,50,1.2,0,0
69d8c0b57598af78eb63225f,69d8c0b57598af78eb63225f_1777672040341,,1,9,YLVNh4c72Kaek44b3q2I,1049130,2026-05-01 22:04:49.950,,0,0,50,50,1,true,1,abundance,1,10013,2026-05-01 22:04:59.484,1,50,1.6,1,0
69d8c0b57598af78eb63225f,69d8c0b57598af78eb63225f_1777672040341,,0,9,ucEnGf0sDJt55lRHea4G,1254733,2026-05-01 22:08:15.549,,0,0,50,50,1,false,1,abundance,1,15018,2026-05-01 22:08:30.092,1,50,2,0,0
69d8c0b57598af78eb63225f,69d8c0b57598af78eb63225f_1777672040341,,1,10,WV8HAGZ15XEvWHWWoPSg,1064151,2026-05-01 22:05:04.971,,0,0,50,50,1,true,1,abundance,1,10010,2026-05-01 22:05:14.502,1,50,1.4,0,0
69d8c0b57598af78eb63225f,69d8c0b57598af78eb63225f_1777672040341,,0,10,ZAvaQAPUMDNVDppcf3E3,1274773,2026-05-01 22:08:35.592,,0,0,50,50,1,false,1,abundance,1,15022,2026-05-01 22:08:50.136,1,50,1.8,1,0
69d8c0b57598af78eb63225f,69d8c0b57598af78eb63225f_1777672040341,,0,11,WYbdxr9HN3HsdC6ymiye,1294813,2026-05-01 22:08:55.631,,0,0,50,50,1,false,1,abundance,1,15013,2026-05-01 22:09:10.167,1,50,1.6,1,0
69d8c0b57598af78eb63225f,69d8c0b57598af78eb63225f_1777672040341,,0,12,6lrLFJV2JsEHyRaFFsbj,1314842,2026-05-01 22:09:15.662,,0,0,50,50,1,false,1,abundance,1,15017,2026-05-01 22:09:30.200,1,50,2,1,0
69d8c0b57598af78eb63225f,69d8c0b57598af78eb63225f_1777672040341,,0,13,SsxdMRKXqglf8Pasq9Ts,1334873,2026-05-01 22:09:35.694,,0,0,50,50,1,false,1,abundance,1,15016,2026-05-01 22:09:50.230,1,50,1.6,1,0
69d8c0b57598af78eb63225f,69d8c0b57598af78eb63225f_1777672040341,,0,14,QbEbfAIlsWHqSlF2xDJw,1354911,2026-05-01 22:09:55.729,,0,0,50,50,1,false,1,abundance,1,15010,2026-05-01 22:10:10.262,1,50,2,1,0
69d8c0b57598af78eb63225f,69d8c0b57598af78eb63225f_1777672040341,,0,15,KJgrlCgSaJWA37BB93CO,1374943,2026-05-01 22:10:15.761,,0,0,50,50,1,false,1,abundance,1,15018,2026-05-01 22:10:30.302,1,50,1.8,1,0
69d8c0b57598af78eb63225f,69d8c0b57598af78eb63225f_1777672040341,,0,16,AD88MPhGki3cfrljQssE,1394970,2026-05-01 22:10:35.787,,0,0,50,50,1,false,1,abundance,1,15013,2026-05-01 22:10:50.324,1,50,1.6,1,0
69d8c0b57598af78eb63225f,69d8c0b57598af78eb63225f_1777672040341,,0,17,aBt0RWfYv1xS6nuEx3lS,1414997,2026-05-01 22:10:55.811,,0,0,50,50,1,false,1,abundance,1,15019,2026-05-01 22:11:10.357,1,50,2,1,0
69d8c0b57598af78eb63225f,69d8c0b57598af78eb63225f_1777672040341,,0,18,eBidq5IxMjCs0KjqL0rC,1435030,2026-05-01 22:11:15.845,,0,0,50,50,1,false,1,abundance,1,15015,2026-05-01 22:11:30.386,1,50,1.8,1,0
69d8c0b57598af78eb63225f,69d8c0b57598af78eb63225f_1777672040341,,0,19,eL11YdSrTG6UcuNHxp0u,1455071,2026-05-01 22:11:35.889,,0,0,50,50,1,false,1,abundance,1,15019,2026-05-01 22:11:50.431,1,50,1.8,0,0
69d8c0b57598af78eb63225f,69d8c0b57598af78eb63225f_1777672040341,,0,20,RgJy2KgQqozKv4WAZdox,1475116,2026-05-01 22:11:55.938,,0,0,50,50,1,false,1,abundance,1,15018,2026-05-01 22:12:10.475,1,50,2,0,0
69d8c0b57598af78eb63225f,69d8c0b57598af78eb63225f_1777672040341,,0,21,IApHrt54f8MxxKOPwjgD,1495160,2026-05-01 22:12:15.981,,0,0,50,50,1,false,1,abundance,1,15008,2026-05-01 22:12:30.509,1,50,1.6,0,0
69d8c0b57598af78eb63225f,69d8c0b57598af78eb63225f_1777672040341,,0,22,AUueITlvG2ZvMRBp2nbO,1515179,2026-05-01 22:12:36.587,,0,0,50,50,1,false,1,abundance,1,15017,2026-05-01 22:12:50.537,1,50,1.6,0,0
69d8c0b57598af78eb63225f,69d8c0b57598af78eb63225f_1777672040341,,0,23,y1Vdh2ooim4Ic1N3enyO,1535212,2026-05-01 22:12:56.025,,0,0,50,50,1,false,1,abundance,1,15015,2026-05-01 22:13:10.568,1,50,2,0,0
69d8c0b57598af78eb63225f,69d8c0b57598af78eb63225f_1777672040341,,0,24,uCzWnURkTLGcPxgk73kF,1555243,2026-05-01 22:13:16.066,,0,0,50,50,1,false,1,abundance,1,15015,2026-05-01 22:13:30.599,1,50,1.8,0,0
69d8c0b57598af78eb63225f,69d8c0b57598af78eb63225f_1777672040341,,0,25,JaAKJViWzIckHdzZrEWX,1575273,2026-05-01 22:13:36.082,,0,0,50,50,1,false,1,abundance,1,15017,2026-05-01 22:13:50.631,1,50,2,0,0
69d8c0b57598af78eb63225f,69d8c0b57598af78eb63225f_1777672040341,,0,26,BA9uXRdFGRuA1P51PLMW,1595319,2026-05-01 22:13:56.130,,0,0,50,50,1,false,1,abundance,1,15014,2026-05-01 22:14:10.674,1,50,1.8,0,0
69d8c0b57598af78eb63225f,69d8c0b57598af78eb63225f_1777672040341,,0,27,2fRA5sRrHygui9XDmCik,1615341,2026-05-01 22:14:16.153,,0,0,50,50,1,false,1,abundance,1,15012,2026-05-01 22:14:30.694,1,50,1.6,0,0
69d8c0b57598af78eb63225f,69d8c0b57598af78eb63225f_1777672040341,,0,28,riUk9I8zTisvoF7Ho8WM,1635368,2026-05-01 22:14:36.193,,0,0,50,50,1,false,1,abundance,1,15015,2026-05-01 22:14:50.724,1,50,1.8,1,0
69d8c0b57598af78eb63225f,69d8c0b57598af78eb63225f_1777672040341,,0,29,ZVTInxrQKwxMtChg824k,1655407,2026-05-01 22:14:56.219,,0,0,50,50,1,false,1,abundance,1,15021,2026-05-01 22:15:10.769,1,50,2,1,0
69d8c0b57598af78eb63225f,69d8c0b57598af78eb63225f_1777672040341,,0,30,132IO5jlMSSUNvtk4oEb,1675447,2026-05-01 22:15:16.269,,0,0,50,50,1,false,1,abundance,1,15013,2026-05-01 22:15:30.801,1,50,2,1,0
69d8c0b57598af78eb63225f,69d8c0b57598af78eb63225f_1777672040341,,0,31,WZlwMpo7TdjucDL46PJu,1695476,2026-05-01 22:15:36.299,,0,0,50,50,1,false,1,abundance,1,15014,2026-05-01 22:15:50.831,1,50,1.6,1,0
69d8c0b57598af78eb63225f,69d8c0b57598af78eb63225f_1777672040341,,0,32,yLTXNBD3D1ksv056Xnj5,1715519,2026-05-01 22:15:56.333,,0,0,50,50,1,false,1,abundance,1,15015,2026-05-01 22:16:10.875,1,50,1.8,1,0
69d8c0b57598af78eb63225f,69d8c0b57598af78eb63225f_1777672040341,,0,33,Yvmn4lSNygdVV8UHrGqF,1735552,2026-05-01 22:16:16.368,,0,0,50,50,1,false,1,abundance,1,15014,2026-05-01 22:16:30.907,1,50,2,1,0
69d8c0b57598af78eb63225f,69d8c0b57598af78eb63225f_1777672040341,,0,34,qrV30jspwcU6JPJURDNd,1755593,2026-05-01 22:16:36.405,,0,0,50,50,1,false,1,abundance,1,15012,2026-05-01 22:16:50.946,1,50,1.6,1,0
69d8c0b57598af78eb63225f,69d8c0b57598af78eb63225f_1777672040341,,0,35,JsRk1gFW6HTsxESyYjLT,1775621,2026-05-01 22:16:56.432,,0,0,50,50,1,false,1,abundance,1,15021,2026-05-01 22:17:10.983,1,50,1.8,1,0
69d8c0b57598af78eb63225f,69d8c0b57598af78eb63225f_1777672040341,,0,36,mL3YkjRBYBTEVQKD4lQD,1795661,2026-05-01 22:17:16.476,,0,0,50,50,1,false,1,abundance,1,15012,2026-05-01 22:17:31.014,1,50,1.6,1,0
69dde72ce1c8108a83afd8f5,69dde72ce1c8108a83afd8f5_1777638308624,,1,1,emREShQ5qhSbNh57m5sR,1252379,2026-05-01 21:15:52.000,,0,0,50,50,1,true,1,abundance,1,5683,2026-05-01 12:46:06.686,0,50,1.4,0,0
69dde72ce1c8108a83afd8f5,69dde72ce1c8108a83afd8f5_1777638308624,,0,1,gSnJIf3Pkd6ZW0auGh3w,1433982,2026-05-01 21:18:53.698,,0,0,50,50,1,false,1,abundance,1,14885,2026-05-01 12:49:17.491,1,50,2,0,0
69dde72ce1c8108a83afd8f5,69dde72ce1c8108a83afd8f5_1777638308624,,0,2,5NCXJI7CA92fnVLw2NXG,1453876,2026-05-01 21:19:13.480,,0,0,50,50,1,false,1,abundance,1,15021,2026-05-01 12:49:37.521,1,50,2,0,0
69dde72ce1c8108a83afd8f5,69dde72ce1c8108a83afd8f5_1777638308624,,1,2,G3xSdKMp4MumAaFX0GFZ,1261081,2026-05-01 21:16:00.705,,0,0,50,50,1,true,1,abundance,1,10013,2026-05-01 12:46:19.718,1,50,1.4,1,0
69dde72ce1c8108a83afd8f5,69dde72ce1c8108a83afd8f5_1777638308624,,0,3,ABTElcjXXnGsFW6eIiQ7,1473925,2026-05-01 21:19:33.620,,0,0,50,50,1,false,1,abundance,1,15011,2026-05-01 12:49:57.560,1,50,1.8,0,0
69dde72ce1c8108a83afd8f5,69dde72ce1c8108a83afd8f5_1777638308624,,1,3,uy9EKxw9TMZsxgs1MirI,1276111,2026-05-01 21:16:15.723,,0,0,50,50,1,true,1,abundance,1,10020,2026-05-01 12:46:34.755,1,50,1.2,0,0
69dde72ce1c8108a83afd8f5,69dde72ce1c8108a83afd8f5_1777638308624,,0,4,PSu7Roxwsher5pDUr1ro,1493955,2026-05-01 21:19:53.560,,0,0,50,50,1,false,1,abundance,1,15019,2026-05-01 12:50:17.598,1,50,1.6,0,0
69dde72ce1c8108a83afd8f5,69dde72ce1c8108a83afd8f5_1777638308624,,1,4,UX3ufifRy7W9bzeIe2Px,1291161,2026-05-01 21:16:30.770,,0,0,50,50,1,true,1,abundance,1,10021,2026-05-01 12:46:49.806,1,50,1.2,1,0
69dde72ce1c8108a83afd8f5,69dde72ce1c8108a83afd8f5_1777638308624,,1,5,8VzZ77nif7vIYP7604gt,1306201,2026-05-01 21:16:45.828,,0,0,50,50,1,true,1,abundance,1,10022,2026-05-01 12:47:04.847,1,50,1.6,1,0
69dde72ce1c8108a83afd8f5,69dde72ce1c8108a83afd8f5_1777638308624,,0,5,S897Nicdshois34r4wxP,1513995,2026-05-01 21:20:13.600,,0,0,50,50,1,false,1,abundance,1,15017,2026-05-01 12:50:37.636,1,50,1.6,0,0
69dde72ce1c8108a83afd8f5,69dde72ce1c8108a83afd8f5_1777638308624,,1,6,5abpji1jNbDzlNQMxyI4,1321251,2026-05-01 21:17:00.863,,0,0,50,50,1,true,1,abundance,1,10018,2026-05-01 12:47:19.893,1,50,1.2,1,0
69dde72ce1c8108a83afd8f5,69dde72ce1c8108a83afd8f5_1777638308624,,0,6,EVSFNPfJoZKhbYMl4YBb,1534025,2026-05-01 21:20:33.645,,0,0,50,50,1,false,1,abundance,1,15017,2026-05-01 12:50:57.666,1,50,1.6,0,0
69dde72ce1c8108a83afd8f5,69dde72ce1c8108a83afd8f5_1777638308624,,1,7,25cRSU52itkR6j6od4E9,1336291,2026-05-01 21:17:15.894,,0,0,50,50,1,true,1,abundance,1,10018,2026-05-01 12:47:34.933,1,50,1.6,0,0
69dde72ce1c8108a83afd8f5,69dde72ce1c8108a83afd8f5_1777638308624,,0,7,28AzK8BCdNy3NF9NNKMp,1554065,2026-05-01 21:20:53.686,,0,0,50,50,1,false,1,abundance,1,15019,2026-05-01 12:51:17.708,1,50,2,0,0
69dde72ce1c8108a83afd8f5,69dde72ce1c8108a83afd8f5_1777638308624,,0,8,0awJxiUnfJOWGg1WLEMx,1574115,2026-05-01 21:21:13.722,,0,0,50,50,1,false,1,abundance,1,15018,2026-05-01 12:51:37.757,1,50,1.8,0,0
69dde72ce1c8108a83afd8f5,69dde72ce1c8108a83afd8f5_1777638308624,,1,8,mohoDzDeeYczYRpFfNPX,1351321,2026-05-01 21:17:30.919,,0,0,50,50,1,true,1,abundance,1,10017,2026-05-01 12:47:49.962,1,50,1.4,0,0
69dde72ce1c8108a83afd8f5,69dde72ce1c8108a83afd8f5_1777638308624,,0,9,amWzS1gaS7peFh9CVHrC,1594145,2026-05-01 21:21:33.820,,0,0,50,50,1,false,1,abundance,1,15016,2026-05-01 12:51:57.785,1,50,1.8,0,0
69dde72ce1c8108a83afd8f5,69dde72ce1c8108a83afd8f5_1777638308624,,1,9,k4O70xqZ8HJ8igDIqzgR,1366351,2026-05-01 21:17:45.957,,0,0,50,50,1,true,1,abundance,1,10023,2026-05-01 12:48:04.998,1,50,1.4,1,0
69dde72ce1c8108a83afd8f5,69dde72ce1c8108a83afd8f5_1777638308624,,0,10,WKRgMiA5h9B6deFYQ2co,1614185,2026-05-01 21:21:53.800,,0,0,50,50,1,false,1,abundance,1,15021,2026-05-01 12:52:17.830,1,50,1.6,1,0
69dde72ce1c8108a83afd8f5,69dde72ce1c8108a83afd8f5_1777638308624,,1,10,aIwi3Sns0wp9bUCnOQuH,1381381,2026-05-01 21:18:01.000,,0,0,50,50,1,true,1,abundance,1,10019,2026-05-01 12:48:20.024,1,50,1.2,0,0
69dde72ce1c8108a83afd8f5,69dde72ce1c8108a83afd8f5_1777638308624,,0,11,q94YAtelWdvOlw280eVa,1634235,2026-05-01 21:22:13.844,,0,0,50,50,1,false,1,abundance,1,15018,2026-05-01 12:52:37.877,1,50,2,1,0
69dde72ce1c8108a83afd8f5,69dde72ce1c8108a83afd8f5_1777638308624,,0,12,s8r5vUJqR4WGM1TOEEJC,1654276,2026-05-01 21:22:33.878,,0,0,50,50,1,false,1,abundance,1,15019,2026-05-01 12:52:57.919,1,50,2,1,0
69dde72ce1c8108a83afd8f5,69dde72ce1c8108a83afd8f5_1777638308624,,0,13,WAz1atrE7Mt1H0gBxJqa,1674316,2026-05-01 21:22:53.917,,0,0,50,50,1,false,1,abundance,1,15015,2026-05-01 12:53:17.955,1,50,1.8,1,0
69dde72ce1c8108a83afd8f5,69dde72ce1c8108a83afd8f5_1777638308624,,0,14,gjK3oijg5XTxBMMtTBNV,1694356,2026-05-01 21:23:13.957,,0,0,50,50,1,false,1,abundance,1,15016,2026-05-01 12:53:37.996,1,50,1.6,1,0
69dde72ce1c8108a83afd8f5,69dde72ce1c8108a83afd8f5_1777638308624,,0,15,OI1VppUApBIItkp9kaX0,1714375,2026-05-01 21:23:33.983,,0,0,50,50,1,false,1,abundance,1,15015,2026-05-01 12:53:58.014,1,50,2,1,0
69dde72ce1c8108a83afd8f5,69dde72ce1c8108a83afd8f5_1777638308624,,0,16,fUknjhGwM4hFXDvGAYKP,1734406,2026-05-01 21:23:54.003,,0,0,50,50,1,false,1,abundance,1,15013,2026-05-01 12:54:18.043,1,50,1.6,1,0
69dde72ce1c8108a83afd8f5,69dde72ce1c8108a83afd8f5_1777638308624,,0,17,XraLNZZmmgvtdAcomOTd,1754425,2026-05-01 21:24:14.023,,0,0,50,50,1,false,1,abundance,1,15017,2026-05-01 12:54:38.066,1,50,1.8,1,0
69dde72ce1c8108a83afd8f5,69dde72ce1c8108a83afd8f5_1777638308624,,0,18,Z0SNCkbxKJlOqKq1g8SO,1774456,2026-05-01 21:24:34.063,,0,0,50,50,1,false,1,abundance,1,15015,2026-05-01 12:54:58.095,1,50,1.8,1,0
69dde72ce1c8108a83afd8f5,69dde72ce1c8108a83afd8f5_1777638308624,,0,19,WKZrd27lv1oaSyJioRPq,1794495,2026-05-01 21:24:54.097,,0,0,50,50,1,false,1,abundance,1,15016,2026-05-01 12:55:18.135,1,50,1.6,0,0
69dde72ce1c8108a83afd8f5,69dde72ce1c8108a83afd8f5_1777638308624,,0,20,EAFu5xuaHnCcuVhH5URK,1814526,2026-05-01 21:25:14.139,,0,0,50,50,1,false,1,abundance,1,15017,2026-05-01 12:55:38.167,1,50,1.8,0,0
69dde72ce1c8108a83afd8f5,69dde72ce1c8108a83afd8f5_1777638308624,,0,21,Mgd7WMJP42LadNpedxjS,1834565,2026-05-01 21:25:34.448,,0,0,50,50,1,false,1,abundance,1,15017,2026-05-01 12:55:58.206,1,50,2,0,0
69dde72ce1c8108a83afd8f5,69dde72ce1c8108a83afd8f5_1777638308624,,0,22,bHc7tifGNgU00C5epBUu,1854585,2026-05-01 21:25:54.182,,0,0,50,50,1,false,1,abundance,1,15017,2026-05-01 12:56:18.226,1,50,2,0,0
69dde72ce1c8108a83afd8f5,69dde72ce1c8108a83afd8f5_1777638308624,,0,23,lbN5ZInMizFlj5VVVVE2,1874615,2026-05-01 21:26:14.225,,0,0,50,50,1,false,1,abundance,1,15015,2026-05-01 12:56:38.254,1,50,2,0,0
69dde72ce1c8108a83afd8f5,69dde72ce1c8108a83afd8f5_1777638308624,,0,24,FGL9WQXfRtckWcWzyuXd,1894635,2026-05-01 21:26:34.245,,0,0,50,50,1,false,1,abundance,1,15015,2026-05-01 12:56:58.274,1,50,1.8,0,0
69dde72ce1c8108a83afd8f5,69dde72ce1c8108a83afd8f5_1777638308624,,0,25,O4cqRsdwVbBjOjfBZofc,1914665,2026-05-01 21:26:54.320,,0,0,50,50,1,false,1,abundance,1,15015,2026-05-01 12:57:18.304,1,50,1.6,0,0
69dde72ce1c8108a83afd8f5,69dde72ce1c8108a83afd8f5_1777638308624,,0,26,Zhn6RYar9lA2oyAN7jK6,1934705,2026-05-01 21:27:14.299,,0,0,50,50,1,false,1,abundance,1,15017,2026-05-01 12:57:38.346,1,50,1.8,0,0
69dde72ce1c8108a83afd8f5,69dde72ce1c8108a83afd8f5_1777638308624,,0,27,0nQFJos4q9zcNhVORTXM,1954726,2026-05-01 21:27:34.320,,0,0,50,50,1,false,1,abundance,1,15016,2026-05-01 12:57:58.366,1,50,1.6,0,0
69dde72ce1c8108a83afd8f5,69dde72ce1c8108a83afd8f5_1777638308624,,0,28,vE9brfhU15wuiGQEE1r8,1974746,2026-05-01 21:27:54.335,,0,0,50,50,1,false,1,abundance,1,15018,2026-05-01 12:58:18.388,1,50,1.6,1,0
69dde72ce1c8108a83afd8f5,69dde72ce1c8108a83afd8f5_1777638308624,,0,29,j6LyQRrpwRTiVzQZt4a9,1994776,2026-05-01 21:28:14.380,,0,0,50,50,1,false,1,abundance,1,15014,2026-05-01 12:58:38.414,1,50,1.8,1,0
69dde72ce1c8108a83afd8f5,69dde72ce1c8108a83afd8f5_1777638308624,,0,30,vJZ9vFOs7x4MAZ3SuZTK,2014795,2026-05-01 21:28:34.401,,0,0,50,50,1,false,1,abundance,1,15017,2026-05-01 12:58:58.436,1,50,2,1,0
69dde72ce1c8108a83afd8f5,69dde72ce1c8108a83afd8f5_1777638308624,,0,31,4FxFSOEX7V6RdgT8Qjuc,2034814,2026-05-01 21:28:54.425,,0,0,50,50,1,false,1,abundance,1,15015,2026-05-01 12:59:18.453,1,50,2,1,0
69dde72ce1c8108a83afd8f5,69dde72ce1c8108a83afd8f5_1777638308624,,0,32,8mbcWz6vlnWYSaq6NQEc,2054835,2026-05-01 21:29:14.458,,0,0,50,50,1,false,1,abundance,1,15018,2026-05-01 12:59:38.477,1,50,2,1,0
69dde72ce1c8108a83afd8f5,69dde72ce1c8108a83afd8f5_1777638308624,,0,33,8mV8hCaFHL2H2urLTY2z,2074876,2026-05-01 21:29:34.488,,0,0,50,50,1,false,1,abundance,1,15015,2026-05-01 12:59:58.515,1,50,1.8,1,0
69dde72ce1c8108a83afd8f5,69dde72ce1c8108a83afd8f5_1777638308624,,0,34,M27Q7q3UCUiDdjc0nsCt,2094915,2026-05-01 21:29:54.517,,0,0,50,50,1,false,1,abundance,1,15016,2026-05-01 13:00:18.555,1,50,1.6,1,0
69dde72ce1c8108a83afd8f5,69dde72ce1c8108a83afd8f5_1777638308624,,0,35,yu2KxUPIxTmOHHAc4MT0,2114935,2026-05-01 21:30:14.540,,0,0,50,50,1,false,1,abundance,1,15014,2026-05-01 13:00:38.573,1,50,1.8,1,0
69dde72ce1c8108a83afd8f5,69dde72ce1c8108a83afd8f5_1777638308624,,0,36,hrk13kbT4QrhlYg3qfbA,2134955,2026-05-01 21:30:34.568,,0,0,50,50,1,false,1,abundance,1,15019,2026-05-01 13:00:58.598,1,50,1.6,1,0
69e1d35d47757faec6df678b,69e1d35d47757faec6df678b_1777667003817,,1,1,Nayel94sYIYwTzYGxW5w,837789,2026-05-01 20:37:22.890,,0,0,50,50,1,true,1,abundance,1,5945,2026-05-01 20:37:27.552,0,50,1.4,1,0
69e1d35d47757faec6df678b,69e1d35d47757faec6df678b_1777667003817,,1,2,m7JrH3WsogpoL3hEOZx4,846747,2026-05-01 20:37:31.825,,0,0,50,50,1,true,1,abundance,1,7693,2026-05-01 20:37:38.258,0,50,1.2,1,0
69e1d35d47757faec6df678b,69e1d35d47757faec6df678b_1777667003817,,1,3,L4hBF6V2dLdoZlTGCfNb,857711,2026-05-01 20:37:43.395,,0,0,50,50,1,true,1,abundance,1,7814,2026-05-01 20:37:49.343,0,50,1.2,1,0
69e1d35d47757faec6df678b,69e1d35d47757faec6df678b_1777667003817,,1,4,hyVbkSFM08q1jZ6Xrou2,868733,2026-05-01 20:37:54.231,,0,0,50,50,1,true,1,abundance,1,7279,2026-05-01 20:37:59.830,0,50,1.4,0,0
69e1d35d47757faec6df678b,69e1d35d47757faec6df678b_1777667003817,,1,5,GZd5t6BoNvPiLnjqdI42,879022,2026-05-01 20:38:04.520,,0,0,50,50,1,true,1,abundance,1,5550,2026-05-01 20:38:08.390,0,50,1.6,1,0
69e1d35d47757faec6df678b,69e1d35d47757faec6df678b_1777667003817,,1,6,a0Xs7yA2z9P7riDimFZt,887585,2026-05-01 20:38:12.640,,0,0,50,50,1,true,1,abundance,1,5924,2026-05-01 20:38:17.327,0,50,1.4,0,0
69e1d35d47757faec6df678b,69e1d35d47757faec6df678b_1777667003817,,1,7,faTTQxfPCGxO60X0sWfE,896516,2026-05-01 20:38:21.609,,0,0,50,50,1,true,1,abundance,1,6632,2026-05-01 20:38:26.966,0,50,1.2,0,0
69e1d35d47757faec6df678b,69e1d35d47757faec6df678b_1777667003817,,1,8,VmVMGnbQRZjUbg7DnSDy,906163,2026-05-01 20:38:31.250,,0,0,50,50,1,true,1,abundance,1,5573,2026-05-01 20:38:35.554,0,50,1.6,0,0
69e1d35d47757faec6df678b,69e1d35d47757faec6df678b_1777667003817,,1,9,YSirHpX81XsmEFJBFJTP,914743,2026-05-01 20:38:39.817,,0,0,50,50,1,true,1,abundance,1,6005,2026-05-01 20:38:44.566,0,50,1.4,1,0
69e1d35d47757faec6df678b,69e1d35d47757faec6df678b_1777667003817,,1,10,LHKPazK80o8sJdpxGESR,923753,2026-05-01 20:38:48.825,,0,0,50,50,1,true,1,abundance,1,6679,2026-05-01 20:38:54.250,0,50,1.2,0,0
69e8d5c81e5253b56cfe784f,69e8d5c81e5253b56cfe784f_1777664682367,,0,1,CODPTC4EkO2qZ43NfgjW,511352,2026-05-01 19:53:15.167,,0,0,50,50,1,false,1,abundance,1,14902,2026-05-01 19:53:28.621,1,50,1.6,1,0
69e8d5c81e5253b56cfe784f,69e8d5c81e5253b56cfe784f_1777664682367,,1,1,fqQJnYzsywB7LeCqRtaP,344125,2026-05-01 19:50:27.946,,0,0,50,50,1,true,1,abundance,1,9894,2026-05-01 19:50:36.386,1,50,1.2,1,0
69e8d5c81e5253b56cfe784f,69e8d5c81e5253b56cfe784f_1777664682367,,1,2,7k7egzl2MppMl2kwBX6U,359037,2026-05-01 19:50:42.856,,0,0,50,50,1,true,1,abundance,1,10005,2026-05-01 19:50:51.409,1,50,1.2,1,0
69e8d5c81e5253b56cfe784f,69e8d5c81e5253b56cfe784f_1777664682367,,0,2,xSmSja8Ll7aUyigmJruW,531269,2026-05-01 19:53:35.090,,0,0,50,50,1,false,1,abundance,1,15009,2026-05-01 19:53:48.645,1,50,1.8,1,0
69e8d5c81e5253b56cfe784f,69e8d5c81e5253b56cfe784f_1777664682367,,1,3,iqirx3EksDgjr9TuRJWM,374056,2026-05-01 19:50:57.877,,0,0,50,50,1,true,1,abundance,1,10004,2026-05-01 19:51:06.427,1,50,1.6,0,0
69e8d5c81e5253b56cfe784f,69e8d5c81e5253b56cfe784f_1777664682367,,0,3,wl7DHZ31kPSRkptghABj,551292,2026-05-01 19:53:55.118,,0,0,50,50,1,false,1,abundance,1,15003,2026-05-01 19:54:08.662,1,50,1.8,1,0
69e8d5c81e5253b56cfe784f,69e8d5c81e5253b56cfe784f_1777664682367,,1,4,Ekuvxq3jX56FSPwEdI7Z,389081,2026-05-01 19:51:12.899,,0,0,50,50,1,true,1,abundance,1,10009,2026-05-01 19:51:21.457,1,50,1.6,1,0
69e8d5c81e5253b56cfe784f,69e8d5c81e5253b56cfe784f_1777664682367,,0,4,mLU4zXjjEr57jSmjgEWx,571308,2026-05-01 19:54:15.128,,0,0,50,50,1,false,1,abundance,1,15004,2026-05-01 19:54:28.679,1,50,1.6,1,0
69e8d5c81e5253b56cfe784f,69e8d5c81e5253b56cfe784f_1777664682367,,0,5,KIBpcnc4u5ndkjqX5uZU,591328,2026-05-01 19:54:35.149,,0,0,50,50,1,false,1,abundance,1,15007,2026-05-01 19:54:48.702,1,50,2,1,0
69e8d5c81e5253b56cfe784f,69e8d5c81e5253b56cfe784f_1777664682367,,1,5,W2fTm4jTyAt4sgIiqAx5,404094,2026-05-01 19:51:27.914,,0,0,50,50,1,true,1,abundance,1,10005,2026-05-01 19:51:36.466,1,50,1.4,0,0
69e8d5c81e5253b56cfe784f,69e8d5c81e5253b56cfe784f_1777664682367,,1,6,BFVmStvd1BUAUDK3dxhi,419111,2026-05-01 19:51:42.930,,0,0,50,50,1,true,1,abundance,1,10004,2026-05-01 19:51:51.482,1,50,1.2,0,0
69e8d5c81e5253b56cfe784f,69e8d5c81e5253b56cfe784f_1777664682367,,0,6,y44U7DsvCXPn8tbSoxsj,611345,2026-05-01 19:54:55.166,,0,0,50,50,1,false,1,abundance,1,15005,2026-05-01 19:55:08.717,1,50,1.8,1,0
69e8d5c81e5253b56cfe784f,69e8d5c81e5253b56cfe784f_1777664682367,,0,7,J79JLBoy8Mv1cCwfdS20,631363,2026-05-01 19:55:15.183,,0,0,50,50,1,false,1,abundance,1,15006,2026-05-01 19:55:28.736,1,50,1.6,1,0
69e8d5c81e5253b56cfe784f,69e8d5c81e5253b56cfe784f_1777664682367,,1,7,UHbQjWxr8NWyPti9iG9a,434137,2026-05-01 19:51:57.956,,0,0,50,50,1,true,1,abundance,1,10005,2026-05-01 19:52:06.509,1,50,1.2,0,0
69e8d5c81e5253b56cfe784f,69e8d5c81e5253b56cfe784f_1777664682367,,0,8,200OZCBwcOSUpyKrF55u,651383,2026-05-01 19:55:35.204,,0,0,50,50,1,false,1,abundance,1,15010,2026-05-01 19:55:48.760,1,50,2,1,0
69e8d5c81e5253b56cfe784f,69e8d5c81e5253b56cfe784f_1777664682367,,1,8,IvsMfBYypRdFJ0EFw101,449150,2026-05-01 19:52:12.972,,0,0,50,50,1,true,1,abundance,1,10004,2026-05-01 19:52:21.521,1,50,1.4,1,0
69e8d5c81e5253b56cfe784f,69e8d5c81e5253b56cfe784f_1777664682367,,0,9,FpUjHZVEnS6uMMJbkpHB,671409,2026-05-01 19:55:55.230,,0,0,50,50,1,false,1,abundance,1,15007,2026-05-01 19:56:08.783,1,50,2,1,0
69e8d5c81e5253b56cfe784f,69e8d5c81e5253b56cfe784f_1777664682367,,1,9,Ics7FszvCEQdpASewj13,464170,2026-05-01 19:52:27.991,,0,0,50,50,1,true,1,abundance,1,10007,2026-05-01 19:52:36.544,1,50,1.4,1,0
69e8d5c81e5253b56cfe784f,69e8d5c81e5253b56cfe784f_1777664682367,,1,10,tpN3YCpDAPp14sgyF2qa,479185,2026-05-01 19:52:43.006,,0,0,50,50,1,true,1,abundance,1,10008,2026-05-01 19:52:51.560,1,50,1.4,0,0
69e8d5c81e5253b56cfe784f,69e8d5c81e5253b56cfe784f_1777664682367,,0,10,y1KpGXxPtuzLHSd8Lsl5,691434,2026-05-01 19:56:15.254,,0,0,50,50,1,false,1,abundance,1,15006,2026-05-01 19:56:28.807,1,50,2,0,0
69e8d5c81e5253b56cfe784f,69e8d5c81e5253b56cfe784f_1777664682367,,0,11,k1O6zXh0YrRwr2sLiQ1m,711446,2026-05-01 19:56:35.268,,0,0,50,50,1,false,1,abundance,1,15004,2026-05-01 19:56:48.817,1,50,1.8,0,0
69e8d5c81e5253b56cfe784f,69e8d5c81e5253b56cfe784f_1777664682367,,0,12,bvVT393oJs5NWGqY9Ytn,731461,2026-05-01 19:56:55.287,,0,0,50,50,1,false,1,abundance,1,15006,2026-05-01 19:57:08.834,1,50,1.6,0,0
69e8d5c81e5253b56cfe784f,69e8d5c81e5253b56cfe784f_1777664682367,,0,13,cAPykXgT1GgLL71dmg9G,751486,2026-05-01 19:57:15.307,,0,0,50,50,1,false,1,abundance,1,15004,2026-05-01 19:57:28.857,1,50,2,0,0
69e8d5c81e5253b56cfe784f,69e8d5c81e5253b56cfe784f_1777664682367,,0,14,JFGO4TJehjlaD7idsr9F,771508,2026-05-01 19:57:35.329,,0,0,50,50,1,false,1,abundance,1,15006,2026-05-01 19:57:48.881,1,50,1.6,0,0
69e8d5c81e5253b56cfe784f,69e8d5c81e5253b56cfe784f_1777664682367,,0,15,8RcMnXgMtkki3RpRo06X,791529,2026-05-01 19:57:55.349,,0,0,50,50,1,false,1,abundance,1,15009,2026-05-01 19:58:08.905,1,50,1.8,0,0
69e8d5c81e5253b56cfe784f,69e8d5c81e5253b56cfe784f_1777664682367,,0,16,qCeuQ6SxRK3z8eObQOAN,811554,2026-05-01 19:58:15.377,,0,0,50,50,1,false,1,abundance,1,15008,2026-05-01 19:58:28.929,1,50,2,0,0
69e8d5c81e5253b56cfe784f,69e8d5c81e5253b56cfe784f_1777664682367,,0,17,sJcUqtIE37KrskcBwPsj,831576,2026-05-01 19:58:35.396,,0,0,50,50,1,false,1,abundance,1,15009,2026-05-01 19:58:48.952,1,50,1.8,0,0
69e8d5c81e5253b56cfe784f,69e8d5c81e5253b56cfe784f_1777664682367,,0,18,6P3R3DoBK98O6FhKYVs0,851606,2026-05-01 19:58:55.430,,0,0,50,50,1,false,1,abundance,1,15010,2026-05-01 19:59:08.983,1,50,1.6,0,0
69e8d5c81e5253b56cfe784f,69e8d5c81e5253b56cfe784f_1777664682367,,0,19,uxhv4pny7T5kDgMITohV,871633,2026-05-01 19:59:15.454,,0,0,50,50,1,false,1,abundance,1,15006,2026-05-01 19:59:29.006,1,50,1.6,1,0
69e8d5c81e5253b56cfe784f,69e8d5c81e5253b56cfe784f_1777664682367,,0,20,VeRuQ3EHIHfCMPNwAnxM,891653,2026-05-01 19:59:35.478,,0,0,50,50,1,false,1,abundance,1,15004,2026-05-01 19:59:49.024,1,50,2,1,0
69e8d5c81e5253b56cfe784f,69e8d5c81e5253b56cfe784f_1777664682367,,0,21,wT2y2TcZvRx11uYOsJNF,911667,2026-05-01 19:59:55.488,,0,0,50,50,1,false,1,abundance,1,15006,2026-05-01 20:00:09.040,1,50,1.6,1,0
69e8d5c81e5253b56cfe784f,69e8d5c81e5253b56cfe784f_1777664682367,,0,22,k0BvMxXJWIXlAdfHhUzs,931676,2026-05-01 20:00:15.498,,0,0,50,50,1,false,1,abundance,1,15007,2026-05-01 20:00:29.050,1,50,1.8,1,0
69e8d5c81e5253b56cfe784f,69e8d5c81e5253b56cfe784f_1777664682367,,0,23,Of4cPF01qB3SS49x3ExO,951694,2026-05-01 20:00:35.521,,0,0,50,50,1,false,1,abundance,1,15006,2026-05-01 20:00:49.067,1,50,1.8,1,0
69e8d5c81e5253b56cfe784f,69e8d5c81e5253b56cfe784f_1777664682367,,0,24,3ABMEagEhCZB8Wu3RwKo,971723,2026-05-01 20:00:55.545,,0,0,50,50,1,false,1,abundance,1,15008,2026-05-01 20:01:09.098,1,50,1.6,1,0
69e8d5c81e5253b56cfe784f,69e8d5c81e5253b56cfe784f_1777664682367,,0,25,Dik6187EbQVV1yRGGNSN,991742,2026-05-01 20:01:15.564,,0,0,50,50,1,false,1,abundance,1,15005,2026-05-01 20:01:29.114,1,50,2,1,0
69e8d5c81e5253b56cfe784f,69e8d5c81e5253b56cfe784f_1777664682367,,0,26,3mQ7kCLCg9osZMYNrYd9,1011761,2026-05-01 20:01:35.585,,0,0,50,50,1,false,1,abundance,1,15003,2026-05-01 20:01:49.131,1,50,1.8,1,0
69e8d5c81e5253b56cfe784f,69e8d5c81e5253b56cfe784f_1777664682367,,0,27,nZue8VZLmBpeAHtGWObc,1031787,2026-05-01 20:01:55.609,,0,0,50,50,1,false,1,abundance,1,15008,2026-05-01 20:02:09.162,1,50,2,1,0
69e8d5c81e5253b56cfe784f,69e8d5c81e5253b56cfe784f_1777664682367,,0,28,mSB2EUfPC7JSLyabWr8J,1051812,2026-05-01 20:02:15.635,,0,0,50,50,1,false,1,abundance,1,15006,2026-05-01 20:02:29.185,1,50,2,0,0
69e8d5c81e5253b56cfe784f,69e8d5c81e5253b56cfe784f_1777664682367,,0,29,0HkjiUoN34U58fkdCz9E,1071836,2026-05-01 20:02:35.658,,0,0,50,50,1,false,1,abundance,1,15006,2026-05-01 20:02:49.209,1,50,1.8,0,0
69e8d5c81e5253b56cfe784f,69e8d5c81e5253b56cfe784f_1777664682367,,0,30,i7fOMSc06yQUmTLZweSl,1091856,2026-05-01 20:02:55.680,,0,0,50,50,1,false,1,abundance,1,15003,2026-05-01 20:03:09.226,1,50,1.8,0,0
69e8d5c81e5253b56cfe784f,69e8d5c81e5253b56cfe784f_1777664682367,,0,31,zGAE8OI3jFYwPsC3uu3K,1111877,2026-05-01 20:03:15.699,,0,0,50,50,1,false,1,abundance,1,15006,2026-05-01 20:03:29.250,1,50,1.6,0,0
69e8d5c81e5253b56cfe784f,69e8d5c81e5253b56cfe784f_1777664682367,,0,32,yKOo6w2n24uvv3iSBgNl,1131896,2026-05-01 20:03:35.719,,0,0,50,50,1,false,1,abundance,1,15004,2026-05-01 20:03:49.267,1,50,1.6,0,0
69e8d5c81e5253b56cfe784f,69e8d5c81e5253b56cfe784f_1777664682367,,0,33,63upYPqtQsfFTQLrty5R,1151911,2026-05-01 20:03:55.734,,0,0,50,50,1,false,1,abundance,1,15005,2026-05-01 20:04:09.283,1,50,1.6,0,0
69e8d5c81e5253b56cfe784f,69e8d5c81e5253b56cfe784f_1777664682367,,0,34,YEXbOgi6UGvEwLO2f80o,1171936,2026-05-01 20:04:15.760,,0,0,50,50,1,false,1,abundance,1,15004,2026-05-01 20:04:29.307,1,50,2,0,0
69e8d5c81e5253b56cfe784f,69e8d5c81e5253b56cfe784f_1777664682367,,0,35,iLYNRfHgWs3djTk3vWIU,1191951,2026-05-01 20:04:35.776,,0,0,50,50,1,false,1,abundance,1,15006,2026-05-01 20:04:49.324,1,50,2,0,0
69e8d5c81e5253b56cfe784f,69e8d5c81e5253b56cfe784f_1777664682367,,0,36,D3B68KFd9MT6G2zaieUk,1211967,2026-05-01 20:04:55.791,,0,0,50,50,1,false,1,abundance,1,15007,2026-05-01 20:05:09.341,1,50,1.8,0,0
69f24e4dade8b7caf6a64dc4,69f24e4dade8b7caf6a64dc4_1777666904259,,0,1,5y1QT5lJGm0HCZWmaTry,1162033,2026-05-01 20:41:06.762,,0,0,50,50,1,false,1,abundance,1,14907,2026-05-01 20:41:21.200,1,50,2,1,0
69f24e4dade8b7caf6a64dc4,69f24e4dade8b7caf6a64dc4_1777666904259,,1,1,syAAh08JrPh66yA9Kwuk,989912,2026-05-01 20:38:14.640,,0,0,50,50,1,true,1,abundance,1,6447,2026-05-01 20:38:20.619,0,50,1.2,1,0
69f24e4dade8b7caf6a64dc4,69f24e4dade8b7caf6a64dc4_1777666904259,,0,2,3VqXTexWXEzqyjL4V97d,1181964,2026-05-01 20:41:26.694,,0,0,50,50,1,false,1,abundance,1,15007,2026-05-01 20:41:41.231,1,50,1.8,1,0
69f24e4dade8b7caf6a64dc4,69f24e4dade8b7caf6a64dc4_1777666904259,,1,2,WGtvAQsWvCN4ZcRhYeI3,999365,2026-05-01 20:38:24.092,,0,0,50,50,1,true,1,abundance,1,10016,2026-05-01 20:38:33.641,1,50,1.6,1,0
69f24e4dade8b7caf6a64dc4,69f24e4dade8b7caf6a64dc4_1777666904259,,0,3,gMw09nJgRDNT1tEblQdH,1201979,2026-05-01 20:41:46.715,,0,0,50,50,1,false,1,abundance,1,15007,2026-05-01 20:42:01.246,1,50,1.8,1,0
69f24e4dade8b7caf6a64dc4,69f24e4dade8b7caf6a64dc4_1777666904259,,1,3,inDwbc9v2sDrPtLtk1kP,1014396,2026-05-01 20:38:39.121,,0,0,50,50,1,true,1,abundance,1,10020,2026-05-01 20:38:48.676,1,50,1.2,0,0
69f24e4dade8b7caf6a64dc4,69f24e4dade8b7caf6a64dc4_1777666904259,,1,4,vJxI62jDorRe0vR1fqWF,1029435,2026-05-01 20:38:54.164,,0,0,50,50,1,true,1,abundance,1,10006,2026-05-01 20:39:03.701,1,50,1.4,1,0
69f24e4dade8b7caf6a64dc4,69f24e4dade8b7caf6a64dc4_1777666904259,,0,4,zuIfOBU3Ta9cNdrnQhm8,1222003,2026-05-01 20:42:06.736,,0,0,50,50,1,false,1,abundance,1,15013,2026-05-01 20:42:21.276,1,50,1.6,1,0
69f24e4dade8b7caf6a64dc4,69f24e4dade8b7caf6a64dc4_1777666904259,,0,5,1FPmtcgF11CZjyZDyrQb,1242042,2026-05-01 20:42:26.779,,0,0,50,50,1,false,1,abundance,1,15007,2026-05-01 20:42:41.309,1,50,1.6,1,0
69f24e4dade8b7caf6a64dc4,69f24e4dade8b7caf6a64dc4_1777666904259,,1,5,Zso88VdI684kQiimADqW,1044457,2026-05-01 20:39:09.184,,0,0,50,50,1,true,1,abundance,1,10014,2026-05-01 20:39:18.731,1,50,1.2,0,0
69f24e4dade8b7caf6a64dc4,69f24e4dade8b7caf6a64dc4_1777666904259,,0,6,7n07yvrw4inQM6UFqMrP,1262071,2026-05-01 20:42:46.803,,0,0,50,50,1,false,1,abundance,1,15006,2026-05-01 20:43:01.337,1,50,2,1,0
69f24e4dade8b7caf6a64dc4,69f24e4dade8b7caf6a64dc4_1777666904259,,1,6,waYrareQkJk9b4hbkyfR,1059483,2026-05-01 20:39:24.214,,0,0,50,50,1,true,1,abundance,1,10008,2026-05-01 20:39:33.751,1,50,1.4,1,0
69f24e4dade8b7caf6a64dc4,69f24e4dade8b7caf6a64dc4_1777666904259,,0,7,OvbWmKZ4CBdDRezEkt1G,1282080,2026-05-01 20:43:06.813,,0,0,50,50,1,false,1,abundance,1,15009,2026-05-01 20:43:21.349,1,50,1.6,1,0
69f24e4dade8b7caf6a64dc4,69f24e4dade8b7caf6a64dc4_1777666904259,,1,7,zSQXcPIda2lY75nkZND8,1074497,2026-05-01 20:39:39.224,,0,0,50,50,1,true,1,abundance,1,10013,2026-05-01 20:39:48.770,1,50,1.4,0,0
69f24e4dade8b7caf6a64dc4,69f24e4dade8b7caf6a64dc4_1777666904259,,1,8,1OLjcq5NUu1qEkWLyDjo,1089533,2026-05-01 20:39:54.270,,0,0,50,50,1,true,1,abundance,1,10013,2026-05-01 20:40:03.806,1,50,1.2,1,0
69f24e4dade8b7caf6a64dc4,69f24e4dade8b7caf6a64dc4_1777666904259,,0,8,BQ5GdFXAZO14bO2ka6SG,1302104,2026-05-01 20:43:26.841,,0,0,50,50,1,false,1,abundance,1,15006,2026-05-01 20:43:41.370,1,50,1.8,1,0
69f24e4dade8b7caf6a64dc4,69f24e4dade8b7caf6a64dc4_1777666904259,,1,9,2smJxAYjMhIVraFbcFpI,1104565,2026-05-01 20:40:09.317,,0,0,50,50,1,true,1,abundance,1,10006,2026-05-01 20:40:18.831,1,50,1.4,0,0
69f24e4dade8b7caf6a64dc4,69f24e4dade8b7caf6a64dc4_1777666904259,,0,9,fnEOSn1vdmk3HJGP85jx,1322128,2026-05-01 20:43:46.859,,0,0,50,50,1,false,1,abundance,1,15013,2026-05-01 20:44:01.401,1,50,2,1,0
69f24e4dade8b7caf6a64dc4,69f24e4dade8b7caf6a64dc4_1777666904259,,1,10,1De1Gc9rLYoo4vuuaIWR,1119582,2026-05-01 20:40:24.310,,0,0,50,50,1,true,1,abundance,1,10008,2026-05-01 20:40:33.850,1,50,1.6,0,0
69f24e4dade8b7caf6a64dc4,69f24e4dade8b7caf6a64dc4_1777666904259,,0,10,s1tOEvyYJdrSH8FH9iPM,1342160,2026-05-01 20:44:06.892,,0,0,50,50,1,false,1,abundance,1,15007,2026-05-01 20:44:21.427,1,50,1.6,0,0
69f24e4dade8b7caf6a64dc4,69f24e4dade8b7caf6a64dc4_1777666904259,,0,11,MHQfbBRh9aKTPcML60WT,1362177,2026-05-01 20:44:26.917,,0,0,50,50,1,false,1,abundance,1,15009,2026-05-01 20:44:41.446,1,50,1.6,0,0
69f24e4dade8b7caf6a64dc4,69f24e4dade8b7caf6a64dc4_1777666904259,,0,12,u2azBcqPGsKmt4CkyvUS,1382204,2026-05-01 20:44:46.945,,0,0,50,50,1,false,1,abundance,1,15014,2026-05-01 20:45:01.478,1,50,2,0,0
69f24e4dade8b7caf6a64dc4,69f24e4dade8b7caf6a64dc4_1777666904259,,0,13,GGZc9qfnJJ3hoJP04o4N,1402222,2026-05-01 20:45:06.955,,0,0,50,50,1,false,1,abundance,1,15011,2026-05-01 20:45:21.493,1,50,1.8,0,0
69f24e4dade8b7caf6a64dc4,69f24e4dade8b7caf6a64dc4_1777666904259,,0,14,UzP1b7NnadpSAgQAPrCq,1422250,2026-05-01 20:45:26.985,,0,0,50,50,1,false,1,abundance,1,15014,2026-05-01 20:45:41.524,1,50,1.6,0,0
69f24e4dade8b7caf6a64dc4,69f24e4dade8b7caf6a64dc4_1777666904259,,0,15,ousBJ2lwVPA3Iog9yR4f,1442278,2026-05-01 20:45:47.012,,0,0,50,50,1,false,1,abundance,1,15013,2026-05-01 20:46:01.551,1,50,1.8,0,0
69f24e4dade8b7caf6a64dc4,69f24e4dade8b7caf6a64dc4_1777666904259,,0,16,jMtHsSGfBa4p9wzb7hQT,1462297,2026-05-01 20:46:07.033,,0,0,50,50,1,false,1,abundance,1,15009,2026-05-01 20:46:21.566,1,50,2,0,0
69f24e4dade8b7caf6a64dc4,69f24e4dade8b7caf6a64dc4_1777666904259,,0,17,DfAW9X81C48yfyCNUw09,1482309,2026-05-01 20:46:27.046,,0,0,50,50,1,false,1,abundance,1,15016,2026-05-01 20:46:41.585,1,50,1.8,0,0
69f24e4dade8b7caf6a64dc4,69f24e4dade8b7caf6a64dc4_1777666904259,,0,18,C76BAmi0wdJiP3Do3KaX,1502348,2026-05-01 20:46:47.083,,0,0,50,50,1,false,1,abundance,1,15007,2026-05-01 20:47:01.615,1,50,2,0,0
69f24e4dade8b7caf6a64dc4,69f24e4dade8b7caf6a64dc4_1777666904259,,0,19,7mqlpa6ohkI5H3n0m6KZ,1522378,2026-05-01 20:47:07.119,,0,0,50,50,1,false,1,abundance,1,15009,2026-05-01 20:47:21.647,1,50,1.6,1,0
69f24e4dade8b7caf6a64dc4,69f24e4dade8b7caf6a64dc4_1777666904259,,0,20,mRKDOc4M8K7bP4C3BGMJ,1542411,2026-05-01 20:47:27.150,,0,0,50,50,1,false,1,abundance,1,15007,2026-05-01 20:47:41.678,1,50,1.8,1,0
69f24e4dade8b7caf6a64dc4,69f24e4dade8b7caf6a64dc4_1777666904259,,0,21,pI6AuM8YcD8ffGpWLO0s,1562431,2026-05-01 20:47:47.170,,0,0,50,50,1,false,1,abundance,1,15009,2026-05-01 20:48:01.700,1,50,2,1,0
69f24e4dade8b7caf6a64dc4,69f24e4dade8b7caf6a64dc4_1777666904259,,0,22,FZ2UjKHOrfayZTmrjAwR,1582446,2026-05-01 20:48:07.184,,0,0,50,50,1,false,1,abundance,1,15010,2026-05-01 20:48:21.716,1,50,1.6,1,0
69f24e4dade8b7caf6a64dc4,69f24e4dade8b7caf6a64dc4_1777666904259,,0,23,rYuArlNDAEy2bgrOmQXc,1602477,2026-05-01 20:48:27.213,,0,0,50,50,1,false,1,abundance,1,15015,2026-05-01 20:48:41.752,1,50,1.8,1,0
69f24e4dade8b7caf6a64dc4,69f24e4dade8b7caf6a64dc4_1777666904259,,0,24,yCr6qU4Q8rMoN0En3Hon,1622501,2026-05-01 20:48:47.240,,0,0,50,50,1,false,1,abundance,1,15009,2026-05-01 20:49:01.770,1,50,1.8,1,0
69f24e4dade8b7caf6a64dc4,69f24e4dade8b7caf6a64dc4_1777666904259,,0,25,2fLdgO7f1hFxzKKVdQFl,1642527,2026-05-01 20:49:07.266,,0,0,50,50,1,false,1,abundance,1,15014,2026-05-01 20:49:21.801,1,50,1.6,1,0
69f24e4dade8b7caf6a64dc4,69f24e4dade8b7caf6a64dc4_1777666904259,,0,26,PMXWMlcDSLZVLD9emuNP,1662563,2026-05-01 20:49:27.302,,0,0,50,50,1,false,1,abundance,1,15009,2026-05-01 20:49:41.832,1,50,2,1,0
69f24e4dade8b7caf6a64dc4,69f24e4dade8b7caf6a64dc4_1777666904259,,0,27,PkaOOKJThXGq9Qk9JtQP,1682592,2026-05-01 20:49:47.330,,0,0,50,50,1,false,1,abundance,1,15012,2026-05-01 20:50:01.864,1,50,2,1,0
69f24e4dade8b7caf6a64dc4,69f24e4dade8b7caf6a64dc4_1777666904259,,0,28,TsrIkScCTgRmje84pC9D,1702623,2026-05-01 20:50:07.363,,0,0,50,50,1,false,1,abundance,1,15007,2026-05-01 20:50:21.890,1,50,1.6,0,0
69f24e4dade8b7caf6a64dc4,69f24e4dade8b7caf6a64dc4_1777666904259,,0,29,nunkUKvySUFH0NGdEJfh,1722645,2026-05-01 20:50:27.388,,0,0,50,50,1,false,1,abundance,1,15005,2026-05-01 20:50:41.910,1,50,2,0,0
69f24e4dade8b7caf6a64dc4,69f24e4dade8b7caf6a64dc4_1777666904259,,0,30,6QMujggIaDdhH25cez4t,1742663,2026-05-01 20:50:47.403,,0,0,50,50,1,false,1,abundance,1,15005,2026-05-01 20:51:01.928,1,50,1.6,0,0
69f24e4dade8b7caf6a64dc4,69f24e4dade8b7caf6a64dc4_1777666904259,,0,31,dow37dA763UytcDskj57,1762684,2026-05-01 20:51:07.434,,0,0,50,50,1,false,1,abundance,1,15012,2026-05-01 20:51:21.956,1,50,1.8,0,0
69f24e4dade8b7caf6a64dc4,69f24e4dade8b7caf6a64dc4_1777666904259,,0,32,Eo6G7QGFSm4wY4fQUt9x,1782708,2026-05-01 20:51:27.458,,0,0,50,50,1,false,1,abundance,1,15008,2026-05-01 20:51:41.976,1,50,2,0,0
69f24e4dade8b7caf6a64dc4,69f24e4dade8b7caf6a64dc4_1777666904259,,0,33,mmklwv1TO2ZkQNri8rHQ,1802737,2026-05-01 20:51:47.481,,0,0,50,50,1,false,1,abundance,1,15005,2026-05-01 20:52:02.002,1,50,1.8,0,0
69f24e4dade8b7caf6a64dc4,69f24e4dade8b7caf6a64dc4_1777666904259,,0,34,bsGPBnv4RwJiFSr51ptj,1822747,2026-05-01 20:52:07.489,,0,0,50,50,1,false,1,abundance,1,15010,2026-05-01 20:52:22.017,1,50,2,0,0
69f24e4dade8b7caf6a64dc4,69f24e4dade8b7caf6a64dc4_1777666904259,,0,35,vanD43N5GD5cA8mit7c7,1842787,2026-05-01 20:52:27.530,,0,0,50,50,1,false,1,abundance,1,15013,2026-05-01 20:52:42.060,1,50,1.6,0,0
69f24e4dade8b7caf6a64dc4,69f24e4dade8b7caf6a64dc4_1777666904259,,0,36,5niVMdKc3hZXgdQdd3XO,1862814,2026-05-01 20:52:47.555,,0,0,50,50,1,false,1,abundance,1,15005,2026-05-01 20:53:02.079,1,50,1.8,0,0
69f25f4441180ef1a098b1d7,69f25f4441180ef1a098b1d7_1777664609029,,0,1,6th83HPqbTb8Iv3A0vIt,434938,2026-05-01 19:50:42.795,,0,0,50,50,1,false,1,abundance,1,14909,2026-05-01 19:50:58.876,1,50,1.6,1,0
69f25f4441180ef1a098b1d7,69f25f4441180ef1a098b1d7_1777664609029,,1,1,cftOhHPgVa0KpjaopPLj,270947,2026-05-01 19:47:58.803,,0,0,50,50,1,true,1,abundance,1,9918,2026-05-01 19:48:09.894,1,50,1.6,0,0
69f25f4441180ef1a098b1d7,69f25f4441180ef1a098b1d7_1777664609029,,1,2,CZMWxjmWlrs1hQ1Lf0Xi,285880,2026-05-01 19:48:13.771,,0,0,50,50,1,true,1,abundance,1,10009,2026-05-01 19:48:24.918,1,50,1.4,0,0
69f25f4441180ef1a098b1d7,69f25f4441180ef1a098b1d7_1777664609029,,0,2,J5pNQ4VIlrUMYmx1J1sJ,454872,2026-05-01 19:51:02.730,,0,0,50,50,1,false,1,abundance,1,15024,2026-05-01 19:51:18.925,1,50,1.8,1,0
69f25f4441180ef1a098b1d7,69f25f4441180ef1a098b1d7_1777664609029,,0,3,NW5NXxjZKKINodJO1cSG,474924,2026-05-01 19:51:22.783,,0,0,50,50,1,false,1,abundance,1,15009,2026-05-01 19:51:38.962,1,50,2,1,0
69f25f4441180ef1a098b1d7,69f25f4441180ef1a098b1d7_1777664609029,,1,3,iVZkiwM9axyBRMgNP3Fk,300906,2026-05-01 19:48:28.763,,0,0,50,50,1,true,1,abundance,1,10016,2026-05-01 19:48:39.951,1,50,1.4,1,0
69f25f4441180ef1a098b1d7,69f25f4441180ef1a098b1d7_1777664609029,,1,4,NCtiF9o100VtLDhH8aJF,315933,2026-05-01 19:48:43.789,,0,0,50,50,1,true,1,abundance,1,10017,2026-05-01 19:48:54.979,1,50,1.2,1,0
69f25f4441180ef1a098b1d7,69f25f4441180ef1a098b1d7_1777664609029,,0,4,Y00WIrKwUULhjAdG3Buw,495037,2026-05-01 19:51:42.910,,0,0,50,50,1,false,1,abundance,1,15032,2026-05-01 19:51:59.098,1,50,2,1,0
69f25f4441180ef1a098b1d7,69f25f4441180ef1a098b1d7_1777664609029,,0,5,91jw2tshRSoWDjU5YOci,515091,2026-05-01 19:52:02.974,,0,0,50,50,1,false,1,abundance,1,15015,2026-05-01 19:52:19.135,1,50,1.8,1,0
69f25f4441180ef1a098b1d7,69f25f4441180ef1a098b1d7_1777664609029,,1,5,n0SR1JjaBGZpjZyXhIyw,331050,2026-05-01 19:48:58.906,,0,0,50,50,1,true,1,abundance,1,10008,2026-05-01 19:49:10.087,1,50,1.4,0,0
69f25f4441180ef1a098b1d7,69f25f4441180ef1a098b1d7_1777664609029,,1,6,222Qq0dBi5HEj3HBJEIv,346074,2026-05-01 19:49:13.939,,0,0,50,50,1,true,1,abundance,1,10016,2026-05-01 19:49:25.119,1,50,1.6,1,0
69f25f4441180ef1a098b1d7,69f25f4441180ef1a098b1d7_1777664609029,,0,6,Gf6nTYM2fSxds3ejbH8E,535210,2026-05-01 19:52:23.072,,0,0,50,50,1,false,1,abundance,1,15037,2026-05-01 19:52:39.276,1,50,1.6,1,0
69f25f4441180ef1a098b1d7,69f25f4441180ef1a098b1d7_1777664609029,,0,7,QEy5dQfya4qrryQyMchr,555301,2026-05-01 19:52:43.182,,0,0,50,50,1,false,1,abundance,1,15020,2026-05-01 19:52:59.350,1,50,2,1,0
69f25f4441180ef1a098b1d7,69f25f4441180ef1a098b1d7_1777664609029,,1,7,sd0QxqRcQsEc6teE0fvz,361099,2026-05-01 19:49:28.957,,0,0,50,50,1,true,1,abundance,1,10007,2026-05-01 19:49:40.135,1,50,1.4,1,0
69f25f4441180ef1a098b1d7,69f25f4441180ef1a098b1d7_1777664609029,,0,8,8kLdZj5kHf331gAyHbBy,575379,2026-05-01 19:53:03.240,,0,0,50,50,1,false,1,abundance,1,15019,2026-05-01 19:53:19.427,1,50,1.6,1,0
69f25f4441180ef1a098b1d7,69f25f4441180ef1a098b1d7_1777664609029,,1,8,PUQ8RDAP9blCp8vCP3ry,376121,2026-05-01 19:49:43.978,,0,0,50,50,1,true,1,abundance,1,10029,2026-05-01 19:49:55.179,1,50,1.2,1,0
69f25f4441180ef1a098b1d7,69f25f4441180ef1a098b1d7_1777664609029,,0,9,80CFMVQ1wziS10FQ0p8D,595424,2026-05-01 19:53:23.285,,0,0,50,50,1,false,1,abundance,1,15011,2026-05-01 19:53:39.464,1,50,1.8,1,0
69f25f4441180ef1a098b1d7,69f25f4441180ef1a098b1d7_1777664609029,,1,9,F3ZOGOK0Oj192isIO4OL,391193,2026-05-01 19:49:59.053,,0,0,50,50,1,true,1,abundance,1,10019,2026-05-01 19:50:10.241,1,50,1.2,0,0
69f25f4441180ef1a098b1d7,69f25f4441180ef1a098b1d7_1777664609029,,1,10,edOHqa1XSpjR5zHhlDpz,406237,2026-05-01 19:50:14.098,,0,0,50,50,1,true,1,abundance,1,10010,2026-05-01 19:50:25.276,1,50,1.2,0,0
69f25f4441180ef1a098b1d7,69f25f4441180ef1a098b1d7_1777664609029,,0,10,hP4U6wou6zlCilxdI8fF,615557,2026-05-01 19:53:43.419,,0,0,50,50,1,false,1,abundance,1,15009,2026-05-01 19:53:59.595,1,50,1.6,0,0
69f25f4441180ef1a098b1d7,69f25f4441180ef1a098b1d7_1777664609029,,0,11,LXv9QNXQJTDtdBRHiqzV,635765,2026-05-01 19:54:03.626,,0,0,50,50,1,false,1,abundance,1,15016,2026-05-01 19:54:19.810,1,50,1.6,0,0
69f25f4441180ef1a098b1d7,69f25f4441180ef1a098b1d7_1777664609029,,0,12,dbiHDlfZZAZBaHOqjOzb,655893,2026-05-01 19:54:23.754,,0,0,50,50,1,false,1,abundance,1,15021,2026-05-01 19:54:39.943,1,50,2,0,0
69f25f4441180ef1a098b1d7,69f25f4441180ef1a098b1d7_1777664609029,,0,13,wdj414C664xpHOjxGlmS,675942,2026-05-01 19:54:43.813,,0,0,50,50,1,false,1,abundance,1,15021,2026-05-01 19:54:59.992,1,50,1.8,0,0
69f25f4441180ef1a098b1d7,69f25f4441180ef1a098b1d7_1777664609029,,0,14,TtpymaRUiWmEsI0X97Tk,695995,2026-05-01 19:55:03.858,,0,0,50,50,1,false,1,abundance,1,15010,2026-05-01 19:55:20.034,1,50,2,0,0
69f25f4441180ef1a098b1d7,69f25f4441180ef1a098b1d7_1777664609029,,0,15,4I7EwN9MmbSvSPpDFkHu,716116,2026-05-01 19:55:23.979,,0,0,50,50,1,false,1,abundance,1,15016,2026-05-01 19:55:40.161,1,50,1.8,0,0
69f25f4441180ef1a098b1d7,69f25f4441180ef1a098b1d7_1777664609029,,0,16,VikhVGsfIVySeZHlhEZg,736168,2026-05-01 19:55:44.032,,0,0,50,50,1,false,1,abundance,1,15025,2026-05-01 19:56:00.222,1,50,2,0,0
69f25f4441180ef1a098b1d7,69f25f4441180ef1a098b1d7_1777664609029,,0,17,WPB5xe98qsohs3pIuagb,756294,2026-05-01 19:56:04.158,,0,0,50,50,1,false,1,abundance,1,15017,2026-05-01 19:56:20.340,1,50,1.6,0,0
69f25f4441180ef1a098b1d7,69f25f4441180ef1a098b1d7_1777664609029,,0,18,Elb21DYgUPWxwWrDxt6F,776363,2026-05-01 19:56:24.226,,0,0,50,50,1,false,1,abundance,1,15017,2026-05-01 19:56:40.409,1,50,1.8,0,0
69f25f4441180ef1a098b1d7,69f25f4441180ef1a098b1d7_1777664609029,,0,19,Kwz2V3stk3PHfiaqKEaR,796408,2026-05-01 19:56:44.274,,0,0,50,50,1,false,1,abundance,1,15043,2026-05-01 19:57:00.480,1,50,1.6,1,0
69f25f4441180ef1a098b1d7,69f25f4441180ef1a098b1d7_1777664609029,,0,20,efHPLkuz9wkvOVOaL7BS,816546,2026-05-01 19:57:04.412,,0,0,50,50,1,false,1,abundance,1,15010,2026-05-01 19:57:20.585,1,50,1.6,1,0
69f25f4441180ef1a098b1d7,69f25f4441180ef1a098b1d7_1777664609029,,0,21,npFfqyxAzUVWGBXto9Ka,836657,2026-05-01 19:57:24.523,,0,0,50,50,1,false,1,abundance,1,15041,2026-05-01 19:57:40.727,1,50,1.8,1,0
69f25f4441180ef1a098b1d7,69f25f4441180ef1a098b1d7_1777664609029,,0,22,nVSPuIY35xg0HoOpMHM1,856747,2026-05-01 19:57:44.676,,0,0,50,50,1,false,1,abundance,1,15019,2026-05-01 19:58:00.795,1,50,2,1,0
69f25f4441180ef1a098b1d7,69f25f4441180ef1a098b1d7_1777664609029,,0,23,qgjVJJrnkXyVh1OdWdbm,876822,2026-05-01 19:58:04.689,,0,0,50,50,1,false,1,abundance,1,15038,2026-05-01 19:58:20.889,1,50,1.6,1,0
69f25f4441180ef1a098b1d7,69f25f4441180ef1a098b1d7_1777664609029,,0,24,uLvPf7zYLMrAqjqBJPzM,896886,2026-05-01 19:58:24.751,,0,0,50,50,1,false,1,abundance,1,15011,2026-05-01 19:58:40.926,1,50,1.8,1,0
69f25f4441180ef1a098b1d7,69f25f4441180ef1a098b1d7_1777664609029,,0,25,yoEDIUAWayyl7i7PT1Np,916987,2026-05-01 19:58:44.853,,0,0,50,50,1,false,1,abundance,1,15023,2026-05-01 19:59:01.039,1,50,2,1,0
69f25f4441180ef1a098b1d7,69f25f4441180ef1a098b1d7_1777664609029,,0,26,ZRG3xgSDRjTF5gdVZkkK,937077,2026-05-01 19:59:04.943,,0,0,50,50,1,false,1,abundance,1,15015,2026-05-01 19:59:21.121,1,50,2,1,0
69f25f4441180ef1a098b1d7,69f25f4441180ef1a098b1d7_1777664609029,,0,27,fG0Q61eN6N0cTFlAZc1n,957123,2026-05-01 19:59:24.991,,0,0,50,50,1,false,1,abundance,1,15038,2026-05-01 19:59:41.190,1,50,1.8,1,0
69f25f4441180ef1a098b1d7,69f25f4441180ef1a098b1d7_1777664609029,,0,28,0BeIOIo9w6oeqBfVdClT,977218,2026-05-01 19:59:45.085,,0,0,50,50,1,false,1,abundance,1,15016,2026-05-01 20:00:01.263,1,50,2,0,0
69f25f4441180ef1a098b1d7,69f25f4441180ef1a098b1d7_1777664609029,,0,29,XeLCHFfudrJIdZINxuWl,997325,2026-05-01 20:00:05.190,,0,0,50,50,1,false,1,abundance,1,15013,2026-05-01 20:00:21.367,1,50,2,0,0
69f25f4441180ef1a098b1d7,69f25f4441180ef1a098b1d7_1777664609029,,0,30,XDQHqHfTJ2VsD1yzlwT1,1017348,2026-05-01 20:00:25.217,,0,0,50,50,1,false,1,abundance,1,15011,2026-05-01 20:00:41.388,1,50,1.6,0,0
69f25f4441180ef1a098b1d7,69f25f4441180ef1a098b1d7_1777664609029,,0,31,729WoS8pHbSvDYX9YwVp,1037371,2026-05-01 20:00:45.240,,0,0,50,50,1,false,1,abundance,1,15017,2026-05-01 20:01:01.417,1,50,1.6,0,0
69f25f4441180ef1a098b1d7,69f25f4441180ef1a098b1d7_1777664609029,,0,32,SadRImh91os2lw7sTkbk,1057404,2026-05-01 20:01:05.272,,0,0,50,50,1,false,1,abundance,1,15012,2026-05-01 20:01:21.445,1,50,1.8,0,0
69f25f4441180ef1a098b1d7,69f25f4441180ef1a098b1d7_1777664609029,,0,33,6b79miXhntfxzJ12SQ4b,1077429,2026-05-01 20:01:25.323,,0,0,50,50,1,false,1,abundance,1,15012,2026-05-01 20:01:41.470,1,50,1.8,0,0
69f25f4441180ef1a098b1d7,69f25f4441180ef1a098b1d7_1777664609029,,0,34,IkCQ72nMHuKlyA5WVPDQ,1097448,2026-05-01 20:01:45.317,,0,0,50,50,1,false,1,abundance,1,15013,2026-05-01 20:02:01.490,1,50,1.8,0,0
69f25f4441180ef1a098b1d7,69f25f4441180ef1a098b1d7_1777664609029,,0,35,igvjQO6BOWfgTIx1f6zA,1117469,2026-05-01 20:02:05.342,,0,0,50,50,1,false,1,abundance,1,15021,2026-05-01 20:02:21.519,1,50,1.6,0,0
69f25f4441180ef1a098b1d7,69f25f4441180ef1a098b1d7_1777664609029,,0,36,EynAjbCCcuyj4RdpzA0V,1137508,2026-05-01 20:02:25.379,,0,0,50,50,1,false,1,abundance,1,15021,2026-05-01 20:02:41.558,1,50,2,0,0
69f2fa609904d03393fd6cd1,69f2fa609904d03393fd6cd1_1777664737057,,1,1,AlHmRwGnGMhdGCAPK4yJ,319272,2026-05-01 19:50:56.556,,0,0,50,50,1,true,1,abundance,1,9932,2026-05-01 19:51:06.261,1,50,1.4,0,0
69f2fa609904d03393fd6cd1,69f2fa609904d03393fd6cd1_1777664737057,,0,1,EHQuu0GhLOd5pi37YhkU,496614,2026-05-01 19:53:53.989,,0,0,50,50,1,false,1,abundance,1,14905,2026-05-01 19:54:08.576,1,50,1.6,1,0
69f2fa609904d03393fd6cd1,69f2fa609904d03393fd6cd1_1777664737057,,1,2,Ds8yJrevGwsQ4eASjB5k,334213,2026-05-01 19:51:11.509,,0,0,50,50,1,true,1,abundance,1,10005,2026-05-01 19:51:21.275,1,50,1.6,1,0
69f2fa609904d03393fd6cd1,69f2fa609904d03393fd6cd1_1777664737057,,0,2,WcDKqBXUTbY985E1EJ5F,516526,2026-05-01 19:54:13.823,,0,0,50,50,1,false,1,abundance,1,15004,2026-05-01 19:54:28.587,1,50,1.8,1,0
69f2fa609904d03393fd6cd1,69f2fa609904d03393fd6cd1_1777664737057,,1,3,YfEvWt1phl4ZXM1Wzkcz,349219,2026-05-01 19:51:26.506,,0,0,50,50,1,true,1,abundance,1,10004,2026-05-01 19:51:36.280,1,50,1.2,1,0
69f2fa609904d03393fd6cd1,69f2fa609904d03393fd6cd1_1777664737057,,0,3,inDfOe1XGmSINCBy96z2,536534,2026-05-01 19:54:33.829,,0,0,50,50,1,false,1,abundance,1,15003,2026-05-01 19:54:48.594,1,50,1.8,1,0
69f2fa609904d03393fd6cd1,69f2fa609904d03393fd6cd1_1777664737057,,1,4,GKXQhi9t30IIDnIH9XqJ,364226,2026-05-01 19:51:41.514,,0,0,50,50,1,true,1,abundance,1,10005,2026-05-01 19:51:51.288,1,50,1.2,0,0
69f2fa609904d03393fd6cd1,69f2fa609904d03393fd6cd1_1777664737057,,0,4,ynWo1QZKHzflIMMvLi3C,556540,2026-05-01 19:54:53.833,,0,0,50,50,1,false,1,abundance,1,15004,2026-05-01 19:55:08.601,1,50,1.8,1,0
69f2fa609904d03393fd6cd1,69f2fa609904d03393fd6cd1_1777664737057,,0,5,biKXZ4peiRwlww6ZRn4q,576546,2026-05-01 19:55:13.847,,0,0,50,50,1,false,1,abundance,1,15004,2026-05-01 19:55:28.607,1,50,2,1,0
69f2fa609904d03393fd6cd1,69f2fa609904d03393fd6cd1_1777664737057,,1,5,jO4zMJYWzfUiBHbzmQvM,379235,2026-05-01 19:51:56.526,,0,0,50,50,1,true,1,abundance,1,10007,2026-05-01 19:52:06.299,1,50,1.4,1,0
69f2fa609904d03393fd6cd1,69f2fa609904d03393fd6cd1_1777664737057,,1,6,JKBjjqmsZZUXDm84deHA,394245,2026-05-01 19:52:11.535,,0,0,50,50,1,true,1,abundance,1,10004,2026-05-01 19:52:21.306,1,50,1.2,1,0
69f2fa609904d03393fd6cd1,69f2fa609904d03393fd6cd1_1777664737057,,0,6,yoQpPbJIdy8cxzpoXwE9,596552,2026-05-01 19:55:33.843,,0,0,50,50,1,false,1,abundance,1,15005,2026-05-01 19:55:48.614,1,50,2,1,0
69f2fa609904d03393fd6cd1,69f2fa609904d03393fd6cd1_1777664737057,,0,7,IcLH7vQ2O1dK1ZdveWJ5,616559,2026-05-01 19:55:53.854,,0,0,50,50,1,false,1,abundance,1,15011,2026-05-01 19:56:08.627,1,50,1.6,1,0
69f2fa609904d03393fd6cd1,69f2fa609904d03393fd6cd1_1777664737057,,1,7,chv4HswWN0o51jMs82sH,409251,2026-05-01 19:52:26.544,,0,0,50,50,1,true,1,abundance,1,10004,2026-05-01 19:52:36.312,1,50,1.6,0,0
69f2fa609904d03393fd6cd1,69f2fa609904d03393fd6cd1_1777664737057,,0,8,Rx5rKeqgIq8UrOw07TWD,636573,2026-05-01 19:56:13.869,,0,0,50,50,1,false,1,abundance,1,15005,2026-05-01 19:56:28.635,1,50,1.6,1,0
69f2fa609904d03393fd6cd1,69f2fa609904d03393fd6cd1_1777664737057,,1,8,xgpKqsPcrkJ7oNBQKiN5,424259,2026-05-01 19:52:41.553,,0,0,50,50,1,true,1,abundance,1,10004,2026-05-01 19:52:51.320,1,50,1.4,0,0
69f2fa609904d03393fd6cd1,69f2fa609904d03393fd6cd1_1777664737057,,1,9,eSfvVtIJvDCdxL2A9L7q,439266,2026-05-01 19:52:56.566,,0,0,50,50,1,true,1,abundance,1,10004,2026-05-01 19:53:06.327,1,50,1.2,0,0
69f2fa609904d03393fd6cd1,69f2fa609904d03393fd6cd1_1777664737057,,0,9,o0U0uY4R1f1RmtL2Y7u1,656582,2026-05-01 19:56:33.878,,0,0,50,50,1,false,1,abundance,1,15004,2026-05-01 19:56:48.643,1,50,2,1,0
69f2fa609904d03393fd6cd1,69f2fa609904d03393fd6cd1_1777664737057,,1,10,TIbx8crRt1lhs6gWYfJi,454273,2026-05-01 19:53:11.569,,0,0,50,50,1,true,1,abundance,1,10005,2026-05-01 19:53:21.335,1,50,1.4,1,0
69f2fa609904d03393fd6cd1,69f2fa609904d03393fd6cd1_1777664737057,,0,10,UfEs7CVjX86JYiraic3V,676589,2026-05-01 19:56:53.896,,0,0,50,50,1,false,1,abundance,1,15004,2026-05-01 19:57:08.650,1,50,1.8,0,0
69f2fa609904d03393fd6cd1,69f2fa609904d03393fd6cd1_1777664737057,,0,11,ZjnyVuCF471uoLSArrr2,696596,2026-05-01 19:57:13.902,,0,0,50,50,1,false,1,abundance,1,15004,2026-05-01 19:57:28.657,1,50,1.6,0,0
69f2fa609904d03393fd6cd1,69f2fa609904d03393fd6cd1_1777664737057,,0,12,UyDAs8SoSeaBmuwvYVkS,716602,2026-05-01 19:57:33.902,,0,0,50,50,1,false,1,abundance,1,15004,2026-05-01 19:57:48.663,1,50,1.8,0,0
69f2fa609904d03393fd6cd1,69f2fa609904d03393fd6cd1_1777664737057,,0,13,Wh7YONwZndQjIbrEdfPf,736608,2026-05-01 19:57:53.920,,0,0,50,50,1,false,1,abundance,1,15007,2026-05-01 19:58:08.672,1,50,2,0,0
69f2fa609904d03393fd6cd1,69f2fa609904d03393fd6cd1_1777664737057,,0,14,4mjmKsX8L3w8xacht2Iq,756617,2026-05-01 19:58:13.914,,0,0,50,50,1,false,1,abundance,1,15007,2026-05-01 19:58:28.681,1,50,2,0,0
69f2fa609904d03393fd6cd1,69f2fa609904d03393fd6cd1_1777664737057,,0,15,ej4u1ZqQrOp2huAHd2vq,776628,2026-05-01 19:58:33.932,,0,0,50,50,1,false,1,abundance,1,15005,2026-05-01 19:58:48.690,1,50,1.6,0,0
69f2fa609904d03393fd6cd1,69f2fa609904d03393fd6cd1_1777664737057,,0,16,SRRgohxJCYrRCPrylpHV,796635,2026-05-01 19:58:53.936,,0,0,50,50,1,false,1,abundance,1,15003,2026-05-01 19:59:08.695,1,50,1.6,0,0
69f2fa609904d03393fd6cd1,69f2fa609904d03393fd6cd1_1777664737057,,0,17,DJ4WGzfkL4RhFEXCkEMG,816641,2026-05-01 19:59:13.946,,0,0,50,50,1,false,1,abundance,1,15003,2026-05-01 19:59:28.701,1,50,2,0,0
69f2fa609904d03393fd6cd1,69f2fa609904d03393fd6cd1_1777664737057,,0,18,mOESynvRpS22ZguCHGiU,836646,2026-05-01 19:59:33.952,,0,0,50,50,1,false,1,abundance,1,15005,2026-05-01 19:59:48.708,1,50,1.8,0,0
69f2fa609904d03393fd6cd1,69f2fa609904d03393fd6cd1_1777664737057,,0,19,BJfnxPaEhrL15J3d5CpE,856654,2026-05-01 19:59:53.954,,0,0,50,50,1,false,1,abundance,1,15012,2026-05-01 20:00:08.723,1,50,1.6,1,0
69f2fa609904d03393fd6cd1,69f2fa609904d03393fd6cd1_1777664737057,,0,20,ZKjrWyoMqPxXoQTWjm4t,876668,2026-05-01 20:00:13.976,,0,0,50,50,1,false,1,abundance,1,15005,2026-05-01 20:00:28.730,1,50,1.6,1,0
69f2fa609904d03393fd6cd1,69f2fa609904d03393fd6cd1_1777664737057,,0,21,WoRAJ1tcU7wHIk90G7PF,896676,2026-05-01 20:00:33.981,,0,0,50,50,1,false,1,abundance,1,15004,2026-05-01 20:00:48.737,1,50,1.8,1,0
69f2fa609904d03393fd6cd1,69f2fa609904d03393fd6cd1_1777664737057,,0,22,mhlKcyOs4jk3eaYVabZv,916682,2026-05-01 20:00:54.010,,0,0,50,50,1,false,1,abundance,1,15004,2026-05-01 20:01:08.743,1,50,1.8,1,0
69f2fa609904d03393fd6cd1,69f2fa609904d03393fd6cd1_1777664737057,,0,23,zHMRKkveaJEPmpVfhhH2,936688,2026-05-01 20:01:14.001,,0,0,50,50,1,false,1,abundance,1,15003,2026-05-01 20:01:28.748,1,50,2,1,0
69f2fa609904d03393fd6cd1,69f2fa609904d03393fd6cd1_1777664737057,,0,24,9Rp7Gxe5ZtXwd57hZcgq,956694,2026-05-01 20:01:33.997,,0,0,50,50,1,false,1,abundance,1,15009,2026-05-01 20:01:48.760,1,50,2,1,0
69f2fa609904d03393fd6cd1,69f2fa609904d03393fd6cd1_1777664737057,,0,25,ti8gjDA0DASLqaI9QVGN,976706,2026-05-01 20:01:54.012,,0,0,50,50,1,false,1,abundance,1,15007,2026-05-01 20:02:08.770,1,50,1.8,1,0
69f2fa609904d03393fd6cd1,69f2fa609904d03393fd6cd1_1777664737057,,0,26,ux0Kg6Pu0X33yHVFGafc,996715,2026-05-01 20:02:14.021,,0,0,50,50,1,false,1,abundance,1,15005,2026-05-01 20:02:28.777,1,50,2,1,0
69f2fa609904d03393fd6cd1,69f2fa609904d03393fd6cd1_1777664737057,,0,27,7H1HntetNgpkRbDNIedf,1016723,2026-05-01 20:02:34.037,,0,0,50,50,1,false,1,abundance,1,15005,2026-05-01 20:02:48.785,1,50,1.6,1,0
69f2fa609904d03393fd6cd1,69f2fa609904d03393fd6cd1_1777664737057,,0,28,lijWdArEz4YH9EkwPcOr,1036730,2026-05-01 20:02:54.037,,0,0,50,50,1,false,1,abundance,1,15004,2026-05-01 20:03:08.791,1,50,1.8,0,0
69f2fa609904d03393fd6cd1,69f2fa609904d03393fd6cd1_1777664737057,,0,29,3N0dWtt25UwTG14FbV6W,1056736,2026-05-01 20:03:14.053,,0,0,50,50,1,false,1,abundance,1,15004,2026-05-01 20:03:28.797,1,50,2,0,0
69f2fa609904d03393fd6cd1,69f2fa609904d03393fd6cd1_1777664737057,,0,30,De54YmwmWSPqWCg00Djw,1076742,2026-05-01 20:03:34.051,,0,0,50,50,1,false,1,abundance,1,15004,2026-05-01 20:03:48.803,1,50,1.6,0,0
69f2fa609904d03393fd6cd1,69f2fa609904d03393fd6cd1_1777664737057,,0,31,W2yXcwQbo6CKNpZXzsV7,1096749,2026-05-01 20:03:54.063,,0,0,50,50,1,false,1,abundance,1,15004,2026-05-01 20:04:08.810,1,50,1.6,0,0
69f2fa609904d03393fd6cd1,69f2fa609904d03393fd6cd1_1777664737057,,0,32,OTayYwvNoAq2UxAZ2rZb,1116754,2026-05-01 20:04:14.064,,0,0,50,50,1,false,1,abundance,1,15004,2026-05-01 20:04:28.815,1,50,2,0,0
69f2fa609904d03393fd6cd1,69f2fa609904d03393fd6cd1_1777664737057,,0,33,TgNxrjkEIRXrWcId9uwt,1136761,2026-05-01 20:04:34.082,,0,0,50,50,1,false,1,abundance,1,15008,2026-05-01 20:04:48.826,1,50,1.6,0,0
69f2fa609904d03393fd6cd1,69f2fa609904d03393fd6cd1_1777664737057,,0,34,H6TcFrZn9mgWve3Gouj9,1156771,2026-05-01 20:04:54.077,,0,0,50,50,1,false,1,abundance,1,15003,2026-05-01 20:05:08.831,1,50,2,0,0
69f2fa609904d03393fd6cd1,69f2fa609904d03393fd6cd1_1777664737057,,0,35,obZdsEijuhjh9reUa0kr,1176776,2026-05-01 20:05:14.084,,0,0,50,50,1,false,1,abundance,1,15005,2026-05-01 20:05:28.838,1,50,1.8,0,0
69f2fa609904d03393fd6cd1,69f2fa609904d03393fd6cd1_1777664737057,,0,36,mYtHeAE0exuFSjkUV5KO,1196784,2026-05-01 20:05:34.100,,0,0,50,50,1,false,1,abundance,1,15004,2026-05-01 20:05:48.845,1,50,1.8,0,0
69f387595d8ffe70c7914f68,69f387595d8ffe70c7914f68_1777665106034,,1,1,4m5Gbg1FO39SIIf27nbm,1503153,2026-05-01 20:16:48.838,,0,0,50,50,1,true,1,abundance,1,5813,2026-05-01 20:16:55.000,0,50,1.4,0,0
69f387595d8ffe70c7914f68,69f387595d8ffe70c7914f68_1777665106034,,0,1,Ss6S893eXo7F2xvBYeIT,1705859,2026-05-01 20:20:11.744,,0,0,50,50,1,false,1,abundance,1,14917,2026-05-01 20:20:26.810,1,50,2,0,0
69f387595d8ffe70c7914f68,69f387595d8ffe70c7914f68_1777665106034,,1,2,btzZaVzWLUcZdYkgXlhP,1511987,2026-05-01 20:16:57.676,,0,0,50,50,1,true,1,abundance,1,10025,2026-05-01 20:17:08.046,1,50,1.6,1,0
69f387595d8ffe70c7914f68,69f387595d8ffe70c7914f68_1777665106034,,0,2,iaqeIG4xOrcyD5Hy7gHY,1725790,2026-05-01 20:20:31.856,,0,0,50,50,1,false,1,abundance,1,15011,2026-05-01 20:20:46.835,1,50,1.6,0,0
69f387595d8ffe70c7914f68,69f387595d8ffe70c7914f68_1777665106034,,0,3,KU008MLmWe8kjUKQq7A4,1745826,2026-05-01 20:20:51.548,,0,0,50,50,1,false,1,abundance,1,15011,2026-05-01 20:21:06.871,1,50,1.8,0,0
69f387595d8ffe70c7914f68,69f387595d8ffe70c7914f68_1777665106034,,1,3,tvbP6s6abo5KFTDPfyRF,1527025,2026-05-01 20:17:12.709,,0,0,50,50,1,true,1,abundance,1,10024,2026-05-01 20:17:23.083,1,50,1.6,0,0
69f387595d8ffe70c7914f68,69f387595d8ffe70c7914f68_1777665106034,,1,4,50IO9OlNjezyB8hpC9kZ,1542067,2026-05-01 20:17:27.832,,0,0,50,50,1,true,1,abundance,1,10018,2026-05-01 20:17:38.119,1,50,1.2,0,0
69f387595d8ffe70c7914f68,69f387595d8ffe70c7914f68_1777665106034,,0,4,970LHDNVEznU8f8KFNGH,1765846,2026-05-01 20:21:11.633,,0,0,50,50,1,false,1,abundance,1,15045,2026-05-01 20:21:26.925,1,50,1.8,0,0
69f387595d8ffe70c7914f68,69f387595d8ffe70c7914f68_1777665106034,,1,5,5ytdKLygO4s2AfYt0lhx,1557110,2026-05-01 20:17:42.806,,0,0,50,50,1,true,1,abundance,1,10021,2026-05-01 20:17:53.165,1,50,1.2,1,0
69f387595d8ffe70c7914f68,69f387595d8ffe70c7914f68_1777665106034,,0,5,G82WhXBph156OTXiK3ez,1785917,2026-05-01 20:21:31.575,,0,0,50,50,1,false,1,abundance,1,15011,2026-05-01 20:21:46.962,1,50,1.8,0,0
69f387595d8ffe70c7914f68,69f387595d8ffe70c7914f68_1777665106034,,1,6,5jgVuoUiAyFesuOVjCzW,1572159,2026-05-01 20:17:57.844,,0,0,50,50,1,true,1,abundance,1,10012,2026-05-01 20:18:08.205,1,50,1.4,1,0
69f387595d8ffe70c7914f68,69f387595d8ffe70c7914f68_1777665106034,,0,6,kbKblBAG4rJHK5uAh7v7,1805932,2026-05-01 20:21:51.681,,0,0,50,50,1,false,1,abundance,1,15010,2026-05-01 20:22:06.976,1,50,1.6,0,0
69f387595d8ffe70c7914f68,69f387595d8ffe70c7914f68_1777665106034,,1,7,QOfgZKkKdivwFo22FXSJ,1587185,2026-05-01 20:18:12.870,,0,0,50,50,1,true,1,abundance,1,10025,2026-05-01 20:18:23.244,1,50,1.4,0,0
69f387595d8ffe70c7914f68,69f387595d8ffe70c7914f68_1777665106034,,0,7,bGk8FSrlElsLQiQPAzEj,1825953,2026-05-01 20:22:11.627,,0,0,50,50,1,false,1,abundance,1,15016,2026-05-01 20:22:27.003,1,50,2,0,0
69f387595d8ffe70c7914f68,69f387595d8ffe70c7914f68_1777665106034,,1,8,UJ8rIkInwCMQfu1gXhWF,1602229,2026-05-01 20:18:28.000,,0,0,50,50,1,true,1,abundance,1,10022,2026-05-01 20:18:38.285,1,50,1.2,0,0
69f387595d8ffe70c7914f68,69f387595d8ffe70c7914f68_1777665106034,,0,8,sgtvqr3Z7gHOpgIDDtlu,1845986,2026-05-01 20:22:31.824,,0,0,50,50,1,false,1,abundance,1,15017,2026-05-01 20:22:47.037,1,50,1.6,0,0
69f387595d8ffe70c7914f68,69f387595d8ffe70c7914f68_1777665106034,,1,9,BAUAg0Y9nE6K7v39BkoK,1617266,2026-05-01 20:18:42.960,,0,0,50,50,1,true,1,abundance,1,10022,2026-05-01 20:18:53.322,1,50,1.2,1,0
69f387595d8ffe70c7914f68,69f387595d8ffe70c7914f68_1777665106034,,0,9,icluTC4hVDvVequBksll,1866016,2026-05-01 20:22:51.790,,0,0,50,50,1,false,1,abundance,1,15025,2026-05-01 20:23:07.075,1,50,2,0,0
69f387595d8ffe70c7914f68,69f387595d8ffe70c7914f68_1777665106034,,0,10,62X5wOwWWZJ90Xhnslj4,1886067,2026-05-01 20:23:12.366,,0,0,50,50,1,false,1,abundance,1,15013,2026-05-01 20:23:27.114,1,50,1.6,1,0
69f387595d8ffe70c7914f68,69f387595d8ffe70c7914f68_1777665106034,,1,10,ItMhYFIfXfBmp332n14c,1632313,2026-05-01 20:18:58.045,,0,0,50,50,1,true,1,abundance,1,10014,2026-05-01 20:19:08.361,1,50,1.4,1,0
69f387595d8ffe70c7914f68,69f387595d8ffe70c7914f68_1777665106034,,0,11,BwkP0vcdS0LkRuhMWi9U,1906087,2026-05-01 20:23:31.833,,0,0,50,50,1,false,1,abundance,1,15016,2026-05-01 20:23:47.137,1,50,2,1,0
69f387595d8ffe70c7914f68,69f387595d8ffe70c7914f68_1777665106034,,0,12,jor7bYnssl6QPfRNyX2Q,1926127,2026-05-01 20:23:51.778,,0,0,50,50,1,false,1,abundance,1,15011,2026-05-01 20:24:07.172,1,50,1.8,1,0
69f387595d8ffe70c7914f68,69f387595d8ffe70c7914f68_1777665106034,,0,13,doXkcUQw5iM1FCDfNVgZ,1946147,2026-05-01 20:24:11.860,,0,0,50,50,1,false,1,abundance,1,15026,2026-05-01 20:24:27.207,1,50,1.8,1,0
69f387595d8ffe70c7914f68,69f387595d8ffe70c7914f68_1777665106034,,0,14,wfk7U5vWw4S6eTUpxMNN,1966180,2026-05-01 20:24:31.879,,0,0,50,50,1,false,1,abundance,1,15017,2026-05-01 20:24:47.231,1,50,1.6,1,0
69f387595d8ffe70c7914f68,69f387595d8ffe70c7914f68_1777665106034,,0,15,RFT0Pb4Nnpos0ARuzi3m,1986216,2026-05-01 20:24:52.007,,0,0,50,50,1,false,1,abundance,1,15014,2026-05-01 20:25:07.264,1,50,2,1,0
69f387595d8ffe70c7914f68,69f387595d8ffe70c7914f68_1777665106034,,0,16,GkqkcvYiQZ1jp7eEP0py,2006243,2026-05-01 20:25:11.934,,0,0,50,50,1,false,1,abundance,1,15013,2026-05-01 20:25:27.290,1,50,1.6,1,0
69f387595d8ffe70c7914f68,69f387595d8ffe70c7914f68_1777665106034,,0,17,GofuWhHGDp0aoVLiJQe2,2026272,2026-05-01 20:25:37.751,,0,0,50,50,1,false,1,abundance,1,15016,2026-05-01 20:25:47.322,1,50,2,1,0
69f387595d8ffe70c7914f68,69f387595d8ffe70c7914f68_1777665106034,,0,18,8XyUI9iPYXuwWStA7wUx,2046308,2026-05-01 20:25:51.964,,0,0,50,50,1,false,1,abundance,1,15018,2026-05-01 20:26:07.360,1,50,1.8,1,0
69f387595d8ffe70c7914f68,69f387595d8ffe70c7914f68_1777665106034,,0,19,uR756Ij6U0P76A9YBHFV,2066340,2026-05-01 20:26:12.001,,0,0,50,50,1,false,1,abundance,1,15015,2026-05-01 20:26:27.389,1,50,2,0,0
69f387595d8ffe70c7914f68,69f387595d8ffe70c7914f68_1777665106034,,0,20,CIUdlBVmCZUH8Ju5l0uu,2086363,2026-05-01 20:26:32.162,,0,0,50,50,1,false,1,abundance,1,15019,2026-05-01 20:26:47.416,1,50,1.8,0,0
69f387595d8ffe70c7914f68,69f387595d8ffe70c7914f68_1777665106034,,0,21,mBthztWy9LFSgoPHh8UF,2106401,2026-05-01 20:26:52.061,,0,0,50,50,1,false,1,abundance,1,15019,2026-05-01 20:27:07.454,1,50,2,0,0
69f387595d8ffe70c7914f68,69f387595d8ffe70c7914f68_1777665106034,,0,22,44AmV6c79rsDCQqIY52o,2126438,2026-05-01 20:27:12.199,,0,0,50,50,1,false,1,abundance,1,15014,2026-05-01 20:27:27.486,1,50,1.8,0,0
69f387595d8ffe70c7914f68,69f387595d8ffe70c7914f68_1777665106034,,0,23,HizPsU5jKuzUGufl9J4O,2146464,2026-05-01 20:27:32.142,,0,0,50,50,1,false,1,abundance,1,15014,2026-05-01 20:27:47.512,1,50,1.6,0,0
69f387595d8ffe70c7914f68,69f387595d8ffe70c7914f68_1777665106034,,0,24,4E5yzaCsLgCkJm7CKhFb,2166492,2026-05-01 20:27:52.179,,0,0,50,50,1,false,1,abundance,1,15022,2026-05-01 20:28:07.548,1,50,2,0,0
69f387595d8ffe70c7914f68,69f387595d8ffe70c7914f68_1777665106034,,0,25,dQVObF31HjAp9fQGw2Dw,2186529,2026-05-01 20:28:12.224,,0,0,50,50,1,false,1,abundance,1,15017,2026-05-01 20:28:27.580,1,50,1.6,0,0
69f387595d8ffe70c7914f68,69f387595d8ffe70c7914f68_1777665106034,,0,26,1eqBU8MxpHRQ4wZMNlkI,2206553,2026-05-01 20:28:32.226,,0,0,50,50,1,false,1,abundance,1,15019,2026-05-01 20:28:47.606,1,50,1.8,0,0
69f387595d8ffe70c7914f68,69f387595d8ffe70c7914f68_1777665106034,,0,27,nx2635EeKA7DWn6nsqJ7,2226588,2026-05-01 20:28:52.339,,0,0,50,50,1,false,1,abundance,1,15019,2026-05-01 20:29:07.641,1,50,1.6,0,0
69f387595d8ffe70c7914f68,69f387595d8ffe70c7914f68_1777665106034,,0,28,FaQJFK6P4AQxDIc7c6vN,2246625,2026-05-01 20:29:12.419,,0,0,50,50,1,false,1,abundance,1,15020,2026-05-01 20:29:27.679,1,50,2,1,0
69f387595d8ffe70c7914f68,69f387595d8ffe70c7914f68_1777665106034,,0,29,PLbNLf3qJioMCzM9VeyW,2266663,2026-05-01 20:29:32.334,,0,0,50,50,1,false,1,abundance,1,15018,2026-05-01 20:29:47.715,1,50,2,1,0
69f387595d8ffe70c7914f68,69f387595d8ffe70c7914f68_1777665106034,,0,30,WhjXLjBQ0hG6LzmjQsJA,2286690,2026-05-01 20:29:52.388,,0,0,50,50,1,false,1,abundance,1,15013,2026-05-01 20:30:07.737,1,50,1.6,1,0
69f387595d8ffe70c7914f68,69f387595d8ffe70c7914f68_1777665106034,,0,31,QEOaCiRWJG7obdXCsl8L,2306713,2026-05-01 20:30:12.494,,0,0,50,50,1,false,1,abundance,1,15017,2026-05-01 20:30:27.764,1,50,1.8,1,0
69f387595d8ffe70c7914f68,69f387595d8ffe70c7914f68_1777665106034,,0,32,DUVXfm7YkBGWEMeIKcqH,2326752,2026-05-01 20:30:32.401,,0,0,50,50,1,false,1,abundance,1,15010,2026-05-01 20:30:47.796,1,50,1.6,1,0
69f387595d8ffe70c7914f68,69f387595d8ffe70c7914f68_1777665106034,,0,33,gaqWBbU0HCKoxGko3SQT,2346777,2026-05-01 20:30:52.448,,0,0,50,50,1,false,1,abundance,1,15014,2026-05-01 20:31:07.825,1,50,1.8,1,0
69f387595d8ffe70c7914f68,69f387595d8ffe70c7914f68_1777665106034,,0,34,vZnwKYOUZNxPZyJt9ike,2366800,2026-05-01 20:31:12.684,,0,0,50,50,1,false,1,abundance,1,15016,2026-05-01 20:31:27.850,1,50,1.6,1,0
69f387595d8ffe70c7914f68,69f387595d8ffe70c7914f68_1777665106034,,0,35,LZDms5UCUJD9ikfk59Pf,2386827,2026-05-01 20:31:32.601,,0,0,50,50,1,false,1,abundance,1,15012,2026-05-01 20:31:47.873,1,50,2,1,0
69f387595d8ffe70c7914f68,69f387595d8ffe70c7914f68_1777665106034,,0,36,dtag5DEdiWAOJhCegnVi,2406860,2026-05-01 20:31:52.670,,0,0,50,50,1,false,1,abundance,1,15015,2026-05-01 20:32:07.909,1,50,1.8,1,0
asdf,asdf_1779080917385,,1,1,wIroyQiW2n9PzQI1iNQD,5676,2026-05-18 05:08:43.154,,0,0,50,50,1,true,1,abundance,0,,,,50,1.4,0,0
steph1,steph1_1779143680807,,1,1,U6dU1ifnuh2j8jUI9GrL,8480,2026-05-18 22:34:49.326,0,0,0,50,50,1,true,1,abundance,1,4075,2026-05-18 22:34:53.362,0,50,1.2,0,0
steph123123,steph123123_1779147535225,,1,1,GWJ57DHejVWbUeuxraPy,6800,2026-05-18 23:39:02.069,2.59,0,0,50,50,1,true,1,abundance,1,9908,2026-05-18 23:39:11.933,1,50,1.2,0,0
steph124,steph124_1779126010009,,1,1,daDBf8qSDpoAxceKRba2,4978,2026-05-18 17:40:15.028,,0,0,50,50,1,true,1,abundance,0,,,,50,1.2,0,0
steph144,steph144_1779142690875,,1,1,Sb9fqYVbpHFphQQgOju5,12621,2026-05-18 22:18:23.547,0,0,0,50,50,1,true,1,abundance,1,4295,2026-05-18 22:18:27.791,0,50,1.4,0,0
steph145,steph145_1779142880211,,0,1,U7N58VeaHRWcGWK304Au,20996,2026-05-18 22:21:41.265,0,0,0,50,50,1,false,1,abundance,1,4411,2026-05-18 22:21:45.618,0,50,2,0,0
steph145,steph145_1779142880211,,1,1,zLSwfVdKLF3TeHmp4iM6,6243,2026-05-18 22:21:26.495,2.6,0,0,50,50,1,true,1,abundance,1,9916,2026-05-18 22:21:36.370,1,50,1.6,1,0
steph145,steph145_1779142880211,,0,2,Qbtr7HbrRLFXPmyTWxqn,28410,2026-05-18 22:21:48.667,0,0,0,50,50,1,false,1,abundance,1,3277,2026-05-18 22:21:51.898,0,50,1.6,0,0
steph145,steph145_1779142880211,,0,3,3mx8LNRqApyiNc2EkGvc,34690,2026-05-18 22:21:54.947,,0,0,50,50,1,false,1,abundance,0,,,,50,2,0,0
steph146,steph146_1779142973921,,1,1,0AJEe99D6bTN92Yrstq3,4795,2026-05-18 22:22:58.758,,0,0,50,50,1,true,1,abundance,0,,,,50,1.2,1,0
steph2,steph2_1779143980911,,1,1,cDqGw43aTJxwhR0EQIv7,6567,2026-05-18 22:39:47.581,2.52,0,0,50,50,1,true,1,abundance,1,9913,2026-05-18 22:39:57.391,1,50,1.2,0,0
steph2,steph2_1779143980911,,0,1,t95iz0YGDyYAwWx3PmZ8,32397,2026-05-18 22:40:13.351,0,0,0,50,50,1,false,1,abundance,1,4713,2026-05-18 22:40:18.021,0,50,1.8,1,0
steph2,steph2_1779143980911,,0,2,bT12e6pLT3j6hbkDQdvO,40112,2026-05-18 22:40:21.243,,0,0,50,50,1,false,1,abundance,0,,,,50,2,1,0