userId,sessionId,gameVersion,timestamp,direction,isQuizSlide,msSincePreviousSlide,slideDocId,slideNumber
11,11_1779081000358,one_vial_alternating,2026-05-18 05:10:02.853,initial,0,,7avtJUxXNu0g92Zu1dSU,1
5ce7fd368020d30018f9d7a5,5ce7fd368020d30018f9d7a5_1777664711588,one_vial_alternating,2026-05-01 19:45:22.610,initial,0,,aosM8gC4NKRy2cKr9IoU,1
5ce7fd368020d30018f9d7a5,5ce7fd368020d30018f9d7a5_1777664711588,one_vial_alternating,2026-05-01 19:45:34.553,next,0,11938,R19UoFaoiSiQ9rihM7RW,2
5ce7fd368020d30018f9d7a5,5ce7fd368020d30018f9d7a5_1777664711588,one_vial_alternating,2026-05-01 19:45:48.252,next,0,13701,CVsCPs4rJhZRHKktGYS3,3
5ce7fd368020d30018f9d7a5,5ce7fd368020d30018f9d7a5_1777664711588,one_vial_alternating,2026-05-01 19:46:04.199,next,0,15949,RvKMbkj0LeAKHNqfrjmP,4
5ce7fd368020d30018f9d7a5,5ce7fd368020d30018f9d7a5_1777664711588,one_vial_alternating,2026-05-01 19:46:10.913,next,0,6717,9QXe12uFrB3ojoVtf63M,5
5ce7fd368020d30018f9d7a5,5ce7fd368020d30018f9d7a5_1777664711588,one_vial_alternating,2026-05-01 19:46:20.547,next,0,9633,XLqzQrKzBolBT7m3CzNC,6
5ce7fd368020d30018f9d7a5,5ce7fd368020d30018f9d7a5_1777664711588,one_vial_alternating,2026-05-01 19:46:37.550,next,0,17002,dK6BaHQsVRwMJVMKgAEH,7
5ce7fd368020d30018f9d7a5,5ce7fd368020d30018f9d7a5_1777664711588,one_vial_alternating,2026-05-01 19:46:41.242,next,0,3665,sAHDjVntYmoHy6rfSimx,8
5ce7fd368020d30018f9d7a5,5ce7fd368020d30018f9d7a5_1777664711588,one_vial_alternating,2026-05-01 19:46:45.972,next,0,4750,TsRlxe2suj1WIAIUzkFQ,9
5ce7fd368020d30018f9d7a5,5ce7fd368020d30018f9d7a5_1777664711588,one_vial_alternating,2026-05-01 19:46:53.955,next,0,7985,u0mKWbywEnktDaGnxbs9,10
5ce7fd368020d30018f9d7a5,5ce7fd368020d30018f9d7a5_1777664711588,one_vial_alternating,2026-05-01 19:47:01.503,next,0,7549,EaId8fNAV08qgGRrZDH9,11
5ce7fd368020d30018f9d7a5,5ce7fd368020d30018f9d7a5_1777664711588,one_vial_alternating,2026-05-01 19:47:58.910,next,0,57415,hafUtqrwPQ9t2BhN7cjS,12
5ce7fd368020d30018f9d7a5,5ce7fd368020d30018f9d7a5_1777664711588,one_vial_alternating,2026-05-01 19:48:21.704,next,0,22786,FaFzItFlD2gx52kairpa,13
5ce7fd368020d30018f9d7a5,5ce7fd368020d30018f9d7a5_1777664711588,one_vial_alternating,2026-05-01 19:48:51.765,next,0,30066,UvPiTAqC5Hv55XGBUxT1,14
5ce7fd368020d30018f9d7a5,5ce7fd368020d30018f9d7a5_1777664711588,one_vial_alternating,2026-05-01 19:49:13.589,next,0,21817,LJNQ5WiNPkcDsrloxp7u,15
5ce7fd368020d30018f9d7a5,5ce7fd368020d30018f9d7a5_1777664711588,one_vial_alternating,2026-05-01 19:49:30.725,next,0,17133,04c7xPYFbPsmjpj2pOOM,16
5ce7fd368020d30018f9d7a5,5ce7fd368020d30018f9d7a5_1777664711588,one_vial_alternating,2026-05-01 19:49:43.325,next,0,12600,HGp3q3nYpllUTI1c6jtE,17
5ce7fd368020d30018f9d7a5,5ce7fd368020d30018f9d7a5_1777664711588,one_vial_alternating,2026-05-01 19:50:07.613,next,0,24301,Oabr4wsxvgGBl9mD6t6o,18
5ce7fd368020d30018f9d7a5,5ce7fd368020d30018f9d7a5_1777664711588,one_vial_alternating,2026-05-01 19:50:27.334,next,0,19717,Z4C2WvjiIiXDIWS6p4tF,19
5ce7fd368020d30018f9d7a5,5ce7fd368020d30018f9d7a5_1777664711588,one_vial_alternating,2026-05-01 19:50:34.449,next,0,7116,VfmvPJWu59QruGHWMT1O,20
5ce7fd368020d30018f9d7a5,5ce7fd368020d30018f9d7a5_1777664711588,one_vial_alternating,2026-05-01 19:50:43.324,next,0,8871,fC2jkXJ2wGWXCcKYHeIU,21
5ce7fd368020d30018f9d7a5,5ce7fd368020d30018f9d7a5_1777664711588,one_vial_alternating,2026-05-01 19:51:28.136,next,0,44813,cMYnGNkJOWV9FzVRXZSh,22
5ce7fd368020d30018f9d7a5,5ce7fd368020d30018f9d7a5_1777664711588,one_vial_alternating,2026-05-01 19:51:51.322,next,1,23186,K8i7nDULrKG0wTzacofn,23
5ce7fd368020d30018f9d7a5,5ce7fd368020d30018f9d7a5_1777664711588,one_vial_alternating,2026-05-01 19:52:35.616,redirect-correct,0,44287,gUD6LNIGW7byg1urvVHs,24
5ce7fd368020d30018f9d7a5,5ce7fd368020d30018f9d7a5_1777664711588,one_vial_alternating,2026-05-01 19:52:45.158,next,0,9544,6p28cS7E6afUIRY2MVG1,25
5ce7fd368020d30018f9d7a5,5ce7fd368020d30018f9d7a5_1777664711588,one_vial_alternating,2026-05-01 19:52:52.489,next,0,7338,mau2Szwb2Nfo0neuoYvX,26
5ce7fd368020d30018f9d7a5,5ce7fd368020d30018f9d7a5_1777664711588,one_vial_alternating,2026-05-01 19:53:01.679,next,0,9149,OLxPqLZpmSKlzMHKZvmW,27
5ce7fd368020d30018f9d7a5,5ce7fd368020d30018f9d7a5_1777664711588,one_vial_alternating,2026-05-01 19:53:15.980,next,0,14346,b0dcJQiMw9fUJbA1sDpr,28
5ce7fd368020d30018f9d7a5,5ce7fd368020d30018f9d7a5_1777664711588,one_vial_alternating,2026-05-01 19:53:25.781,next,0,9800,tW6WzM1VosSDklCRUQFN,29
5ce7fd368020d30018f9d7a5,5ce7fd368020d30018f9d7a5_1777664711588,one_vial_alternating,2026-05-01 19:54:22.422,next,0,56638,B2nDjPUHDtYolmnK2mLl,30
5ce7fd368020d30018f9d7a5,5ce7fd368020d30018f9d7a5_1777664711588,one_vial_alternating,2026-05-01 19:54:41.240,next,0,18817,SCtxFWJ1yTHgp5Ng4nnr,31
5ce7fd368020d30018f9d7a5,5ce7fd368020d30018f9d7a5_1777664711588,one_vial_alternating,2026-05-01 19:54:58.206,next,0,16967,MeQeskFewDvLg8cEygIn,32
5ce7fd368020d30018f9d7a5,5ce7fd368020d30018f9d7a5_1777664711588,one_vial_alternating,2026-05-01 19:55:07.240,next,0,9032,g4CNxPZGBvRhSPPBi2pn,33
5ce7fd368020d30018f9d7a5,5ce7fd368020d30018f9d7a5_1777664711588,one_vial_alternating,2026-05-01 19:55:12.392,next,0,5149,7nSnB1RpYTsquMeWpGFU,34
5ce7fd368020d30018f9d7a5,5ce7fd368020d30018f9d7a5_1777664711588,one_vial_alternating,2026-05-01 19:55:19.375,next,0,6983,SQEdMls5Xy0G5o03nl2I,35
5ce7fd368020d30018f9d7a5,5ce7fd368020d30018f9d7a5_1777664711588,one_vial_alternating,2026-05-01 19:56:23.186,next,1,63216,DjqXpzpo45VjhsFRiggR,36
5ce7fd368020d30018f9d7a5,5ce7fd368020d30018f9d7a5_1777664711588,one_vial_alternating,2026-05-01 19:58:30.477,prev,0,127887,SJJ5S3dpwg3IG9bGC1xN,35
5ce7fd368020d30018f9d7a5,5ce7fd368020d30018f9d7a5_1777664711588,one_vial_alternating,2026-05-01 19:58:33.762,next,1,3284,WtRJLzA60Iknpq1j1RzH,36
5ce7fd368020d30018f9d7a5,5ce7fd368020d30018f9d7a5_1777664711588,one_vial_alternating,2026-05-01 19:59:18.617,redirect-correct,0,44854,61zRapgGuhnPIPZjCTol,37
5ce7fd368020d30018f9d7a5,5ce7fd368020d30018f9d7a5_1777664711588,one_vial_alternating,2026-05-01 19:59:35.773,next,0,17162,YBx333N4zNyoRreLX3VA,38
5ce7fd368020d30018f9d7a5,5ce7fd368020d30018f9d7a5_1777664711588,one_vial_alternating,2026-05-01 19:59:47.773,next,0,12002,OSNTXHkD1Bgr1OqBmOAI,39
5ce7fd368020d30018f9d7a5,5ce7fd368020d30018f9d7a5_1777664711588,one_vial_alternating,2026-05-01 19:59:59.885,next,1,12113,s6YvJAlxqIxv1BIbjCFA,40
5ce7fd368020d30018f9d7a5,5ce7fd368020d30018f9d7a5_1777664711588,one_vial_alternating,2026-05-01 20:00:07.151,redirect-correct,0,7259,dkvq5zM0nZSKIleGZmYe,41
5ce7fd368020d30018f9d7a5,5ce7fd368020d30018f9d7a5_1777664711588,one_vial_alternating,2026-05-01 20:00:10.815,next,0,3674,ENR7soGIpGffXCl50MAO,42
5d4a41890e604c00011ade8b,5d4a41890e604c00011ade8b_1777665972066,one_vial_alternating,2026-05-01 20:06:22.570,initial,0,,7Fds31jxDHEw7qBE2FN9,1
5d4a41890e604c00011ade8b,5d4a41890e604c00011ade8b_1777665972066,one_vial_alternating,2026-05-01 20:06:25.737,next,0,3217,Fqtkkd6BUrRScNMZiHIm,2
5d4a41890e604c00011ade8b,5d4a41890e604c00011ade8b_1777665972066,one_vial_alternating,2026-05-01 20:06:28.775,next,0,3037,xiB3XfHnyE2EhnusoKI3,3
5d4a41890e604c00011ade8b,5d4a41890e604c00011ade8b_1777665972066,one_vial_alternating,2026-05-01 20:06:37.981,next,0,9115,im4YgBQ3Dpbkq7sKMEBN,4
5d4a41890e604c00011ade8b,5d4a41890e604c00011ade8b_1777665972066,one_vial_alternating,2026-05-01 20:06:42.662,next,0,4776,Re5tDFFrcnTlHTiUSPlU,5
5d4a41890e604c00011ade8b,5d4a41890e604c00011ade8b_1777665972066,one_vial_alternating,2026-05-01 20:06:47.297,next,0,4610,FnECZ77EHHqF4hIXwddw,6
5d4a41890e604c00011ade8b,5d4a41890e604c00011ade8b_1777665972066,one_vial_alternating,2026-05-01 20:06:53.745,next,0,6471,syMBGapiboFKQoEUIRaS,7
5d4a41890e604c00011ade8b,5d4a41890e604c00011ade8b_1777665972066,one_vial_alternating,2026-05-01 20:06:56.804,next,0,3060,tX7O1CFQA5FC2v87kf9F,8
5d4a41890e604c00011ade8b,5d4a41890e604c00011ade8b_1777665972066,one_vial_alternating,2026-05-01 20:07:04.121,next,0,7317,ATBiGAIunioxSCt55Tao,9
5d4a41890e604c00011ade8b,5d4a41890e604c00011ade8b_1777665972066,one_vial_alternating,2026-05-01 20:07:17.819,next,0,13698,KAOcpUtsOQvmNSzZeFwr,10
5d4a41890e604c00011ade8b,5d4a41890e604c00011ade8b_1777665972066,one_vial_alternating,2026-05-01 20:07:26.184,next,0,8360,dB0uUoEozFulTBgoGGAo,11
5d4a41890e604c00011ade8b,5d4a41890e604c00011ade8b_1777665972066,one_vial_alternating,2026-05-01 20:07:31.850,next,0,5667,wtX9JFthdeBkHqqbe2Lr,12
5d4a41890e604c00011ade8b,5d4a41890e604c00011ade8b_1777665972066,one_vial_alternating,2026-05-01 20:07:35.684,next,0,3798,9ifW3zlfCaiyrIz6cT3D,13
5d4a41890e604c00011ade8b,5d4a41890e604c00011ade8b_1777665972066,one_vial_alternating,2026-05-01 20:07:40.466,next,0,4819,5JkISA0rqnm0TI4iYcbw,14
5d4a41890e604c00011ade8b,5d4a41890e604c00011ade8b_1777665972066,one_vial_alternating,2026-05-01 20:07:43.945,next,0,3434,Jqbldqcd89llon8FgFn0,15
5d4a41890e604c00011ade8b,5d4a41890e604c00011ade8b_1777665972066,one_vial_alternating,2026-05-01 20:07:46.891,next,0,2994,gwaITWGrfrPOKSIOth5Z,16
5d4a41890e604c00011ade8b,5d4a41890e604c00011ade8b_1777665972066,one_vial_alternating,2026-05-01 20:07:50.371,next,0,3479,WOe7zLv2GJ5FsXOTv6fQ,17
5d4a41890e604c00011ade8b,5d4a41890e604c00011ade8b_1777665972066,one_vial_alternating,2026-05-01 20:07:53.278,next,0,2908,v6BgU11FSrO7wR4K6xCf,18
5d4a41890e604c00011ade8b,5d4a41890e604c00011ade8b_1777665972066,one_vial_alternating,2026-05-01 20:07:56.121,next,0,2839,4A2Z8z3O5UXmwg7Kv0gQ,19
5d4a41890e604c00011ade8b,5d4a41890e604c00011ade8b_1777665972066,one_vial_alternating,2026-05-01 20:07:59.085,next,0,2929,YbZRcrW45Pac8h6FRa2x,20
5d4a41890e604c00011ade8b,5d4a41890e604c00011ade8b_1777665972066,one_vial_alternating,2026-05-01 20:08:12.204,next,0,13157,hh6z327adDdvFs7tp2aY,21
5d4a41890e604c00011ade8b,5d4a41890e604c00011ade8b_1777665972066,one_vial_alternating,2026-05-01 20:08:16.420,next,0,4218,Ebi7DzqsoHVf95wYpAKv,22
5d4a41890e604c00011ade8b,5d4a41890e604c00011ade8b_1777665972066,one_vial_alternating,2026-05-01 20:08:28.593,next,1,12168,Ey9sFyD9ADTeM16qf7xU,23
5d4a41890e604c00011ade8b,5d4a41890e604c00011ade8b_1777665972066,one_vial_alternating,2026-05-01 20:08:47.786,redirect-correct,0,19113,uBTg8j5DqR5YTNuvst43,24
5d4a41890e604c00011ade8b,5d4a41890e604c00011ade8b_1777665972066,one_vial_alternating,2026-05-01 20:08:53.873,next,0,6169,hvOslBXx6tjO0fHNi3iM,25
5d4a41890e604c00011ade8b,5d4a41890e604c00011ade8b_1777665972066,one_vial_alternating,2026-05-01 20:08:59.165,next,0,5293,r0eNnRmZ4wKpF4lvDUEn,26
5d4a41890e604c00011ade8b,5d4a41890e604c00011ade8b_1777665972066,one_vial_alternating,2026-05-01 20:09:03.071,next,0,3907,TnDexxnOwLlTX76JPVzn,27
5d4a41890e604c00011ade8b,5d4a41890e604c00011ade8b_1777665972066,one_vial_alternating,2026-05-01 20:09:11.210,next,0,8132,mlRAak56CLZy9huKXIXi,28
5d4a41890e604c00011ade8b,5d4a41890e604c00011ade8b_1777665972066,one_vial_alternating,2026-05-01 20:09:15.050,next,0,3830,Wyo0kNtkYENFwjCtgpdX,29
5d4a41890e604c00011ade8b,5d4a41890e604c00011ade8b_1777665972066,one_vial_alternating,2026-05-01 20:09:20.944,next,0,5909,uYQJWeFm9pn4eMfO6gWe,30
5d4a41890e604c00011ade8b,5d4a41890e604c00011ade8b_1777665972066,one_vial_alternating,2026-05-01 20:09:28.922,next,0,7978,sCt6FYrLMdeJ31jkBv5l,31
5d4a41890e604c00011ade8b,5d4a41890e604c00011ade8b_1777665972066,one_vial_alternating,2026-05-01 20:09:35.397,next,0,6470,Pur0eQQXxs4EO3TtF1kv,32
5d4a41890e604c00011ade8b,5d4a41890e604c00011ade8b_1777665972066,one_vial_alternating,2026-05-01 20:09:38.067,next,0,2675,mnHP7JMSjfP7AxxHi7JC,33
5d4a41890e604c00011ade8b,5d4a41890e604c00011ade8b_1777665972066,one_vial_alternating,2026-05-01 20:09:42.171,next,0,4106,yLZPk8Zulzv4BGYmh44v,34
5d4a41890e604c00011ade8b,5d4a41890e604c00011ade8b_1777665972066,one_vial_alternating,2026-05-01 20:09:56.014,next,0,13839,IB9XwN6CQhp0JWj7pzgg,35
5d4a41890e604c00011ade8b,5d4a41890e604c00011ade8b_1777665972066,one_vial_alternating,2026-05-01 20:10:01.958,next,1,5942,JV18rODxcUtFTkp4wuRv,36
5d4a41890e604c00011ade8b,5d4a41890e604c00011ade8b_1777665972066,one_vial_alternating,2026-05-01 20:10:48.918,redirect-incorrect,0,46962,Q5hWnkYF0UDlRGLc6syw,33
5d4a41890e604c00011ade8b,5d4a41890e604c00011ade8b_1777665972066,one_vial_alternating,2026-05-01 20:10:54.052,next,0,5138,z7ztWiSVfggkz6EIBZB2,34
5d4a41890e604c00011ade8b,5d4a41890e604c00011ade8b_1777665972066,one_vial_alternating,2026-05-01 20:11:00.954,next,0,6899,RXlZs1QNm84yzpaJyX7y,35
5d4a41890e604c00011ade8b,5d4a41890e604c00011ade8b_1777665972066,one_vial_alternating,2026-05-01 20:11:03.917,next,1,2964,3VJ7Htk98x0MxONtBcDU,36
5d4a41890e604c00011ade8b,5d4a41890e604c00011ade8b_1777665972066,one_vial_alternating,2026-05-01 20:11:43.196,redirect-correct,0,39279,lodiDyqPFwmmjtn6OMEt,37
5d4a41890e604c00011ade8b,5d4a41890e604c00011ade8b_1777665972066,one_vial_alternating,2026-05-01 20:11:46.000,next,0,2805,nGbHv2Spq7MTzbl46lI7,38
5d4a41890e604c00011ade8b,5d4a41890e604c00011ade8b_1777665972066,one_vial_alternating,2026-05-01 20:11:49.678,next,0,3677,O4hmeshi9RzOBiBDYMSI,39
5d4a41890e604c00011ade8b,5d4a41890e604c00011ade8b_1777665972066,one_vial_alternating,2026-05-01 20:11:57.851,next,1,8175,U2fR4TQl4RcipMvEryfa,40
5d4a41890e604c00011ade8b,5d4a41890e604c00011ade8b_1777665972066,one_vial_alternating,2026-05-01 20:12:04.641,redirect-correct,0,6781,pzwHdHSUnDiafcEIHAdw,41
5d4a41890e604c00011ade8b,5d4a41890e604c00011ade8b_1777665972066,one_vial_alternating,2026-05-01 20:12:07.203,next,0,2554,hF6RS0jJZQcNb9l199Ib,42
5e62aca37820fe04614b5ffa,5e62aca37820fe04614b5ffa_1777666081171,one_vial_alternating,2026-05-01 20:08:19.712,initial,0,,sRrnDKRFXIKbYDAPBsBS,1
5e62aca37820fe04614b5ffa,5e62aca37820fe04614b5ffa_1777666081171,one_vial_alternating,2026-05-01 20:08:23.966,next,0,4267,QMU34mG9v7d0HacUoLGQ,2
5e62aca37820fe04614b5ffa,5e62aca37820fe04614b5ffa_1777666081171,one_vial_alternating,2026-05-01 20:08:28.078,next,0,4112,VwB7k5A1D2Q2tCXGTdcD,3
5e62aca37820fe04614b5ffa,5e62aca37820fe04614b5ffa_1777666081171,one_vial_alternating,2026-05-01 20:08:37.525,next,0,9447,KajKWi3sIqODxLZf2Fbr,4
5e62aca37820fe04614b5ffa,5e62aca37820fe04614b5ffa_1777666081171,one_vial_alternating,2026-05-01 20:08:41.114,next,0,3591,uwYmSEk7FIurTsqxlyDJ,5
5e62aca37820fe04614b5ffa,5e62aca37820fe04614b5ffa_1777666081171,one_vial_alternating,2026-05-01 20:08:53.829,next,0,12716,yU37KAERDSQLM0cRAOBA,6
5e62aca37820fe04614b5ffa,5e62aca37820fe04614b5ffa_1777666081171,one_vial_alternating,2026-05-01 20:09:01.097,next,0,7266,OggGxtr55XErWz5f3RvJ,7
5e62aca37820fe04614b5ffa,5e62aca37820fe04614b5ffa_1777666081171,one_vial_alternating,2026-05-01 20:09:05.415,next,0,4319,XwbF7p6mbRM27jiBwAz5,8
5e62aca37820fe04614b5ffa,5e62aca37820fe04614b5ffa_1777666081171,one_vial_alternating,2026-05-01 20:09:08.717,next,0,3302,DCwCTjxMv3HkajB3uMaF,9
5e62aca37820fe04614b5ffa,5e62aca37820fe04614b5ffa_1777666081171,one_vial_alternating,2026-05-01 20:09:14.169,next,0,5451,FDTvYn1Mo5n9QQlkJHLk,10
5e62aca37820fe04614b5ffa,5e62aca37820fe04614b5ffa_1777666081171,one_vial_alternating,2026-05-01 20:09:18.131,next,0,3894,tXsnpcYmqXb6xqWghUWP,11
5e62aca37820fe04614b5ffa,5e62aca37820fe04614b5ffa_1777666081171,one_vial_alternating,2026-05-01 20:09:34.287,next,0,16226,kvmFqGz3qdgSCedel4Sy,12
5e62aca37820fe04614b5ffa,5e62aca37820fe04614b5ffa_1777666081171,one_vial_alternating,2026-05-01 20:09:38.033,next,0,3746,ULIstJzUiDNc5SolC20O,13
5e62aca37820fe04614b5ffa,5e62aca37820fe04614b5ffa_1777666081171,one_vial_alternating,2026-05-01 20:09:42.363,next,0,4329,jhp5YFXzl2D3RaEM5q1E,14
5e62aca37820fe04614b5ffa,5e62aca37820fe04614b5ffa_1777666081171,one_vial_alternating,2026-05-01 20:09:45.600,next,0,3237,RnC6UW08uuKsWiTlBNLh,15
5e62aca37820fe04614b5ffa,5e62aca37820fe04614b5ffa_1777666081171,one_vial_alternating,2026-05-01 20:09:48.585,next,0,2985,inCYGKiF5x8XsmtNWj31,16
5e62aca37820fe04614b5ffa,5e62aca37820fe04614b5ffa_1777666081171,one_vial_alternating,2026-05-01 20:09:52.085,next,0,3501,VIPTzXkxbs1tSy6jM56j,17
5e62aca37820fe04614b5ffa,5e62aca37820fe04614b5ffa_1777666081171,one_vial_alternating,2026-05-01 20:09:54.967,next,0,2881,tenan7xLmsOS91f1kTSY,18
5e62aca37820fe04614b5ffa,5e62aca37820fe04614b5ffa_1777666081171,one_vial_alternating,2026-05-01 20:09:59.163,next,0,4197,Q37REuPYvH6otdg76wAd,19
5e62aca37820fe04614b5ffa,5e62aca37820fe04614b5ffa_1777666081171,one_vial_alternating,2026-05-01 20:10:02.390,next,0,3226,xtlFsXmOXlpgyk8EzMkT,20
5e62aca37820fe04614b5ffa,5e62aca37820fe04614b5ffa_1777666081171,one_vial_alternating,2026-05-01 20:10:07.812,next,0,5423,Unz9e3Ad34GKQnfbHNUC,21
5e62aca37820fe04614b5ffa,5e62aca37820fe04614b5ffa_1777666081171,one_vial_alternating,2026-05-01 20:10:13.178,next,0,5366,h7AAjFMROpHCYIFoEQg8,22
5e62aca37820fe04614b5ffa,5e62aca37820fe04614b5ffa_1777666081171,one_vial_alternating,2026-05-01 20:10:28.033,next,1,14854,QqiARNQbS3jVOy4g3N54,23
5e62aca37820fe04614b5ffa,5e62aca37820fe04614b5ffa_1777666081171,one_vial_alternating,2026-05-01 20:11:25.701,redirect-correct,0,57671,1bPCGQvQeCAKha8D1GKO,24
5e62aca37820fe04614b5ffa,5e62aca37820fe04614b5ffa_1777666081171,one_vial_alternating,2026-05-01 20:11:28.331,next,0,2629,57dXOwjVPcaYxCgQAkqG,25
5e62aca37820fe04614b5ffa,5e62aca37820fe04614b5ffa_1777666081171,one_vial_alternating,2026-05-01 20:11:34.995,next,0,6666,JGVmrPMtYJmsqZiDGvGc,26
5e62aca37820fe04614b5ffa,5e62aca37820fe04614b5ffa_1777666081171,one_vial_alternating,2026-05-01 20:11:40.897,next,0,5901,l3XIF5uAuZmHKvrwcvZ3,27
5e62aca37820fe04614b5ffa,5e62aca37820fe04614b5ffa_1777666081171,one_vial_alternating,2026-05-01 20:12:03.773,next,0,22869,zmDaGr5bzts8F4Q7MLGL,28
5e62aca37820fe04614b5ffa,5e62aca37820fe04614b5ffa_1777666081171,one_vial_alternating,2026-05-01 20:12:14.877,prev,0,11113,aaEqu92kQC5SjimKgWWg,27
5e62aca37820fe04614b5ffa,5e62aca37820fe04614b5ffa_1777666081171,one_vial_alternating,2026-05-01 20:12:15.865,prev,0,984,yR3DmAD4MFsqaXHfQapa,26
5e62aca37820fe04614b5ffa,5e62aca37820fe04614b5ffa_1777666081171,one_vial_alternating,2026-05-01 20:12:19.126,next,0,3264,ro3byggfKpvDJwPjmBPr,27
5e62aca37820fe04614b5ffa,5e62aca37820fe04614b5ffa_1777666081171,one_vial_alternating,2026-05-01 20:12:27.441,next,0,8314,HzCVxL0HFLmUDVoCfZqD,28
5e62aca37820fe04614b5ffa,5e62aca37820fe04614b5ffa_1777666081171,one_vial_alternating,2026-05-01 20:12:30.388,next,0,2948,UQsX22OI7xFQfok42fTe,29
5e62aca37820fe04614b5ffa,5e62aca37820fe04614b5ffa_1777666081171,one_vial_alternating,2026-05-01 20:12:35.743,prev,0,5355,SVxPxSnh4bckPkwci3oR,28
5e62aca37820fe04614b5ffa,5e62aca37820fe04614b5ffa_1777666081171,one_vial_alternating,2026-05-01 20:12:36.431,prev,0,688,aj0HPCSlRd0XqUM5H0W6,27
5e62aca37820fe04614b5ffa,5e62aca37820fe04614b5ffa_1777666081171,one_vial_alternating,2026-05-01 20:12:37.000,prev,0,569,EUyduXVLF0FrR6CK2qZf,26
5e62aca37820fe04614b5ffa,5e62aca37820fe04614b5ffa_1777666081171,one_vial_alternating,2026-05-01 20:12:37.229,prev,0,229,VMLOtgwEroW9lsEsAmOC,26
5e62aca37820fe04614b5ffa,5e62aca37820fe04614b5ffa_1777666081171,one_vial_alternating,2026-05-01 20:12:37.387,prev,0,158,4dGO0CrTyE0ajja6GBTM,26
5e62aca37820fe04614b5ffa,5e62aca37820fe04614b5ffa_1777666081171,one_vial_alternating,2026-05-01 20:12:38.711,prev,0,1323,mF9bxWN3oGFwTu8pOqHC,25
5e62aca37820fe04614b5ffa,5e62aca37820fe04614b5ffa_1777666081171,one_vial_alternating,2026-05-01 20:12:42.727,next,0,4016,ArcTlAYKxoj9G3KqyK86,26
5e62aca37820fe04614b5ffa,5e62aca37820fe04614b5ffa_1777666081171,one_vial_alternating,2026-05-01 20:12:45.618,next,0,2890,TDwopHOFlQklGurbH7d6,27
5e62aca37820fe04614b5ffa,5e62aca37820fe04614b5ffa_1777666081171,one_vial_alternating,2026-05-01 20:12:48.572,next,0,2958,jUqFqGqHq00uYAxHiFSv,28
5e62aca37820fe04614b5ffa,5e62aca37820fe04614b5ffa_1777666081171,one_vial_alternating,2026-05-01 20:12:51.423,next,0,2850,NUd6sbDsgqtUGMsWGx8q,29
5e62aca37820fe04614b5ffa,5e62aca37820fe04614b5ffa_1777666081171,one_vial_alternating,2026-05-01 20:12:58.242,next,0,6818,N3Ocpk47tqUwpAdIfNpe,30
5e62aca37820fe04614b5ffa,5e62aca37820fe04614b5ffa_1777666081171,one_vial_alternating,2026-05-01 20:13:11.343,next,0,12112,ROnOSo5rY0w0TVOHCu3z,31
5e62aca37820fe04614b5ffa,5e62aca37820fe04614b5ffa_1777666081171,one_vial_alternating,2026-05-01 20:13:22.103,next,0,11749,6gPdg0iM0OmoMpYuA1no,32
5e62aca37820fe04614b5ffa,5e62aca37820fe04614b5ffa_1777666081171,one_vial_alternating,2026-05-01 20:13:27.367,next,0,5265,0iJRG9EpyyH778pGHr8y,33
5e62aca37820fe04614b5ffa,5e62aca37820fe04614b5ffa_1777666081171,one_vial_alternating,2026-05-01 20:13:31.858,next,0,4490,DTSZFUDgs17hiVJhfUDK,34
5e62aca37820fe04614b5ffa,5e62aca37820fe04614b5ffa_1777666081171,one_vial_alternating,2026-05-01 20:13:35.423,next,0,3566,79E9lC3qXX1xckpygaz2,35
5e62aca37820fe04614b5ffa,5e62aca37820fe04614b5ffa_1777666081171,one_vial_alternating,2026-05-01 20:14:25.609,next,1,50176,m1Z9AUsdMsMD15yl7AYi,36
5e62aca37820fe04614b5ffa,5e62aca37820fe04614b5ffa_1777666081171,one_vial_alternating,2026-05-01 20:15:59.119,redirect-correct,0,93523,GMwF9dNRAPmDMUhOBZ6u,37
5e62aca37820fe04614b5ffa,5e62aca37820fe04614b5ffa_1777666081171,one_vial_alternating,2026-05-01 20:16:02.190,next,0,3071,Hl7WoSHhfOg6gVJJp2v8,38
5e62aca37820fe04614b5ffa,5e62aca37820fe04614b5ffa_1777666081171,one_vial_alternating,2026-05-01 20:16:11.309,next,0,9119,K6axdKZPNhWVPWo4Ka5d,39
5e62aca37820fe04614b5ffa,5e62aca37820fe04614b5ffa_1777666081171,one_vial_alternating,2026-05-01 20:16:17.566,next,1,6256,l7mnaI85NWQHGEGuWEJB,40
5e62aca37820fe04614b5ffa,5e62aca37820fe04614b5ffa_1777666081171,one_vial_alternating,2026-05-01 20:16:26.852,redirect-correct,0,9286,E4iIv4aLTFN2bkTlruv9,41
5e62aca37820fe04614b5ffa,5e62aca37820fe04614b5ffa_1777666081171,one_vial_alternating,2026-05-01 20:16:29.970,next,0,3120,USj6o2WtU5vzs3VCdIdj,42
5f3a7e7b3a55e009ff81175e,5f3a7e7b3a55e009ff81175e_1777664674294,one_vial_alternating,2026-05-01 19:44:45.809,initial,0,,b0lYj4VbtBi0xLjzyvL8,1
5f3a7e7b3a55e009ff81175e,5f3a7e7b3a55e009ff81175e_1777664674294,one_vial_alternating,2026-05-01 19:44:48.958,next,0,3181,DJRL99p8dkiUhL7xNhw4,2
5f3a7e7b3a55e009ff81175e,5f3a7e7b3a55e009ff81175e_1777664674294,one_vial_alternating,2026-05-01 19:44:54.431,next,0,5504,XD4Dz9gkWdxd46JjRKIG,3
5f3a7e7b3a55e009ff81175e,5f3a7e7b3a55e009ff81175e_1777664674294,one_vial_alternating,2026-05-01 19:45:02.149,next,0,7719,nT7FBguzO3TZyh2Lstcs,4
5f3a7e7b3a55e009ff81175e,5f3a7e7b3a55e009ff81175e_1777664674294,one_vial_alternating,2026-05-01 19:45:10.781,next,0,8631,HTaFfANCBxvY1uvumB2I,5
5f3a7e7b3a55e009ff81175e,5f3a7e7b3a55e009ff81175e_1777664674294,one_vial_alternating,2026-05-01 19:45:16.312,next,0,5532,Rv70kwHGbvF4yN9CXwzi,6
5f3a7e7b3a55e009ff81175e,5f3a7e7b3a55e009ff81175e_1777664674294,one_vial_alternating,2026-05-01 19:45:23.204,next,0,6895,oVD4okz2QrBNHJD5HG4Y,7
5f3a7e7b3a55e009ff81175e,5f3a7e7b3a55e009ff81175e_1777664674294,one_vial_alternating,2026-05-01 19:45:26.435,next,0,3224,gds4IrLBFq2oz02VZNqm,8
5f3a7e7b3a55e009ff81175e,5f3a7e7b3a55e009ff81175e_1777664674294,one_vial_alternating,2026-05-01 19:45:30.776,next,0,4347,GSOMLsJ0986gbtuTJYX8,9
5f3a7e7b3a55e009ff81175e,5f3a7e7b3a55e009ff81175e_1777664674294,one_vial_alternating,2026-05-01 19:45:38.717,next,0,7937,PGjWaUA1GSvvwh8FUaDr,10
5f3a7e7b3a55e009ff81175e,5f3a7e7b3a55e009ff81175e_1777664674294,one_vial_alternating,2026-05-01 19:45:43.553,next,0,4836,7Xg8tnCQPst4cjUP5saQ,11
5f3a7e7b3a55e009ff81175e,5f3a7e7b3a55e009ff81175e_1777664674294,one_vial_alternating,2026-05-01 19:45:49.039,next,0,5491,hOAiAlEFnTqGY6ehYUo8,12
5f3a7e7b3a55e009ff81175e,5f3a7e7b3a55e009ff81175e_1777664674294,one_vial_alternating,2026-05-01 19:45:57.507,next,0,8467,F17eTQ66ZZfK42MM6od2,13
5f3a7e7b3a55e009ff81175e,5f3a7e7b3a55e009ff81175e_1777664674294,one_vial_alternating,2026-05-01 19:46:02.097,next,0,4588,F8HN8KhEmK5WTZZwPeu0,14
5f3a7e7b3a55e009ff81175e,5f3a7e7b3a55e009ff81175e_1777664674294,one_vial_alternating,2026-05-01 19:46:05.599,next,0,3504,XnWuiWJYDs3uMw9IoAUE,15
5f3a7e7b3a55e009ff81175e,5f3a7e7b3a55e009ff81175e_1777664674294,one_vial_alternating,2026-05-01 19:46:08.951,next,0,3353,Iw7lHuvKm7jrJ5xTPj7a,16
5f3a7e7b3a55e009ff81175e,5f3a7e7b3a55e009ff81175e_1777664674294,one_vial_alternating,2026-05-01 19:46:12.728,next,0,3775,scMXRzp9knMHB3GovZyI,17
5f3a7e7b3a55e009ff81175e,5f3a7e7b3a55e009ff81175e_1777664674294,one_vial_alternating,2026-05-01 19:46:16.063,next,0,3337,AhHcxEt3HDzwH6PGI3KN,18
5f3a7e7b3a55e009ff81175e,5f3a7e7b3a55e009ff81175e_1777664674294,one_vial_alternating,2026-05-01 19:46:19.469,next,0,3406,kWsFPLMsjfXxG0OeLWAa,19
5f3a7e7b3a55e009ff81175e,5f3a7e7b3a55e009ff81175e_1777664674294,one_vial_alternating,2026-05-01 19:46:23.387,next,0,3917,6fCn5Ywqla3okzcdsul2,20
5f3a7e7b3a55e009ff81175e,5f3a7e7b3a55e009ff81175e_1777664674294,one_vial_alternating,2026-05-01 19:46:30.103,next,0,6716,pTXw8TxhUPcgTlfMb7lI,21
5f3a7e7b3a55e009ff81175e,5f3a7e7b3a55e009ff81175e_1777664674294,one_vial_alternating,2026-05-01 19:46:35.002,next,0,4896,0RTIu3N8wqgl56zPqqIM,22
5f3a7e7b3a55e009ff81175e,5f3a7e7b3a55e009ff81175e_1777664674294,one_vial_alternating,2026-05-01 19:46:39.396,next,1,4396,4Aro6L4xbRwDNuyKyIAr,23
5f3a7e7b3a55e009ff81175e,5f3a7e7b3a55e009ff81175e_1777664674294,one_vial_alternating,2026-05-01 19:47:18.496,redirect-correct,0,39101,6IaGOJOGTTjwIDri0KEV,24
5f3a7e7b3a55e009ff81175e,5f3a7e7b3a55e009ff81175e_1777664674294,one_vial_alternating,2026-05-01 19:47:21.802,next,0,3304,rINY8I3ScfOg1AMw0hEP,25
5f3a7e7b3a55e009ff81175e,5f3a7e7b3a55e009ff81175e_1777664674294,one_vial_alternating,2026-05-01 19:47:28.089,next,0,6288,xpK98xePrp1jhtPF8Krm,26
5f3a7e7b3a55e009ff81175e,5f3a7e7b3a55e009ff81175e_1777664674294,one_vial_alternating,2026-05-01 19:47:34.177,next,0,6087,mxPY2bebzOOvFjQrNSjQ,27
5f3a7e7b3a55e009ff81175e,5f3a7e7b3a55e009ff81175e_1777664674294,one_vial_alternating,2026-05-01 19:47:48.243,next,0,14067,GkeiaAqOT7UIPYhqMhIy,28
5f3a7e7b3a55e009ff81175e,5f3a7e7b3a55e009ff81175e_1777664674294,one_vial_alternating,2026-05-01 19:47:53.637,next,0,5394,pn33sxSU4VFwhmbJt0GI,29
5f3a7e7b3a55e009ff81175e,5f3a7e7b3a55e009ff81175e_1777664674294,one_vial_alternating,2026-05-01 19:48:02.372,next,0,8737,0xAqZsauB0LFOKWFDZiP,30
5f3a7e7b3a55e009ff81175e,5f3a7e7b3a55e009ff81175e_1777664674294,one_vial_alternating,2026-05-01 19:48:19.835,next,0,17455,tN1UP1i3o6HDmgKyGImt,31
5f3a7e7b3a55e009ff81175e,5f3a7e7b3a55e009ff81175e_1777664674294,one_vial_alternating,2026-05-01 19:48:27.959,next,0,8131,74XL6dhDDZAukm8aJv52,32
5f3a7e7b3a55e009ff81175e,5f3a7e7b3a55e009ff81175e_1777664674294,one_vial_alternating,2026-05-01 19:48:34.550,next,0,6588,cBKqDpkY3Gu0oB7tGLnp,33
5f3a7e7b3a55e009ff81175e,5f3a7e7b3a55e009ff81175e_1777664674294,one_vial_alternating,2026-05-01 19:48:39.794,next,0,5247,KGfZdBoYoGut8ofwbNqv,34
5f3a7e7b3a55e009ff81175e,5f3a7e7b3a55e009ff81175e_1777664674294,one_vial_alternating,2026-05-01 19:48:43.934,next,0,4140,LgsHb2cTPCWjuXrfdRSK,35
5f3a7e7b3a55e009ff81175e,5f3a7e7b3a55e009ff81175e_1777664674294,one_vial_alternating,2026-05-01 19:49:00.268,next,1,16336,qyjnwg8I4h2ia2GagaIA,36
5f3a7e7b3a55e009ff81175e,5f3a7e7b3a55e009ff81175e_1777664674294,one_vial_alternating,2026-05-01 19:49:40.901,prev,0,40630,9hghgGVKUmp0vmKzSUc9,35
5f3a7e7b3a55e009ff81175e,5f3a7e7b3a55e009ff81175e_1777664674294,one_vial_alternating,2026-05-01 19:49:42.293,prev,0,1394,oat0o7g12TX70h1d9w5F,34
5f3a7e7b3a55e009ff81175e,5f3a7e7b3a55e009ff81175e_1777664674294,one_vial_alternating,2026-05-01 19:49:46.243,next,0,3944,maKmaNhjfQ5OQrD49aGU,35
5f3a7e7b3a55e009ff81175e,5f3a7e7b3a55e009ff81175e_1777664674294,one_vial_alternating,2026-05-01 19:50:12.511,next,1,26268,qWDos47bmKCbSapNCw2f,36
5f3a7e7b3a55e009ff81175e,5f3a7e7b3a55e009ff81175e_1777664674294,one_vial_alternating,2026-05-01 19:50:54.316,redirect-correct,0,41807,2DLC2AInwnA3CLZnxeTK,37
5f3a7e7b3a55e009ff81175e,5f3a7e7b3a55e009ff81175e_1777664674294,one_vial_alternating,2026-05-01 19:50:57.935,next,0,3620,hrxNLDJjpnkM5ezzm7GH,38
5f3a7e7b3a55e009ff81175e,5f3a7e7b3a55e009ff81175e_1777664674294,one_vial_alternating,2026-05-01 19:51:01.328,next,0,3393,wU48xKx6DotLOpdy8Qxp,39
5f3a7e7b3a55e009ff81175e,5f3a7e7b3a55e009ff81175e_1777664674294,one_vial_alternating,2026-05-01 19:51:06.140,next,1,4814,7ULKoBBkiTaAhvqmy5dJ,40
5f3a7e7b3a55e009ff81175e,5f3a7e7b3a55e009ff81175e_1777664674294,one_vial_alternating,2026-05-01 19:51:12.964,redirect-correct,0,6825,ICT4HnmRijKrhXdVdQbG,41
5f3a7e7b3a55e009ff81175e,5f3a7e7b3a55e009ff81175e_1777664674294,one_vial_alternating,2026-05-01 19:51:15.925,next,0,2961,yYB2SSNW9TVJp1R5vWq4,42
60a9455edf704176d918fbaa,60a9455edf704176d918fbaa_1777665441806,one_vial_alternating,2026-05-01 20:00:23.531,initial,0,,QTfrOBywPKlKT9R4lKAs,1
60a9455edf704176d918fbaa,60a9455edf704176d918fbaa_1777665441806,one_vial_alternating,2026-05-01 20:00:31.542,next,0,8223,dtFPxoqnSOVSuV5ADSL4,2
60a9455edf704176d918fbaa,60a9455edf704176d918fbaa_1777665441806,one_vial_alternating,2026-05-01 20:00:38.057,next,0,6527,6UM0V89AV2IqK0IE2inU,3
60a9455edf704176d918fbaa,60a9455edf704176d918fbaa_1777665441806,one_vial_alternating,2026-05-01 20:00:45.274,next,0,7187,yfP1bhrUrz4DYakO5R65,4
60a9455edf704176d918fbaa,60a9455edf704176d918fbaa_1777665441806,one_vial_alternating,2026-05-01 20:00:51.481,next,0,6217,wvng3DIHsxXaw5F2Uy5N,5
60a9455edf704176d918fbaa,60a9455edf704176d918fbaa_1777665441806,one_vial_alternating,2026-05-01 20:01:00.912,prev,0,9418,LkavSGQrWvT4mh3byLCr,4
60a9455edf704176d918fbaa,60a9455edf704176d918fbaa_1777665441806,one_vial_alternating,2026-05-01 20:01:20.073,next,0,19183,IFRoAwCkeYTJZ7UlmDUh,5
60a9455edf704176d918fbaa,60a9455edf704176d918fbaa_1777665441806,one_vial_alternating,2026-05-01 20:01:26.543,next,0,6479,vq2ZlfuBOB7WxWhQS534,6
60a9455edf704176d918fbaa,60a9455edf704176d918fbaa_1777665441806,one_vial_alternating,2026-05-01 20:01:30.811,next,0,4269,3vfUg1e3uVPvAYxt4yBK,7
60a9455edf704176d918fbaa,60a9455edf704176d918fbaa_1777665441806,one_vial_alternating,2026-05-01 20:01:40.648,next,0,9828,jOrmXMeI3zgMK3kOjsiY,8
60a9455edf704176d918fbaa,60a9455edf704176d918fbaa_1777665441806,one_vial_alternating,2026-05-01 20:01:48.069,next,0,7417,kXjE1GCjI5ndVoPEihw5,9
60a9455edf704176d918fbaa,60a9455edf704176d918fbaa_1777665441806,one_vial_alternating,2026-05-01 20:01:54.187,next,0,6122,hbmq0N4obt3zA97pzjTp,10
60a9455edf704176d918fbaa,60a9455edf704176d918fbaa_1777665441806,one_vial_alternating,2026-05-01 20:02:05.143,next,0,10912,E9CRrPoeIsKN3NK5iAA5,11
60a9455edf704176d918fbaa,60a9455edf704176d918fbaa_1777665441806,one_vial_alternating,2026-05-01 20:02:14.600,next,0,9483,HgHRAp9NGcwSzPfR1Vy0,12
60a9455edf704176d918fbaa,60a9455edf704176d918fbaa_1777665441806,one_vial_alternating,2026-05-01 20:02:36.090,prev,0,21466,xQ7fuClSRLTFebb1tzj3,11
60a9455edf704176d918fbaa,60a9455edf704176d918fbaa_1777665441806,one_vial_alternating,2026-05-01 20:02:37.502,prev,0,1463,h8eAopeosKsYsa14NRI4,10
60a9455edf704176d918fbaa,60a9455edf704176d918fbaa_1777665441806,one_vial_alternating,2026-05-01 20:02:38.830,prev,0,1322,WG7kBBDIJ8bQ2Cx4xHXu,9
60a9455edf704176d918fbaa,60a9455edf704176d918fbaa_1777665441806,one_vial_alternating,2026-05-01 20:02:42.665,next,0,3797,si06lj92oNkcmqWMeuJK,10
60a9455edf704176d918fbaa,60a9455edf704176d918fbaa_1777665441806,one_vial_alternating,2026-05-01 20:03:04.894,next,0,22275,b8CO0L71O136ssAwcd7d,11
60a9455edf704176d918fbaa,60a9455edf704176d918fbaa_1777665441806,one_vial_alternating,2026-05-01 20:03:11.661,next,0,6730,3qhTVgfFNDu9GsDrOvfY,12
60a9455edf704176d918fbaa,60a9455edf704176d918fbaa_1777665441806,one_vial_alternating,2026-05-01 20:03:14.304,next,0,2677,MFNsw4PAhJpD4Pcb15cR,13
60a9455edf704176d918fbaa,60a9455edf704176d918fbaa_1777665441806,one_vial_alternating,2026-05-01 20:03:18.942,next,0,4638,2LEGy7UueKCOwwtajbcA,14
60a9455edf704176d918fbaa,60a9455edf704176d918fbaa_1777665441806,one_vial_alternating,2026-05-01 20:03:23.271,next,0,4315,OoOxS7wdra2sdZFAQsmM,15
60a9455edf704176d918fbaa,60a9455edf704176d918fbaa_1777665441806,one_vial_alternating,2026-05-01 20:03:27.234,next,0,3950,PFYUkInGWgR8HuTIV1Pb,16
60a9455edf704176d918fbaa,60a9455edf704176d918fbaa_1777665441806,one_vial_alternating,2026-05-01 20:03:30.919,next,0,3680,na2TNsTnOWBe9UO9ncck,17
60a9455edf704176d918fbaa,60a9455edf704176d918fbaa_1777665441806,one_vial_alternating,2026-05-01 20:03:34.566,next,0,3675,d1zwcNM14xQX0Xx8YflL,18
60a9455edf704176d918fbaa,60a9455edf704176d918fbaa_1777665441806,one_vial_alternating,2026-05-01 20:03:37.862,next,0,3304,b3hmiBCSbzwAIRZvaZ7F,19
60a9455edf704176d918fbaa,60a9455edf704176d918fbaa_1777665441806,one_vial_alternating,2026-05-01 20:03:44.053,next,0,6176,sMcAXnivXiHf8oD3Lmgf,20
60a9455edf704176d918fbaa,60a9455edf704176d918fbaa_1777665441806,one_vial_alternating,2026-05-01 20:03:48.218,next,0,4161,QNo3MNRN4CPNfL8IhSB5,21
60a9455edf704176d918fbaa,60a9455edf704176d918fbaa_1777665441806,one_vial_alternating,2026-05-01 20:03:53.924,next,0,5667,DHfvNtWxn3dlhnvSObLu,22
60a9455edf704176d918fbaa,60a9455edf704176d918fbaa_1777665441806,one_vial_alternating,2026-05-01 20:04:01.700,next,1,7832,96inzyvnPrf9U4l9PqtV,23
60a9455edf704176d918fbaa,60a9455edf704176d918fbaa_1777665441806,one_vial_alternating,2026-05-01 20:04:32.925,prev,0,31176,HG1CSKgrlCMM6kFOGhGD,22
60a9455edf704176d918fbaa,60a9455edf704176d918fbaa_1777665441806,one_vial_alternating,2026-05-01 20:05:16.839,next,1,43956,zhPDbHrvU0mdDsgjX0V3,23
60a9455edf704176d918fbaa,60a9455edf704176d918fbaa_1777665441806,one_vial_alternating,2026-05-01 20:05:56.056,redirect-correct,0,39198,0NxKaPHzQzvSJdn364bV,24
60a9455edf704176d918fbaa,60a9455edf704176d918fbaa_1777665441806,one_vial_alternating,2026-05-01 20:06:04.798,next,0,7817,5mgQ3IC8tcnrVFTVz8Ya,25
60a9455edf704176d918fbaa,60a9455edf704176d918fbaa_1777665441806,one_vial_alternating,2026-05-01 20:06:16.279,next,0,10725,B6QPo25WYkI5wRsufMVp,26
60a9455edf704176d918fbaa,60a9455edf704176d918fbaa_1777665441806,one_vial_alternating,2026-05-01 20:06:19.653,next,0,5085,CQbUbeYveuCi4pAmTidb,27
60a9455edf704176d918fbaa,60a9455edf704176d918fbaa_1777665441806,one_vial_alternating,2026-05-01 20:06:36.017,next,0,16347,GcqJ2Kg4jDp4J0Y3VoKY,28
60a9455edf704176d918fbaa,60a9455edf704176d918fbaa_1777665441806,one_vial_alternating,2026-05-01 20:06:52.168,next,0,16161,BzUtutKm630QTKUb7g8N,29
60a9455edf704176d918fbaa,60a9455edf704176d918fbaa_1777665441806,one_vial_alternating,2026-05-01 20:07:05.205,next,0,13033,DlmcfO7bddQDFRBVKJyR,30
60a9455edf704176d918fbaa,60a9455edf704176d918fbaa_1777665441806,one_vial_alternating,2026-05-01 20:07:19.787,next,0,13787,B08NYKYkhMNyxahk3Bvq,31
60a9455edf704176d918fbaa,60a9455edf704176d918fbaa_1777665441806,one_vial_alternating,2026-05-01 20:07:54.277,next,0,35280,7NRzUH1HEfJg9ALSWgzZ,32
60a9455edf704176d918fbaa,60a9455edf704176d918fbaa_1777665441806,one_vial_alternating,2026-05-01 20:08:21.389,prev,0,25152,ivUSnIxwU6yJYT4pgZ27,31
60a9455edf704176d918fbaa,60a9455edf704176d918fbaa_1777665441806,one_vial_alternating,2026-05-01 20:08:22.328,prev,0,2901,3OC9gjZ4Gn9DEqjqRUmj,30
60a9455edf704176d918fbaa,60a9455edf704176d918fbaa_1777665441806,one_vial_alternating,2026-05-01 20:08:25.389,prev,0,3037,FFmxaeknRiNoDPpS2vXt,29
60a9455edf704176d918fbaa,60a9455edf704176d918fbaa_1777665441806,one_vial_alternating,2026-05-01 20:08:27.580,prev,0,2178,x2U4bnm1F67MsSwLv9CB,28
60a9455edf704176d918fbaa,60a9455edf704176d918fbaa_1777665441806,one_vial_alternating,2026-05-01 20:08:30.094,prev,0,2553,0DCk9NPU4lBtLZPLATXH,27
60a9455edf704176d918fbaa,60a9455edf704176d918fbaa_1777665441806,one_vial_alternating,2026-05-01 20:08:32.464,prev,0,2370,IGFOWCRCzDqlktsR7xuY,26
60a9455edf704176d918fbaa,60a9455edf704176d918fbaa_1777665441806,one_vial_alternating,2026-05-01 20:08:35.067,prev,0,2561,TitWjylEtQqBGcdz2ONN,25
60a9455edf704176d918fbaa,60a9455edf704176d918fbaa_1777665441806,one_vial_alternating,2026-05-01 20:08:40.285,next,0,5249,3sNoB2cjP83VIMcoNbFS,26
60a9455edf704176d918fbaa,60a9455edf704176d918fbaa_1777665441806,one_vial_alternating,2026-05-01 20:08:43.427,next,0,3155,jVUtoqFPLDHK6RoRoEQ1,27
60a9455edf704176d918fbaa,60a9455edf704176d918fbaa_1777665441806,one_vial_alternating,2026-05-01 20:08:49.828,next,0,6383,8bjUFiFI8dm8mgnuo8Yu,28
60a9455edf704176d918fbaa,60a9455edf704176d918fbaa_1777665441806,one_vial_alternating,2026-05-01 20:08:52.956,next,0,3150,NUKlkJRdCj8JJU3EsFHx,29
60a9455edf704176d918fbaa,60a9455edf704176d918fbaa_1777665441806,one_vial_alternating,2026-05-01 20:08:55.894,next,0,2914,TNqGFZE2TVDYTgIdsHfR,30
60a9455edf704176d918fbaa,60a9455edf704176d918fbaa_1777665441806,one_vial_alternating,2026-05-01 20:09:01.376,next,0,5496,dsF3Mz92YT495n0GlhGW,31
60a9455edf704176d918fbaa,60a9455edf704176d918fbaa_1777665441806,one_vial_alternating,2026-05-01 20:09:04.066,next,0,2683,0l5jEYda7v62NFwYp6OZ,32
60a9455edf704176d918fbaa,60a9455edf704176d918fbaa_1777665441806,one_vial_alternating,2026-05-01 20:09:07.782,next,0,3683,on1y2DRX4VriHW6QFUwH,33
60a9455edf704176d918fbaa,60a9455edf704176d918fbaa_1777665441806,one_vial_alternating,2026-05-01 20:09:14.342,next,0,6565,dd73nOtnQ8t6tEmuegrG,34
60a9455edf704176d918fbaa,60a9455edf704176d918fbaa_1777665441806,one_vial_alternating,2026-05-01 20:09:20.447,next,0,6123,0kt6yw90aelOAuYMSMnl,35
60a9455edf704176d918fbaa,60a9455edf704176d918fbaa_1777665441806,one_vial_alternating,2026-05-01 20:09:23.766,next,1,3301,cJBZZwhcfOQdxnayLAkC,36
60a9455edf704176d918fbaa,60a9455edf704176d918fbaa_1777665441806,one_vial_alternating,2026-05-01 20:11:22.629,prev,0,117984,0UOy12AZ9TsboVcSrTLI,35
60a9455edf704176d918fbaa,60a9455edf704176d918fbaa_1777665441806,one_vial_alternating,2026-05-01 20:12:27.090,next,1,64664,MWRPUKqwTnuvVEWU6UTJ,36
60a9455edf704176d918fbaa,60a9455edf704176d918fbaa_1777665441806,one_vial_alternating,2026-05-01 20:13:34.602,redirect-correct,0,68235,2wt4keNalJyN4VdD9Ly9,37
60a9455edf704176d918fbaa,60a9455edf704176d918fbaa_1777665441806,one_vial_alternating,2026-05-01 20:13:42.205,next,0,7543,JQosVIm8GD6HlxzmKS4x,38
60a9455edf704176d918fbaa,60a9455edf704176d918fbaa_1777665441806,one_vial_alternating,2026-05-01 20:13:51.445,next,0,9284,dJpBYKHwJqTI30UQOx6f,39
60a9455edf704176d918fbaa,60a9455edf704176d918fbaa_1777665441806,one_vial_alternating,2026-05-01 20:14:20.524,next,1,29085,fzccuiKysetLETOYxr4s,40
60a9455edf704176d918fbaa,60a9455edf704176d918fbaa_1777665441806,one_vial_alternating,2026-05-01 20:14:40.014,redirect-correct,0,19498,I2Gkv4aofcdV2VmCFKQa,41
60a9455edf704176d918fbaa,60a9455edf704176d918fbaa_1777665441806,one_vial_alternating,2026-05-01 20:14:45.881,next,0,5829,xOYSW4otHYMDwoN9Crq1,42
615a047f08d2a62e66315a7d,615a047f08d2a62e66315a7d_1777666107576,one_vial_alternating,2026-05-01 20:08:37.896,initial,0,,LUx8XXguIZ2ebCIPnHKQ,1
615a047f08d2a62e66315a7d,615a047f08d2a62e66315a7d_1777666107576,one_vial_alternating,2026-05-01 20:08:43.871,next,0,5936,hWcG6XSTd80aNUUMHn58,2
615a047f08d2a62e66315a7d,615a047f08d2a62e66315a7d_1777666107576,one_vial_alternating,2026-05-01 20:08:48.397,next,0,4602,c1w9sjouZ4iARIhImXnv,3
615a047f08d2a62e66315a7d,615a047f08d2a62e66315a7d_1777666107576,one_vial_alternating,2026-05-01 20:09:15.065,next,0,26636,60aQecdJP20wIWnCXRTq,4
615a047f08d2a62e66315a7d,615a047f08d2a62e66315a7d_1777666107576,one_vial_alternating,2026-05-01 20:09:30.177,next,0,15138,S7x3pAUNGn8WNSwkNpOC,5
615a047f08d2a62e66315a7d,615a047f08d2a62e66315a7d_1777666107576,one_vial_alternating,2026-05-01 20:09:36.152,next,0,5973,hCye07gg4YRmzBtue1Eb,6
615a047f08d2a62e66315a7d,615a047f08d2a62e66315a7d_1777666107576,one_vial_alternating,2026-05-01 20:09:43.484,next,0,7281,w4iHDjV4cJEueGzSgsqW,7
615a047f08d2a62e66315a7d,615a047f08d2a62e66315a7d_1777666107576,one_vial_alternating,2026-05-01 20:09:48.193,next,0,4761,f8e5OtREodsZtkbqXzZd,8
615a047f08d2a62e66315a7d,615a047f08d2a62e66315a7d_1777666107576,one_vial_alternating,2026-05-01 20:10:00.499,next,0,12290,IFZaI6Pk2jMPPMu3tQpQ,9
615a047f08d2a62e66315a7d,615a047f08d2a62e66315a7d_1777666107576,one_vial_alternating,2026-05-01 20:10:30.605,next,0,30105,zZIEP3yVCv9O3Rnnwlfm,10
615a047f08d2a62e66315a7d,615a047f08d2a62e66315a7d_1777666107576,one_vial_alternating,2026-05-01 20:10:36.715,next,0,6126,0x3XjKsMcCJbB6dZo7mj,11
615a047f08d2a62e66315a7d,615a047f08d2a62e66315a7d_1777666107576,one_vial_alternating,2026-05-01 20:10:58.911,next,0,22196,jncwIpxY273Bmm2ue5uW,12
615a047f08d2a62e66315a7d,615a047f08d2a62e66315a7d_1777666107576,one_vial_alternating,2026-05-01 20:11:05.022,next,0,6112,uvX89wPSnAqAaMEok4Wi,13
615a047f08d2a62e66315a7d,615a047f08d2a62e66315a7d_1777666107576,one_vial_alternating,2026-05-01 20:11:10.557,next,0,5536,PurwQCHTmTsBq4wXjfLJ,14
615a047f08d2a62e66315a7d,615a047f08d2a62e66315a7d_1777666107576,one_vial_alternating,2026-05-01 20:11:15.076,next,0,4508,iwCcYdk5exGQVnzLakdS,15
615a047f08d2a62e66315a7d,615a047f08d2a62e66315a7d_1777666107576,one_vial_alternating,2026-05-01 20:11:19.133,next,0,4026,w4DUagFodo4QQqDewQJb,16
615a047f08d2a62e66315a7d,615a047f08d2a62e66315a7d_1777666107576,one_vial_alternating,2026-05-01 20:11:30.189,next,0,11090,k3hRyiXOopi7lnwjlhQT,17
615a047f08d2a62e66315a7d,615a047f08d2a62e66315a7d_1777666107576,one_vial_alternating,2026-05-01 20:11:49.499,next,0,19307,slArQh2h6dzUoaSdYyVw,18
615a047f08d2a62e66315a7d,615a047f08d2a62e66315a7d_1777666107576,one_vial_alternating,2026-05-01 20:11:54.354,next,0,4868,J8IXQdBOVgOL5CxKT25k,19
615a047f08d2a62e66315a7d,615a047f08d2a62e66315a7d_1777666107576,one_vial_alternating,2026-05-01 20:11:58.566,next,0,4203,F9vGyRnUKDFYpgWybChm,20
615a047f08d2a62e66315a7d,615a047f08d2a62e66315a7d_1777666107576,one_vial_alternating,2026-05-01 20:12:12.067,next,0,13490,bXonKjQs9YXTXBIln3Yf,21
615a047f08d2a62e66315a7d,615a047f08d2a62e66315a7d_1777666107576,one_vial_alternating,2026-05-01 20:12:18.880,next,0,6827,1bw68BsZ0RZWpsFOMruN,22
615a047f08d2a62e66315a7d,615a047f08d2a62e66315a7d_1777666107576,one_vial_alternating,2026-05-01 20:12:37.203,next,1,18326,AdlObOdCxqOXVZc7zgYk,23
615a047f08d2a62e66315a7d,615a047f08d2a62e66315a7d_1777666107576,one_vial_alternating,2026-05-01 20:13:43.608,redirect-correct,0,66402,kSSLGlVN7xblukFkjN0c,24
615a047f08d2a62e66315a7d,615a047f08d2a62e66315a7d_1777666107576,one_vial_alternating,2026-05-01 20:13:47.165,next,0,3554,rpqSeoqL31td1f1QChOt,25
615a047f08d2a62e66315a7d,615a047f08d2a62e66315a7d_1777666107576,one_vial_alternating,2026-05-01 20:13:57.127,next,0,9967,wFJQ5JweehpEytknwIgw,26
615a047f08d2a62e66315a7d,615a047f08d2a62e66315a7d_1777666107576,one_vial_alternating,2026-05-01 20:14:02.624,next,0,5494,juiyqcSygoowFWTXIHfL,27
615a047f08d2a62e66315a7d,615a047f08d2a62e66315a7d_1777666107576,one_vial_alternating,2026-05-01 20:14:09.001,next,0,6372,439s0tQxwd6XwbLSNLUt,28
615a047f08d2a62e66315a7d,615a047f08d2a62e66315a7d_1777666107576,one_vial_alternating,2026-05-01 20:14:23.574,next,0,14582,9uIZwoGqqvQhdaYHLX91,29
615a047f08d2a62e66315a7d,615a047f08d2a62e66315a7d_1777666107576,one_vial_alternating,2026-05-01 20:14:31.022,next,0,7428,XnBpnOazcBFbIhg0j3I6,30
615a047f08d2a62e66315a7d,615a047f08d2a62e66315a7d_1777666107576,one_vial_alternating,2026-05-01 20:14:43.654,next,0,12638,Wdd2Jk66wHHnlJzC80pL,31
615a047f08d2a62e66315a7d,615a047f08d2a62e66315a7d_1777666107576,one_vial_alternating,2026-05-01 20:14:52.661,next,0,9024,EbQnqcOIOmHz0G6zxFQZ,32
615a047f08d2a62e66315a7d,615a047f08d2a62e66315a7d_1777666107576,one_vial_alternating,2026-05-01 20:14:59.455,next,0,6794,lqqdLV5xmGlumC3TfKlY,33
615a047f08d2a62e66315a7d,615a047f08d2a62e66315a7d_1777666107576,one_vial_alternating,2026-05-01 20:15:05.477,next,0,6010,rJuXBcOdU2AKjvvknwdM,34
615a047f08d2a62e66315a7d,615a047f08d2a62e66315a7d_1777666107576,one_vial_alternating,2026-05-01 20:15:11.416,next,0,5945,Drr4NoGg2huTVCex2kn9,35
615a047f08d2a62e66315a7d,615a047f08d2a62e66315a7d_1777666107576,one_vial_alternating,2026-05-01 20:15:37.719,next,1,26303,huVfVS7iZ0d6P72cNyhP,36
615a047f08d2a62e66315a7d,615a047f08d2a62e66315a7d_1777666107576,one_vial_alternating,2026-05-01 20:16:56.129,redirect-incorrect,0,78409,oG35quylLldvhqgESIa5,33
615a047f08d2a62e66315a7d,615a047f08d2a62e66315a7d_1777666107576,one_vial_alternating,2026-05-01 20:17:00.524,next,0,4392,u7jsBpXocQrH9HWdhKLf,34
615a047f08d2a62e66315a7d,615a047f08d2a62e66315a7d_1777666107576,one_vial_alternating,2026-05-01 20:17:06.678,next,0,6142,INL6vUQueuG1nVhd6yVL,35
615a047f08d2a62e66315a7d,615a047f08d2a62e66315a7d_1777666107576,one_vial_alternating,2026-05-01 20:17:30.552,next,1,23889,bT8BNvS0gblGCxNq7eYM,36
615a047f08d2a62e66315a7d,615a047f08d2a62e66315a7d_1777666107576,one_vial_alternating,2026-05-01 20:18:48.894,redirect-correct,0,78344,MX5rU00RrpmgCTLoVBNC,37
615a047f08d2a62e66315a7d,615a047f08d2a62e66315a7d_1777666107576,one_vial_alternating,2026-05-01 20:18:54.130,next,0,5233,4VYDcTGwrLBs5lnHDdL5,38
615a047f08d2a62e66315a7d,615a047f08d2a62e66315a7d_1777666107576,one_vial_alternating,2026-05-01 20:18:58.558,next,0,4426,ovg1VjMca8O9xlVvXbVr,39
615a047f08d2a62e66315a7d,615a047f08d2a62e66315a7d_1777666107576,one_vial_alternating,2026-05-01 20:19:10.098,next,1,11531,P08mdwRNQcA6LtblyXi8,40
615a047f08d2a62e66315a7d,615a047f08d2a62e66315a7d_1777666107576,one_vial_alternating,2026-05-01 20:19:20.964,redirect-correct,0,10876,WBzOSspQJWnNLXHr8pZl,41
615a047f08d2a62e66315a7d,615a047f08d2a62e66315a7d_1777666107576,one_vial_alternating,2026-05-01 20:19:24.577,next,0,3602,pJF74AigoQMdK7sziTDQ,42
6317484f0c7c585248df1ab9,6317484f0c7c585248df1ab9_1777746139387,one_vial_alternating,2026-05-02 18:22:31.703,initial,0,,Am03EK4iRk5SCNiJ2yIl,1
6317484f0c7c585248df1ab9,6317484f0c7c585248df1ab9_1777746139387,one_vial_alternating,2026-05-02 18:22:35.788,next,0,4295,yNTTN9x7M8vbzahbyqEE,2
6317484f0c7c585248df1ab9,6317484f0c7c585248df1ab9_1777746139387,one_vial_alternating,2026-05-02 18:22:38.342,next,0,2553,OLIXM9iqfzcJMSoe7eZc,3
6317484f0c7c585248df1ab9,6317484f0c7c585248df1ab9_1777746139387,one_vial_alternating,2026-05-02 18:22:45.107,next,0,6764,6K9a4wd58rxiih0UWKxH,4
6317484f0c7c585248df1ab9,6317484f0c7c585248df1ab9_1777746139387,one_vial_alternating,2026-05-02 18:22:55.294,next,0,10190,R4G9LmLjnj2h0KsLGEJl,5
6317484f0c7c585248df1ab9,6317484f0c7c585248df1ab9_1777746139387,one_vial_alternating,2026-05-02 18:23:01.346,next,0,6049,nnuR4cSbahvrhbLq1hao,6
6317484f0c7c585248df1ab9,6317484f0c7c585248df1ab9_1777746139387,one_vial_alternating,2026-05-02 18:23:07.471,next,0,6125,q51dkFzpqFhXh0H2Oppp,7
6317484f0c7c585248df1ab9,6317484f0c7c585248df1ab9_1777746139387,one_vial_alternating,2026-05-02 18:23:11.419,next,0,3948,K3IrBnh9P7EMVVxFFOrT,8
6317484f0c7c585248df1ab9,6317484f0c7c585248df1ab9_1777746139387,one_vial_alternating,2026-05-02 18:23:15.936,next,0,4520,HDOcxvRYOSuz0rwfxF5e,9
6317484f0c7c585248df1ab9,6317484f0c7c585248df1ab9_1777746139387,one_vial_alternating,2026-05-02 18:23:23.154,next,0,7217,EjqdM7usICc9YX2NJtqk,10
6317484f0c7c585248df1ab9,6317484f0c7c585248df1ab9_1777746139387,one_vial_alternating,2026-05-02 18:23:27.239,next,0,4086,XV45AKsACJj8tA4LF00V,11
6317484f0c7c585248df1ab9,6317484f0c7c585248df1ab9_1777746139387,one_vial_alternating,2026-05-02 18:23:32.378,next,0,5135,oHsGj60gbvB4bFMGguRN,12
6317484f0c7c585248df1ab9,6317484f0c7c585248df1ab9_1777746139387,one_vial_alternating,2026-05-02 18:23:38.601,next,0,6224,1u5mSGHwaJJtzE8b9k2c,13
6317484f0c7c585248df1ab9,6317484f0c7c585248df1ab9_1777746139387,one_vial_alternating,2026-05-02 18:23:42.024,next,0,3425,DYT9ZqBKMoSqx0wSehZd,14
6317484f0c7c585248df1ab9,6317484f0c7c585248df1ab9_1777746139387,one_vial_alternating,2026-05-02 18:23:46.719,next,0,4697,9C1GZgyQU0mo60g25Nx5,15
6317484f0c7c585248df1ab9,6317484f0c7c585248df1ab9_1777746139387,one_vial_alternating,2026-05-02 18:23:50.786,next,0,4067,8N3MmBFsHc1tSJkdOqrh,16
6317484f0c7c585248df1ab9,6317484f0c7c585248df1ab9_1777746139387,one_vial_alternating,2026-05-02 18:23:54.150,next,0,3363,q3CzcJPiRq5HZSTCZr15,17
6317484f0c7c585248df1ab9,6317484f0c7c585248df1ab9_1777746139387,one_vial_alternating,2026-05-02 18:23:57.641,next,0,3490,hGqk1095JWa0068QfjfL,18
6317484f0c7c585248df1ab9,6317484f0c7c585248df1ab9_1777746139387,one_vial_alternating,2026-05-02 18:24:00.882,next,0,3243,WRqTPtsRHo6377LWuEWS,19
6317484f0c7c585248df1ab9,6317484f0c7c585248df1ab9_1777746139387,one_vial_alternating,2026-05-02 18:24:04.113,next,0,3228,GqoDV0w6hYySmwDi036o,20
6317484f0c7c585248df1ab9,6317484f0c7c585248df1ab9_1777746139387,one_vial_alternating,2026-05-02 18:24:09.668,next,0,5557,KARHIsFtd2bl65VsV2Zq,21
6317484f0c7c585248df1ab9,6317484f0c7c585248df1ab9_1777746139387,one_vial_alternating,2026-05-02 18:24:14.858,next,0,5181,J0CcXPtqakegciiLBEeY,22
6317484f0c7c585248df1ab9,6317484f0c7c585248df1ab9_1777746139387,one_vial_alternating,2026-05-02 18:24:22.723,next,1,7875,GgnwzbXwxlqc2WjyUOB0,23
6317484f0c7c585248df1ab9,6317484f0c7c585248df1ab9_1777746139387,one_vial_alternating,2026-05-02 18:24:52.640,redirect-correct,0,29918,FlF9ptFcoTBZszLnVDL6,24
6317484f0c7c585248df1ab9,6317484f0c7c585248df1ab9_1777746139387,one_vial_alternating,2026-05-02 18:24:55.526,next,0,2882,pO5MEICLCCgGcYxsLNaO,25
6317484f0c7c585248df1ab9,6317484f0c7c585248df1ab9_1777746139387,one_vial_alternating,2026-05-02 18:25:02.735,next,0,7212,0RP64669yDtnjiAYxf0l,26
6317484f0c7c585248df1ab9,6317484f0c7c585248df1ab9_1777746139387,one_vial_alternating,2026-05-02 18:25:07.540,next,0,4806,Zs6MI9Fw3UtPpQXIxelN,27
6317484f0c7c585248df1ab9,6317484f0c7c585248df1ab9_1777746139387,one_vial_alternating,2026-05-02 18:25:18.919,next,0,11378,oOSyTMv8wf150fNM3Xtn,28
6317484f0c7c585248df1ab9,6317484f0c7c585248df1ab9_1777746139387,one_vial_alternating,2026-05-02 18:25:23.625,next,0,4705,RB9zEbFOWAHwVoyhXZSX,29
6317484f0c7c585248df1ab9,6317484f0c7c585248df1ab9_1777746139387,one_vial_alternating,2026-05-02 18:25:30.354,next,0,6731,zdWIANvsVSngpHnueFOE,30
6317484f0c7c585248df1ab9,6317484f0c7c585248df1ab9_1777746139387,one_vial_alternating,2026-05-02 18:25:36.054,next,0,5700,ybgl41gITtqgigDgwJ22,31
6317484f0c7c585248df1ab9,6317484f0c7c585248df1ab9_1777746139387,one_vial_alternating,2026-05-02 18:25:42.959,next,0,6905,P4UDwUVTCqZJDxcwN2in,32
6317484f0c7c585248df1ab9,6317484f0c7c585248df1ab9_1777746139387,one_vial_alternating,2026-05-02 18:25:48.746,next,0,5770,M95eAYTqVNAjF4yST7fe,33
6317484f0c7c585248df1ab9,6317484f0c7c585248df1ab9_1777746139387,one_vial_alternating,2026-05-02 18:25:54.571,next,0,5844,y9kbvALQmxI4Q23N1ngo,34
6317484f0c7c585248df1ab9,6317484f0c7c585248df1ab9_1777746139387,one_vial_alternating,2026-05-02 18:26:00.450,next,0,5878,6uM8ikwoI0adpOPoJXpW,35
6317484f0c7c585248df1ab9,6317484f0c7c585248df1ab9_1777746139387,one_vial_alternating,2026-05-02 18:26:06.722,next,1,6265,FSdvU6rH5DZO8L7HxCkE,36
6317484f0c7c585248df1ab9,6317484f0c7c585248df1ab9_1777746139387,one_vial_alternating,2026-05-02 18:27:15.060,redirect-incorrect,0,67774,H2Gj0IYhQZMSiCCBIUYL,33
6317484f0c7c585248df1ab9,6317484f0c7c585248df1ab9_1777746139387,one_vial_alternating,2026-05-02 18:27:18.350,next,0,3861,35bfSpy2H0a5aRFhGKfz,34
6317484f0c7c585248df1ab9,6317484f0c7c585248df1ab9_1777746139387,one_vial_alternating,2026-05-02 18:27:21.044,next,0,2694,PsrTbe3GmoPztbYePfNy,35
6317484f0c7c585248df1ab9,6317484f0c7c585248df1ab9_1777746139387,one_vial_alternating,2026-05-02 18:27:26.446,next,1,5403,Udr1tVuKJN6Pw13ya9NY,36
64b545f4a6685316298c3785,64b545f4a6685316298c3785_1777664690886,one_vial_alternating,2026-05-01 19:45:04.716,initial,0,,daVkKbwKIOd0SvvcMHKY,1
64b545f4a6685316298c3785,64b545f4a6685316298c3785_1777664690886,one_vial_alternating,2026-05-01 19:45:11.694,next,0,6996,JHbRAiuYp3XN6ncnn0hR,2
64b545f4a6685316298c3785,64b545f4a6685316298c3785_1777664690886,one_vial_alternating,2026-05-01 19:45:20.551,next,0,8875,NqjSlQUbmzcdBVpIM074,3
64b545f4a6685316298c3785,64b545f4a6685316298c3785_1777664690886,one_vial_alternating,2026-05-01 19:45:47.091,next,0,26523,RTARW3UUGY8qSpphEwH9,4
64b545f4a6685316298c3785,64b545f4a6685316298c3785_1777664690886,one_vial_alternating,2026-05-01 19:46:31.807,next,0,44716,sYLPVrSyIjMzbykJdmh8,5
64b545f4a6685316298c3785,64b545f4a6685316298c3785_1777664690886,one_vial_alternating,2026-05-01 19:46:42.038,next,0,10236,YZQ2RwxC2DqQZGy6jiYq,6
64b545f4a6685316298c3785,64b545f4a6685316298c3785_1777664690886,one_vial_alternating,2026-05-01 19:46:54.506,next,0,12456,OzQpbcac8EFx8EJafZuO,7
64b545f4a6685316298c3785,64b545f4a6685316298c3785_1777664690886,one_vial_alternating,2026-05-01 19:47:02.310,prev,0,7819,1X0XXnQgjRFmHjp8fZHC,6
64b545f4a6685316298c3785,64b545f4a6685316298c3785_1777664690886,one_vial_alternating,2026-05-01 19:47:07.306,next,0,5002,clmmWE5kaLUYVZmo525x,7
64b545f4a6685316298c3785,64b545f4a6685316298c3785_1777664690886,one_vial_alternating,2026-05-01 19:47:12.680,next,0,5368,WV5yVPwSYHY4aGvlCSrO,8
64b545f4a6685316298c3785,64b545f4a6685316298c3785_1777664690886,one_vial_alternating,2026-05-01 19:47:19.941,next,0,7269,nCPwPGwYXXR1EyLaOyzg,9
64b545f4a6685316298c3785,64b545f4a6685316298c3785_1777664690886,one_vial_alternating,2026-05-01 19:47:31.387,next,0,11435,iw4aVuKi5MWpAuQPEc5Q,10
64b545f4a6685316298c3785,64b545f4a6685316298c3785_1777664690886,one_vial_alternating,2026-05-01 19:47:45.164,next,0,13768,u816ZlLSEBWdJR0u7ani,11
64b545f4a6685316298c3785,64b545f4a6685316298c3785_1777664690886,one_vial_alternating,2026-05-01 19:48:45.188,next,0,60044,4ithAvjQ0JMYxboMp2NK,12
64b545f4a6685316298c3785,64b545f4a6685316298c3785_1777664690886,one_vial_alternating,2026-05-01 19:48:58.595,next,0,13405,DQddzg9iG4upGifAxCur,13
64b545f4a6685316298c3785,64b545f4a6685316298c3785_1777664690886,one_vial_alternating,2026-05-01 19:49:07.285,next,0,8684,xZujSAU6Uw7HCuYC2OuI,14
64b545f4a6685316298c3785,64b545f4a6685316298c3785_1777664690886,one_vial_alternating,2026-05-01 19:49:14.876,next,0,7597,HumzC9u6QkPIkQsWHPA3,15
64b545f4a6685316298c3785,64b545f4a6685316298c3785_1777664690886,one_vial_alternating,2026-05-01 19:49:20.517,next,0,5641,iLTgFlNwGwiB8uJ3f0pq,16
64b545f4a6685316298c3785,64b545f4a6685316298c3785_1777664690886,one_vial_alternating,2026-05-01 19:49:31.311,next,0,10785,UETTC6HxzOMoYt55jLS5,17
64b545f4a6685316298c3785,64b545f4a6685316298c3785_1777664690886,one_vial_alternating,2026-05-01 19:49:38.763,next,0,7424,F2l4ThIUXEi5oUcwq5du,18
64b545f4a6685316298c3785,64b545f4a6685316298c3785_1777664690886,one_vial_alternating,2026-05-01 19:49:44.996,next,0,6247,i0jNc8L7vSSc6qe9jVHR,19
64b545f4a6685316298c3785,64b545f4a6685316298c3785_1777664690886,one_vial_alternating,2026-05-01 19:49:52.201,next,0,7204,UX5I27JZEHqCMxrzgOTz,20
64b545f4a6685316298c3785,64b545f4a6685316298c3785_1777664690886,one_vial_alternating,2026-05-01 19:49:58.537,next,0,6304,XI2jteQ2Gu08uY41bWlt,21
64b545f4a6685316298c3785,64b545f4a6685316298c3785_1777664690886,one_vial_alternating,2026-05-01 19:50:11.318,next,0,12811,wecj8mNQj61gBIe7b1Pk,22
64b545f4a6685316298c3785,64b545f4a6685316298c3785_1777664690886,one_vial_alternating,2026-05-01 19:50:30.045,next,1,18732,igqTYoJmc63lAQibgz7g,23
64b545f4a6685316298c3785,64b545f4a6685316298c3785_1777664690886,one_vial_alternating,2026-05-01 19:51:23.537,redirect-correct,0,53510,3cjDQTiQLpv0qDVfJ2JH,24
64b545f4a6685316298c3785,64b545f4a6685316298c3785_1777664690886,one_vial_alternating,2026-05-01 19:51:29.075,next,0,5540,bkN62fJTcUg9By06Zx0E,25
64b545f4a6685316298c3785,64b545f4a6685316298c3785_1777664690886,one_vial_alternating,2026-05-01 19:51:39.647,prev,0,9397,jnN0fXzn7F3fISyZCJi5,24
64b545f4a6685316298c3785,64b545f4a6685316298c3785_1777664690886,one_vial_alternating,2026-05-01 19:51:43.669,next,0,5197,t2ucAVXCpQoEvq17xRdw,25
64b545f4a6685316298c3785,64b545f4a6685316298c3785_1777664690886,one_vial_alternating,2026-05-01 19:51:49.293,next,0,5606,l4qh7KRKm0b37kjYSPEh,26
64b545f4a6685316298c3785,64b545f4a6685316298c3785_1777664690886,one_vial_alternating,2026-05-01 19:52:00.553,next,0,11280,hr70HRXqBAVU0Np9A9cI,27
64b545f4a6685316298c3785,64b545f4a6685316298c3785_1777664690886,one_vial_alternating,2026-05-01 19:52:13.475,next,0,12922,x1XdNHoUHcr0DqB7Ues3,28
64b545f4a6685316298c3785,64b545f4a6685316298c3785_1777664690886,one_vial_alternating,2026-05-01 19:52:24.314,next,0,10837,X8B6Dj8YSQl5MO1pEtx9,29
64b545f4a6685316298c3785,64b545f4a6685316298c3785_1777664690886,one_vial_alternating,2026-05-01 19:52:38.571,next,0,14255,EWwDdb7ivgfX9nuaLXr8,30
64b545f4a6685316298c3785,64b545f4a6685316298c3785_1777664690886,one_vial_alternating,2026-05-01 19:53:21.568,next,0,42997,VXRrnMGi2mQaTZ2r3wXA,31
64b545f4a6685316298c3785,64b545f4a6685316298c3785_1777664690886,one_vial_alternating,2026-05-01 19:53:39.542,next,0,17972,HWAh9nYtqVTkB4ax2PUc,32
64b545f4a6685316298c3785,64b545f4a6685316298c3785_1777664690886,one_vial_alternating,2026-05-01 19:53:49.890,next,0,10337,UB050dlaN9a1avwr8zvL,33
64b545f4a6685316298c3785,64b545f4a6685316298c3785_1777664690886,one_vial_alternating,2026-05-01 19:53:57.653,next,0,7753,HpqvafO6ZgOF0tWxcuHY,34
64b545f4a6685316298c3785,64b545f4a6685316298c3785_1777664690886,one_vial_alternating,2026-05-01 19:54:04.595,next,0,6952,GcX1S00QAjT5p3JBM9Kd,35
64b545f4a6685316298c3785,64b545f4a6685316298c3785_1777664690886,one_vial_alternating,2026-05-01 19:54:15.869,next,1,11290,dJhhi0EhohzOXrnWEAAf,36
64b545f4a6685316298c3785,64b545f4a6685316298c3785_1777664690886,one_vial_alternating,2026-05-01 19:56:52.970,redirect-incorrect,0,157085,tYzh9rXRu6XCQNxwh38y,33
64b545f4a6685316298c3785,64b545f4a6685316298c3785_1777664690886,one_vial_alternating,2026-05-01 19:56:58.663,next,0,5702,iGAV5JOyYkfKkyjMYB9y,34
64b545f4a6685316298c3785,64b545f4a6685316298c3785_1777664690886,one_vial_alternating,2026-05-01 19:57:03.891,next,0,5233,xIa7ft3HNc7P1dqXAtJg,35
64b545f4a6685316298c3785,64b545f4a6685316298c3785_1777664690886,one_vial_alternating,2026-05-01 19:57:07.791,next,1,3903,cFJwmA2JZXzrDhwqfhIU,36
64b545f4a6685316298c3785,64b545f4a6685316298c3785_1777664690886,one_vial_alternating,2026-05-01 19:58:49.708,prev,0,101916,xJtIaBW6yddFYFIjHK5m,35
64b545f4a6685316298c3785,64b545f4a6685316298c3785_1777664690886,one_vial_alternating,2026-05-01 19:58:53.675,next,1,3968,5yWOhYUKV5lVvEhysOLJ,36
64b545f4a6685316298c3785,64b545f4a6685316298c3785_1777664690886,one_vial_alternating,2026-05-01 20:00:12.021,redirect-correct,0,78343,m607rj1Ab85qw3jPUZk0,37
64b545f4a6685316298c3785,64b545f4a6685316298c3785_1777664690886,one_vial_alternating,2026-05-01 20:00:19.688,next,0,7654,IGidnNvAYw05FIonx3Jr,38
64b545f4a6685316298c3785,64b545f4a6685316298c3785_1777664690886,one_vial_alternating,2026-05-01 20:00:27.984,next,0,8284,fRBC2CzGqRcpKjHGJHOb,39
64b545f4a6685316298c3785,64b545f4a6685316298c3785_1777664690886,one_vial_alternating,2026-05-01 20:00:42.714,next,1,14757,czMezPEMTj48ueJrjNze,40
64b545f4a6685316298c3785,64b545f4a6685316298c3785_1777664690886,one_vial_alternating,2026-05-01 20:00:53.151,redirect-correct,0,10430,xyCBXi8NQs1TCb9oxwbw,41
64b545f4a6685316298c3785,64b545f4a6685316298c3785_1777664690886,one_vial_alternating,2026-05-01 20:00:57.192,next,0,4040,QuOjYa6j0ytXrjySx9UJ,42
653fb0e1be70b76473be7116,653fb0e1be70b76473be7116_1777666127521,one_vial_alternating,2026-05-01 20:08:53.747,initial,0,,Y08YB7QJJ0w00pl8dkQo,1
653fb0e1be70b76473be7116,653fb0e1be70b76473be7116_1777666127521,one_vial_alternating,2026-05-01 20:08:56.722,next,0,2987,AMdT0erX0DPZspeQO8eD,2
653fb0e1be70b76473be7116,653fb0e1be70b76473be7116_1777666127521,one_vial_alternating,2026-05-01 20:09:00.491,next,0,3766,8A1PAcD2Upe4AIO8rEfo,3
653fb0e1be70b76473be7116,653fb0e1be70b76473be7116_1777666127521,one_vial_alternating,2026-05-01 20:09:07.313,next,0,6818,UuvztbRA7SKDMFHbAYIM,4
653fb0e1be70b76473be7116,653fb0e1be70b76473be7116_1777666127521,one_vial_alternating,2026-05-01 20:09:10.788,next,0,3484,VH4GtOVkxtCYoAMHzQXB,5
653fb0e1be70b76473be7116,653fb0e1be70b76473be7116_1777666127521,one_vial_alternating,2026-05-01 20:09:14.804,next,0,4014,mje0fSPiILcDm6Lb5p1Y,6
653fb0e1be70b76473be7116,653fb0e1be70b76473be7116_1777666127521,one_vial_alternating,2026-05-01 20:09:21.185,next,0,6382,ZkHnGRPDTcfBuCQWivc2,7
653fb0e1be70b76473be7116,653fb0e1be70b76473be7116_1777666127521,one_vial_alternating,2026-05-01 20:09:24.054,next,0,2870,e6BpTj4Wxgj4j1WAw8zj,8
653fb0e1be70b76473be7116,653fb0e1be70b76473be7116_1777666127521,one_vial_alternating,2026-05-01 20:09:27.422,next,0,3368,z3IV34uX3IEhPDEZzB4X,9
653fb0e1be70b76473be7116,653fb0e1be70b76473be7116_1777666127521,one_vial_alternating,2026-05-01 20:09:32.786,next,0,5366,Di6z57GPyUt4puDuU5fc,10
653fb0e1be70b76473be7116,653fb0e1be70b76473be7116_1777666127521,one_vial_alternating,2026-05-01 20:09:35.861,next,0,3072,Nvq2d140cdK2vzvROirM,11
653fb0e1be70b76473be7116,653fb0e1be70b76473be7116_1777666127521,one_vial_alternating,2026-05-01 20:09:40.272,next,0,4412,Qffy26ogMeeoBsdebk29,12
653fb0e1be70b76473be7116,653fb0e1be70b76473be7116_1777666127521,one_vial_alternating,2026-05-01 20:09:44.386,next,0,4114,WljhfNTYl3FCZGh1AA5j,13
653fb0e1be70b76473be7116,653fb0e1be70b76473be7116_1777666127521,one_vial_alternating,2026-05-01 20:09:47.622,next,0,3236,JoLgIrKMb8URzDU7FfzT,14
653fb0e1be70b76473be7116,653fb0e1be70b76473be7116_1777666127521,one_vial_alternating,2026-05-01 20:09:50.616,next,0,2992,C5DPGyaE6HpHunTHjehO,15
653fb0e1be70b76473be7116,653fb0e1be70b76473be7116_1777666127521,one_vial_alternating,2026-05-01 20:09:53.657,next,0,3040,LIVPrHWq9ohpqwZvs1VZ,16
653fb0e1be70b76473be7116,653fb0e1be70b76473be7116_1777666127521,one_vial_alternating,2026-05-01 20:09:56.625,next,0,2970,HsDzQzreLZnmmxBJI4qR,17
653fb0e1be70b76473be7116,653fb0e1be70b76473be7116_1777666127521,one_vial_alternating,2026-05-01 20:09:59.500,next,0,2876,qv8YZEI3AsoBYrLRVQBs,18
653fb0e1be70b76473be7116,653fb0e1be70b76473be7116_1777666127521,one_vial_alternating,2026-05-01 20:10:02.243,next,0,2744,gdRng1Apfu4nARuAt2xq,19
653fb0e1be70b76473be7116,653fb0e1be70b76473be7116_1777666127521,one_vial_alternating,2026-05-01 20:10:05.260,next,0,3016,a0mjvOk2Off9b6RPdOQ9,20
653fb0e1be70b76473be7116,653fb0e1be70b76473be7116_1777666127521,one_vial_alternating,2026-05-01 20:10:09.142,next,0,3882,GJqNyBTRouzhBmw8bB2z,21
653fb0e1be70b76473be7116,653fb0e1be70b76473be7116_1777666127521,one_vial_alternating,2026-05-01 20:10:12.191,next,0,3048,jDzBQCDhqqlKjVPnTxwj,22
653fb0e1be70b76473be7116,653fb0e1be70b76473be7116_1777666127521,one_vial_alternating,2026-05-01 20:10:19.759,next,1,7568,yTKdpzlZIrhVuozxbFXo,23
653fb0e1be70b76473be7116,653fb0e1be70b76473be7116_1777666127521,one_vial_alternating,2026-05-01 20:10:41.994,redirect-correct,0,22234,W2igXQ5lzuYa3T52mErt,24
653fb0e1be70b76473be7116,653fb0e1be70b76473be7116_1777666127521,one_vial_alternating,2026-05-01 20:10:44.421,next,0,2430,qbvsCyjDariv1a5aAoGv,25
653fb0e1be70b76473be7116,653fb0e1be70b76473be7116_1777666127521,one_vial_alternating,2026-05-01 20:10:50.922,next,0,6500,bYKTJOlJ24dhUmyzGxLe,26
653fb0e1be70b76473be7116,653fb0e1be70b76473be7116_1777666127521,one_vial_alternating,2026-05-01 20:10:55.170,next,0,4247,xVNiepNucs4bye5svHa7,27
653fb0e1be70b76473be7116,653fb0e1be70b76473be7116_1777666127521,one_vial_alternating,2026-05-01 20:11:02.644,next,0,7475,cfFw0pDvFXMwUsdOqk9M,28
653fb0e1be70b76473be7116,653fb0e1be70b76473be7116_1777666127521,one_vial_alternating,2026-05-01 20:11:07.587,next,0,4941,kRol1xyAjoGsEjSLSmBy,29
653fb0e1be70b76473be7116,653fb0e1be70b76473be7116_1777666127521,one_vial_alternating,2026-05-01 20:11:15.968,next,0,8379,eVjDHE3wtmFaaq6oqW3b,30
653fb0e1be70b76473be7116,653fb0e1be70b76473be7116_1777666127521,one_vial_alternating,2026-05-01 20:11:25.514,next,0,9549,bEIHtwXTDhO7WUhwvRKH,31
653fb0e1be70b76473be7116,653fb0e1be70b76473be7116_1777666127521,one_vial_alternating,2026-05-01 20:11:35.081,next,0,9565,PqbeQWyjl1gmQDHp43Sr,32
653fb0e1be70b76473be7116,653fb0e1be70b76473be7116_1777666127521,one_vial_alternating,2026-05-01 20:11:38.406,next,0,3327,HvJHnDZ1f7b4NTMHkydX,33
653fb0e1be70b76473be7116,653fb0e1be70b76473be7116_1777666127521,one_vial_alternating,2026-05-01 20:11:41.832,next,0,3423,MoLhkjMYjpe1X6pll0pv,34
653fb0e1be70b76473be7116,653fb0e1be70b76473be7116_1777666127521,one_vial_alternating,2026-05-01 20:11:44.861,next,0,3032,rCoDEMT5WC54l6eU9YWq,35
653fb0e1be70b76473be7116,653fb0e1be70b76473be7116_1777666127521,one_vial_alternating,2026-05-01 20:11:57.796,next,1,12934,yNZseOD9mDKhlCOU7WIV,36
653fb0e1be70b76473be7116,653fb0e1be70b76473be7116_1777666127521,one_vial_alternating,2026-05-01 20:13:06.144,redirect-incorrect,0,68347,tuLy2Yi4kzJXsFONagLc,33
653fb0e1be70b76473be7116,653fb0e1be70b76473be7116_1777666127521,one_vial_alternating,2026-05-01 20:13:09.169,next,0,3022,5qEPzAJ5WRVUWvxBITMy,34
653fb0e1be70b76473be7116,653fb0e1be70b76473be7116_1777666127521,one_vial_alternating,2026-05-01 20:13:13.909,prev,0,4746,UEGZzBjNJvxCjBt6dmc7,33
653fb0e1be70b76473be7116,653fb0e1be70b76473be7116_1777666127521,one_vial_alternating,2026-05-01 20:13:16.864,next,0,2954,nk8ApCS2ZNEk2kGi2V9M,34
653fb0e1be70b76473be7116,653fb0e1be70b76473be7116_1777666127521,one_vial_alternating,2026-05-01 20:13:19.925,next,0,3062,o8oMTHDRqP0Hgd4oGyzV,35
653fb0e1be70b76473be7116,653fb0e1be70b76473be7116_1777666127521,one_vial_alternating,2026-05-01 20:13:22.727,next,1,2798,RiMJM6vDTszfi2eiwQOc,36
65e08eceb53f195563b788fc,65e08eceb53f195563b788fc_1777666884542,one_vial_alternating,2026-05-01 20:21:38.907,initial,0,,qEC68OHFevLPOsdiqsf9,1
65e08eceb53f195563b788fc,65e08eceb53f195563b788fc_1777666884542,one_vial_alternating,2026-05-01 20:21:55.173,next,0,16447,nSq05h8Cp9cEaaJo5Dvs,2
65e08eceb53f195563b788fc,65e08eceb53f195563b788fc_1777666884542,one_vial_alternating,2026-05-01 20:22:00.698,next,0,5523,C0Ik60LMs8wThGWRXP8C,3
65e08eceb53f195563b788fc,65e08eceb53f195563b788fc_1777666884542,one_vial_alternating,2026-05-01 20:22:09.494,next,0,8797,6QHbU7orJSMTmlPPmWhG,4
65e08eceb53f195563b788fc,65e08eceb53f195563b788fc_1777666884542,one_vial_alternating,2026-05-01 20:22:28.999,next,0,19509,JjCJrVkzKw1QgWbh73eb,5
65e08eceb53f195563b788fc,65e08eceb53f195563b788fc_1777666884542,one_vial_alternating,2026-05-01 20:22:32.036,next,0,3037,9OGmPgb1lVtwSvLLm5Mf,6
65e08eceb53f195563b788fc,65e08eceb53f195563b788fc_1777666884542,one_vial_alternating,2026-05-01 20:22:45.531,prev,0,13496,PNO4rT0fsT8jm1hIMWsj,5
65e08eceb53f195563b788fc,65e08eceb53f195563b788fc_1777666884542,one_vial_alternating,2026-05-01 20:22:46.966,prev,0,1434,lnSuVOw1sycfEe3njUoh,4
65e08eceb53f195563b788fc,65e08eceb53f195563b788fc_1777666884542,one_vial_alternating,2026-05-01 20:23:01.237,prev,0,14269,MeEJJycQFoqkN26xpeSw,3
65e08eceb53f195563b788fc,65e08eceb53f195563b788fc_1777666884542,one_vial_alternating,2026-05-01 20:23:03.165,prev,0,1930,8MhFIGnVwCjeCbbuxvb8,2
65e08eceb53f195563b788fc,65e08eceb53f195563b788fc_1777666884542,one_vial_alternating,2026-05-01 20:23:07.364,next,0,4200,z8f8ne2OUOld2Ah4v4cK,3
65e08eceb53f195563b788fc,65e08eceb53f195563b788fc_1777666884542,one_vial_alternating,2026-05-01 20:23:12.396,next,0,5032,N19PqC8TpdRdBHYov4HC,4
65e08eceb53f195563b788fc,65e08eceb53f195563b788fc_1777666884542,one_vial_alternating,2026-05-01 20:23:15.316,next,0,2919,SZkcGfHHXCcwXBcslY4o,5
65e08eceb53f195563b788fc,65e08eceb53f195563b788fc_1777666884542,one_vial_alternating,2026-05-01 20:23:20.797,next,0,5482,ihk2DwjX27iU9ecUswpv,6
65e08eceb53f195563b788fc,65e08eceb53f195563b788fc_1777666884542,one_vial_alternating,2026-05-01 20:23:44.648,next,0,23850,iGLQBDuMAjkU1B92SlYF,7
65e08eceb53f195563b788fc,65e08eceb53f195563b788fc_1777666884542,one_vial_alternating,2026-05-01 20:23:48.548,next,0,3901,GSEkPI1GfVGAWs1WsjUR,8
65e08eceb53f195563b788fc,65e08eceb53f195563b788fc_1777666884542,one_vial_alternating,2026-05-01 20:23:55.082,next,0,6533,FUHxvnkl8mMjBwV3xklA,9
65e08eceb53f195563b788fc,65e08eceb53f195563b788fc_1777666884542,one_vial_alternating,2026-05-01 20:24:03.350,next,0,8267,OweMkl49T6DPHamOolQa,10
65e08eceb53f195563b788fc,65e08eceb53f195563b788fc_1777666884542,one_vial_alternating,2026-05-01 20:24:07.831,next,0,4483,TgA2Qb8IjZi7JzBDN087,11
65e08eceb53f195563b788fc,65e08eceb53f195563b788fc_1777666884542,one_vial_alternating,2026-05-01 20:24:12.497,next,0,4666,lPmfJcTurIIMBDC6imCO,12
65e08eceb53f195563b788fc,65e08eceb53f195563b788fc_1777666884542,one_vial_alternating,2026-05-01 20:24:28.481,next,0,15984,wz6JHIeaCmNPizqziSnN,13
65e08eceb53f195563b788fc,65e08eceb53f195563b788fc_1777666884542,one_vial_alternating,2026-05-01 20:24:32.996,next,0,4516,RbKTjrzaVsV6Kwq4qVgv,14
65e08eceb53f195563b788fc,65e08eceb53f195563b788fc_1777666884542,one_vial_alternating,2026-05-01 20:24:38.382,next,0,5384,bfTaF80xmaOHpRtWq1oS,15
65e08eceb53f195563b788fc,65e08eceb53f195563b788fc_1777666884542,one_vial_alternating,2026-05-01 20:24:41.499,next,0,3117,iktxNe6hF0BlrXaRi2Z7,16
65e08eceb53f195563b788fc,65e08eceb53f195563b788fc_1777666884542,one_vial_alternating,2026-05-01 20:24:45.414,next,0,3917,YMEV4UcOGvk2xeK7q01H,17
65e08eceb53f195563b788fc,65e08eceb53f195563b788fc_1777666884542,one_vial_alternating,2026-05-01 20:24:49.437,next,0,4023,Oth9OthBt8sPS1QLxAIw,18
65e08eceb53f195563b788fc,65e08eceb53f195563b788fc_1777666884542,one_vial_alternating,2026-05-01 20:24:53.963,next,0,4526,6lLwSHZMXesKDpI6WCWF,19
65e08eceb53f195563b788fc,65e08eceb53f195563b788fc_1777666884542,one_vial_alternating,2026-05-01 20:24:58.084,next,0,4063,ghjL72FzV1YIoFuPYZq8,20
65e08eceb53f195563b788fc,65e08eceb53f195563b788fc_1777666884542,one_vial_alternating,2026-05-01 20:25:10.696,next,0,12670,kfsd4rui11wFtefyrRFv,21
65e08eceb53f195563b788fc,65e08eceb53f195563b788fc_1777666884542,one_vial_alternating,2026-05-01 20:25:14.465,next,0,3768,NyXoZAwgDwKdltVHYJaz,22
65e08eceb53f195563b788fc,65e08eceb53f195563b788fc_1777666884542,one_vial_alternating,2026-05-01 20:25:20.363,next,1,5898,yk7n5zWgoGVR9diFfaKM,23
65e08eceb53f195563b788fc,65e08eceb53f195563b788fc_1777666884542,one_vial_alternating,2026-05-01 20:28:32.051,redirect-correct,0,191684,3dDt6Wmr0cJyfwpy4lVh,24
65e08eceb53f195563b788fc,65e08eceb53f195563b788fc_1777666884542,one_vial_alternating,2026-05-01 20:28:37.334,next,0,5286,iEpPRuVtkOrOTYROz0nP,25
65e08eceb53f195563b788fc,65e08eceb53f195563b788fc_1777666884542,one_vial_alternating,2026-05-01 20:29:01.619,next,0,24283,4zaWApsVBk7LEKhDu09k,26
65e08eceb53f195563b788fc,65e08eceb53f195563b788fc_1777666884542,one_vial_alternating,2026-05-01 20:29:11.299,next,0,9678,o6mP0tzjEnsuxY4ihmOJ,27
65e08eceb53f195563b788fc,65e08eceb53f195563b788fc_1777666884542,one_vial_alternating,2026-05-01 20:29:18.832,next,0,7538,d1SKvWi1ajWkxKOwmTUX,28
65e08eceb53f195563b788fc,65e08eceb53f195563b788fc_1777666884542,one_vial_alternating,2026-05-01 20:29:31.149,next,0,12317,TYnQOioY5MG0JbkvPap8,29
65e08eceb53f195563b788fc,65e08eceb53f195563b788fc_1777666884542,one_vial_alternating,2026-05-01 20:30:10.514,prev,0,39365,7jUMZZBaupR7wVkRpkqR,28
65e08eceb53f195563b788fc,65e08eceb53f195563b788fc_1777666884542,one_vial_alternating,2026-05-01 20:30:12.100,prev,0,1586,8862xvTubAjmuHrRDYXf,27
65e08eceb53f195563b788fc,65e08eceb53f195563b788fc_1777666884542,one_vial_alternating,2026-05-01 20:30:21.151,prev,0,9052,p6r3pg2b4KI4rUWhZMrO,26
65e08eceb53f195563b788fc,65e08eceb53f195563b788fc_1777666884542,one_vial_alternating,2026-05-01 20:30:23.764,prev,0,2608,DzcS76iAIP8YflgOMhCU,25
65e08eceb53f195563b788fc,65e08eceb53f195563b788fc_1777666884542,one_vial_alternating,2026-05-01 20:30:32.884,next,0,9123,qU5OqdGHiZ9SyWOau7RZ,26
65e08eceb53f195563b788fc,65e08eceb53f195563b788fc_1777666884542,one_vial_alternating,2026-05-01 20:30:36.600,next,0,3716,T5IlymwXHAQut2MOAwKt,27
65e08eceb53f195563b788fc,65e08eceb53f195563b788fc_1777666884542,one_vial_alternating,2026-05-01 20:30:39.258,next,0,2653,6fnLiskSoILV2tftfN9C,28
65e08eceb53f195563b788fc,65e08eceb53f195563b788fc_1777666884542,one_vial_alternating,2026-05-01 20:30:57.970,next,0,18714,aDsCKw6HLy5IfasIOwWP,29
65e08eceb53f195563b788fc,65e08eceb53f195563b788fc_1777666884542,one_vial_alternating,2026-05-01 20:31:10.320,next,0,12351,yhjlVKxkUXmN0pb85mcA,30
65e08eceb53f195563b788fc,65e08eceb53f195563b788fc_1777666884542,one_vial_alternating,2026-05-01 20:31:19.813,next,0,9483,lPUMD03Bvutn5ZqbgHFp,31
65e08eceb53f195563b788fc,65e08eceb53f195563b788fc_1777666884542,one_vial_alternating,2026-05-01 20:31:34.544,next,0,14734,54rDJhv2D3PitZ65Yfqe,32
65e08eceb53f195563b788fc,65e08eceb53f195563b788fc_1777666884542,one_vial_alternating,2026-05-01 20:31:42.732,next,0,8198,XUWikE7t5dB7GcRIlOof,33
65e08eceb53f195563b788fc,65e08eceb53f195563b788fc_1777666884542,one_vial_alternating,2026-05-01 20:31:52.686,next,0,9952,yKnPTXrmGFCl0DCejLQk,34
65e08eceb53f195563b788fc,65e08eceb53f195563b788fc_1777666884542,one_vial_alternating,2026-05-01 20:31:58.635,next,0,5950,p7LQlDccY96CT5EXUiEp,35
65e08eceb53f195563b788fc,65e08eceb53f195563b788fc_1777666884542,one_vial_alternating,2026-05-01 20:32:14.150,next,1,15516,kPpjLBwtHZkyqw0MIBV5,36
65e08eceb53f195563b788fc,65e08eceb53f195563b788fc_1777666884542,one_vial_alternating,2026-05-01 20:40:18.634,redirect-incorrect,0,484484,WZjWNNMIcQJFjaMvKxkG,33
65e08eceb53f195563b788fc,65e08eceb53f195563b788fc_1777666884542,one_vial_alternating,2026-05-01 20:40:41.271,next,0,22636,Ilh3YwYf0PzEKWwM2j0d,34
65e08eceb53f195563b788fc,65e08eceb53f195563b788fc_1777666884542,one_vial_alternating,2026-05-01 20:40:41.769,next,0,502,52mWR2xiKJ13n6eDzhQ7,34
65e08eceb53f195563b788fc,65e08eceb53f195563b788fc_1777666884542,one_vial_alternating,2026-05-01 20:40:45.359,next,0,3497,VZ8fNebHlTGIhKsvIphN,35
65e08eceb53f195563b788fc,65e08eceb53f195563b788fc_1777666884542,one_vial_alternating,2026-05-01 20:40:50.557,next,1,5283,fc035Nxy4pjxHGYoyOPp,36
65e08eceb53f195563b788fc,65e08eceb53f195563b788fc_1777666884542,one_vial_alternating,2026-05-01 20:41:40.852,prev,0,50301,fECNrUH3LphFgvCoqVtl,35
65e08eceb53f195563b788fc,65e08eceb53f195563b788fc_1777666884542,one_vial_alternating,2026-05-01 20:41:44.269,next,1,3421,dAsrdauKD6rhuqT3xIxG,36
667d81a95170bdd075f74203,667d81a95170bdd075f74203_1777665108063,one_vial_alternating,2026-05-01 19:51:59.112,initial,0,,yUL0t8fzz76fzk68rQTF,1
667d81a95170bdd075f74203,667d81a95170bdd075f74203_1777665108063,one_vial_alternating,2026-05-01 19:52:03.958,next,0,4840,MYsdwSknugm7y4oloQUr,2
667d81a95170bdd075f74203,667d81a95170bdd075f74203_1777665108063,one_vial_alternating,2026-05-01 19:52:08.172,next,0,4216,UwHL1AejcMOhDMgNDUIA,3
667d81a95170bdd075f74203,667d81a95170bdd075f74203_1777665108063,one_vial_alternating,2026-05-01 19:52:26.212,next,0,18050,57CJtjzmeG6vMogoV2RF,4
667d81a95170bdd075f74203,667d81a95170bdd075f74203_1777665108063,one_vial_alternating,2026-05-01 19:52:32.732,next,0,6507,k1ep2Enc3tPWvUxGxX7f,5
667d81a95170bdd075f74203,667d81a95170bdd075f74203_1777665108063,one_vial_alternating,2026-05-01 19:52:38.253,next,0,5530,nlDvfBDOwoMmHFcACYfx,6
667d81a95170bdd075f74203,667d81a95170bdd075f74203_1777665108063,one_vial_alternating,2026-05-01 19:52:45.452,next,0,7195,4Yvwa0NlMaeVlSXUzrbn,7
667d81a95170bdd075f74203,667d81a95170bdd075f74203_1777665108063,one_vial_alternating,2026-05-01 19:52:49.753,next,0,4307,KKWNl1iroo5mkTNsiLsx,8
667d81a95170bdd075f74203,667d81a95170bdd075f74203_1777665108063,one_vial_alternating,2026-05-01 19:52:55.792,next,0,6037,ZgK4VlJloDclsavyNNUb,9
667d81a95170bdd075f74203,667d81a95170bdd075f74203_1777665108063,one_vial_alternating,2026-05-01 19:53:03.632,next,0,7849,j4EATA00wUIPUlDnwupc,10
667d81a95170bdd075f74203,667d81a95170bdd075f74203_1777665108063,one_vial_alternating,2026-05-01 19:53:08.608,next,0,4969,wWwqVXd1lGcQmf0EW5IF,11
667d81a95170bdd075f74203,667d81a95170bdd075f74203_1777665108063,one_vial_alternating,2026-05-01 19:53:14.957,next,0,6349,fGnuIArPQyDjm36K6LTl,12
667d81a95170bdd075f74203,667d81a95170bdd075f74203_1777665108063,one_vial_alternating,2026-05-01 19:53:20.783,next,0,5819,C0lvo5MhwBSyKtxNGWWl,13
667d81a95170bdd075f74203,667d81a95170bdd075f74203_1777665108063,one_vial_alternating,2026-05-01 19:53:25.712,next,0,4931,vpx7lhhaUQXehfqMvXSm,14
667d81a95170bdd075f74203,667d81a95170bdd075f74203_1777665108063,one_vial_alternating,2026-05-01 19:53:32.087,next,0,6366,GDfOUZDNU95Bt1f1rkvS,15
667d81a95170bdd075f74203,667d81a95170bdd075f74203_1777665108063,one_vial_alternating,2026-05-01 19:53:36.492,next,0,4417,fQYTmIFOziksxGTiUGyn,16
667d81a95170bdd075f74203,667d81a95170bdd075f74203_1777665108063,one_vial_alternating,2026-05-01 19:53:42.392,next,0,5880,Tqg11jVLWXxfjt71s8Ik,17
667d81a95170bdd075f74203,667d81a95170bdd075f74203_1777665108063,one_vial_alternating,2026-05-01 19:53:46.073,next,0,3696,kk01qXYXMU6Batw5uxI0,18
667d81a95170bdd075f74203,667d81a95170bdd075f74203_1777665108063,one_vial_alternating,2026-05-01 19:53:52.473,next,0,6412,voyEPua3csK2tamcVsGJ,19
667d81a95170bdd075f74203,667d81a95170bdd075f74203_1777665108063,one_vial_alternating,2026-05-01 19:53:57.002,next,0,4513,FT5rcyBncs0W8gCfg7FJ,20
667d81a95170bdd075f74203,667d81a95170bdd075f74203_1777665108063,one_vial_alternating,2026-05-01 19:54:08.013,next,0,11017,OlGE4BOn3CpJhD3k2Ffo,21
667d81a95170bdd075f74203,667d81a95170bdd075f74203_1777665108063,one_vial_alternating,2026-05-01 19:54:14.172,next,0,6165,caf8RnfT2CY0T8wrEFlT,22
667d81a95170bdd075f74203,667d81a95170bdd075f74203_1777665108063,one_vial_alternating,2026-05-01 19:54:23.274,next,1,9093,aYDfe4zSnkDot6I8NLIx,23
667d81a95170bdd075f74203,667d81a95170bdd075f74203_1777665108063,one_vial_alternating,2026-05-01 19:55:35.617,redirect-correct,0,72350,vy5NvenstdZSkrMLshLJ,24
667d81a95170bdd075f74203,667d81a95170bdd075f74203_1777665108063,one_vial_alternating,2026-05-01 19:55:39.723,next,0,4106,6F4tQD1bW9yko9SV2ZRg,25
667d81a95170bdd075f74203,667d81a95170bdd075f74203_1777665108063,one_vial_alternating,2026-05-01 19:55:46.997,next,0,7270,falqxx974Gx5eygcKsE4,26
667d81a95170bdd075f74203,667d81a95170bdd075f74203_1777665108063,one_vial_alternating,2026-05-01 19:55:52.898,next,0,5898,sbCvXpN3CFK9annYeUFZ,27
667d81a95170bdd075f74203,667d81a95170bdd075f74203_1777665108063,one_vial_alternating,2026-05-01 19:56:07.054,next,0,14169,uJXEB6ER37Feyb7cAfdA,28
667d81a95170bdd075f74203,667d81a95170bdd075f74203_1777665108063,one_vial_alternating,2026-05-01 19:56:15.223,next,0,8160,F9tfFlVhiN9Xk8FHwEhG,29
667d81a95170bdd075f74203,667d81a95170bdd075f74203_1777665108063,one_vial_alternating,2026-05-01 19:56:21.019,next,0,5779,8GwF11e2PJjCIxz0B8NO,30
667d81a95170bdd075f74203,667d81a95170bdd075f74203_1777665108063,one_vial_alternating,2026-05-01 19:56:28.252,next,0,7235,ioRxN0YdkauCjAiUamQV,31
667d81a95170bdd075f74203,667d81a95170bdd075f74203_1777665108063,one_vial_alternating,2026-05-01 19:56:45.257,next,0,17025,MAEuToE6ZRZuC1UJ14aD,32
667d81a95170bdd075f74203,667d81a95170bdd075f74203_1777665108063,one_vial_alternating,2026-05-01 19:56:51.615,next,0,6359,On5p8IS7E9VMsXHm3FCw,33
667d81a95170bdd075f74203,667d81a95170bdd075f74203_1777665108063,one_vial_alternating,2026-05-01 19:56:55.417,next,0,3780,X7d0qemc57Hdi7b2J6k0,34
667d81a95170bdd075f74203,667d81a95170bdd075f74203_1777665108063,one_vial_alternating,2026-05-01 19:57:05.633,next,0,10233,oGnd5Ox0MzMB0RMSEsPS,35
667d81a95170bdd075f74203,667d81a95170bdd075f74203_1777665108063,one_vial_alternating,2026-05-01 19:57:29.283,next,1,23652,USvgqPAqWXHhZ9dkW9yw,36
667d81a95170bdd075f74203,667d81a95170bdd075f74203_1777665108063,one_vial_alternating,2026-05-01 19:59:14.977,redirect-incorrect,0,105693,F28NjRUINjb8t0p6Jv3Z,33
667d81a95170bdd075f74203,667d81a95170bdd075f74203_1777665108063,one_vial_alternating,2026-05-01 19:59:23.912,next,0,8926,jp5zXQ9SeceHWIt2qEVx,34
667d81a95170bdd075f74203,667d81a95170bdd075f74203_1777665108063,one_vial_alternating,2026-05-01 19:59:28.712,next,0,4797,rnd6wZqdoKOSG3CJ2dnY,35
667d81a95170bdd075f74203,667d81a95170bdd075f74203_1777665108063,one_vial_alternating,2026-05-01 19:59:32.671,next,1,3956,n9vsZ4l4PbHhyjDsNSbc,36
6694154a46060b3c49b2d6fd,6694154a46060b3c49b2d6fd_1777664726674,one_vial_alternating,2026-05-01 19:45:41.546,initial,0,,o9diF4l0ou2OJzuWqnPO,1
6694154a46060b3c49b2d6fd,6694154a46060b3c49b2d6fd_1777664726674,one_vial_alternating,2026-05-01 19:45:44.575,next,0,3035,TMh5tPJ5sVRQt97V6X0u,2
6694154a46060b3c49b2d6fd,6694154a46060b3c49b2d6fd_1777664726674,one_vial_alternating,2026-05-01 19:45:48.119,next,0,3543,Q8PLmxK7xQY1u0Fr3Cb9,3
6694154a46060b3c49b2d6fd,6694154a46060b3c49b2d6fd_1777664726674,one_vial_alternating,2026-05-01 19:45:55.500,next,0,7378,bpPcnO5faHOuAyVYLuNb,4
6694154a46060b3c49b2d6fd,6694154a46060b3c49b2d6fd_1777664726674,one_vial_alternating,2026-05-01 19:45:58.727,next,0,3233,BdxgRr7d70CthE27eUxI,5
6694154a46060b3c49b2d6fd,6694154a46060b3c49b2d6fd_1777664726674,one_vial_alternating,2026-05-01 19:46:03.086,next,0,4353,CYUDWzgoDljvp2pbh3eF,6
6694154a46060b3c49b2d6fd,6694154a46060b3c49b2d6fd_1777664726674,one_vial_alternating,2026-05-01 19:46:08.629,next,0,5542,Fgeo515YkFIyNp1C0ZJL,7
6694154a46060b3c49b2d6fd,6694154a46060b3c49b2d6fd_1777664726674,one_vial_alternating,2026-05-01 19:46:11.533,next,0,2902,KjzVmCR0DsND4XBJHQh8,8
6694154a46060b3c49b2d6fd,6694154a46060b3c49b2d6fd_1777664726674,one_vial_alternating,2026-05-01 19:46:15.064,next,0,3535,z6E4hbJKRma9cdx2bf1A,9
6694154a46060b3c49b2d6fd,6694154a46060b3c49b2d6fd_1777664726674,one_vial_alternating,2026-05-01 19:46:20.050,next,0,4989,3unp2YXcpcQHIqcBwZBa,10
6694154a46060b3c49b2d6fd,6694154a46060b3c49b2d6fd_1777664726674,one_vial_alternating,2026-05-01 19:46:23.036,next,0,2986,daRdNnFLx4jzgkgqpmXw,11
6694154a46060b3c49b2d6fd,6694154a46060b3c49b2d6fd_1777664726674,one_vial_alternating,2026-05-01 19:46:26.504,next,0,3464,eYkOPynjuoXDMEMGaWs7,12
6694154a46060b3c49b2d6fd,6694154a46060b3c49b2d6fd_1777664726674,one_vial_alternating,2026-05-01 19:46:32.007,next,0,5505,TI9eAqp9qGQJVIoOhd8U,13
6694154a46060b3c49b2d6fd,6694154a46060b3c49b2d6fd_1777664726674,one_vial_alternating,2026-05-01 19:46:35.010,next,0,2998,U7Ng0Smxjl3kXsLfrvbv,14
6694154a46060b3c49b2d6fd,6694154a46060b3c49b2d6fd_1777664726674,one_vial_alternating,2026-05-01 19:46:38.031,next,0,3022,LvuTxPZEV5nmVlUVvN8y,15
6694154a46060b3c49b2d6fd,6694154a46060b3c49b2d6fd_1777664726674,one_vial_alternating,2026-05-01 19:46:41.654,next,0,3621,iXxDmUg4bRNbNP3nMHGT,16
6694154a46060b3c49b2d6fd,6694154a46060b3c49b2d6fd_1777664726674,one_vial_alternating,2026-05-01 19:46:45.486,next,0,3836,znuyWTJ91PZ0iCe8mvkn,17
6694154a46060b3c49b2d6fd,6694154a46060b3c49b2d6fd_1777664726674,one_vial_alternating,2026-05-01 19:46:48.420,next,0,2939,O01IOW8SIR1O3Q3oIhd5,18
6694154a46060b3c49b2d6fd,6694154a46060b3c49b2d6fd_1777664726674,one_vial_alternating,2026-05-01 19:46:52.182,next,0,3758,vjuE0EcPvKSPAiD32UdB,19
6694154a46060b3c49b2d6fd,6694154a46060b3c49b2d6fd_1777664726674,one_vial_alternating,2026-05-01 19:46:54.699,next,0,2524,ws6cSXyqCyVLzrV7joXk,20
6694154a46060b3c49b2d6fd,6694154a46060b3c49b2d6fd_1777664726674,one_vial_alternating,2026-05-01 19:46:59.788,next,0,5082,oSND2X0r4FpgGyzoT6J8,21
6694154a46060b3c49b2d6fd,6694154a46060b3c49b2d6fd_1777664726674,one_vial_alternating,2026-05-01 19:47:03.480,next,0,3694,GvlwIueRX9EMFfUE3iUB,22
6694154a46060b3c49b2d6fd,6694154a46060b3c49b2d6fd_1777664726674,one_vial_alternating,2026-05-01 19:47:13.115,next,1,9633,2NEtpzXuqNp7NUPpB7jM,23
6694154a46060b3c49b2d6fd,6694154a46060b3c49b2d6fd_1777664726674,one_vial_alternating,2026-05-01 19:47:55.308,redirect-correct,0,42194,igDDL8u96HI7ZVbBOjW2,24
6694154a46060b3c49b2d6fd,6694154a46060b3c49b2d6fd_1777664726674,one_vial_alternating,2026-05-01 19:47:57.787,next,0,2475,64VcrqfdjsbfGf7qhf4w,25
6694154a46060b3c49b2d6fd,6694154a46060b3c49b2d6fd_1777664726674,one_vial_alternating,2026-05-01 19:48:01.794,next,0,4013,PYzNmPpTSW8iYbbzdZuA,26
6694154a46060b3c49b2d6fd,6694154a46060b3c49b2d6fd_1777664726674,one_vial_alternating,2026-05-01 19:48:05.003,next,0,3206,l3IvYRKqvgT4hVFa7vjS,27
6694154a46060b3c49b2d6fd,6694154a46060b3c49b2d6fd_1777664726674,one_vial_alternating,2026-05-01 19:48:12.628,next,0,7630,HS5Q3Uv7WxRa1oIjVPBm,28
6694154a46060b3c49b2d6fd,6694154a46060b3c49b2d6fd_1777664726674,one_vial_alternating,2026-05-01 19:48:18.094,next,0,5460,GCGm3gJBGIsGG3wv3sDr,29
6694154a46060b3c49b2d6fd,6694154a46060b3c49b2d6fd_1777664726674,one_vial_alternating,2026-05-01 19:48:26.190,next,0,8096,VFOhmQgCuBnDq8AhOgSF,30
6694154a46060b3c49b2d6fd,6694154a46060b3c49b2d6fd_1777664726674,one_vial_alternating,2026-05-01 19:48:30.192,next,0,3897,peoi3CLBk0p9fWkezGUY,31
6694154a46060b3c49b2d6fd,6694154a46060b3c49b2d6fd_1777664726674,one_vial_alternating,2026-05-01 19:48:37.623,next,0,7534,ioUkLwzoFdZzeuPPcPz6,32
6694154a46060b3c49b2d6fd,6694154a46060b3c49b2d6fd_1777664726674,one_vial_alternating,2026-05-01 19:48:40.398,next,0,2781,E4RoU1BTKNUEsmQhBMjy,33
6694154a46060b3c49b2d6fd,6694154a46060b3c49b2d6fd_1777664726674,one_vial_alternating,2026-05-01 19:48:44.127,next,0,3723,42WE5Aei4Vl9pmBG2W2H,34
6694154a46060b3c49b2d6fd,6694154a46060b3c49b2d6fd_1777664726674,one_vial_alternating,2026-05-01 19:48:48.109,next,0,3989,XLTdaHaB93C8LpHmyL36,35
6694154a46060b3c49b2d6fd,6694154a46060b3c49b2d6fd_1777664726674,one_vial_alternating,2026-05-01 19:49:07.041,next,1,18929,D9f1CEgoMqp6DIqNdzzg,36
6694154a46060b3c49b2d6fd,6694154a46060b3c49b2d6fd_1777664726674,one_vial_alternating,2026-05-01 19:50:12.352,prev,0,65307,WR5ircHZxetpEz6ifnQZ,35
6694154a46060b3c49b2d6fd,6694154a46060b3c49b2d6fd_1777664726674,one_vial_alternating,2026-05-01 19:50:15.160,next,1,2813,RdOBBwb8XDdgDFOq2s8y,36
6694154a46060b3c49b2d6fd,6694154a46060b3c49b2d6fd_1777664726674,one_vial_alternating,2026-05-01 19:50:58.453,redirect-correct,0,43290,40A5Lamw3kZlx8PvNxJd,37
6694154a46060b3c49b2d6fd,6694154a46060b3c49b2d6fd_1777664726674,one_vial_alternating,2026-05-01 19:51:00.937,next,0,2483,2HCQOFaEx0P9AtJilEfh,38
6694154a46060b3c49b2d6fd,6694154a46060b3c49b2d6fd_1777664726674,one_vial_alternating,2026-05-01 19:51:03.942,next,0,3009,nkMnOkXrlNhhKMBy6Khm,39
6694154a46060b3c49b2d6fd,6694154a46060b3c49b2d6fd_1777664726674,one_vial_alternating,2026-05-01 19:51:07.713,next,1,3771,CVW3yOzLJdFmJYiw0wiN,40
6694154a46060b3c49b2d6fd,6694154a46060b3c49b2d6fd_1777664726674,one_vial_alternating,2026-05-01 19:51:13.871,redirect-correct,0,6158,KLxCBKHIqs0FsxYlAON7,41
6694154a46060b3c49b2d6fd,6694154a46060b3c49b2d6fd_1777664726674,one_vial_alternating,2026-05-01 19:51:17.004,next,0,3130,PX6gJcVLtWnCnBhwhrJW,42
66ad659998ae847f0eb8d209,66ad659998ae847f0eb8d209_1777665698051,one_vial_alternating,2026-05-01 20:01:48.962,initial,0,,tMvbURvInAooT6GpiFlF,1
66ad659998ae847f0eb8d209,66ad659998ae847f0eb8d209_1777665698051,one_vial_alternating,2026-05-01 20:01:51.991,next,0,3056,VNfMmpKcligt7UuXizOg,2
66ad659998ae847f0eb8d209,66ad659998ae847f0eb8d209_1777665698051,one_vial_alternating,2026-05-01 20:01:55.784,next,0,3796,Vjkma7x6k1YCt0cYslO3,3
66ad659998ae847f0eb8d209,66ad659998ae847f0eb8d209_1777665698051,one_vial_alternating,2026-05-01 20:03:08.971,next,0,73073,OCOQagWk5oIhHS475jbY,4
66ad659998ae847f0eb8d209,66ad659998ae847f0eb8d209_1777665698051,one_vial_alternating,2026-05-01 20:03:12.886,next,0,4023,LlB2S7xbYGE0BKva9hdW,5
66ad659998ae847f0eb8d209,66ad659998ae847f0eb8d209_1777665698051,one_vial_alternating,2026-05-01 20:03:18.634,next,0,5756,4WfbdS2HxxrCMam336nJ,6
66ad659998ae847f0eb8d209,66ad659998ae847f0eb8d209_1777665698051,one_vial_alternating,2026-05-01 20:03:24.485,next,0,5850,Tza3nPN8ZUU9rFYPEX4K,7
66ad659998ae847f0eb8d209,66ad659998ae847f0eb8d209_1777665698051,one_vial_alternating,2026-05-01 20:03:27.548,next,0,3061,VEIkH8Uku3EBfrwzuUSF,8
66ad659998ae847f0eb8d209,66ad659998ae847f0eb8d209_1777665698051,one_vial_alternating,2026-05-01 20:03:30.736,next,0,3191,Pk0iECtMrVINBVZHwqJe,9
66ad659998ae847f0eb8d209,66ad659998ae847f0eb8d209_1777665698051,one_vial_alternating,2026-05-01 20:03:35.880,next,0,5145,QUvZBZohZ55LpKGMXzEA,10
66ad659998ae847f0eb8d209,66ad659998ae847f0eb8d209_1777665698051,one_vial_alternating,2026-05-01 20:03:39.524,next,0,3639,ZfUpu18LXyEObryUepkD,11
66ad659998ae847f0eb8d209,66ad659998ae847f0eb8d209_1777665698051,one_vial_alternating,2026-05-01 20:03:44.600,next,0,5079,XxGhRF0EJ3Ysl1l3iXjf,12
66ad659998ae847f0eb8d209,66ad659998ae847f0eb8d209_1777665698051,one_vial_alternating,2026-05-01 20:03:48.920,next,0,4322,Lqxo1U8cucFpQlC77r5G,13
66ad659998ae847f0eb8d209,66ad659998ae847f0eb8d209_1777665698051,one_vial_alternating,2026-05-01 20:03:52.029,next,0,3108,Pe9cz7BKGcDnRDZrQRLr,14
66ad659998ae847f0eb8d209,66ad659998ae847f0eb8d209_1777665698051,one_vial_alternating,2026-05-01 20:03:56.298,next,0,4271,PRQyFexLO34tRJOvPUp6,15
66ad659998ae847f0eb8d209,66ad659998ae847f0eb8d209_1777665698051,one_vial_alternating,2026-05-01 20:03:59.272,next,0,2974,04ihnFGs30CfVknNvgma,16
66ad659998ae847f0eb8d209,66ad659998ae847f0eb8d209_1777665698051,one_vial_alternating,2026-05-01 20:04:02.326,next,0,3054,fgfk3yuZI3fUvfGo4CdC,17
66ad659998ae847f0eb8d209,66ad659998ae847f0eb8d209_1777665698051,one_vial_alternating,2026-05-01 20:04:05.394,next,0,3068,GLPBVDcCS5CPBjxAa6mS,18
66ad659998ae847f0eb8d209,66ad659998ae847f0eb8d209_1777665698051,one_vial_alternating,2026-05-01 20:04:08.503,next,0,3109,wtlVVX854MKtyjMQfHlO,19
66ad659998ae847f0eb8d209,66ad659998ae847f0eb8d209_1777665698051,one_vial_alternating,2026-05-01 20:04:11.456,next,0,2954,LPfmxqkDpRWgBprESZPM,20
66ad659998ae847f0eb8d209,66ad659998ae847f0eb8d209_1777665698051,one_vial_alternating,2026-05-01 20:04:16.929,next,0,5472,3NvWLe4CPIPUmx3eXI30,21
66ad659998ae847f0eb8d209,66ad659998ae847f0eb8d209_1777665698051,one_vial_alternating,2026-05-01 20:04:21.123,next,0,4194,NFhPsQCq8AZ8wOAGJFoC,22
66ad659998ae847f0eb8d209,66ad659998ae847f0eb8d209_1777665698051,one_vial_alternating,2026-05-01 20:04:36.058,next,1,14935,zndB5eCRVaGWdW4Ezpne,23
66ad659998ae847f0eb8d209,66ad659998ae847f0eb8d209_1777665698051,one_vial_alternating,2026-05-01 20:05:06.714,redirect-correct,0,30656,E0aQzKBIK4CSZAmAlYGN,24
66ad659998ae847f0eb8d209,66ad659998ae847f0eb8d209_1777665698051,one_vial_alternating,2026-05-01 20:05:09.562,next,0,2850,sYvrYzhilFeEyFhFuuLK,25
66ad659998ae847f0eb8d209,66ad659998ae847f0eb8d209_1777665698051,one_vial_alternating,2026-05-01 20:05:15.138,next,0,5575,LRflwLs0txdx7dxiPNY3,26
66ad659998ae847f0eb8d209,66ad659998ae847f0eb8d209_1777665698051,one_vial_alternating,2026-05-01 20:05:19.487,next,0,4350,87baHi7B3OnpgHobDT7x,27
66ad659998ae847f0eb8d209,66ad659998ae847f0eb8d209_1777665698051,one_vial_alternating,2026-05-01 20:05:26.411,next,0,6926,48xIqYwdDfc4f4W5rAnT,28
66ad659998ae847f0eb8d209,66ad659998ae847f0eb8d209_1777665698051,one_vial_alternating,2026-05-01 20:05:33.255,next,0,6843,H4Ggxb19fvtwqSbHcUst,29
66ad659998ae847f0eb8d209,66ad659998ae847f0eb8d209_1777665698051,one_vial_alternating,2026-05-01 20:05:40.184,next,0,6930,oYqXNjMxEFhP3YBb9FbV,30
66ad659998ae847f0eb8d209,66ad659998ae847f0eb8d209_1777665698051,one_vial_alternating,2026-05-01 20:05:48.513,next,0,8323,GJjQsG7wY8t66opdXXBi,31
66ad659998ae847f0eb8d209,66ad659998ae847f0eb8d209_1777665698051,one_vial_alternating,2026-05-01 20:05:58.287,next,0,9780,i5jqcjXdq8CT3z1iG5zX,32
66ad659998ae847f0eb8d209,66ad659998ae847f0eb8d209_1777665698051,one_vial_alternating,2026-05-01 20:06:03.644,next,0,5358,cgUwEdl1p93GomslqoTl,33
66ad659998ae847f0eb8d209,66ad659998ae847f0eb8d209_1777665698051,one_vial_alternating,2026-05-01 20:06:07.908,next,0,4263,v18mt5W1Dso1OSuAXz4M,34
66ad659998ae847f0eb8d209,66ad659998ae847f0eb8d209_1777665698051,one_vial_alternating,2026-05-01 20:06:13.521,next,0,5614,5cx0aWW9rMz5ypCx1hbN,35
66ad659998ae847f0eb8d209,66ad659998ae847f0eb8d209_1777665698051,one_vial_alternating,2026-05-01 20:06:38.671,next,1,25150,kVb6m7yosbUo4AGVe8O1,36
66ad659998ae847f0eb8d209,66ad659998ae847f0eb8d209_1777665698051,one_vial_alternating,2026-05-01 20:08:00.998,redirect-incorrect,0,82325,vneqpFKSpkM2rzUhbjaZ,33
66ad659998ae847f0eb8d209,66ad659998ae847f0eb8d209_1777665698051,one_vial_alternating,2026-05-01 20:08:15.117,next,0,14124,x1j5DWZvzl6qX3w6M0Q7,34
66ad659998ae847f0eb8d209,66ad659998ae847f0eb8d209_1777665698051,one_vial_alternating,2026-05-01 20:08:20.646,next,0,5525,uM0D0zJFjPTgvtygGifE,35
66ad659998ae847f0eb8d209,66ad659998ae847f0eb8d209_1777665698051,one_vial_alternating,2026-05-01 20:08:44.074,next,1,23426,fmQiLpW4n8MqE7spAvao,36
66ad659998ae847f0eb8d209,66ad659998ae847f0eb8d209_1777665698051,one_vial_alternating,2026-05-01 20:09:16.831,prev,0,32763,xq5BeKiKpcA2HJPHIcP6,35
66ad659998ae847f0eb8d209,66ad659998ae847f0eb8d209_1777665698051,one_vial_alternating,2026-05-01 20:09:17.866,prev,0,1038,e9TdnoSZbjz2t6AwaCg0,34
66ad659998ae847f0eb8d209,66ad659998ae847f0eb8d209_1777665698051,one_vial_alternating,2026-05-01 20:09:21.137,next,0,3270,b4yt89ef8noC4ihZOs1P,35
66ad659998ae847f0eb8d209,66ad659998ae847f0eb8d209_1777665698051,one_vial_alternating,2026-05-01 20:09:30.962,next,1,9826,VYIwY81GfwI2vhthR7na,36
66ad659998ae847f0eb8d209,66ad659998ae847f0eb8d209_1777665698051,one_vial_alternating,2026-05-01 20:10:05.259,redirect-correct,0,34295,9GtjdZNWYMEqxQOHLFCN,37
66ad659998ae847f0eb8d209,66ad659998ae847f0eb8d209_1777665698051,one_vial_alternating,2026-05-01 20:10:09.160,next,0,3902,r39YSpkW1LzPVNbMwY45,38
66ad659998ae847f0eb8d209,66ad659998ae847f0eb8d209_1777665698051,one_vial_alternating,2026-05-01 20:10:13.901,next,0,4743,0la7opq6a6WM65Loq6sS,39
66ad659998ae847f0eb8d209,66ad659998ae847f0eb8d209_1777665698051,one_vial_alternating,2026-05-01 20:10:20.921,next,1,7020,ZKrZkr2hyJ1FED0UIRnp,40
66ad659998ae847f0eb8d209,66ad659998ae847f0eb8d209_1777665698051,one_vial_alternating,2026-05-01 20:10:32.138,prev,0,11216,dKOUbAHLuzRquNnl645R,39
66ad659998ae847f0eb8d209,66ad659998ae847f0eb8d209_1777665698051,one_vial_alternating,2026-05-01 20:10:37.955,next,1,5818,oCrxYLDsK5z0dRl4xk8T,40
66ad659998ae847f0eb8d209,66ad659998ae847f0eb8d209_1777665698051,one_vial_alternating,2026-05-01 20:10:44.362,redirect-correct,0,6408,hEZoATkGHW9xCHdW1nmS,41
66ad659998ae847f0eb8d209,66ad659998ae847f0eb8d209_1777665698051,one_vial_alternating,2026-05-01 20:10:47.352,next,0,2988,O8ZEiXQHkaf3X2zGpGLU,42
66c20c5d7fb5c5aced53c5f3,66c20c5d7fb5c5aced53c5f3_1777665711377,one_vial_alternating,2026-05-01 20:02:06.842,initial,0,,y0nGVfvYdS3TXoVHzdj9,1
66c20c5d7fb5c5aced53c5f3,66c20c5d7fb5c5aced53c5f3_1777665711377,one_vial_alternating,2026-05-01 20:02:11.246,next,0,4412,S2I5f5UONg4WcCWkCxbM,2
66c20c5d7fb5c5aced53c5f3,66c20c5d7fb5c5aced53c5f3_1777665711377,one_vial_alternating,2026-05-01 20:02:15.819,next,0,4575,GHlw3LmYQXJEuEd4vH6Q,3
66c20c5d7fb5c5aced53c5f3,66c20c5d7fb5c5aced53c5f3_1777665711377,one_vial_alternating,2026-05-01 20:02:34.123,next,0,18313,LX7HmcG0f1iQBZD8DwG1,4
66c20c5d7fb5c5aced53c5f3,66c20c5d7fb5c5aced53c5f3_1777665711377,one_vial_alternating,2026-05-01 20:02:42.759,next,0,8633,dPt8xWaf9J1KEcsGZO1f,5
66c20c5d7fb5c5aced53c5f3,66c20c5d7fb5c5aced53c5f3_1777665711377,one_vial_alternating,2026-05-01 20:02:49.231,next,0,6472,3ojoJDgbJEag49TcNJox,6
66c20c5d7fb5c5aced53c5f3,66c20c5d7fb5c5aced53c5f3_1777665711377,one_vial_alternating,2026-05-01 20:02:59.963,next,0,10736,v3kxEjoX8PZ6lK6OFCej,7
66c20c5d7fb5c5aced53c5f3,66c20c5d7fb5c5aced53c5f3_1777665711377,one_vial_alternating,2026-05-01 20:03:04.388,next,0,4424,dygzD5PqsApCu2c69FyU,8
66c20c5d7fb5c5aced53c5f3,66c20c5d7fb5c5aced53c5f3_1777665711377,one_vial_alternating,2026-05-01 20:03:07.827,next,0,3440,9xBS1aHoHSLXci3RKdid,9
66c20c5d7fb5c5aced53c5f3,66c20c5d7fb5c5aced53c5f3_1777665711377,one_vial_alternating,2026-05-01 20:03:16.205,next,0,8377,eMLpgApXW89wl6DmXOcF,10
66c20c5d7fb5c5aced53c5f3,66c20c5d7fb5c5aced53c5f3_1777665711377,one_vial_alternating,2026-05-01 20:03:19.477,next,0,3272,IiTw4CgMBybNcvMW3mQ5,11
66c20c5d7fb5c5aced53c5f3,66c20c5d7fb5c5aced53c5f3_1777665711377,one_vial_alternating,2026-05-01 20:03:26.166,next,0,6687,kDriIJ9sEJup6TNmEoBx,12
66c20c5d7fb5c5aced53c5f3,66c20c5d7fb5c5aced53c5f3_1777665711377,one_vial_alternating,2026-05-01 20:03:32.598,next,0,6433,VaBym82HagoS5sd1TfZA,13
66c20c5d7fb5c5aced53c5f3,66c20c5d7fb5c5aced53c5f3_1777665711377,one_vial_alternating,2026-05-01 20:03:37.756,next,0,5160,Q27gzUbxmL9jyhr4CZFW,14
66c20c5d7fb5c5aced53c5f3,66c20c5d7fb5c5aced53c5f3_1777665711377,one_vial_alternating,2026-05-01 20:03:41.980,next,0,4224,hBdSumunh20xUVhEtCnp,15
66c20c5d7fb5c5aced53c5f3,66c20c5d7fb5c5aced53c5f3_1777665711377,one_vial_alternating,2026-05-01 20:03:45.492,next,0,3513,Ejj5drc3Mq5IIa2nEE4C,16
66c20c5d7fb5c5aced53c5f3,66c20c5d7fb5c5aced53c5f3_1777665711377,one_vial_alternating,2026-05-01 20:03:49.174,next,0,3679,EWU0PPqZRv2ZH7tnnSKX,17
66c20c5d7fb5c5aced53c5f3,66c20c5d7fb5c5aced53c5f3_1777665711377,one_vial_alternating,2026-05-01 20:03:52.261,next,0,3088,bSNcCEga1VlENlm6HarP,18
66c20c5d7fb5c5aced53c5f3,66c20c5d7fb5c5aced53c5f3_1777665711377,one_vial_alternating,2026-05-01 20:03:55.406,next,0,3145,KQyQyAebguPDT1TJYU4A,19
66c20c5d7fb5c5aced53c5f3,66c20c5d7fb5c5aced53c5f3_1777665711377,one_vial_alternating,2026-05-01 20:03:59.694,next,0,4287,4GyfykICWlkyUMT9jYwb,20
66c20c5d7fb5c5aced53c5f3,66c20c5d7fb5c5aced53c5f3_1777665711377,one_vial_alternating,2026-05-01 20:04:06.803,next,0,7113,jQsG6xHQ9SgmALuaIfc8,21
66c20c5d7fb5c5aced53c5f3,66c20c5d7fb5c5aced53c5f3_1777665711377,one_vial_alternating,2026-05-01 20:04:11.957,next,0,5152,z5V1BJ6snUm3ORgVgxoq,22
66c20c5d7fb5c5aced53c5f3,66c20c5d7fb5c5aced53c5f3_1777665711377,one_vial_alternating,2026-05-01 20:04:27.919,next,1,15961,OJWUQ16qYUwPgQvtaT1j,23
66c20c5d7fb5c5aced53c5f3,66c20c5d7fb5c5aced53c5f3_1777665711377,one_vial_alternating,2026-05-01 20:05:01.785,redirect-correct,0,33867,LB42eE5nZfrwoYfxsp8b,24
66c20c5d7fb5c5aced53c5f3,66c20c5d7fb5c5aced53c5f3_1777665711377,one_vial_alternating,2026-05-01 20:05:04.341,next,0,2557,S3iGBfVhQf5bXQBpTHfv,25
66c20c5d7fb5c5aced53c5f3,66c20c5d7fb5c5aced53c5f3_1777665711377,one_vial_alternating,2026-05-01 20:05:11.575,next,0,7232,Td6MtiuyN8Xq5a755TY4,26
66c20c5d7fb5c5aced53c5f3,66c20c5d7fb5c5aced53c5f3_1777665711377,one_vial_alternating,2026-05-01 20:05:16.752,next,0,5176,kYYQUsIY3EvUlLHsSd8z,27
66c20c5d7fb5c5aced53c5f3,66c20c5d7fb5c5aced53c5f3_1777665711377,one_vial_alternating,2026-05-01 20:05:30.663,next,0,13913,nh655vaJGjiHEXm9FeEy,28
66c20c5d7fb5c5aced53c5f3,66c20c5d7fb5c5aced53c5f3_1777665711377,one_vial_alternating,2026-05-01 20:05:38.737,next,0,8072,tCOl6M19PpTrjZIkqDtv,29
66c20c5d7fb5c5aced53c5f3,66c20c5d7fb5c5aced53c5f3_1777665711377,one_vial_alternating,2026-05-01 20:06:10.535,next,0,31801,R8EXXHkzu67nEvR56f6k,30
66c20c5d7fb5c5aced53c5f3,66c20c5d7fb5c5aced53c5f3_1777665711377,one_vial_alternating,2026-05-01 20:06:20.071,next,0,9536,7AzsLm7zEUPBltYOI1ot,31
66c20c5d7fb5c5aced53c5f3,66c20c5d7fb5c5aced53c5f3_1777665711377,one_vial_alternating,2026-05-01 20:06:33.865,next,0,13793,o3f62jf4MPhNsvoovHRc,32
66c20c5d7fb5c5aced53c5f3,66c20c5d7fb5c5aced53c5f3_1777665711377,one_vial_alternating,2026-05-01 20:06:41.097,next,0,7232,hdb3ArtU8ZmYcj8pNHrG,33
66c20c5d7fb5c5aced53c5f3,66c20c5d7fb5c5aced53c5f3_1777665711377,one_vial_alternating,2026-05-01 20:06:44.415,next,0,3319,d1JisZ4rnEp7SZc5Ivqu,34
66c20c5d7fb5c5aced53c5f3,66c20c5d7fb5c5aced53c5f3_1777665711377,one_vial_alternating,2026-05-01 20:06:49.452,next,0,5033,lsqfjBmoOcKC48RPTZ4K,35
66c20c5d7fb5c5aced53c5f3,66c20c5d7fb5c5aced53c5f3_1777665711377,one_vial_alternating,2026-05-01 20:07:36.787,next,1,47337,P3VbjKVvTcatT6teWkKK,36
66c20c5d7fb5c5aced53c5f3,66c20c5d7fb5c5aced53c5f3_1777665711377,one_vial_alternating,2026-05-01 20:08:47.073,redirect-correct,0,70282,t1CvSON0uXcYNS3CXcbC,37
66c20c5d7fb5c5aced53c5f3,66c20c5d7fb5c5aced53c5f3_1777665711377,one_vial_alternating,2026-05-01 20:08:49.975,next,0,2904,jUowvW9GA9hgs0D5iGfh,38
66c20c5d7fb5c5aced53c5f3,66c20c5d7fb5c5aced53c5f3_1777665711377,one_vial_alternating,2026-05-01 20:08:54.365,next,0,4392,SqS01dcET1FsKfMtmlfv,39
66c20c5d7fb5c5aced53c5f3,66c20c5d7fb5c5aced53c5f3_1777665711377,one_vial_alternating,2026-05-01 20:09:10.924,next,1,16561,065g96JF2Rk9uFsY4QVY,40
66c20c5d7fb5c5aced53c5f3,66c20c5d7fb5c5aced53c5f3_1777665711377,one_vial_alternating,2026-05-01 20:09:19.580,redirect-correct,0,8655,zhIo5XRx5h0AaeH668dL,41
66c20c5d7fb5c5aced53c5f3,66c20c5d7fb5c5aced53c5f3_1777665711377,one_vial_alternating,2026-05-01 20:09:22.645,next,0,2472,4FNEAPpbx4SDkFc0fjmx,42
67ab1e994f1e4d7f398f8172,67ab1e994f1e4d7f398f8172_1777666925306,one_vial_alternating,2026-05-01 20:25:14.118,initial,0,,XioRAAOJPyYWxN0baud2,1
67ab1e994f1e4d7f398f8172,67ab1e994f1e4d7f398f8172_1777666925306,one_vial_alternating,2026-05-01 20:25:23.011,next,0,8931,O4JBlvLIjUAbDI29gGCD,2
67ab1e994f1e4d7f398f8172,67ab1e994f1e4d7f398f8172_1777666925306,one_vial_alternating,2026-05-01 20:25:29.980,next,0,6964,meU9YMtQ7XfTrt8OljWA,3
67ab1e994f1e4d7f398f8172,67ab1e994f1e4d7f398f8172_1777666925306,one_vial_alternating,2026-05-01 20:26:05.635,next,0,35624,IUVrQ9Jgyh6EY26zJEh3,4
67ab1e994f1e4d7f398f8172,67ab1e994f1e4d7f398f8172_1777666925306,one_vial_alternating,2026-05-01 20:26:18.509,next,0,12900,5rstaioqpee8AB2wqenk,5
67ab1e994f1e4d7f398f8172,67ab1e994f1e4d7f398f8172_1777666925306,one_vial_alternating,2026-05-01 20:26:37.361,next,0,18853,JNeIEsZkS8Ray3d0OtTN,6
67ab1e994f1e4d7f398f8172,67ab1e994f1e4d7f398f8172_1777666925306,one_vial_alternating,2026-05-01 20:26:58.958,next,0,21567,iYQGWJGMOeAk1QOAW0Vk,7
67ab1e994f1e4d7f398f8172,67ab1e994f1e4d7f398f8172_1777666925306,one_vial_alternating,2026-05-01 20:27:03.080,next,0,4147,9TeheJVS3FUYxvFlNiKW,8
67ab1e994f1e4d7f398f8172,67ab1e994f1e4d7f398f8172_1777666925306,one_vial_alternating,2026-05-01 20:27:15.328,next,0,12254,t3a2FNOwENB7PHS7L54Z,9
67ab1e994f1e4d7f398f8172,67ab1e994f1e4d7f398f8172_1777666925306,one_vial_alternating,2026-05-01 20:27:59.451,next,0,44122,KYskyxAqz3lMDAggjPk4,10
67ab1e994f1e4d7f398f8172,67ab1e994f1e4d7f398f8172_1777666925306,one_vial_alternating,2026-05-01 20:28:10.040,next,0,10585,nkFnYt8okRNLbyVaki5R,11
67ab1e994f1e4d7f398f8172,67ab1e994f1e4d7f398f8172_1777666925306,one_vial_alternating,2026-05-01 20:28:21.148,next,0,11114,vYmrA1dlbVIJ1ks80LLq,12
67ab1e994f1e4d7f398f8172,67ab1e994f1e4d7f398f8172_1777666925306,one_vial_alternating,2026-05-01 20:28:31.783,next,0,10634,wB0cTuG7uyCD02FYmgJ5,13
67ab1e994f1e4d7f398f8172,67ab1e994f1e4d7f398f8172_1777666925306,one_vial_alternating,2026-05-01 20:28:44.114,next,0,12328,nN6FJYeL1TJaPvqG25pC,14
67ab1e994f1e4d7f398f8172,67ab1e994f1e4d7f398f8172_1777666925306,one_vial_alternating,2026-05-01 20:28:56.819,next,0,12704,yMbqppjUcnNNlm2fP9F3,15
67ab1e994f1e4d7f398f8172,67ab1e994f1e4d7f398f8172_1777666925306,one_vial_alternating,2026-05-01 20:29:04.598,next,0,7781,QnhXVgLRmH4P1Wl63pPZ,16
67ab1e994f1e4d7f398f8172,67ab1e994f1e4d7f398f8172_1777666925306,one_vial_alternating,2026-05-01 20:29:15.717,next,0,11121,3KMJpQclQyvZ1zxlLqZ2,17
67ab1e994f1e4d7f398f8172,67ab1e994f1e4d7f398f8172_1777666925306,one_vial_alternating,2026-05-01 20:29:23.373,next,0,7651,4Fs8FkB0zxMOhNJLUwBh,18
67ab1e994f1e4d7f398f8172,67ab1e994f1e4d7f398f8172_1777666925306,one_vial_alternating,2026-05-01 20:29:31.757,next,0,8378,vMKLo4cU7yro1TueTqd7,19
67ab1e994f1e4d7f398f8172,67ab1e994f1e4d7f398f8172_1777666925306,one_vial_alternating,2026-05-01 20:29:39.062,next,0,7315,YAqOldjBBNpy7QEBtIZS,20
67ab1e994f1e4d7f398f8172,67ab1e994f1e4d7f398f8172_1777666925306,one_vial_alternating,2026-05-01 20:29:59.372,next,0,20315,asRYa7xlqSOnZak1WCY0,21
67ab1e994f1e4d7f398f8172,67ab1e994f1e4d7f398f8172_1777666925306,one_vial_alternating,2026-05-01 20:30:20.714,next,0,21320,41b6wPS7oSMgylD73g5w,22
67ab1e994f1e4d7f398f8172,67ab1e994f1e4d7f398f8172_1777666925306,one_vial_alternating,2026-05-01 20:31:16.269,next,1,55574,zoaFGhUu41xdJN8go13G,23
67ab1e994f1e4d7f398f8172,67ab1e994f1e4d7f398f8172_1777666925306,one_vial_alternating,2026-05-01 20:33:52.807,redirect-correct,0,156535,zb5Yk6myFNy2usCvyLHP,24
67ab1e994f1e4d7f398f8172,67ab1e994f1e4d7f398f8172_1777666925306,one_vial_alternating,2026-05-01 20:34:16.904,next,0,24094,h2OuBR8ucM7blRGJVFEK,25
67ab1e994f1e4d7f398f8172,67ab1e994f1e4d7f398f8172_1777666925306,one_vial_alternating,2026-05-01 20:37:40.785,next,0,201781,tQRKgsihoqUw88gZHPDK,26
67ab1e994f1e4d7f398f8172,67ab1e994f1e4d7f398f8172_1777666925306,one_vial_alternating,2026-05-01 20:37:52.060,next,0,13349,ZieJTfVt7LIWInyvEbYE,27
67ab1e994f1e4d7f398f8172,67ab1e994f1e4d7f398f8172_1777666925306,one_vial_alternating,2026-05-01 20:38:10.378,next,0,18350,jgshEUOW0OOWynh3iirz,28
67ab1e994f1e4d7f398f8172,67ab1e994f1e4d7f398f8172_1777666925306,one_vial_alternating,2026-05-01 20:38:36.742,next,0,26343,M9Wtp2gtXjv6hYTQ9Xv4,29
67ab1e994f1e4d7f398f8172,67ab1e994f1e4d7f398f8172_1777666925306,one_vial_alternating,2026-05-01 20:38:58.744,next,0,21992,WJHCjZv4PBwsszC87Y6r,30
67ab1e994f1e4d7f398f8172,67ab1e994f1e4d7f398f8172_1777666925306,one_vial_alternating,2026-05-01 20:39:22.328,next,0,23572,VtLC2JLHA31uGH0FPk9K,31
67ab1e994f1e4d7f398f8172,67ab1e994f1e4d7f398f8172_1777666925306,one_vial_alternating,2026-05-01 20:39:44.609,next,0,22281,idSeEfenmHwuu91VcqxO,32
67ab1e994f1e4d7f398f8172,67ab1e994f1e4d7f398f8172_1777666925306,one_vial_alternating,2026-05-01 20:40:02.119,next,0,17517,Vur8Xa8od9gla5VszoX3,33
67ab1e994f1e4d7f398f8172,67ab1e994f1e4d7f398f8172_1777666925306,one_vial_alternating,2026-05-01 20:40:13.121,next,0,10996,BGCZVPzhB3ef6CSo6GAH,34
67ab1e994f1e4d7f398f8172,67ab1e994f1e4d7f398f8172_1777666925306,one_vial_alternating,2026-05-01 20:40:25.123,next,0,11985,SO6WfXBRGWLziQ4LfuzC,35
67ab1e994f1e4d7f398f8172,67ab1e994f1e4d7f398f8172_1777666925306,one_vial_alternating,2026-05-01 20:42:11.984,next,1,106292,gJP4EEA6xRTzac3NvM7u,36
67ab1e994f1e4d7f398f8172,67ab1e994f1e4d7f398f8172_1777666925306,one_vial_alternating,2026-05-01 20:48:12.886,redirect-correct,0,361495,rMN9A6o0PtfYf4QWD7kz,37
67ab1e994f1e4d7f398f8172,67ab1e994f1e4d7f398f8172_1777666925306,one_vial_alternating,2026-05-01 20:48:58.265,next,0,45377,iYh0cRM3Va3Zt5knS6vy,38
67ab1e994f1e4d7f398f8172,67ab1e994f1e4d7f398f8172_1777666925306,one_vial_alternating,2026-05-01 20:49:13.447,next,0,15180,FaaB60tpq0hxpT3UO6bN,39
67ab1e994f1e4d7f398f8172,67ab1e994f1e4d7f398f8172_1777666925306,one_vial_alternating,2026-05-01 20:49:37.660,next,1,24217,77jvLzAnQpgbeXMadjo9,40
67ab1e994f1e4d7f398f8172,67ab1e994f1e4d7f398f8172_1777666925306,one_vial_alternating,2026-05-01 20:49:48.673,redirect-correct,0,10999,Si0QWTTFLj96FoS9JbnN,41
67ab1e994f1e4d7f398f8172,67ab1e994f1e4d7f398f8172_1777666925306,one_vial_alternating,2026-05-01 20:50:00.358,next,0,11698,b0DJ57wASJSmcxZu908Y,42
69136beee3f6384c83a704ce,69136beee3f6384c83a704ce_1777664711297,one_vial_alternating,2026-05-01 19:45:31.887,initial,0,,rhoA8CixuapofYRNl22T,1
69136beee3f6384c83a704ce,69136beee3f6384c83a704ce_1777664711297,one_vial_alternating,2026-05-01 19:45:36.541,next,0,4662,i0pQNSU1MFeeSOo8Xhxz,2
69136beee3f6384c83a704ce,69136beee3f6384c83a704ce_1777664711297,one_vial_alternating,2026-05-01 19:45:41.206,next,0,4666,B5xFaGfTZdoMggV0CI1z,3
69136beee3f6384c83a704ce,69136beee3f6384c83a704ce_1777664711297,one_vial_alternating,2026-05-01 19:45:48.334,next,0,7124,vanw4OzxqbygDpWlW1T0,4
69136beee3f6384c83a704ce,69136beee3f6384c83a704ce_1777664711297,one_vial_alternating,2026-05-01 19:45:51.572,next,0,3238,6pl8nYrY6Q99g9b6ch0Z,5
69136beee3f6384c83a704ce,69136beee3f6384c83a704ce_1777664711297,one_vial_alternating,2026-05-01 19:45:52.846,prev,0,1275,TB3IlFimHgIcowrKlFVz,4
69136beee3f6384c83a704ce,69136beee3f6384c83a704ce_1777664711297,one_vial_alternating,2026-05-01 19:45:56.177,next,0,3327,SUZY93CdQhCUEz5DlvIA,5
69136beee3f6384c83a704ce,69136beee3f6384c83a704ce_1777664711297,one_vial_alternating,2026-05-01 19:46:01.453,next,0,5280,zU7o4caFNUbogsGotfxW,6
69136beee3f6384c83a704ce,69136beee3f6384c83a704ce_1777664711297,one_vial_alternating,2026-05-01 19:46:07.748,next,0,6294,ktumXz2x6w7o6sGgedK1,7
69136beee3f6384c83a704ce,69136beee3f6384c83a704ce_1777664711297,one_vial_alternating,2026-05-01 19:46:10.734,next,0,2987,f6cZSc1Ig3EPWM9DbyhH,8
69136beee3f6384c83a704ce,69136beee3f6384c83a704ce_1777664711297,one_vial_alternating,2026-05-01 19:46:16.906,next,0,6165,tOBKXCPH6ksy1UnkHnKx,9
69136beee3f6384c83a704ce,69136beee3f6384c83a704ce_1777664711297,one_vial_alternating,2026-05-01 19:46:24.596,next,0,7697,tsc1EUHRSb7hHm5xd2Nv,10
69136beee3f6384c83a704ce,69136beee3f6384c83a704ce_1777664711297,one_vial_alternating,2026-05-01 19:46:28.073,next,0,3475,xn8bijFyQ7u2GlT0wTHo,11
69136beee3f6384c83a704ce,69136beee3f6384c83a704ce_1777664711297,one_vial_alternating,2026-05-01 19:46:32.590,next,0,4518,iMhbpRBBS7jCoIZBWlkH,12
69136beee3f6384c83a704ce,69136beee3f6384c83a704ce_1777664711297,one_vial_alternating,2026-05-01 19:46:38.546,next,0,5956,CJIuFCwMpE87N7qbkSXJ,13
69136beee3f6384c83a704ce,69136beee3f6384c83a704ce_1777664711297,one_vial_alternating,2026-05-01 19:46:42.698,next,0,4151,QAZhKdp3w0arMsHVcssC,14
69136beee3f6384c83a704ce,69136beee3f6384c83a704ce_1777664711297,one_vial_alternating,2026-05-01 19:46:45.987,next,0,3286,VPe1DXH1nT0LoUWCP9lA,15
69136beee3f6384c83a704ce,69136beee3f6384c83a704ce_1777664711297,one_vial_alternating,2026-05-01 19:46:49.172,next,0,3190,eOfLnnwCxcmnm16jEvCC,16
69136beee3f6384c83a704ce,69136beee3f6384c83a704ce_1777664711297,one_vial_alternating,2026-05-01 19:46:52.703,next,0,3532,Xj2b7uArHAxqbdx8cGfO,17
69136beee3f6384c83a704ce,69136beee3f6384c83a704ce_1777664711297,one_vial_alternating,2026-05-01 19:46:55.913,next,0,3208,8NhIujQB9a3po6jQQX9V,18
69136beee3f6384c83a704ce,69136beee3f6384c83a704ce_1777664711297,one_vial_alternating,2026-05-01 19:46:59.731,next,0,3823,w3g8eLwmSrTEQgDO6edI,19
69136beee3f6384c83a704ce,69136beee3f6384c83a704ce_1777664711297,one_vial_alternating,2026-05-01 19:47:03.389,next,0,3653,bW66YgwAvVF9SQ4TzV2o,20
69136beee3f6384c83a704ce,69136beee3f6384c83a704ce_1777664711297,one_vial_alternating,2026-05-01 19:47:08.088,next,0,4699,o2nzzfw5mO1FdiAcpKCm,21
69136beee3f6384c83a704ce,69136beee3f6384c83a704ce_1777664711297,one_vial_alternating,2026-05-01 19:47:11.762,next,0,3672,74S1oTBszLjcJhMqPBf7,22
69136beee3f6384c83a704ce,69136beee3f6384c83a704ce_1777664711297,one_vial_alternating,2026-05-01 19:47:19.317,next,1,7559,ugS3LCLkElBJ1zheoVL4,23
69136beee3f6384c83a704ce,69136beee3f6384c83a704ce_1777664711297,one_vial_alternating,2026-05-01 19:47:50.876,redirect-incorrect,0,31557,jIb88JuCnVoAFKs887Lk,22
69136beee3f6384c83a704ce,69136beee3f6384c83a704ce_1777664711297,one_vial_alternating,2026-05-01 19:47:54.522,next,1,3647,Dicsffc8HFXSCFs8Ro86,23
69136beee3f6384c83a704ce,69136beee3f6384c83a704ce_1777664711297,one_vial_alternating,2026-05-01 19:48:11.584,redirect-correct,0,17061,M3ZvRnUdy8I8EUkF0cxy,24
69136beee3f6384c83a704ce,69136beee3f6384c83a704ce_1777664711297,one_vial_alternating,2026-05-01 19:48:14.463,next,0,2883,75GI0OgKYfXmWt8RUE12,25
69136beee3f6384c83a704ce,69136beee3f6384c83a704ce_1777664711297,one_vial_alternating,2026-05-01 19:48:17.848,next,0,3379,gOYTTg1vJu3lhyFvw3st,26
69136beee3f6384c83a704ce,69136beee3f6384c83a704ce_1777664711297,one_vial_alternating,2026-05-01 19:48:23.878,next,0,6029,EQM4utzxrQp1XJEdEn6L,27
69136beee3f6384c83a704ce,69136beee3f6384c83a704ce_1777664711297,one_vial_alternating,2026-05-01 19:48:40.425,next,0,16552,Qu214yMTnIsL9qylLi0Q,28
69136beee3f6384c83a704ce,69136beee3f6384c83a704ce_1777664711297,one_vial_alternating,2026-05-01 19:48:46.984,prev,0,6554,w7kWgRIRYNXd81D7z7CH,27
69136beee3f6384c83a704ce,69136beee3f6384c83a704ce_1777664711297,one_vial_alternating,2026-05-01 19:48:52.129,next,0,5141,8JdK43hIyuqQfM7CcBUc,28
69136beee3f6384c83a704ce,69136beee3f6384c83a704ce_1777664711297,one_vial_alternating,2026-05-01 19:48:57.617,next,0,5492,oJcxf5CUzv3zPVvpo5uG,29
69136beee3f6384c83a704ce,69136beee3f6384c83a704ce_1777664711297,one_vial_alternating,2026-05-01 19:49:03.215,next,0,5596,hF4C8I1VHMkYi1OKdtPi,30
69136beee3f6384c83a704ce,69136beee3f6384c83a704ce_1777664711297,one_vial_alternating,2026-05-01 19:49:09.738,next,0,6525,XsFCdxheEHVhPQdZknMg,31
69136beee3f6384c83a704ce,69136beee3f6384c83a704ce_1777664711297,one_vial_alternating,2026-05-01 19:49:21.620,next,0,11884,hTjToq77x4qTBToWYE92,32
69136beee3f6384c83a704ce,69136beee3f6384c83a704ce_1777664711297,one_vial_alternating,2026-05-01 19:49:25.279,next,0,3651,ybtMn1qlzbwDXmszd8r7,33
69136beee3f6384c83a704ce,69136beee3f6384c83a704ce_1777664711297,one_vial_alternating,2026-05-01 19:49:28.788,next,0,3515,04JyoyyOZmnWkDf00zw8,34
69136beee3f6384c83a704ce,69136beee3f6384c83a704ce_1777664711297,one_vial_alternating,2026-05-01 19:49:32.148,next,0,3359,WEQ78QQuOp4Lv6Tns5do,35
69136beee3f6384c83a704ce,69136beee3f6384c83a704ce_1777664711297,one_vial_alternating,2026-05-01 19:49:49.618,next,1,17476,XS7Xhkipcn7bJjYquIcB,36
69136beee3f6384c83a704ce,69136beee3f6384c83a704ce_1777664711297,one_vial_alternating,2026-05-01 19:49:55.726,prev,0,6105,O7qHcinzsfGfAl1yEKHT,35
69136beee3f6384c83a704ce,69136beee3f6384c83a704ce_1777664711297,one_vial_alternating,2026-05-01 19:50:01.152,next,1,5426,NpFfjM9Jfy8vEtk5jKt7,36
69136beee3f6384c83a704ce,69136beee3f6384c83a704ce_1777664711297,one_vial_alternating,2026-05-01 19:50:43.054,redirect-incorrect,0,41900,grpnGACTow8pCKYc1eNs,33
69136beee3f6384c83a704ce,69136beee3f6384c83a704ce_1777664711297,one_vial_alternating,2026-05-01 19:50:48.559,next,0,5506,yK5L70ICBU5KaOfLo6P6,34
69136beee3f6384c83a704ce,69136beee3f6384c83a704ce_1777664711297,one_vial_alternating,2026-05-01 19:50:53.000,next,0,4442,UrbY0l52fW1liUWi3k03,35
69136beee3f6384c83a704ce,69136beee3f6384c83a704ce_1777664711297,one_vial_alternating,2026-05-01 19:51:09.537,next,1,16536,chHoMqHAvj9L95F1bpa0,36
69136beee3f6384c83a704ce,69136beee3f6384c83a704ce_1777664711297,one_vial_alternating,2026-05-01 19:51:45.146,redirect-correct,0,35603,Wuja0T2hO61MB4PgkrEO,37
69136beee3f6384c83a704ce,69136beee3f6384c83a704ce_1777664711297,one_vial_alternating,2026-05-01 19:51:48.419,next,0,3280,6zuse24HdenfkggeReVf,38
69136beee3f6384c83a704ce,69136beee3f6384c83a704ce_1777664711297,one_vial_alternating,2026-05-01 19:51:53.264,next,0,4842,2o0khtaihWk6KQZMBdoW,39
69136beee3f6384c83a704ce,69136beee3f6384c83a704ce_1777664711297,one_vial_alternating,2026-05-01 19:51:57.832,next,1,4574,wVgG3tI05UEjU5rYSw6Z,40
69136beee3f6384c83a704ce,69136beee3f6384c83a704ce_1777664711297,one_vial_alternating,2026-05-01 19:52:04.414,redirect-correct,0,6578,xOkFS3YlW0Dq8AzHmVwg,41
69136beee3f6384c83a704ce,69136beee3f6384c83a704ce_1777664711297,one_vial_alternating,2026-05-01 19:52:07.598,next,0,3186,2PJ8dh3vkUSaWcJMpne9,42
6925fa29548cb5452d18bdb0,6925fa29548cb5452d18bdb0_1777665188520,one_vial_alternating,2026-05-01 19:53:22.536,initial,0,,Tjb9ajVpOI11j45g05KV,1
6925fa29548cb5452d18bdb0,6925fa29548cb5452d18bdb0_1777665188520,one_vial_alternating,2026-05-01 19:53:25.743,next,0,3223,6ewwYb24T9qEDmWAlvkp,2
6925fa29548cb5452d18bdb0,6925fa29548cb5452d18bdb0_1777665188520,one_vial_alternating,2026-05-01 19:53:31.223,next,0,5480,cBtPzFlkaFaNlwbDvGl5,3
6925fa29548cb5452d18bdb0,6925fa29548cb5452d18bdb0_1777665188520,one_vial_alternating,2026-05-01 19:53:49.606,next,0,18378,ZnxELGVS4jE27UDVcbft,4
6925fa29548cb5452d18bdb0,6925fa29548cb5452d18bdb0_1777665188520,one_vial_alternating,2026-05-01 19:53:56.004,next,0,6403,uRqC6lfqMVHpaOXLvryX,5
6925fa29548cb5452d18bdb0,6925fa29548cb5452d18bdb0_1777665188520,one_vial_alternating,2026-05-01 19:54:02.392,next,0,6390,OCbdJQEfQxDBhlmijDva,6
6925fa29548cb5452d18bdb0,6925fa29548cb5452d18bdb0_1777665188520,one_vial_alternating,2026-05-01 19:54:12.587,next,0,10195,0vleqAfnNvh8Xu0BYzNE,7
6925fa29548cb5452d18bdb0,6925fa29548cb5452d18bdb0_1777665188520,one_vial_alternating,2026-05-01 19:54:16.428,next,0,3841,tFRhCD6bEoSaIgcHQhQJ,8
6925fa29548cb5452d18bdb0,6925fa29548cb5452d18bdb0_1777665188520,one_vial_alternating,2026-05-01 19:54:23.918,next,0,7490,mkJ8eNwDd36Pit9YQlYQ,9
6925fa29548cb5452d18bdb0,6925fa29548cb5452d18bdb0_1777665188520,one_vial_alternating,2026-05-01 19:55:04.825,next,0,40906,ZydbDkJwyZgBXUtwRgM0,10
6925fa29548cb5452d18bdb0,6925fa29548cb5452d18bdb0_1777665188520,one_vial_alternating,2026-05-01 19:55:11.373,next,0,6547,4hByVWBm9jiZq5t0D8EE,11
6925fa29548cb5452d18bdb0,6925fa29548cb5452d18bdb0_1777665188520,one_vial_alternating,2026-05-01 19:55:55.267,next,0,43895,GegnafCitXEbmOfWnPmn,12
6925fa29548cb5452d18bdb0,6925fa29548cb5452d18bdb0_1777665188520,one_vial_alternating,2026-05-01 19:56:19.250,next,0,23981,ZobUjZXZ5ZMuh1CGba0i,13
6925fa29548cb5452d18bdb0,6925fa29548cb5452d18bdb0_1777665188520,one_vial_alternating,2026-05-01 19:56:37.938,next,0,18690,A3H44mAHjKhy97ABOxX0,14
6925fa29548cb5452d18bdb0,6925fa29548cb5452d18bdb0_1777665188520,one_vial_alternating,2026-05-01 19:56:47.216,next,0,9277,fYUXAGx5ThTPAPmKAD3A,15
6925fa29548cb5452d18bdb0,6925fa29548cb5452d18bdb0_1777665188520,one_vial_alternating,2026-05-01 19:56:51.015,next,0,3799,P2TUScqfvZG85JUsqOhc,16
6925fa29548cb5452d18bdb0,6925fa29548cb5452d18bdb0_1777665188520,one_vial_alternating,2026-05-01 19:56:55.952,next,0,4938,RkxMFwYgJiHBCzAbceIl,17
6925fa29548cb5452d18bdb0,6925fa29548cb5452d18bdb0_1777665188520,one_vial_alternating,2026-05-01 19:57:35.195,next,0,39242,cUQNOdl9iBumLp4SD7pn,18
6925fa29548cb5452d18bdb0,6925fa29548cb5452d18bdb0_1777665188520,one_vial_alternating,2026-05-01 19:57:38.772,next,0,3577,nKkOqAbwM3PnLpKoYFfo,19
6925fa29548cb5452d18bdb0,6925fa29548cb5452d18bdb0_1777665188520,one_vial_alternating,2026-05-01 19:58:00.592,next,0,21821,A3H9ZkMRgo8E3VrDAUIM,20
6925fa29548cb5452d18bdb0,6925fa29548cb5452d18bdb0_1777665188520,one_vial_alternating,2026-05-01 19:58:46.035,next,0,45442,YWaeN0d62AHd845HlZUp,21
6925fa29548cb5452d18bdb0,6925fa29548cb5452d18bdb0_1777665188520,one_vial_alternating,2026-05-01 19:58:52.378,next,0,6344,gmZqlvnx5lgHiSpHvu1L,22
6925fa29548cb5452d18bdb0,6925fa29548cb5452d18bdb0_1777665188520,one_vial_alternating,2026-05-01 19:59:16.566,next,1,24187,orjeqTUP7MLYrec1RNdL,23
6925fa29548cb5452d18bdb0,6925fa29548cb5452d18bdb0_1777665188520,one_vial_alternating,2026-05-01 20:00:04.095,redirect-correct,0,47529,89Wd12pHfIOTpuEk2Goh,24
6925fa29548cb5452d18bdb0,6925fa29548cb5452d18bdb0_1777665188520,one_vial_alternating,2026-05-01 20:00:06.689,next,0,2593,BC7eA7CEZpmEsVLmhRb9,25
6925fa29548cb5452d18bdb0,6925fa29548cb5452d18bdb0_1777665188520,one_vial_alternating,2026-05-01 20:00:32.805,next,0,26116,CyGkTnJNwI6AQyoYEtOE,26
6925fa29548cb5452d18bdb0,6925fa29548cb5452d18bdb0_1777665188520,one_vial_alternating,2026-05-01 20:00:39.807,next,0,7004,CLJt9fkwidd7zc5p7ITL,27
6925fa29548cb5452d18bdb0,6925fa29548cb5452d18bdb0_1777665188520,one_vial_alternating,2026-05-01 20:01:50.416,next,0,70344,5Q6lv3h7xwn1QQQJeECs,28
6925fa29548cb5452d18bdb0,6925fa29548cb5452d18bdb0_1777665188520,one_vial_alternating,2026-05-01 20:01:58.383,next,0,8229,qRdmOfKBM9GiryvU064a,29
6925fa29548cb5452d18bdb0,6925fa29548cb5452d18bdb0_1777665188520,one_vial_alternating,2026-05-01 20:02:42.806,next,0,44424,ng4TVtJoVS41SMoIcf67,30
6925fa29548cb5452d18bdb0,6925fa29548cb5452d18bdb0_1777665188520,one_vial_alternating,2026-05-01 20:03:10.601,next,0,27794,h7lKD1Ln5wrmhWhBnPlQ,31
6925fa29548cb5452d18bdb0,6925fa29548cb5452d18bdb0_1777665188520,one_vial_alternating,2026-05-01 20:03:29.166,next,0,18566,wa2zEzEjWus7Uvo81Flq,32
6925fa29548cb5452d18bdb0,6925fa29548cb5452d18bdb0_1777665188520,one_vial_alternating,2026-05-01 20:03:37.480,next,0,8313,bWcKxKqqd5BLABv1o6eA,33
6925fa29548cb5452d18bdb0,6925fa29548cb5452d18bdb0_1777665188520,one_vial_alternating,2026-05-01 20:04:19.421,next,0,41933,TYj8JcK0VK5rI01K2k53,34
6925fa29548cb5452d18bdb0,6925fa29548cb5452d18bdb0_1777665188520,one_vial_alternating,2026-05-01 20:04:49.857,next,0,30437,HiHPJOt9CLl3Hs4W2dPp,35
6925fa29548cb5452d18bdb0,6925fa29548cb5452d18bdb0_1777665188520,one_vial_alternating,2026-05-01 20:05:42.409,next,1,52534,JSU07W57kh0cvpQQ37Nm,36
6925fa29548cb5452d18bdb0,6925fa29548cb5452d18bdb0_1777665188520,one_vial_alternating,2026-05-01 20:06:57.735,redirect-correct,0,75350,q6vtHhDd8dAbGLturWt4,37
6925fa29548cb5452d18bdb0,6925fa29548cb5452d18bdb0_1777665188520,one_vial_alternating,2026-05-01 20:07:01.031,next,0,3295,clv8GT6ys3zIZgXB6v6n,38
6925fa29548cb5452d18bdb0,6925fa29548cb5452d18bdb0_1777665188520,one_vial_alternating,2026-05-01 20:07:05.727,next,0,4698,lrOZDDMVCQlrWVpEqkvV,39
6925fa29548cb5452d18bdb0,6925fa29548cb5452d18bdb0_1777665188520,one_vial_alternating,2026-05-01 20:07:48.736,next,1,42999,3TUE8b1Lf1pzenwbQqvt,40
6925fa29548cb5452d18bdb0,6925fa29548cb5452d18bdb0_1777665188520,one_vial_alternating,2026-05-01 20:07:59.185,redirect-correct,0,10449,qwd4lYhN7ziHuCKipN02,41
6925fa29548cb5452d18bdb0,6925fa29548cb5452d18bdb0_1777665188520,one_vial_alternating,2026-05-01 20:08:01.270,next,0,2077,LdsTIvrPvHqrUoq8Busq,42
6928b461f9bf86904fa8b581,6928b461f9bf86904fa8b581_1777670008810,one_vial_alternating,2026-05-01 21:13:41.068,initial,0,,ZE2AnkIKkSwQ5DMrPOKx,1
6928b461f9bf86904fa8b581,6928b461f9bf86904fa8b581_1777670008810,one_vial_alternating,2026-05-01 21:13:45.698,next,0,4624,QpV33pNJehPUH4kYuzSf,2
6928b461f9bf86904fa8b581,6928b461f9bf86904fa8b581_1777670008810,one_vial_alternating,2026-05-01 21:13:51.114,next,0,5422,NIcYEmhyLcJ8WLWQZaBa,3
6928b461f9bf86904fa8b581,6928b461f9bf86904fa8b581_1777670008810,one_vial_alternating,2026-05-01 21:14:06.660,next,0,15549,dnNeLfoJD6GYkAQU7owR,4
6928b461f9bf86904fa8b581,6928b461f9bf86904fa8b581_1777670008810,one_vial_alternating,2026-05-01 21:20:28.921,next,0,381976,EuAwNPLMcoHAbW40vAKq,5
6928b461f9bf86904fa8b581,6928b461f9bf86904fa8b581_1777670008810,one_vial_alternating,2026-05-01 21:20:41.425,next,0,12878,iNFqxT9tBMLQxTGyTKVS,6
6928b461f9bf86904fa8b581,6928b461f9bf86904fa8b581_1777670008810,one_vial_alternating,2026-05-01 21:20:51.778,next,0,10351,EedpvHAVQm1tguaReOzh,7
6928b461f9bf86904fa8b581,6928b461f9bf86904fa8b581_1777670008810,one_vial_alternating,2026-05-01 21:20:55.257,next,0,3488,E0g03UdTw1uktPAern56,8
6928b461f9bf86904fa8b581,6928b461f9bf86904fa8b581_1777670008810,one_vial_alternating,2026-05-01 21:21:03.480,next,0,8217,liQ9B24eyC94IHrru3zv,9
6928b461f9bf86904fa8b581,6928b461f9bf86904fa8b581_1777670008810,one_vial_alternating,2026-05-01 21:21:12.836,next,0,9355,wOXcKfwOwJQImulWs7mx,10
6928b461f9bf86904fa8b581,6928b461f9bf86904fa8b581_1777670008810,one_vial_alternating,2026-05-01 21:21:18.830,next,0,5989,ZYuruFQqtjeFn1u5Qk63,11
6928b461f9bf86904fa8b581,6928b461f9bf86904fa8b581_1777670008810,one_vial_alternating,2026-05-01 21:21:30.385,next,0,11556,8dMtO5cCWLLtEDaAYTZ1,12
6928b461f9bf86904fa8b581,6928b461f9bf86904fa8b581_1777670008810,one_vial_alternating,2026-05-01 21:21:45.888,next,0,15507,Vypk0WrXMZuiN9g4KACB,13
6928b461f9bf86904fa8b581,6928b461f9bf86904fa8b581_1777670008810,one_vial_alternating,2026-05-01 21:21:52.268,next,0,6378,XLa4NXvN6a35Da2A3wmH,14
6928b461f9bf86904fa8b581,6928b461f9bf86904fa8b581_1777670008810,one_vial_alternating,2026-05-01 21:21:58.924,next,0,6659,pWjiBbWW0HI5oVDLvsHi,15
6928b461f9bf86904fa8b581,6928b461f9bf86904fa8b581_1777670008810,one_vial_alternating,2026-05-01 21:22:02.703,next,0,3775,kYdVkhTBm6UzCL0HJlEX,16
6928b461f9bf86904fa8b581,6928b461f9bf86904fa8b581_1777670008810,one_vial_alternating,2026-05-01 21:22:06.161,next,0,3455,i8nx2SECG8SVCvAkufyZ,17
6928b461f9bf86904fa8b581,6928b461f9bf86904fa8b581_1777670008810,one_vial_alternating,2026-05-01 21:22:09.539,next,0,3381,jpgc9z3DesunJb50N08K,18
6928b461f9bf86904fa8b581,6928b461f9bf86904fa8b581_1777670008810,one_vial_alternating,2026-05-01 21:22:14.125,next,0,4589,Xgu02rzmnbIjSAqJ2anV,19
6928b461f9bf86904fa8b581,6928b461f9bf86904fa8b581_1777670008810,one_vial_alternating,2026-05-01 21:22:19.931,next,0,5803,5lCglxdHA2xng4pW1wRv,20
6928b461f9bf86904fa8b581,6928b461f9bf86904fa8b581_1777670008810,one_vial_alternating,2026-05-01 21:22:33.024,next,0,13094,UJ7PrHuXXRIXAbpuXbB1,21
6928b461f9bf86904fa8b581,6928b461f9bf86904fa8b581_1777670008810,one_vial_alternating,2026-05-01 21:22:40.045,next,0,7018,M8k9eGJm4HMFzmgPdY99,22
6928b461f9bf86904fa8b581,6928b461f9bf86904fa8b581_1777670008810,one_vial_alternating,2026-05-01 21:22:56.191,next,1,16148,M9TTvTbneDONo0K9l875,23
6928b461f9bf86904fa8b581,6928b461f9bf86904fa8b581_1777670008810,one_vial_alternating,2026-05-01 21:23:55.012,redirect-correct,0,58816,v2N96D7lmIhEHIMEH027,24
6928b461f9bf86904fa8b581,6928b461f9bf86904fa8b581_1777670008810,one_vial_alternating,2026-05-01 21:23:58.726,next,0,3717,zIhB9aqChHlGQQzOBfew,25
6928b461f9bf86904fa8b581,6928b461f9bf86904fa8b581_1777670008810,one_vial_alternating,2026-05-01 21:24:06.205,prev,0,7477,UgA4ldWQbfOwtpA2cQ0V,24
6928b461f9bf86904fa8b581,6928b461f9bf86904fa8b581_1777670008810,one_vial_alternating,2026-05-01 21:24:09.379,next,0,3172,wpAWDQ96xM1pkhpYRZYD,25
6928b461f9bf86904fa8b581,6928b461f9bf86904fa8b581_1777670008810,one_vial_alternating,2026-05-01 21:24:13.321,next,0,3950,jYXGI2DPIH1pkXdgoy8U,26
6928b461f9bf86904fa8b581,6928b461f9bf86904fa8b581_1777670008810,one_vial_alternating,2026-05-01 21:24:17.948,next,0,4624,7pSHvJjblWb5FoDzDFwt,27
6928b461f9bf86904fa8b581,6928b461f9bf86904fa8b581_1777670008810,one_vial_alternating,2026-05-01 21:24:26.911,next,0,8957,LXgjrXgQMw2euiMAaouq,28
6928b461f9bf86904fa8b581,6928b461f9bf86904fa8b581_1777670008810,one_vial_alternating,2026-05-01 21:24:34.419,next,0,7508,kYTzg3loyyu8gpv9S6O1,29
6928b461f9bf86904fa8b581,6928b461f9bf86904fa8b581_1777670008810,one_vial_alternating,2026-05-01 21:24:45.418,next,0,11002,1rBQuLDutY9nioEw7pbX,30
6928b461f9bf86904fa8b581,6928b461f9bf86904fa8b581_1777670008810,one_vial_alternating,2026-05-01 21:24:57.572,next,0,12152,VpHBl9ZCEhWuoZwFi1Sc,31
6928b461f9bf86904fa8b581,6928b461f9bf86904fa8b581_1777670008810,one_vial_alternating,2026-05-01 21:25:08.776,next,0,11205,94KWAfd7j0z8CmBmASjD,32
6928b461f9bf86904fa8b581,6928b461f9bf86904fa8b581_1777670008810,one_vial_alternating,2026-05-01 21:25:15.264,next,0,6487,ulCnXwCX6LtrFNJTlS4X,33
6928b461f9bf86904fa8b581,6928b461f9bf86904fa8b581_1777670008810,one_vial_alternating,2026-05-01 21:25:21.941,next,0,6672,9P4Y50qi6pFuYUhaCZgB,34
6928b461f9bf86904fa8b581,6928b461f9bf86904fa8b581_1777670008810,one_vial_alternating,2026-05-01 21:25:35.696,next,0,13758,Mrgu2SM0phuOAvDcgwgq,35
6928b461f9bf86904fa8b581,6928b461f9bf86904fa8b581_1777670008810,one_vial_alternating,2026-05-01 21:26:12.132,next,1,36433,u7qgcJMIOkm46B1I1gCu,36
6928b461f9bf86904fa8b581,6928b461f9bf86904fa8b581_1777670008810,one_vial_alternating,2026-05-01 21:27:36.372,prev,0,84240,eUeBQSScpA1Bhb9PKUhK,35
6928b461f9bf86904fa8b581,6928b461f9bf86904fa8b581_1777670008810,one_vial_alternating,2026-05-01 21:27:39.462,next,1,3089,Vald5OTBtjSvf3n9tGJo,36
6928b461f9bf86904fa8b581,6928b461f9bf86904fa8b581_1777670008810,one_vial_alternating,2026-05-01 21:28:49.261,redirect-correct,0,69798,bl3fdFfagpeMaQN6jeNx,37
6928b461f9bf86904fa8b581,6928b461f9bf86904fa8b581_1777670008810,one_vial_alternating,2026-05-01 21:28:52.239,next,0,2977,x9G1cSoVeDHIC9Yu578N,38
6928b461f9bf86904fa8b581,6928b461f9bf86904fa8b581_1777670008810,one_vial_alternating,2026-05-01 21:28:56.997,next,0,4756,PTuGc299ucFCGgXJDL0N,39
6928b461f9bf86904fa8b581,6928b461f9bf86904fa8b581_1777670008810,one_vial_alternating,2026-05-01 21:29:03.664,next,1,6666,tK90LdStSyKd12JQNUdZ,40
6928b461f9bf86904fa8b581,6928b461f9bf86904fa8b581_1777670008810,one_vial_alternating,2026-05-01 21:29:17.759,redirect-correct,0,14096,qfPfT1OcVid6DklkJsit,41
6928b461f9bf86904fa8b581,6928b461f9bf86904fa8b581_1777670008810,one_vial_alternating,2026-05-01 21:29:20.755,next,0,2994,x0eVTMUmjBXZvyVrlNec,42
692b3539b57c4f73fc243980,692b3539b57c4f73fc243980_1777664986855,one_vial_alternating,2026-05-01 19:49:57.498,initial,0,,UJChiM1YEvx8VJ9anWn4,1
692b3539b57c4f73fc243980,692b3539b57c4f73fc243980_1777664986855,one_vial_alternating,2026-05-01 19:50:00.823,next,0,3366,zQ7xL4A07LlDlQzFuSmV,2
692b3539b57c4f73fc243980,692b3539b57c4f73fc243980_1777664986855,one_vial_alternating,2026-05-01 19:50:05.898,next,0,5071,QkekXkdiuX6yzi7V2yEW,3
692b3539b57c4f73fc243980,692b3539b57c4f73fc243980_1777664986855,one_vial_alternating,2026-05-01 19:50:15.664,next,0,9761,hvgmvfAhULr4jE3HGdyd,4
692b3539b57c4f73fc243980,692b3539b57c4f73fc243980_1777664986855,one_vial_alternating,2026-05-01 19:50:19.333,next,0,3496,CzB8385XJ4qk9HKFvaiP,5
692b3539b57c4f73fc243980,692b3539b57c4f73fc243980_1777664986855,one_vial_alternating,2026-05-01 19:50:27.228,next,0,8078,LEgp5v3yGj2blTPtRXEL,6
692b3539b57c4f73fc243980,692b3539b57c4f73fc243980_1777664986855,one_vial_alternating,2026-05-01 19:50:34.892,next,0,7663,EnumWkDamNwEUlssJV5i,7
692b3539b57c4f73fc243980,692b3539b57c4f73fc243980_1777664986855,one_vial_alternating,2026-05-01 19:50:38.868,next,0,3977,aNZfQuHr5P4bMlkXgOu4,8
692b3539b57c4f73fc243980,692b3539b57c4f73fc243980_1777664986855,one_vial_alternating,2026-05-01 19:50:42.600,next,0,3730,O8yAqfKFVWXmCxf8UaXJ,9
692b3539b57c4f73fc243980,692b3539b57c4f73fc243980_1777664986855,one_vial_alternating,2026-05-01 19:50:51.841,next,0,9229,mcEma9ZcWml7nhZeSoqY,10
692b3539b57c4f73fc243980,692b3539b57c4f73fc243980_1777664986855,one_vial_alternating,2026-05-01 19:50:55.216,next,0,3387,ZERJMI3RLfrdTct4lgDa,11
692b3539b57c4f73fc243980,692b3539b57c4f73fc243980_1777664986855,one_vial_alternating,2026-05-01 19:51:03.451,next,0,8235,tKP6FYRYswUBlnPIP4Nc,12
692b3539b57c4f73fc243980,692b3539b57c4f73fc243980_1777664986855,one_vial_alternating,2026-05-01 19:51:06.037,next,0,2587,P4MQBZ1hlaYsx0yqJGN0,13
692b3539b57c4f73fc243980,692b3539b57c4f73fc243980_1777664986855,one_vial_alternating,2026-05-01 19:51:12.727,next,0,6689,bgR7HRPUZv3ynYcxHegd,14
692b3539b57c4f73fc243980,692b3539b57c4f73fc243980_1777664986855,one_vial_alternating,2026-05-01 19:51:19.336,next,0,6609,r1MYAEXP0KkViOdgcuh8,15
692b3539b57c4f73fc243980,692b3539b57c4f73fc243980_1777664986855,one_vial_alternating,2026-05-01 19:51:23.962,next,0,4627,qrkbvNIgTLQi0UoVccq8,16
692b3539b57c4f73fc243980,692b3539b57c4f73fc243980_1777664986855,one_vial_alternating,2026-05-01 19:51:29.141,next,0,5178,3wQF68QfD15TNLXv0dPD,17
692b3539b57c4f73fc243980,692b3539b57c4f73fc243980_1777664986855,one_vial_alternating,2026-05-01 19:51:32.595,next,0,3455,z3c9xljC0O7rrUhOEFw8,18
692b3539b57c4f73fc243980,692b3539b57c4f73fc243980_1777664986855,one_vial_alternating,2026-05-01 19:51:36.219,next,0,3622,4e4nnBwIEqW5y8Fv3MiM,19
692b3539b57c4f73fc243980,692b3539b57c4f73fc243980_1777664986855,one_vial_alternating,2026-05-01 19:51:39.378,next,0,3159,EBb28Pqo6IHZEz9uYPO8,20
692b3539b57c4f73fc243980,692b3539b57c4f73fc243980_1777664986855,one_vial_alternating,2026-05-01 19:51:45.514,next,0,6137,a68pGeOk7XQCHoPYjMGE,21
692b3539b57c4f73fc243980,692b3539b57c4f73fc243980_1777664986855,one_vial_alternating,2026-05-01 19:51:50.328,next,0,4813,OQ0Wok4suCtmYgGJkm24,22
692b3539b57c4f73fc243980,692b3539b57c4f73fc243980_1777664986855,one_vial_alternating,2026-05-01 19:52:04.881,next,1,14549,H6cEipW0rT9kAadLuXPO,23
692b3539b57c4f73fc243980,692b3539b57c4f73fc243980_1777664986855,one_vial_alternating,2026-05-01 19:52:51.345,redirect-correct,0,46462,dhSzgcuLg4lscatOWsHC,24
692b3539b57c4f73fc243980,692b3539b57c4f73fc243980_1777664986855,one_vial_alternating,2026-05-01 19:52:54.259,next,0,2919,se7duvmDQR4k7q3fxBZH,25
692b3539b57c4f73fc243980,692b3539b57c4f73fc243980_1777664986855,one_vial_alternating,2026-05-01 19:53:01.751,next,0,7484,eDo76emECL1xnnatNeP6,26
692b3539b57c4f73fc243980,692b3539b57c4f73fc243980_1777664986855,one_vial_alternating,2026-05-01 19:53:06.538,next,0,4794,2ND9ZZJRGYi5OY5hOAZl,27
692b3539b57c4f73fc243980,692b3539b57c4f73fc243980_1777664986855,one_vial_alternating,2026-05-01 19:53:19.836,next,0,13293,MQIF0035apg78nHOYfli,28
692b3539b57c4f73fc243980,692b3539b57c4f73fc243980_1777664986855,one_vial_alternating,2026-05-01 19:53:25.917,next,0,6083,aQg54EduLtzMZr3TySiu,29
692b3539b57c4f73fc243980,692b3539b57c4f73fc243980_1777664986855,one_vial_alternating,2026-05-01 19:53:29.891,next,0,3977,Lzovmrtqtj1hj21dGKQJ,30
692b3539b57c4f73fc243980,692b3539b57c4f73fc243980_1777664986855,one_vial_alternating,2026-05-01 19:53:40.597,next,0,10705,DZ4oA8cA2JbSJwU6tCWB,31
692b3539b57c4f73fc243980,692b3539b57c4f73fc243980_1777664986855,one_vial_alternating,2026-05-01 19:53:50.623,next,0,10026,s1d83SDAaRtXxyPlnWSS,32
692b3539b57c4f73fc243980,692b3539b57c4f73fc243980_1777664986855,one_vial_alternating,2026-05-01 19:53:57.256,next,0,6630,xo1AQPWTSfblzpwKbhR4,33
692b3539b57c4f73fc243980,692b3539b57c4f73fc243980_1777664986855,one_vial_alternating,2026-05-01 19:54:01.409,next,0,4154,jVcDZ1UYZq3q5Ejw2pmm,34
692b3539b57c4f73fc243980,692b3539b57c4f73fc243980_1777664986855,one_vial_alternating,2026-05-01 19:54:06.243,next,0,4833,vAHesnjCPlr9TO80Fc6b,35
692b3539b57c4f73fc243980,692b3539b57c4f73fc243980_1777664986855,one_vial_alternating,2026-05-01 19:54:10.711,next,1,4470,5yxTFlpa0yUsq9o2sLHM,36
692b3539b57c4f73fc243980,692b3539b57c4f73fc243980_1777664986855,one_vial_alternating,2026-05-01 19:54:27.442,prev,0,16728,ueTSlzFkfCrAcRYF5rEz,35
692b3539b57c4f73fc243980,692b3539b57c4f73fc243980_1777664986855,one_vial_alternating,2026-05-01 19:54:33.601,next,1,6161,fLSzln2KurTKhGJgSiQl,36
692b3539b57c4f73fc243980,692b3539b57c4f73fc243980_1777664986855,one_vial_alternating,2026-05-01 19:55:57.813,redirect-incorrect,0,84197,eVkD2PqOJlzYTXsuEciK,33
692b3539b57c4f73fc243980,692b3539b57c4f73fc243980_1777664986855,one_vial_alternating,2026-05-01 19:56:01.372,next,0,3572,evIgvJlK9pZuMO5HRqC1,34
692b3539b57c4f73fc243980,692b3539b57c4f73fc243980_1777664986855,one_vial_alternating,2026-05-01 19:56:05.073,next,0,3701,PzywjgkvO7gzdvsDbIj2,35
692b3539b57c4f73fc243980,692b3539b57c4f73fc243980_1777664986855,one_vial_alternating,2026-05-01 19:56:08.557,next,1,3484,AkcWiWWlSRDAqpp6tmsd,36
697a6d7fe579688108a6dc38,697a6d7fe579688108a6dc38_1777665092932,one_vial_alternating,2026-05-01 19:51:42.511,initial,0,,547Dgy9TduN1u61sBO2R,1
697a6d7fe579688108a6dc38,697a6d7fe579688108a6dc38_1777665092932,one_vial_alternating,2026-05-01 19:51:57.703,next,0,15217,OQsib29FiblbVVBvSPcq,2
697a6d7fe579688108a6dc38,697a6d7fe579688108a6dc38_1777665092932,one_vial_alternating,2026-05-01 19:52:06.436,next,0,8735,jRoSzJSYOxGR3k7CVW9t,3
697a6d7fe579688108a6dc38,697a6d7fe579688108a6dc38_1777665092932,one_vial_alternating,2026-05-01 19:52:15.332,next,0,8896,oNt2NaGTruLgcaYajY2h,4
697a6d7fe579688108a6dc38,697a6d7fe579688108a6dc38_1777665092932,one_vial_alternating,2026-05-01 19:52:24.425,next,0,9099,IepaXqoAZx1gLlOeiml7,5
697a6d7fe579688108a6dc38,697a6d7fe579688108a6dc38_1777665092932,one_vial_alternating,2026-05-01 19:52:30.057,next,0,5627,fewodE7jjRtOLvZp4Xgy,6
697a6d7fe579688108a6dc38,697a6d7fe579688108a6dc38_1777665092932,one_vial_alternating,2026-05-01 19:52:36.625,next,0,6568,sxwitVCE9Y6iGHwxUa6w,7
697a6d7fe579688108a6dc38,697a6d7fe579688108a6dc38_1777665092932,one_vial_alternating,2026-05-01 19:52:40.051,next,0,3422,zPaCU4FwFUhZHTcygwin,8
697a6d7fe579688108a6dc38,697a6d7fe579688108a6dc38_1777665092932,one_vial_alternating,2026-05-01 19:52:51.628,next,0,11582,5VYqeuZqL7GyAkfY586e,9
697a6d7fe579688108a6dc38,697a6d7fe579688108a6dc38_1777665092932,one_vial_alternating,2026-05-01 19:53:00.664,next,0,9040,FJeUIcp1dYBG8vaJY8Va,10
697a6d7fe579688108a6dc38,697a6d7fe579688108a6dc38_1777665092932,one_vial_alternating,2026-05-01 19:53:06.594,next,0,5922,AV3Ty4B13h2FfgRcMwng,11
697a6d7fe579688108a6dc38,697a6d7fe579688108a6dc38_1777665092932,one_vial_alternating,2026-05-01 19:53:16.618,next,0,10026,KHMffdCCZxXnlKKIYAqH,12
697a6d7fe579688108a6dc38,697a6d7fe579688108a6dc38_1777665092932,one_vial_alternating,2026-05-01 19:53:21.777,next,0,5160,9ScMneE1uz4j8u3IAWYK,13
697a6d7fe579688108a6dc38,697a6d7fe579688108a6dc38_1777665092932,one_vial_alternating,2026-05-01 19:53:25.363,next,0,3588,QWTS0xb570Q6ZEVOeOkW,14
697a6d7fe579688108a6dc38,697a6d7fe579688108a6dc38_1777665092932,one_vial_alternating,2026-05-01 19:53:29.621,next,0,4256,lvsdlfcvrR84conuJXRt,15
697a6d7fe579688108a6dc38,697a6d7fe579688108a6dc38_1777665092932,one_vial_alternating,2026-05-01 19:53:32.813,next,0,3192,J5Kfec384P2YXgBGKOvu,16
697a6d7fe579688108a6dc38,697a6d7fe579688108a6dc38_1777665092932,one_vial_alternating,2026-05-01 19:53:36.154,next,0,3342,jAruXxsKWggAueUqPMrs,17
697a6d7fe579688108a6dc38,697a6d7fe579688108a6dc38_1777665092932,one_vial_alternating,2026-05-01 19:53:39.631,next,0,3387,vUjvKzb1fTVHEeqfKxZo,18
697a6d7fe579688108a6dc38,697a6d7fe579688108a6dc38_1777665092932,one_vial_alternating,2026-05-01 19:53:42.577,next,0,3037,SQNUgHI8dejdvrLQnb84,19
697a6d7fe579688108a6dc38,697a6d7fe579688108a6dc38_1777665092932,one_vial_alternating,2026-05-01 19:53:45.402,next,0,2780,Vnp8iqo7HNtbyYRc6Pc6,20
697a6d7fe579688108a6dc38,697a6d7fe579688108a6dc38_1777665092932,one_vial_alternating,2026-05-01 19:53:48.769,next,0,3410,YsbNvheZ0gRAiT6H54fm,21
697a6d7fe579688108a6dc38,697a6d7fe579688108a6dc38_1777665092932,one_vial_alternating,2026-05-01 19:53:54.123,next,0,5358,MRcoCqqzv197U1swxIiw,22
697a6d7fe579688108a6dc38,697a6d7fe579688108a6dc38_1777665092932,one_vial_alternating,2026-05-01 19:53:58.227,next,1,4100,CXZSPBOUT3WWbrK3Sg7J,23
697a6d7fe579688108a6dc38,697a6d7fe579688108a6dc38_1777665092932,one_vial_alternating,2026-05-01 19:54:42.876,redirect-incorrect,0,44647,0i9nSMco5QwG7E5dDsWH,22
697a6d7fe579688108a6dc38,697a6d7fe579688108a6dc38_1777665092932,one_vial_alternating,2026-05-01 19:54:46.023,next,1,3149,PqV7w6Wp0vTiynC4qplZ,23
697aa0664e541e3ec5a881fe,697aa0664e541e3ec5a881fe_1777665490698,one_vial_alternating,2026-05-01 19:58:37.603,initial,0,,gKl3xdwkCkV7e4gwYo81,1
697aa0664e541e3ec5a881fe,697aa0664e541e3ec5a881fe_1777665490698,one_vial_alternating,2026-05-01 19:58:43.025,next,0,5422,gDvTYPES8TG7o7OjmZhA,2
697aa0664e541e3ec5a881fe,697aa0664e541e3ec5a881fe_1777665490698,one_vial_alternating,2026-05-01 19:58:57.070,next,0,14062,kZGOCXjCIdBrgYeZk5rs,3
697aa0664e541e3ec5a881fe,697aa0664e541e3ec5a881fe_1777665490698,one_vial_alternating,2026-05-01 19:59:00.812,next,0,3737,LvkplNW47J2WUGaZoriG,4
697aa0664e541e3ec5a881fe,697aa0664e541e3ec5a881fe_1777665490698,one_vial_alternating,2026-05-01 19:59:04.365,next,0,3558,yLixTpZpNwHMJu2LbNx1,5
697aa0664e541e3ec5a881fe,697aa0664e541e3ec5a881fe_1777665490698,one_vial_alternating,2026-05-01 19:59:13.689,next,0,9328,fdRA5NK37aRePEAXhpBN,6
697aa0664e541e3ec5a881fe,697aa0664e541e3ec5a881fe_1777665490698,one_vial_alternating,2026-05-01 19:59:21.025,next,0,7336,iuWImyFyUBGNa7znop63,7
697aa0664e541e3ec5a881fe,697aa0664e541e3ec5a881fe_1777665490698,one_vial_alternating,2026-05-01 19:59:24.493,next,0,3464,RuFDJx3BkOmfaAMmZWuB,8
697aa0664e541e3ec5a881fe,697aa0664e541e3ec5a881fe_1777665490698,one_vial_alternating,2026-05-01 19:59:30.961,next,0,6473,cvTL6lXMUoeGx3yh5vR8,9
697aa0664e541e3ec5a881fe,697aa0664e541e3ec5a881fe_1777665490698,one_vial_alternating,2026-05-01 19:59:39.760,next,0,8793,HwgS4QfzJbYaTJ9CvFR0,10
697aa0664e541e3ec5a881fe,697aa0664e541e3ec5a881fe_1777665490698,one_vial_alternating,2026-05-01 19:59:43.655,next,0,3902,9w12ZIJxSLbNTdHtsytr,11
697aa0664e541e3ec5a881fe,697aa0664e541e3ec5a881fe_1777665490698,one_vial_alternating,2026-05-01 19:59:52.046,next,0,8383,N1CTDJ2Nktpu05qMb1o0,12
697aa0664e541e3ec5a881fe,697aa0664e541e3ec5a881fe_1777665490698,one_vial_alternating,2026-05-01 20:00:00.251,next,0,8209,qJvmTiF655fjMSu6XJ4h,13
697aa0664e541e3ec5a881fe,697aa0664e541e3ec5a881fe_1777665490698,one_vial_alternating,2026-05-01 20:00:04.137,next,0,3887,xt72DmDQVOZhEgNi6tGt,14
697aa0664e541e3ec5a881fe,697aa0664e541e3ec5a881fe_1777665490698,one_vial_alternating,2026-05-01 20:00:12.412,next,0,8273,c9Szo2RYSBZNc9NlYPev,15
697aa0664e541e3ec5a881fe,697aa0664e541e3ec5a881fe_1777665490698,one_vial_alternating,2026-05-01 20:00:16.138,next,0,3728,GrQBJgnyl7HIEWjotbiD,16
697aa0664e541e3ec5a881fe,697aa0664e541e3ec5a881fe_1777665490698,one_vial_alternating,2026-05-01 20:00:20.452,next,0,4312,05UhhmfgDh2dF5h4rU7L,17
697aa0664e541e3ec5a881fe,697aa0664e541e3ec5a881fe_1777665490698,one_vial_alternating,2026-05-01 20:00:26.747,next,0,6296,IjP1wafMd6ZSEYwhunt9,18
697aa0664e541e3ec5a881fe,697aa0664e541e3ec5a881fe_1777665490698,one_vial_alternating,2026-05-01 20:00:29.687,next,0,2943,jXP16pl9S0GaysllCfFw,19
697aa0664e541e3ec5a881fe,697aa0664e541e3ec5a881fe_1777665490698,one_vial_alternating,2026-05-01 20:00:33.084,next,0,3393,PL7Pbrb4qPnQKGNwx8IL,20
697aa0664e541e3ec5a881fe,697aa0664e541e3ec5a881fe_1777665490698,one_vial_alternating,2026-05-01 20:00:37.944,next,0,4863,jws1qJ1A7KcidNMjmGGb,21
697aa0664e541e3ec5a881fe,697aa0664e541e3ec5a881fe_1777665490698,one_vial_alternating,2026-05-01 20:00:44.183,next,0,6240,7SNBweEnC1h2l5ypiEHU,22
697aa0664e541e3ec5a881fe,697aa0664e541e3ec5a881fe_1777665490698,one_vial_alternating,2026-05-01 20:00:51.809,next,1,7624,uU069S17S3axdZX6hWbT,23
697aa0664e541e3ec5a881fe,697aa0664e541e3ec5a881fe_1777665490698,one_vial_alternating,2026-05-01 20:01:32.070,redirect-incorrect,0,40260,0jNIEuCW7wTPxkfupGw0,22
697aa0664e541e3ec5a881fe,697aa0664e541e3ec5a881fe_1777665490698,one_vial_alternating,2026-05-01 20:02:10.292,next,1,38221,j5VgzQs8MGotzwkTREtY,23
697aa0664e541e3ec5a881fe,697aa0664e541e3ec5a881fe_1777665490698,one_vial_alternating,2026-05-01 20:06:08.392,redirect-correct,0,238094,KVUVRf6GOcWGfnWJwCJl,24
697aa0664e541e3ec5a881fe,697aa0664e541e3ec5a881fe_1777665490698,one_vial_alternating,2026-05-01 20:06:12.173,next,0,3783,xYHwlB9Bj73P6AtYX0I1,25
697aa0664e541e3ec5a881fe,697aa0664e541e3ec5a881fe_1777665490698,one_vial_alternating,2026-05-01 20:06:17.658,prev,0,5486,p3Dw5nX6a6bFAfzCwXaJ,24
697aa0664e541e3ec5a881fe,697aa0664e541e3ec5a881fe_1777665490698,one_vial_alternating,2026-05-01 20:06:22.217,prev,1,4554,MvEIhRWtwVrtXOMTg1hs,23
697aa0664e541e3ec5a881fe,697aa0664e541e3ec5a881fe_1777665490698,one_vial_alternating,2026-05-01 20:08:41.529,redirect-correct,0,139315,LB2TSqCgHu8sXlf5jhmT,24
697aa0664e541e3ec5a881fe,697aa0664e541e3ec5a881fe_1777665490698,one_vial_alternating,2026-05-01 20:08:45.621,next,0,4091,QOB72gMCJpxAFIOjT6KN,25
697aa0664e541e3ec5a881fe,697aa0664e541e3ec5a881fe_1777665490698,one_vial_alternating,2026-05-01 20:08:50.222,prev,0,4601,M3bp3Ef3N3iaJvBHYguT,24
697aa0664e541e3ec5a881fe,697aa0664e541e3ec5a881fe_1777665490698,one_vial_alternating,2026-05-01 20:08:53.595,next,0,3376,JIfy2hbPlcgIaKK9jbmG,25
697aa0664e541e3ec5a881fe,697aa0664e541e3ec5a881fe_1777665490698,one_vial_alternating,2026-05-01 20:08:55.728,prev,0,2129,0Ev4AkwqXCV5EcQEexgz,24
697aa0664e541e3ec5a881fe,697aa0664e541e3ec5a881fe_1777665490698,one_vial_alternating,2026-05-01 20:08:58.983,next,0,3255,YqcUITIL7yemDU8kBSpp,25
697aa0664e541e3ec5a881fe,697aa0664e541e3ec5a881fe_1777665490698,one_vial_alternating,2026-05-01 20:09:01.284,prev,0,2304,HyOGlZja5bI0Sj3XwLa0,24
697aa0664e541e3ec5a881fe,697aa0664e541e3ec5a881fe_1777665490698,one_vial_alternating,2026-05-01 20:09:04.636,next,0,3351,l6QZDWy3vtaT70r8Ttzi,25
697aa0664e541e3ec5a881fe,697aa0664e541e3ec5a881fe_1777665490698,one_vial_alternating,2026-05-01 20:09:08.124,prev,0,3489,8Jsorv1tROrnyjuK9yhA,24
697aa0664e541e3ec5a881fe,697aa0664e541e3ec5a881fe_1777665490698,one_vial_alternating,2026-05-01 20:09:11.699,next,0,3575,blfL3hc9WeUwFc74YjSv,25
697aa0664e541e3ec5a881fe,697aa0664e541e3ec5a881fe_1777665490698,one_vial_alternating,2026-05-01 20:09:14.212,prev,0,2505,XgiVh53PMS9ihEKZCBBk,24
697aa0664e541e3ec5a881fe,697aa0664e541e3ec5a881fe_1777665490698,one_vial_alternating,2026-05-01 20:09:17.519,next,0,3311,Ujs7jum2UL4Z5ERscW5a,25
697aa0664e541e3ec5a881fe,697aa0664e541e3ec5a881fe_1777665490698,one_vial_alternating,2026-05-01 20:09:19.800,prev,0,2281,1JS1jw1rPR5Vm0b1JLqr,24
697aa0664e541e3ec5a881fe,697aa0664e541e3ec5a881fe_1777665490698,one_vial_alternating,2026-05-01 20:09:22.940,next,0,3143,jEj4eCaMRCgqWN93twmm,25
697aa0664e541e3ec5a881fe,697aa0664e541e3ec5a881fe_1777665490698,one_vial_alternating,2026-05-01 20:09:25.102,prev,0,2161,0tmv2OPaDGUNk8uKFRlq,24
697aa0664e541e3ec5a881fe,697aa0664e541e3ec5a881fe_1777665490698,one_vial_alternating,2026-05-01 20:09:28.533,next,0,3432,VSVzxKqvq9530Ipn1eBr,25
697aa0664e541e3ec5a881fe,697aa0664e541e3ec5a881fe_1777665490698,one_vial_alternating,2026-05-01 20:09:31.033,prev,0,2496,73CSQyRMyt96ERneaVH6,24
697aa0664e541e3ec5a881fe,697aa0664e541e3ec5a881fe_1777665490698,one_vial_alternating,2026-05-01 20:09:34.717,next,0,3687,pWCkNPYR3gmv8RWvjfqd,25
697aa0664e541e3ec5a881fe,697aa0664e541e3ec5a881fe_1777665490698,one_vial_alternating,2026-05-01 20:09:43.349,prev,0,8633,sIATGfkJycDGgyxdh83d,24
697aa0664e541e3ec5a881fe,697aa0664e541e3ec5a881fe_1777665490698,one_vial_alternating,2026-05-01 20:09:47.959,next,0,4575,Hp4WLRYrH2skXA2zah9V,25
697aa0664e541e3ec5a881fe,697aa0664e541e3ec5a881fe_1777665490698,one_vial_alternating,2026-05-01 20:09:50.117,prev,0,2137,u9KN6KVXfDH1b6M0u5Mm,24
697aa0664e541e3ec5a881fe,697aa0664e541e3ec5a881fe_1777665490698,one_vial_alternating,2026-05-01 20:09:53.448,next,0,3384,3vJKaXA3iXGn93UEUmqx,25
697aa0664e541e3ec5a881fe,697aa0664e541e3ec5a881fe_1777665490698,one_vial_alternating,2026-05-01 20:09:55.614,prev,0,2169,h90WiygI8eJBo25L3xOS,24
697aa0664e541e3ec5a881fe,697aa0664e541e3ec5a881fe_1777665490698,one_vial_alternating,2026-05-01 20:09:58.735,next,0,3119,W5HlcKeAwS9wammsAzEJ,25
697aa0664e541e3ec5a881fe,697aa0664e541e3ec5a881fe_1777665490698,one_vial_alternating,2026-05-01 20:10:00.840,prev,0,2104,UW0W7THuYp19DrvHapGI,24
697aa0664e541e3ec5a881fe,697aa0664e541e3ec5a881fe_1777665490698,one_vial_alternating,2026-05-01 20:10:03.859,next,0,3023,4mZgsWXSV7fdeNzgw0JQ,25
697aa0664e541e3ec5a881fe,697aa0664e541e3ec5a881fe_1777665490698,one_vial_alternating,2026-05-01 20:10:05.918,prev,0,2057,KAizBs7LXcK6dzwKkipf,24
697aa0664e541e3ec5a881fe,697aa0664e541e3ec5a881fe_1777665490698,one_vial_alternating,2026-05-01 20:10:09.414,next,0,3495,WgGZ5zt94h036lqDqbJp,25
697aa0664e541e3ec5a881fe,697aa0664e541e3ec5a881fe_1777665490698,one_vial_alternating,2026-05-01 20:10:13.950,prev,0,4537,5Zfig8iDzseHteEPe3rA,24
697aa0664e541e3ec5a881fe,697aa0664e541e3ec5a881fe_1777665490698,one_vial_alternating,2026-05-01 20:10:17.227,next,0,3279,atY39NKDnkusoMmZzi9Z,25
697aa0664e541e3ec5a881fe,697aa0664e541e3ec5a881fe_1777665490698,one_vial_alternating,2026-05-01 20:10:19.342,prev,0,2113,0PqWHvYxQ7a4EaTZvN3y,24
697aa0664e541e3ec5a881fe,697aa0664e541e3ec5a881fe_1777665490698,one_vial_alternating,2026-05-01 20:10:22.588,next,0,3247,yVwUnGqijRZm4dU2Y7qe,25
697aa0664e541e3ec5a881fe,697aa0664e541e3ec5a881fe_1777665490698,one_vial_alternating,2026-05-01 20:10:24.679,prev,0,2089,QRUQgpoF6oehzlNJrf1e,24
697aa0664e541e3ec5a881fe,697aa0664e541e3ec5a881fe_1777665490698,one_vial_alternating,2026-05-01 20:10:28.021,next,0,3343,JzV3qaNwBZhEY5mCUBsZ,25
697aa0664e541e3ec5a881fe,697aa0664e541e3ec5a881fe_1777665490698,one_vial_alternating,2026-05-01 20:10:28.159,next,0,136,OJiFUySB4FsvyNWR0fZl,25
697aa0664e541e3ec5a881fe,697aa0664e541e3ec5a881fe_1777665490698,one_vial_alternating,2026-05-01 20:10:30.099,prev,0,1929,e1Ezn3RIfW1GEY64DK1F,24
697aa0664e541e3ec5a881fe,697aa0664e541e3ec5a881fe_1777665490698,one_vial_alternating,2026-05-01 20:10:33.174,next,0,3087,4oRAIUvVwPJK9xctK7Az,25
697aa0664e541e3ec5a881fe,697aa0664e541e3ec5a881fe_1777665490698,one_vial_alternating,2026-05-01 20:10:35.654,prev,0,2480,gBJTO4cFHq3HvtOM53wb,24
697aa0664e541e3ec5a881fe,697aa0664e541e3ec5a881fe_1777665490698,one_vial_alternating,2026-05-01 20:10:38.910,next,0,3256,3uDucsRRvFwFGMZtZixA,25
697aa0664e541e3ec5a881fe,697aa0664e541e3ec5a881fe_1777665490698,one_vial_alternating,2026-05-01 20:10:40.860,prev,0,1952,pmRQnUHqSr6KsYT4Sk89,24
697aa0664e541e3ec5a881fe,697aa0664e541e3ec5a881fe_1777665490698,one_vial_alternating,2026-05-01 20:10:44.126,next,0,3264,kakDJ5zRlGp9bxTxEPOs,25
697aa0664e541e3ec5a881fe,697aa0664e541e3ec5a881fe_1777665490698,one_vial_alternating,2026-05-01 20:10:46.239,prev,0,2112,pDxkHZmtVUj3BfY30Umj,24
697aa0664e541e3ec5a881fe,697aa0664e541e3ec5a881fe_1777665490698,one_vial_alternating,2026-05-01 20:10:49.512,next,0,3272,JNEtGkjifEICbOFs0fQa,25
697aa0664e541e3ec5a881fe,697aa0664e541e3ec5a881fe_1777665490698,one_vial_alternating,2026-05-01 20:10:51.128,prev,0,1617,ceKJ2BVu4HgSwGpVvXv5,24
697aa0664e541e3ec5a881fe,697aa0664e541e3ec5a881fe_1777665490698,one_vial_alternating,2026-05-01 20:10:54.869,next,0,3743,UftwyFlvNtdVIMkzFIUD,25
697aa0664e541e3ec5a881fe,697aa0664e541e3ec5a881fe_1777665490698,one_vial_alternating,2026-05-01 20:10:56.142,prev,0,1272,IDndpksoxlyuHBPztuxD,24
697aa0664e541e3ec5a881fe,697aa0664e541e3ec5a881fe_1777665490698,one_vial_alternating,2026-05-01 20:10:59.343,next,0,3200,VKOKR2xTAeFO34jZ0apo,25
697aa0664e541e3ec5a881fe,697aa0664e541e3ec5a881fe_1777665490698,one_vial_alternating,2026-05-01 20:11:00.637,prev,0,1296,520qghlFlpiNaA2Ey1Ql,24
697aa0664e541e3ec5a881fe,697aa0664e541e3ec5a881fe_1777665490698,one_vial_alternating,2026-05-01 20:11:03.855,next,0,3175,PvO1U512XCBIlh3ImHFT,25
697aa0664e541e3ec5a881fe,697aa0664e541e3ec5a881fe_1777665490698,one_vial_alternating,2026-05-01 20:11:06.575,prev,0,2761,IjwSq7XDwjgu1cw5TdZW,24
697aa0664e541e3ec5a881fe,697aa0664e541e3ec5a881fe_1777665490698,one_vial_alternating,2026-05-01 20:11:10.766,next,0,4193,AUrPg123t4fYm34AEOMB,25
697aa0664e541e3ec5a881fe,697aa0664e541e3ec5a881fe_1777665490698,one_vial_alternating,2026-05-01 20:11:13.671,prev,0,2903,mrnjgRvgGvgs6RgmF6ln,24
697aa0664e541e3ec5a881fe,697aa0664e541e3ec5a881fe_1777665490698,one_vial_alternating,2026-05-01 20:11:17.551,next,0,3879,fVEO0h5pOp1YFBVAI6cU,25
697aa0664e541e3ec5a881fe,697aa0664e541e3ec5a881fe_1777665490698,one_vial_alternating,2026-05-01 20:11:19.726,prev,0,2177,nOBTa1jjUR99wMoRyxLo,24
697aa0664e541e3ec5a881fe,697aa0664e541e3ec5a881fe_1777665490698,one_vial_alternating,2026-05-01 20:11:24.470,next,0,4743,w22kbb3yvZSE1XEXovSJ,25
697aa0664e541e3ec5a881fe,697aa0664e541e3ec5a881fe_1777665490698,one_vial_alternating,2026-05-01 20:11:30.328,next,0,5856,hjglEaq1FsSsrhDqVGJu,26
697aa0664e541e3ec5a881fe,697aa0664e541e3ec5a881fe_1777665490698,one_vial_alternating,2026-05-01 20:11:31.573,prev,0,1249,A1JKV75cKMoUbVXpddcD,25
697aa0664e541e3ec5a881fe,697aa0664e541e3ec5a881fe_1777665490698,one_vial_alternating,2026-05-01 20:11:36.614,prev,0,5040,SRL7enYUdtRhDXKp2gyi,24
697aa0664e541e3ec5a881fe,697aa0664e541e3ec5a881fe_1777665490698,one_vial_alternating,2026-05-01 20:11:40.915,next,0,4296,rni4zzwwg1rJNpQrsulN,25
697aa0664e541e3ec5a881fe,697aa0664e541e3ec5a881fe_1777665490698,one_vial_alternating,2026-05-01 20:11:49.094,prev,0,8184,GTnFW6sBpPhhIHFFoRfI,24
697aa0664e541e3ec5a881fe,697aa0664e541e3ec5a881fe_1777665490698,one_vial_alternating,2026-05-01 20:11:52.279,next,0,3183,r2p9MIqzCyyYVoAuEE1b,25
697aa0664e541e3ec5a881fe,697aa0664e541e3ec5a881fe_1777665490698,one_vial_alternating,2026-05-01 20:11:56.407,prev,0,4129,JVw0ucjiZ3xkcATp5wUS,24
697aa0664e541e3ec5a881fe,697aa0664e541e3ec5a881fe_1777665490698,one_vial_alternating,2026-05-01 20:11:59.517,next,0,3111,WuG3cv7wkVXCqRFtpKOA,25
697aa0664e541e3ec5a881fe,697aa0664e541e3ec5a881fe_1777665490698,one_vial_alternating,2026-05-01 20:12:03.648,prev,0,4129,Hz5tKOd8KhybaUGprind,24
697aa0664e541e3ec5a881fe,697aa0664e541e3ec5a881fe_1777665490698,one_vial_alternating,2026-05-01 20:12:06.907,next,0,3263,RCTAycjLKOI39bReVcVk,25
697aa0664e541e3ec5a881fe,697aa0664e541e3ec5a881fe_1777665490698,one_vial_alternating,2026-05-01 20:12:11.109,prev,0,4201,rreOeg8eSETbpuPb8xBx,24
697aa0664e541e3ec5a881fe,697aa0664e541e3ec5a881fe_1777665490698,one_vial_alternating,2026-05-01 20:12:16.652,next,0,5543,00eOPtndCFJLJ8tcxdrN,25
697aa0664e541e3ec5a881fe,697aa0664e541e3ec5a881fe_1777665490698,one_vial_alternating,2026-05-01 20:12:20.882,prev,0,4137,ZIeP7Nq7ElPc3Mqb0lDw,24
697aa0664e541e3ec5a881fe,697aa0664e541e3ec5a881fe_1777665490698,one_vial_alternating,2026-05-01 20:12:24.269,next,0,3399,Dw7IaNuNK4gbmZk2Ky72,25
697aa0664e541e3ec5a881fe,697aa0664e541e3ec5a881fe_1777665490698,one_vial_alternating,2026-05-01 20:12:28.376,prev,0,4185,RYNPncGdNi6T1AajKxOM,24
697aa0664e541e3ec5a881fe,697aa0664e541e3ec5a881fe_1777665490698,one_vial_alternating,2026-05-01 20:12:32.222,next,0,3847,gxoolm7KYYmgL72UOcRO,25
697aa0664e541e3ec5a881fe,697aa0664e541e3ec5a881fe_1777665490698,one_vial_alternating,2026-05-01 20:12:33.895,prev,0,1672,ljqzyFZLzHXj71jmPhPn,24
697aa0664e541e3ec5a881fe,697aa0664e541e3ec5a881fe_1777665490698,one_vial_alternating,2026-05-01 20:12:37.350,next,0,3456,h7SQKJX3anhNh09op715,25
697aa0664e541e3ec5a881fe,697aa0664e541e3ec5a881fe_1777665490698,one_vial_alternating,2026-05-01 20:12:41.576,prev,0,4225,1jQbfPgeGycIaSaen1qT,24
697aa0664e541e3ec5a881fe,697aa0664e541e3ec5a881fe_1777665490698,one_vial_alternating,2026-05-01 20:12:44.707,next,0,3135,qFsDt5ApbLKc0IC6QDjy,25
697aa0664e541e3ec5a881fe,697aa0664e541e3ec5a881fe_1777665490698,one_vial_alternating,2026-05-01 20:12:48.742,prev,0,4032,dwD1DqTQfVqr38J5E8Jt,24
697aa0664e541e3ec5a881fe,697aa0664e541e3ec5a881fe_1777665490698,one_vial_alternating,2026-05-01 20:12:51.916,next,0,3176,r9gRnyS0M6qld1XLiaHB,25
697aa0664e541e3ec5a881fe,697aa0664e541e3ec5a881fe_1777665490698,one_vial_alternating,2026-05-01 20:12:56.134,prev,0,4216,plRwbmewpKyVGDSK1CwM,24
697aa0664e541e3ec5a881fe,697aa0664e541e3ec5a881fe_1777665490698,one_vial_alternating,2026-05-01 20:12:59.320,next,0,3184,GRNj0UQTvK6GHB7QKgHx,25
697aa0664e541e3ec5a881fe,697aa0664e541e3ec5a881fe_1777665490698,one_vial_alternating,2026-05-01 20:13:03.553,prev,0,4234,u0qqjYFotbvfGYJdQBlj,24
697aa0664e541e3ec5a881fe,697aa0664e541e3ec5a881fe_1777665490698,one_vial_alternating,2026-05-01 20:13:10.120,next,0,6565,cvXB78fSeMTHQe71KwS3,25
697aa0664e541e3ec5a881fe,697aa0664e541e3ec5a881fe_1777665490698,one_vial_alternating,2026-05-01 20:13:12.164,prev,0,2049,dUVU8005sccPdMQla2T4,24
697aa0664e541e3ec5a881fe,697aa0664e541e3ec5a881fe_1777665490698,one_vial_alternating,2026-05-01 20:13:16.983,next,0,4816,jF1X84OO6mUv10ccTo8T,25
697aa0664e541e3ec5a881fe,697aa0664e541e3ec5a881fe_1777665490698,one_vial_alternating,2026-05-01 20:13:18.959,prev,0,1976,KWwsR8d5pD2VQVilCbWX,24
697da549fc95d872d3ee55c4,697da549fc95d872d3ee55c4_1777665118634,one_vial_alternating,2026-05-01 19:52:11.349,initial,0,,k9FLuorRUG0BVq5BjKRD,1
697da549fc95d872d3ee55c4,697da549fc95d872d3ee55c4_1777665118634,one_vial_alternating,2026-05-01 19:52:17.817,next,0,6480,HkE6Cujhxv3mz9wTIY51,2
697da549fc95d872d3ee55c4,697da549fc95d872d3ee55c4_1777665118634,one_vial_alternating,2026-05-01 19:52:33.654,next,0,15835,cen40M6RXqcPsbnZeww3,3
697da549fc95d872d3ee55c4,697da549fc95d872d3ee55c4_1777665118634,one_vial_alternating,2026-05-01 19:52:51.217,next,0,17550,K5UyW4W40PqkIua7Koht,4
697da549fc95d872d3ee55c4,697da549fc95d872d3ee55c4_1777665118634,one_vial_alternating,2026-05-01 19:53:00.160,next,0,8950,PiC9SdiAKAcLY86RXRrC,5
697da549fc95d872d3ee55c4,697da549fc95d872d3ee55c4_1777665118634,one_vial_alternating,2026-05-01 19:53:07.921,next,0,7762,VtknUilCDJGeVBv4m009,6
697da549fc95d872d3ee55c4,697da549fc95d872d3ee55c4_1777665118634,one_vial_alternating,2026-05-01 19:53:21.362,next,0,13448,WbVXHotFZ981O70UuMrJ,7
697da549fc95d872d3ee55c4,697da549fc95d872d3ee55c4_1777665118634,one_vial_alternating,2026-05-01 19:53:25.050,next,0,3688,9PTr8k8nXKMyGDjRO1dE,8
697da549fc95d872d3ee55c4,697da549fc95d872d3ee55c4_1777665118634,one_vial_alternating,2026-05-01 19:53:32.572,next,0,7524,3LpH70uYHM4cz4Hekec2,9
697da549fc95d872d3ee55c4,697da549fc95d872d3ee55c4_1777665118634,one_vial_alternating,2026-05-01 19:53:58.229,next,0,25650,DtwCRiLcDE9ZuzLwuyhA,10
697da549fc95d872d3ee55c4,697da549fc95d872d3ee55c4_1777665118634,one_vial_alternating,2026-05-01 19:54:21.072,next,0,22785,SCQGgvJ7KTA57b7I69xS,11
697da549fc95d872d3ee55c4,697da549fc95d872d3ee55c4_1777665118634,one_vial_alternating,2026-05-01 19:54:54.577,next,0,33558,C0Ge94jaGGcmdnACxUx5,12
697da549fc95d872d3ee55c4,697da549fc95d872d3ee55c4_1777665118634,one_vial_alternating,2026-05-01 19:55:17.983,next,0,23420,C1nUEueBzCMeRtkOJxnS,13
697da549fc95d872d3ee55c4,697da549fc95d872d3ee55c4_1777665118634,one_vial_alternating,2026-05-01 19:55:36.600,next,0,18605,UvbpHljoJqV4IV8YBlWu,14
697da549fc95d872d3ee55c4,697da549fc95d872d3ee55c4_1777665118634,one_vial_alternating,2026-05-01 19:56:00.372,next,0,23783,a3FpTtmBe0IWTFCXSpsw,15
697da549fc95d872d3ee55c4,697da549fc95d872d3ee55c4_1777665118634,one_vial_alternating,2026-05-01 19:56:00.461,next,0,2,F5TQzp2sDxRoWqVBMBCr,15
697da549fc95d872d3ee55c4,697da549fc95d872d3ee55c4_1777665118634,one_vial_alternating,2026-05-01 19:56:03.150,prev,0,2774,gdzZXdD7Cc6DqfFikVxm,14
697da549fc95d872d3ee55c4,697da549fc95d872d3ee55c4_1777665118634,one_vial_alternating,2026-05-01 19:56:09.500,next,0,6349,wkreOIZPLco94QMWwm2F,15
697da549fc95d872d3ee55c4,697da549fc95d872d3ee55c4_1777665118634,one_vial_alternating,2026-05-01 19:56:28.432,next,0,18934,vplJs13F7xRGOxHmpEPc,16
697da549fc95d872d3ee55c4,697da549fc95d872d3ee55c4_1777665118634,one_vial_alternating,2026-05-01 19:56:35.277,next,0,6845,wrRlBB7ntkvkPFqJV2Il,17
697da549fc95d872d3ee55c4,697da549fc95d872d3ee55c4_1777665118634,one_vial_alternating,2026-05-01 19:56:40.970,next,0,5684,34DnofMCkOg5RPUtBHyD,18
697da549fc95d872d3ee55c4,697da549fc95d872d3ee55c4_1777665118634,one_vial_alternating,2026-05-01 19:56:46.948,next,0,5978,n95ZH7GLxpdGVEuDShTs,19
697da549fc95d872d3ee55c4,697da549fc95d872d3ee55c4_1777665118634,one_vial_alternating,2026-05-01 19:56:51.527,next,0,4589,xmBwDEMFeYiWF093GSPZ,20
697da549fc95d872d3ee55c4,697da549fc95d872d3ee55c4_1777665118634,one_vial_alternating,2026-05-01 19:57:23.726,next,0,32190,wMc4ltPA9Z80RhP9w8cE,21
697da549fc95d872d3ee55c4,697da549fc95d872d3ee55c4_1777665118634,one_vial_alternating,2026-05-01 19:57:38.527,next,0,14809,O6P8e9OqTIAfMdxoda74,22
697da549fc95d872d3ee55c4,697da549fc95d872d3ee55c4_1777665118634,one_vial_alternating,2026-05-01 19:58:09.515,next,1,30980,j80Evuo45q54ZPyBg3Cd,23
697da549fc95d872d3ee55c4,697da549fc95d872d3ee55c4_1777665118634,one_vial_alternating,2026-05-01 19:59:04.972,redirect-correct,0,55463,LXRf7rn36jSe16C6YZGs,24
697da549fc95d872d3ee55c4,697da549fc95d872d3ee55c4_1777665118634,one_vial_alternating,2026-05-01 19:59:09.739,next,0,4759,I8t03jrK3gg1ApjKDpt6,25
697da549fc95d872d3ee55c4,697da549fc95d872d3ee55c4_1777665118634,one_vial_alternating,2026-05-01 19:59:19.067,next,0,9328,ZTuOcELy1lSZ94iPE1PX,26
697da549fc95d872d3ee55c4,697da549fc95d872d3ee55c4_1777665118634,one_vial_alternating,2026-05-01 19:59:27.095,next,0,8025,y69zETbFttjMDEIBZope,27
697da549fc95d872d3ee55c4,697da549fc95d872d3ee55c4_1777665118634,one_vial_alternating,2026-05-01 19:59:36.011,next,0,8929,pqvCAvtw4pArW2OAGEfI,28
697da549fc95d872d3ee55c4,697da549fc95d872d3ee55c4_1777665118634,one_vial_alternating,2026-05-01 19:59:58.911,prev,0,22900,21MMQOZnZj71c3hY0rNV,27
697da549fc95d872d3ee55c4,697da549fc95d872d3ee55c4_1777665118634,one_vial_alternating,2026-05-01 20:00:07.839,prev,0,8929,pSNMjVnWzUJD8wEuEje3,26
697da549fc95d872d3ee55c4,697da549fc95d872d3ee55c4_1777665118634,one_vial_alternating,2026-05-01 20:00:07.869,prev,0,2,YORh9B6r0yKzoZrTMDIq,26
697da549fc95d872d3ee55c4,697da549fc95d872d3ee55c4_1777665118634,one_vial_alternating,2026-05-01 20:00:12.516,next,0,4673,Fu05XekmtY0xRbEQzUIy,27
697da549fc95d872d3ee55c4,697da549fc95d872d3ee55c4_1777665118634,one_vial_alternating,2026-05-01 20:00:18.538,next,0,6015,F28lqa3R1YctzJ8rQKXg,28
697da549fc95d872d3ee55c4,697da549fc95d872d3ee55c4_1777665118634,one_vial_alternating,2026-05-01 20:00:26.837,next,0,8302,7gQ6UntQsqUQoSvVP7GM,29
697da549fc95d872d3ee55c4,697da549fc95d872d3ee55c4_1777665118634,one_vial_alternating,2026-05-01 20:00:43.490,next,0,16658,3tHGtM1PNUmsVD5lWw6B,30
697da549fc95d872d3ee55c4,697da549fc95d872d3ee55c4_1777665118634,one_vial_alternating,2026-05-01 20:00:50.655,prev,0,7158,muh9KtFP8wonGNCxoYhE,29
697da549fc95d872d3ee55c4,697da549fc95d872d3ee55c4_1777665118634,one_vial_alternating,2026-05-01 20:00:53.361,prev,0,2713,xF8Jxw7m5lJeTn3UKTyT,28
697da549fc95d872d3ee55c4,697da549fc95d872d3ee55c4_1777665118634,one_vial_alternating,2026-05-01 20:00:57.005,prev,0,3636,Ij9tJRwTDBg9iyOGS59C,27
697da549fc95d872d3ee55c4,697da549fc95d872d3ee55c4_1777665118634,one_vial_alternating,2026-05-01 20:00:59.285,prev,0,2281,yJItp4IV8i9wZCU8Y53y,26
697da549fc95d872d3ee55c4,697da549fc95d872d3ee55c4_1777665118634,one_vial_alternating,2026-05-01 20:01:02.058,prev,0,2770,kvlQC9VTyBs403ozirca,25
697da549fc95d872d3ee55c4,697da549fc95d872d3ee55c4_1777665118634,one_vial_alternating,2026-05-01 20:01:18.039,next,0,15902,rqXm8x8HoA9Wp7acE8Hm,26
697da549fc95d872d3ee55c4,697da549fc95d872d3ee55c4_1777665118634,one_vial_alternating,2026-05-01 20:01:21.292,next,0,3333,QL41PvarWzltPk9JgeHF,27
697da549fc95d872d3ee55c4,697da549fc95d872d3ee55c4_1777665118634,one_vial_alternating,2026-05-01 20:01:25.514,next,0,4228,MtU17u6GZmHdGhPxfZU2,28
697da549fc95d872d3ee55c4,697da549fc95d872d3ee55c4_1777665118634,one_vial_alternating,2026-05-01 20:01:33.674,next,0,8162,82p1kob1QFtHtOHd80II,29
697da549fc95d872d3ee55c4,697da549fc95d872d3ee55c4_1777665118634,one_vial_alternating,2026-05-01 20:01:44.999,next,0,11313,p6UgQjkp5Yx385RTBpPK,30
697da549fc95d872d3ee55c4,697da549fc95d872d3ee55c4_1777665118634,one_vial_alternating,2026-05-01 20:02:08.381,next,0,23393,InsymE3RfxVB52Fodjcu,31
697da549fc95d872d3ee55c4,697da549fc95d872d3ee55c4_1777665118634,one_vial_alternating,2026-05-01 20:02:31.441,next,0,23061,WhgTWVFcpJ3FWzFWoR1S,32
697da549fc95d872d3ee55c4,697da549fc95d872d3ee55c4_1777665118634,one_vial_alternating,2026-05-01 20:02:46.171,next,0,14723,FoozRnrltwD5fzfhzyL1,33
697da549fc95d872d3ee55c4,697da549fc95d872d3ee55c4_1777665118634,one_vial_alternating,2026-05-01 20:02:53.423,next,0,7249,agGv6sRPiAbK0COFd9E8,34
697da549fc95d872d3ee55c4,697da549fc95d872d3ee55c4_1777665118634,one_vial_alternating,2026-05-01 20:02:58.582,prev,0,5171,6FDbU3GqwNZgOLQ7JedP,33
697da549fc95d872d3ee55c4,697da549fc95d872d3ee55c4_1777665118634,one_vial_alternating,2026-05-01 20:03:11.011,next,0,12419,OUvG8IAdW3SR70SfJzGb,34
697da549fc95d872d3ee55c4,697da549fc95d872d3ee55c4_1777665118634,one_vial_alternating,2026-05-01 20:03:22.135,next,0,11133,nXYj1FK9UH4LQmOhz99v,35
697da549fc95d872d3ee55c4,697da549fc95d872d3ee55c4_1777665118634,one_vial_alternating,2026-05-01 20:04:28.422,next,1,65494,c7VXC339lzynlgm3eAwg,36
697da549fc95d872d3ee55c4,697da549fc95d872d3ee55c4_1777665118634,one_vial_alternating,2026-05-01 20:07:40.636,redirect-correct,0,193010,vIO9lWR8gbCOfdnGwOl3,37
697da549fc95d872d3ee55c4,697da549fc95d872d3ee55c4_1777665118634,one_vial_alternating,2026-05-01 20:07:46.284,next,0,5640,UUwLpZ4jsnJ1vsmdlCRL,38
697da549fc95d872d3ee55c4,697da549fc95d872d3ee55c4_1777665118634,one_vial_alternating,2026-05-01 20:07:54.972,next,0,8645,xbNJnqTr5nPTBq4xk1fM,39
697da549fc95d872d3ee55c4,697da549fc95d872d3ee55c4_1777665118634,one_vial_alternating,2026-05-01 20:08:05.218,next,1,10288,eSmT3P8jWjCFbh4QwLyz,40
697da549fc95d872d3ee55c4,697da549fc95d872d3ee55c4_1777665118634,one_vial_alternating,2026-05-01 20:08:14.999,redirect-correct,0,9790,7GpmJo1FYfpetHRlxEdY,41
697da549fc95d872d3ee55c4,697da549fc95d872d3ee55c4_1777665118634,one_vial_alternating,2026-05-01 20:08:19.086,next,0,4077,2xMV7yC3d3Z84S4rxepM,42
697e2331d6358c74ada83a84,697e2331d6358c74ada83a84_1777665845939,one_vial_alternating,2026-05-01 20:04:35.601,initial,0,,bT7Ure755ZZb8PU25nd6,1
697e2331d6358c74ada83a84,697e2331d6358c74ada83a84_1777665845939,one_vial_alternating,2026-05-01 20:04:40.318,next,0,4707,ifnUuSxLJQcJz5wZf6pL,2
697e2331d6358c74ada83a84,697e2331d6358c74ada83a84_1777665845939,one_vial_alternating,2026-05-01 20:04:45.205,next,0,4908,jRzdb2ZmY6SPLdZE0flF,3
697e2331d6358c74ada83a84,697e2331d6358c74ada83a84_1777665845939,one_vial_alternating,2026-05-01 20:05:10.796,next,0,25580,rYyRYKHoWgKapb381wbj,4
697e2331d6358c74ada83a84,697e2331d6358c74ada83a84_1777665845939,one_vial_alternating,2026-05-01 20:05:14.583,next,0,3795,QinrTBWcp1taySsXxP9D,5
697e2331d6358c74ada83a84,697e2331d6358c74ada83a84_1777665845939,one_vial_alternating,2026-05-01 20:05:22.312,next,0,7728,vjtCy0BBWr4s4ezvo7e6,6
697e2331d6358c74ada83a84,697e2331d6358c74ada83a84_1777665845939,one_vial_alternating,2026-05-01 20:05:36.546,next,0,14230,QCNs8WFPSJVCTlTAhGau,7
697e2331d6358c74ada83a84,697e2331d6358c74ada83a84_1777665845939,one_vial_alternating,2026-05-01 20:05:39.385,next,0,2824,ljsw8hNO3bwWwOLYhyJb,8
697e2331d6358c74ada83a84,697e2331d6358c74ada83a84_1777665845939,one_vial_alternating,2026-05-01 20:05:48.278,next,0,8906,qr1k9eMduKqWb7p4QC0w,9
697e2331d6358c74ada83a84,697e2331d6358c74ada83a84_1777665845939,one_vial_alternating,2026-05-01 20:06:01.222,next,0,12950,dUn5rRJRNuFkQaLKYgZA,10
697e2331d6358c74ada83a84,697e2331d6358c74ada83a84_1777665845939,one_vial_alternating,2026-05-01 20:06:08.019,next,0,6791,iLt7mSxScU8BEx2szJO2,11
697e2331d6358c74ada83a84,697e2331d6358c74ada83a84_1777665845939,one_vial_alternating,2026-05-01 20:06:17.631,next,0,9619,asGQedn1NdN3VewcOXgB,12
697e2331d6358c74ada83a84,697e2331d6358c74ada83a84_1777665845939,one_vial_alternating,2026-05-01 20:06:27.552,next,0,9916,T8czdtKyr74pXxcFzUB3,13
697e2331d6358c74ada83a84,697e2331d6358c74ada83a84_1777665845939,one_vial_alternating,2026-05-01 20:06:32.760,next,0,5215,5h7KTxPu07hBZSlmawOc,14
697e2331d6358c74ada83a84,697e2331d6358c74ada83a84_1777665845939,one_vial_alternating,2026-05-01 20:06:56.473,next,0,23711,g7MOOcnkIjPD45WXCRiC,15
697e2331d6358c74ada83a84,697e2331d6358c74ada83a84_1777665845939,one_vial_alternating,2026-05-01 20:07:00.305,next,0,3828,5Me2f4KY3pQ4ov7Ewyli,16
697e2331d6358c74ada83a84,697e2331d6358c74ada83a84_1777665845939,one_vial_alternating,2026-05-01 20:07:04.529,next,0,4229,N1Ra4kUBNQivdNbpV0ih,17
697e2331d6358c74ada83a84,697e2331d6358c74ada83a84_1777665845939,one_vial_alternating,2026-05-01 20:07:09.477,next,0,4944,4255ZG7Tq7xvrZ5BbXX3,18
697e2331d6358c74ada83a84,697e2331d6358c74ada83a84_1777665845939,one_vial_alternating,2026-05-01 20:07:26.994,next,0,17510,M05daRrAoMsfed7nPgVd,19
697e2331d6358c74ada83a84,697e2331d6358c74ada83a84_1777665845939,one_vial_alternating,2026-05-01 20:07:31.470,next,0,4479,nVD2gAuExt1HnGGWtg7r,20
697e2331d6358c74ada83a84,697e2331d6358c74ada83a84_1777665845939,one_vial_alternating,2026-05-01 20:08:30.048,next,0,58576,iil6yQQjGXnHNByfyXFB,21
697e2331d6358c74ada83a84,697e2331d6358c74ada83a84_1777665845939,one_vial_alternating,2026-05-01 20:08:40.496,next,0,10435,HXpE88ZNO9hTm2PXNQPX,22
697e2331d6358c74ada83a84,697e2331d6358c74ada83a84_1777665845939,one_vial_alternating,2026-05-01 20:08:45.857,next,1,5381,MOQVPRW2vhSVImy1KmSb,23
697e2331d6358c74ada83a84,697e2331d6358c74ada83a84_1777665845939,one_vial_alternating,2026-05-01 20:13:37.761,redirect-correct,0,291889,B8CrI8QD63UMsE2HQRfl,24
697e2331d6358c74ada83a84,697e2331d6358c74ada83a84_1777665845939,one_vial_alternating,2026-05-01 20:14:05.070,next,0,27314,2bGpsziVC034cP9eXsQV,25
697e2331d6358c74ada83a84,697e2331d6358c74ada83a84_1777665845939,one_vial_alternating,2026-05-01 22:13:01.429,next,0,7135581,yo2XhyWksPUo6pVbf4ph,26
697e2331d6358c74ada83a84,697e2331d6358c74ada83a84_1777665845939,one_vial_alternating,2026-05-01 22:13:04.030,next,0,3490,upbVJGABJLcKgk0BrA6R,27
697e2331d6358c74ada83a84,697e2331d6358c74ada83a84_1777665845939,one_vial_alternating,2026-05-01 22:13:15.167,next,0,11163,pj1xzIA1vAG8NpA21OKO,28
697e2331d6358c74ada83a84,697e2331d6358c74ada83a84_1777665845939,one_vial_alternating,2026-05-01 22:13:20.619,next,0,5458,8BOHrZmCIbug5oO5WWGG,29
697e2331d6358c74ada83a84,697e2331d6358c74ada83a84_1777665845939,one_vial_alternating,2026-05-01 22:13:24.359,next,0,3733,YGX5dPdMSei8FxmAjy2X,30
697e2331d6358c74ada83a84,697e2331d6358c74ada83a84_1777665845939,one_vial_alternating,2026-05-01 22:13:29.211,next,0,4860,7AmTVx7f0Q0Iy6HF7X4e,31
697e2331d6358c74ada83a84,697e2331d6358c74ada83a84_1777665845939,one_vial_alternating,2026-05-01 22:14:38.699,next,0,68502,AJwjfMIvoSrKoG7iiFFA,32
697e2331d6358c74ada83a84,697e2331d6358c74ada83a84_1777665845939,one_vial_alternating,2026-05-01 22:15:33.725,next,0,56013,a52e6k7be20lQATY4KT6,33
697e2331d6358c74ada83a84,697e2331d6358c74ada83a84_1777665845939,one_vial_alternating,2026-05-01 22:15:44.077,next,0,10346,n8QWcAyBmVKMSpAYi1lw,34
697e2331d6358c74ada83a84,697e2331d6358c74ada83a84_1777665845939,one_vial_alternating,2026-05-01 22:16:28.530,next,0,44457,ziEBFNQeuhrImizNsjxn,35
697e2331d6358c74ada83a84,697e2331d6358c74ada83a84_1777665845939,one_vial_alternating,2026-05-01 22:16:33.930,next,1,5396,hTMJryXoHz7BGZVF8cuu,36
697e2331d6358c74ada83a84,697e2331d6358c74ada83a84_1777665845939,one_vial_alternating,2026-05-01 22:16:38.460,prev,0,4536,dzdkSvKMA2WPhUL2bOiw,35
697e2331d6358c74ada83a84,697e2331d6358c74ada83a84_1777665845939,one_vial_alternating,2026-05-01 22:16:44.646,next,1,6180,XGZYB4PTjcPfOkLbWDv3,36
697e2331d6358c74ada83a84,697e2331d6358c74ada83a84_1777665845939,one_vial_alternating,2026-05-01 22:16:50.414,prev,0,5769,EUWqsVHGWBfOiK4wpxNT,35
697e2331d6358c74ada83a84,697e2331d6358c74ada83a84_1777665845939,one_vial_alternating,2026-05-01 22:16:53.790,next,1,3366,NKQd74L1bbmAyXJFSyrs,36
697e2331d6358c74ada83a84,697e2331d6358c74ada83a84_1777665845939,one_vial_alternating,2026-05-01 22:17:36.884,redirect-incorrect,0,43103,2UUXECk7YQpJktJ6CS5l,33
697e2331d6358c74ada83a84,697e2331d6358c74ada83a84_1777665845939,one_vial_alternating,2026-05-01 22:17:42.681,next,0,5797,wlopbIbSOYuVcfovJSVM,34
697e2331d6358c74ada83a84,697e2331d6358c74ada83a84_1777665845939,one_vial_alternating,2026-05-01 22:17:46.423,next,0,3740,6koBitb2OaGA4LoPEnfI,35
697e2331d6358c74ada83a84,697e2331d6358c74ada83a84_1777665845939,one_vial_alternating,2026-05-01 22:17:50.312,next,1,3891,3BSqJAo7UO9Jm7D1EwrK,36
69830af3546dee3f96a3b80d,69830af3546dee3f96a3b80d_1777665751003,one_vial_alternating,2026-05-01 20:02:39.479,initial,0,,j7cnbyPmL3yFSXty2mjH,1
69830af3546dee3f96a3b80d,69830af3546dee3f96a3b80d_1777665751003,one_vial_alternating,2026-05-01 20:02:42.754,next,0,3146,RIfUoY8bFimHNgDr43Ed,2
69830af3546dee3f96a3b80d,69830af3546dee3f96a3b80d_1777665751003,one_vial_alternating,2026-05-01 20:02:45.979,next,0,3415,2ciVrjkcX2VUtTOdxJ8P,3
69830af3546dee3f96a3b80d,69830af3546dee3f96a3b80d_1777665751003,one_vial_alternating,2026-05-01 20:02:54.252,next,0,8267,o8pIEHpBIykNzE8rKNVz,4
69830af3546dee3f96a3b80d,69830af3546dee3f96a3b80d_1777665751003,one_vial_alternating,2026-05-01 20:02:59.192,next,0,4950,M4PLn49f57yzfH7k4U4P,5
69830af3546dee3f96a3b80d,69830af3546dee3f96a3b80d_1777665751003,one_vial_alternating,2026-05-01 20:03:04.297,next,0,5100,6NZmBDpSDK775vGf81zs,6
69830af3546dee3f96a3b80d,69830af3546dee3f96a3b80d_1777665751003,one_vial_alternating,2026-05-01 20:03:10.199,next,0,5901,fKsxncTYdqFmS8t9o6No,7
69830af3546dee3f96a3b80d,69830af3546dee3f96a3b80d_1777665751003,one_vial_alternating,2026-05-01 20:03:13.313,next,0,3116,xdOSHwizDAiRzOCQg3I0,8
69830af3546dee3f96a3b80d,69830af3546dee3f96a3b80d_1777665751003,one_vial_alternating,2026-05-01 20:03:16.812,next,0,3501,OJGpXTw1mihoAppWqSfn,9
69830af3546dee3f96a3b80d,69830af3546dee3f96a3b80d_1777665751003,one_vial_alternating,2026-05-01 20:03:20.762,next,0,3947,RRhu2YUSz6Pwa0tQVW3N,10
69830af3546dee3f96a3b80d,69830af3546dee3f96a3b80d_1777665751003,one_vial_alternating,2026-05-01 20:03:24.251,next,0,3253,jvgjLFG4hvXdzRCjoPMv,11
69830af3546dee3f96a3b80d,69830af3546dee3f96a3b80d_1777665751003,one_vial_alternating,2026-05-01 20:03:29.337,next,0,5316,63oxMiVCW2IgMCt5isEy,12
69830af3546dee3f96a3b80d,69830af3546dee3f96a3b80d_1777665751003,one_vial_alternating,2026-05-01 20:03:33.026,next,0,3700,nT4L5iRO6pVdScazDlwf,13
69830af3546dee3f96a3b80d,69830af3546dee3f96a3b80d_1777665751003,one_vial_alternating,2026-05-01 20:03:36.847,next,0,3349,RUZDrLO16Zi6mxBUyOfP,14
69830af3546dee3f96a3b80d,69830af3546dee3f96a3b80d_1777665751003,one_vial_alternating,2026-05-01 20:03:39.459,next,0,3084,ZlqUE3QHNQe7VBdTfdBh,15
69830af3546dee3f96a3b80d,69830af3546dee3f96a3b80d_1777665751003,one_vial_alternating,2026-05-01 20:03:42.426,next,0,2968,kjFjyMUjtZXc2E296TLJ,16
69830af3546dee3f96a3b80d,69830af3546dee3f96a3b80d_1777665751003,one_vial_alternating,2026-05-01 20:03:45.413,next,0,2982,I6Q0KwATIGgwPBp7Lpsb,17
69830af3546dee3f96a3b80d,69830af3546dee3f96a3b80d_1777665751003,one_vial_alternating,2026-05-01 20:03:48.513,next,0,3083,9BO5pwFw2KDUZJS05S6C,18
69830af3546dee3f96a3b80d,69830af3546dee3f96a3b80d_1777665751003,one_vial_alternating,2026-05-01 20:03:51.500,next,0,3001,VnTl215pkLyNBuuqLb2G,19
69830af3546dee3f96a3b80d,69830af3546dee3f96a3b80d_1777665751003,one_vial_alternating,2026-05-01 20:03:54.777,next,0,3283,qTCN8Ki2n4StaQxLvchg,20
69830af3546dee3f96a3b80d,69830af3546dee3f96a3b80d_1777665751003,one_vial_alternating,2026-05-01 20:03:59.218,next,0,4433,o6GyrZ5hQN8gMmocdCFy,21
69830af3546dee3f96a3b80d,69830af3546dee3f96a3b80d_1777665751003,one_vial_alternating,2026-05-01 20:04:04.229,next,0,5001,bPUcDGpwBLZj8xYP4Ytr,22
69830af3546dee3f96a3b80d,69830af3546dee3f96a3b80d_1777665751003,one_vial_alternating,2026-05-01 20:04:12.064,next,1,7849,fHJ9xStgBdfyHANYIGCP,23
69830af3546dee3f96a3b80d,69830af3546dee3f96a3b80d_1777665751003,one_vial_alternating,2026-05-01 20:04:51.244,redirect-incorrect,0,39176,q9t3dgESVLWFzIuWbPi0,22
69830af3546dee3f96a3b80d,69830af3546dee3f96a3b80d_1777665751003,one_vial_alternating,2026-05-01 20:04:57.297,next,1,6041,zpFok3EcUves2CdbBoFU,23
69830af3546dee3f96a3b80d,69830af3546dee3f96a3b80d_1777665751003,one_vial_alternating,2026-05-01 20:05:27.156,redirect-correct,0,25973,1W7M5sMHvS4xCZIMgEx5,24
69830af3546dee3f96a3b80d,69830af3546dee3f96a3b80d_1777665751003,one_vial_alternating,2026-05-01 20:05:28.314,next,0,4593,HyjxbHzf71zzTxSHRp45,25
69830af3546dee3f96a3b80d,69830af3546dee3f96a3b80d_1777665751003,one_vial_alternating,2026-05-01 20:05:33.847,next,0,6000,nagYfpOO65YBrbEDFDOs,26
69830af3546dee3f96a3b80d,69830af3546dee3f96a3b80d_1777665751003,one_vial_alternating,2026-05-01 20:05:37.995,next,0,4149,PqERrPTzeobMcCNx9lfM,27
69830af3546dee3f96a3b80d,69830af3546dee3f96a3b80d_1777665751003,one_vial_alternating,2026-05-01 20:05:44.968,next,0,6969,ZWIp9awyqeyAy4uFc9wW,28
69830af3546dee3f96a3b80d,69830af3546dee3f96a3b80d_1777665751003,one_vial_alternating,2026-05-01 20:05:49.783,next,0,4816,fOaOd6hB5kMjAhxzvMMA,29
69830af3546dee3f96a3b80d,69830af3546dee3f96a3b80d_1777665751003,one_vial_alternating,2026-05-01 20:05:55.564,next,0,5782,PkXXvZNNzJ2z2Cz891CO,30
69830af3546dee3f96a3b80d,69830af3546dee3f96a3b80d_1777665751003,one_vial_alternating,2026-05-01 20:06:00.709,next,0,5149,uY3NUo0i7g3YFqPi7Zle,31
69830af3546dee3f96a3b80d,69830af3546dee3f96a3b80d_1777665751003,one_vial_alternating,2026-05-01 20:06:06.859,next,0,6152,38dvasi1rTl5o7CXLVUG,32
69830af3546dee3f96a3b80d,69830af3546dee3f96a3b80d_1777665751003,one_vial_alternating,2026-05-01 20:06:10.617,next,0,3751,YLmM0kGf8y7LOjrTj6Ty,33
69830af3546dee3f96a3b80d,69830af3546dee3f96a3b80d_1777665751003,one_vial_alternating,2026-05-01 20:06:14.072,next,0,3465,g9NKI1SEKlXdpku5XKsD,34
69830af3546dee3f96a3b80d,69830af3546dee3f96a3b80d_1777665751003,one_vial_alternating,2026-05-01 20:06:17.876,next,0,3785,yihPLjddtmRM344jIeWW,35
69830af3546dee3f96a3b80d,69830af3546dee3f96a3b80d_1777665751003,one_vial_alternating,2026-05-01 20:06:40.020,next,1,22150,HOieKbdQO5wfKXYCejja,36
69830af3546dee3f96a3b80d,69830af3546dee3f96a3b80d_1777665751003,one_vial_alternating,2026-05-01 20:07:28.037,redirect-incorrect,0,48023,s75YFLeqOprowcoaMlkw,33
69830af3546dee3f96a3b80d,69830af3546dee3f96a3b80d_1777665751003,one_vial_alternating,2026-05-01 20:07:31.322,next,0,3277,nr9Zx2gfeISDuIXEAmCy,34
69830af3546dee3f96a3b80d,69830af3546dee3f96a3b80d_1777665751003,one_vial_alternating,2026-05-01 20:07:34.593,next,0,3265,T8OHGaJe8UlxymYOYkiV,35
69830af3546dee3f96a3b80d,69830af3546dee3f96a3b80d_1777665751003,one_vial_alternating,2026-05-01 20:07:46.176,next,1,11599,4ygJqdp6qqhW0m4LTRq2,36
69830af3546dee3f96a3b80d,69830af3546dee3f96a3b80d_1777665751003,one_vial_alternating,2026-05-01 20:08:27.316,redirect-correct,0,41143,asEv9YjgAgCTK0V9Cjqh,37
69830af3546dee3f96a3b80d,69830af3546dee3f96a3b80d_1777665751003,one_vial_alternating,2026-05-01 20:08:30.600,next,0,3275,jKHu275lZRTFG1ybcWZj,38
69830af3546dee3f96a3b80d,69830af3546dee3f96a3b80d_1777665751003,one_vial_alternating,2026-05-01 20:08:34.832,next,0,4233,bhK294lh1eUM00DEXAL5,39
69830af3546dee3f96a3b80d,69830af3546dee3f96a3b80d_1777665751003,one_vial_alternating,2026-05-01 20:08:43.732,next,1,8901,gsW9AAbnUnn36jRKhF6i,40
69830af3546dee3f96a3b80d,69830af3546dee3f96a3b80d_1777665751003,one_vial_alternating,2026-05-01 20:08:52.086,redirect-correct,0,8354,ETsf3lf8VTjOSWXvIu32,41
69830af3546dee3f96a3b80d,69830af3546dee3f96a3b80d_1777665751003,one_vial_alternating,2026-05-01 20:08:55.022,next,0,2828,FNVwlefAy9ypFxo3C8rl,42
69853e0f17cf080eb88130bc,69853e0f17cf080eb88130bc_1777683780889,one_vial_alternating,2026-05-02 01:03:18.227,initial,0,,Y9PzC5PVM0ZaWju24OA3,1
69853e0f17cf080eb88130bc,69853e0f17cf080eb88130bc_1777683780889,one_vial_alternating,2026-05-02 01:03:21.944,next,0,3805,AAXmsmDChFyiy0R0wmYW,2
69853e0f17cf080eb88130bc,69853e0f17cf080eb88130bc_1777683780889,one_vial_alternating,2026-05-02 01:03:28.113,next,0,6180,33LTB4mVj375sSJ6yM1R,3
69853e0f17cf080eb88130bc,69853e0f17cf080eb88130bc_1777683780889,one_vial_alternating,2026-05-02 01:03:43.694,next,0,15579,JJHPRAt67jIC7C71UTTC,4
69853e0f17cf080eb88130bc,69853e0f17cf080eb88130bc_1777683780889,one_vial_alternating,2026-05-02 01:03:47.490,next,0,3799,EeKECdYQnSFIynL8SSkf,5
69853e0f17cf080eb88130bc,69853e0f17cf080eb88130bc_1777683780889,one_vial_alternating,2026-05-02 01:03:54.685,next,0,7196,5QjLX1QMccayCRCoPixb,6
69853e0f17cf080eb88130bc,69853e0f17cf080eb88130bc_1777683780889,one_vial_alternating,2026-05-02 01:04:07.459,next,0,12763,qoVSPRIrqW1wb0T1kxJO,7
69853e0f17cf080eb88130bc,69853e0f17cf080eb88130bc_1777683780889,one_vial_alternating,2026-05-02 01:04:10.781,next,0,3335,mrEWKSv7sZ7wdpzlENPX,8
69853e0f17cf080eb88130bc,69853e0f17cf080eb88130bc_1777683780889,one_vial_alternating,2026-05-02 01:04:17.375,next,0,6580,nxYKTsuh5ecBsisij0qi,9
69853e0f17cf080eb88130bc,69853e0f17cf080eb88130bc_1777683780889,one_vial_alternating,2026-05-02 01:04:26.484,next,0,9109,PfPmvRPwvPjSIpzGEr5P,10
69853e0f17cf080eb88130bc,69853e0f17cf080eb88130bc_1777683780889,one_vial_alternating,2026-05-02 01:04:30.750,next,0,4278,6esa7DbPOmVZFdJysNce,11
69853e0f17cf080eb88130bc,69853e0f17cf080eb88130bc_1777683780889,one_vial_alternating,2026-05-02 01:04:37.415,next,0,6664,N3lKzhY9iugxWMQZChcd,12
69853e0f17cf080eb88130bc,69853e0f17cf080eb88130bc_1777683780889,one_vial_alternating,2026-05-02 01:04:42.777,next,0,5364,5WMDtFPxEhfqiIkESOHu,13
69853e0f17cf080eb88130bc,69853e0f17cf080eb88130bc_1777683780889,one_vial_alternating,2026-05-02 01:04:46.139,next,0,3353,GYqfCbNyf0G1lSHvfNFD,14
69853e0f17cf080eb88130bc,69853e0f17cf080eb88130bc_1777683780889,one_vial_alternating,2026-05-02 01:04:51.448,next,0,5308,qjPNm2KPLjxyPq3trucj,15
69853e0f17cf080eb88130bc,69853e0f17cf080eb88130bc_1777683780889,one_vial_alternating,2026-05-02 01:04:54.493,next,0,3054,AT79YxTsbRcL70CEyD6b,16
69853e0f17cf080eb88130bc,69853e0f17cf080eb88130bc_1777683780889,one_vial_alternating,2026-05-02 01:04:59.718,next,0,5223,XLzYRsleisM7DWZEwO6N,17
69853e0f17cf080eb88130bc,69853e0f17cf080eb88130bc_1777683780889,one_vial_alternating,2026-05-02 01:05:02.904,next,0,3189,OV8i9bPiIKeQpTf9ww2w,18
69853e0f17cf080eb88130bc,69853e0f17cf080eb88130bc_1777683780889,one_vial_alternating,2026-05-02 01:05:06.600,next,0,3697,Gvckcd92gCnxMytmm30X,19
69853e0f17cf080eb88130bc,69853e0f17cf080eb88130bc_1777683780889,one_vial_alternating,2026-05-02 01:05:09.685,next,0,3086,A2NmaxEgdEGHfzVt0xDZ,20
69853e0f17cf080eb88130bc,69853e0f17cf080eb88130bc_1777683780889,one_vial_alternating,2026-05-02 01:05:19.081,next,0,9398,bdfAVrG1PPJTp8Mu9qO2,21
69853e0f17cf080eb88130bc,69853e0f17cf080eb88130bc_1777683780889,one_vial_alternating,2026-05-02 01:05:26.867,next,0,7787,lUHQWtNmeAW5J5ZgWWKv,22
69853e0f17cf080eb88130bc,69853e0f17cf080eb88130bc_1777683780889,one_vial_alternating,2026-05-02 01:06:15.101,next,1,48237,Xg79iYN5Ka3ZiKShWNU6,23
69853e0f17cf080eb88130bc,69853e0f17cf080eb88130bc_1777683780889,one_vial_alternating,2026-05-02 01:07:12.780,redirect-correct,0,57675,W20ElsMtppHLwNyZh7QZ,24
69853e0f17cf080eb88130bc,69853e0f17cf080eb88130bc_1777683780889,one_vial_alternating,2026-05-02 01:07:36.865,next,0,24092,LaTjRIdlg29Y0DyTbyfe,25
69853e0f17cf080eb88130bc,69853e0f17cf080eb88130bc_1777683780889,one_vial_alternating,2026-05-02 01:07:43.898,next,0,7036,6W9J19nudflySH7HMgr7,26
69853e0f17cf080eb88130bc,69853e0f17cf080eb88130bc_1777683780889,one_vial_alternating,2026-05-02 01:07:49.420,next,0,5510,GZePLCq0oSiveTkqU4j6,27
69853e0f17cf080eb88130bc,69853e0f17cf080eb88130bc_1777683780889,one_vial_alternating,2026-05-02 01:08:01.799,next,0,12386,Lsu5VVEiypz6Bfn00T2S,28
69853e0f17cf080eb88130bc,69853e0f17cf080eb88130bc_1777683780889,one_vial_alternating,2026-05-02 01:08:17.965,next,0,16172,tnISjdwQaAnWvng5gpMp,29
69853e0f17cf080eb88130bc,69853e0f17cf080eb88130bc_1777683780889,one_vial_alternating,2026-05-02 01:08:29.350,next,0,11387,q2DerGX2EuR0n0TnLGRq,30
69853e0f17cf080eb88130bc,69853e0f17cf080eb88130bc_1777683780889,one_vial_alternating,2026-05-02 01:08:37.801,next,0,8436,WMxc8xBe3TMJS4DHNNSU,31
69853e0f17cf080eb88130bc,69853e0f17cf080eb88130bc_1777683780889,one_vial_alternating,2026-05-02 01:08:52.616,next,0,14827,8cDmRop6klZdKUJlSOal,32
69853e0f17cf080eb88130bc,69853e0f17cf080eb88130bc_1777683780889,one_vial_alternating,2026-05-02 01:08:57.659,next,0,5045,6UqNH0EBvmXiIbKsV1eh,33
69853e0f17cf080eb88130bc,69853e0f17cf080eb88130bc_1777683780889,one_vial_alternating,2026-05-02 01:09:01.903,next,0,4247,MdD8Pdp0CQJctUj9BFJM,34
69853e0f17cf080eb88130bc,69853e0f17cf080eb88130bc_1777683780889,one_vial_alternating,2026-05-02 01:09:14.105,next,0,12202,gVKIIRkMNKrsGJDySUiM,35
69853e0f17cf080eb88130bc,69853e0f17cf080eb88130bc_1777683780889,one_vial_alternating,2026-05-02 01:09:30.699,prev,0,16581,f1z1jHWKoDH4iNUwBEVT,34
69853e0f17cf080eb88130bc,69853e0f17cf080eb88130bc_1777683780889,one_vial_alternating,2026-05-02 01:09:31.260,prev,0,574,8lz9XG6SDkK6Ee6aprXa,33
69853e0f17cf080eb88130bc,69853e0f17cf080eb88130bc_1777683780889,one_vial_alternating,2026-05-02 01:09:31.624,prev,0,365,HxZhaZ20uQlrpVJ6Ci4o,33
69853e0f17cf080eb88130bc,69853e0f17cf080eb88130bc_1777683780889,one_vial_alternating,2026-05-02 01:09:32.210,prev,0,585,OuMiBw0GsIFrXN8yvECk,32
69853e0f17cf080eb88130bc,69853e0f17cf080eb88130bc_1777683780889,one_vial_alternating,2026-05-02 01:09:32.517,prev,0,303,TmEBHC1XtFLNKcIXpPM0,32
69853e0f17cf080eb88130bc,69853e0f17cf080eb88130bc_1777683780889,one_vial_alternating,2026-05-02 01:09:32.719,prev,0,201,Q19xs8ET8mKnBU0R2ska,32
69853e0f17cf080eb88130bc,69853e0f17cf080eb88130bc_1777683780889,one_vial_alternating,2026-05-02 01:09:32.906,prev,0,191,YnBerczmaK4dOmHKlhFF,31
69853e0f17cf080eb88130bc,69853e0f17cf080eb88130bc_1777683780889,one_vial_alternating,2026-05-02 01:09:33.103,prev,0,193,uiGOney1jcSh0XQc8NAh,31
69853e0f17cf080eb88130bc,69853e0f17cf080eb88130bc_1777683780889,one_vial_alternating,2026-05-02 01:09:33.288,prev,0,187,YiVtbFXfjx39IeO3K7kM,31
69853e0f17cf080eb88130bc,69853e0f17cf080eb88130bc_1777683780889,one_vial_alternating,2026-05-02 01:09:33.485,prev,0,199,S8MaFk5Ku8QBwweutiEG,30
69853e0f17cf080eb88130bc,69853e0f17cf080eb88130bc_1777683780889,one_vial_alternating,2026-05-02 01:09:33.669,prev,0,184,CcMhYxcKuVGEBfqmNSnB,30
69853e0f17cf080eb88130bc,69853e0f17cf080eb88130bc_1777683780889,one_vial_alternating,2026-05-02 01:09:33.869,prev,0,200,REcHXE5UQMWqUXReMs0W,30
69853e0f17cf080eb88130bc,69853e0f17cf080eb88130bc_1777683780889,one_vial_alternating,2026-05-02 01:09:34.052,prev,0,184,qhRwypbUTxnwujGVtP6r,29
69853e0f17cf080eb88130bc,69853e0f17cf080eb88130bc_1777683780889,one_vial_alternating,2026-05-02 01:09:34.230,prev,0,167,2Px8hAXaKLYtsCJuRl0U,29
69853e0f17cf080eb88130bc,69853e0f17cf080eb88130bc_1777683780889,one_vial_alternating,2026-05-02 01:09:35.836,prev,0,1615,PxwyqnpjqX9GXrWxyVU3,28
69853e0f17cf080eb88130bc,69853e0f17cf080eb88130bc_1777683780889,one_vial_alternating,2026-05-02 01:09:36.066,prev,0,232,jI811x3QfeOiCoumZ516,28
69853e0f17cf080eb88130bc,69853e0f17cf080eb88130bc_1777683780889,one_vial_alternating,2026-05-02 01:09:36.256,prev,0,190,aOllJvCuIOynvgiAoXdK,28
69853e0f17cf080eb88130bc,69853e0f17cf080eb88130bc_1777683780889,one_vial_alternating,2026-05-02 01:09:36.441,prev,0,184,8yeM9WSR0EE9xRWSvBiS,27
69853e0f17cf080eb88130bc,69853e0f17cf080eb88130bc_1777683780889,one_vial_alternating,2026-05-02 01:09:36.626,prev,0,177,YfHpP4JSeteUBmurQPPt,27
69853e0f17cf080eb88130bc,69853e0f17cf080eb88130bc_1777683780889,one_vial_alternating,2026-05-02 01:09:36.809,prev,0,191,goOc3bN1lUVX6PTVtVCk,27
69853e0f17cf080eb88130bc,69853e0f17cf080eb88130bc_1777683780889,one_vial_alternating,2026-05-02 01:09:38.011,prev,0,1203,17ASwnRQCxFqfdpvnDs0,26
69853e0f17cf080eb88130bc,69853e0f17cf080eb88130bc_1777683780889,one_vial_alternating,2026-05-02 01:09:38.056,prev,0,4,rOk2JHzdShGyesqaU8st,26
69853e0f17cf080eb88130bc,69853e0f17cf080eb88130bc_1777683780889,one_vial_alternating,2026-05-02 01:09:39.438,prev,0,1417,37ZZzEtbMCQEqCuiWkP0,25
69853e0f17cf080eb88130bc,69853e0f17cf080eb88130bc_1777683780889,one_vial_alternating,2026-05-02 01:09:46.002,next,0,6558,vsOoaCTCTFxe3PnZhqRt,26
69853e0f17cf080eb88130bc,69853e0f17cf080eb88130bc_1777683780889,one_vial_alternating,2026-05-02 01:09:53.214,next,0,7221,2fg6vYN7w8hD6tNNmB6S,27
69853e0f17cf080eb88130bc,69853e0f17cf080eb88130bc_1777683780889,one_vial_alternating,2026-05-02 01:09:57.323,next,0,4111,sUKY56sMKrjZ9SRGW2NM,28
69853e0f17cf080eb88130bc,69853e0f17cf080eb88130bc_1777683780889,one_vial_alternating,2026-05-02 01:10:00.392,next,0,3069,o3o3lpCTfEeXZdwVJy0x,29
69853e0f17cf080eb88130bc,69853e0f17cf080eb88130bc_1777683780889,one_vial_alternating,2026-05-02 01:10:00.529,next,0,136,KMtBTCBYalXgbES3ukBP,29
69853e0f17cf080eb88130bc,69853e0f17cf080eb88130bc_1777683780889,one_vial_alternating,2026-05-02 01:10:04.504,next,0,3976,0cIBDBi5qgJ7qBhuPuWW,30
69853e0f17cf080eb88130bc,69853e0f17cf080eb88130bc_1777683780889,one_vial_alternating,2026-05-02 01:10:07.133,next,0,2631,0vJlF9ooE2RIiXdwLwWJ,31
69853e0f17cf080eb88130bc,69853e0f17cf080eb88130bc_1777683780889,one_vial_alternating,2026-05-02 01:10:09.939,next,0,2806,UWaN5fCmnxkivczXKRnQ,32
69853e0f17cf080eb88130bc,69853e0f17cf080eb88130bc_1777683780889,one_vial_alternating,2026-05-02 01:10:13.012,next,0,3070,oMsidvFFoxQzro1DYbSF,33
69853e0f17cf080eb88130bc,69853e0f17cf080eb88130bc_1777683780889,one_vial_alternating,2026-05-02 01:10:16.009,next,0,3001,SnqgtIbQDbwm5iDAtGXi,34
69853e0f17cf080eb88130bc,69853e0f17cf080eb88130bc_1777683780889,one_vial_alternating,2026-05-02 01:10:19.173,next,0,3166,Hfkym8Jd9mk9Y6lWkNvr,35
69853e0f17cf080eb88130bc,69853e0f17cf080eb88130bc_1777683780889,one_vial_alternating,2026-05-02 01:11:10.028,next,1,50844,YbnGXBFEEJQbtXpxfVaB,36
69853e0f17cf080eb88130bc,69853e0f17cf080eb88130bc_1777683780889,one_vial_alternating,2026-05-02 01:12:20.688,redirect-correct,0,70672,rrslFIMtIjoYUkL3Xh2M,37
69853e0f17cf080eb88130bc,69853e0f17cf080eb88130bc_1777683780889,one_vial_alternating,2026-05-02 01:12:25.001,next,0,4316,aRNzAKoXSPJiSXRNU0cl,38
69853e0f17cf080eb88130bc,69853e0f17cf080eb88130bc_1777683780889,one_vial_alternating,2026-05-02 01:12:31.831,next,0,6828,TSiVJGsCjPcvvA1CDV4l,39
69853e0f17cf080eb88130bc,69853e0f17cf080eb88130bc_1777683780889,one_vial_alternating,2026-05-02 01:12:44.383,next,1,12554,E0j6Oaf6YY2fbcOfCTfy,40
69853e0f17cf080eb88130bc,69853e0f17cf080eb88130bc_1777683780889,one_vial_alternating,2026-05-02 01:12:51.480,redirect-correct,0,7086,QYoNWDhemERAO3RLl7f1,41
69853e0f17cf080eb88130bc,69853e0f17cf080eb88130bc_1777683780889,one_vial_alternating,2026-05-02 01:12:55.440,next,0,3967,2uNaz8vjUERnvnrYhtRA,42
698b902e1b07434906796778,698b902e1b07434906796778_1777664603859,one_vial_alternating,2026-05-01 19:43:38.604,initial,0,,8uzLM4ITSvTJX6cdF1s8,1
698b902e1b07434906796778,698b902e1b07434906796778_1777664603859,one_vial_alternating,2026-05-01 19:43:41.553,next,0,2947,Spc3YIo94DQCkp41cXc4,2
698b902e1b07434906796778,698b902e1b07434906796778_1777664603859,one_vial_alternating,2026-05-01 19:43:45.102,next,0,3552,rMSByIl47NDIPBAEXcb8,3
698b902e1b07434906796778,698b902e1b07434906796778_1777664603859,one_vial_alternating,2026-05-01 19:43:54.935,next,0,9832,8QNq6kPfifnVhvjqz5c2,4
698b902e1b07434906796778,698b902e1b07434906796778_1777664603859,one_vial_alternating,2026-05-01 19:44:04.103,next,0,9169,pGoTr2RoB2Uz1UV3dORo,5
698b902e1b07434906796778,698b902e1b07434906796778_1777664603859,one_vial_alternating,2026-05-01 19:44:10.455,next,0,6350,hgio3thVdXzkpI9PSmAt,6
698b902e1b07434906796778,698b902e1b07434906796778_1777664603859,one_vial_alternating,2026-05-01 19:44:17.276,next,0,6817,RwSSmYBP9pP7b4uqzLkt,7
698b902e1b07434906796778,698b902e1b07434906796778_1777664603859,one_vial_alternating,2026-05-01 19:44:20.421,next,0,3149,QUzqfwmQzXLasaGQbdkb,8
698b902e1b07434906796778,698b902e1b07434906796778_1777664603859,one_vial_alternating,2026-05-01 19:44:24.087,next,0,3667,ApAE5bhdNmEF3GcPYOs5,9
698b902e1b07434906796778,698b902e1b07434906796778_1777664603859,one_vial_alternating,2026-05-01 19:44:31.819,next,0,7733,zlv5ouyglljg7yOuJ91D,10
698b902e1b07434906796778,698b902e1b07434906796778_1777664603859,one_vial_alternating,2026-05-01 19:44:35.171,next,0,3350,a1MRJi2NTCHqTqDHSzBc,11
698b902e1b07434906796778,698b902e1b07434906796778_1777664603859,one_vial_alternating,2026-05-01 19:44:40.856,next,0,5682,ELbtNwSZFP5iwTtIBpRt,12
698b902e1b07434906796778,698b902e1b07434906796778_1777664603859,one_vial_alternating,2026-05-01 19:44:45.903,next,0,5033,pZbDdiHfKUM4YIcJfAV1,13
698b902e1b07434906796778,698b902e1b07434906796778_1777664603859,one_vial_alternating,2026-05-01 19:44:50.007,next,0,4117,aePY3S0qsg6yvWyUfyDZ,14
698b902e1b07434906796778,698b902e1b07434906796778_1777664603859,one_vial_alternating,2026-05-01 19:44:54.805,next,0,4803,NmpBvdjWx4y96pqoRwOt,15
698b902e1b07434906796778,698b902e1b07434906796778_1777664603859,one_vial_alternating,2026-05-01 19:44:58.052,next,0,3247,UIuag7GnNJkxCjn5OnaM,16
698b902e1b07434906796778,698b902e1b07434906796778_1777664603859,one_vial_alternating,2026-05-01 19:45:01.404,next,0,3350,aa68V1VG1kvSXnAIBjPg,17
698b902e1b07434906796778,698b902e1b07434906796778_1777664603859,one_vial_alternating,2026-05-01 19:45:04.667,next,0,3267,K5HnYA9u9bSpSToa1w6M,18
698b902e1b07434906796778,698b902e1b07434906796778_1777664603859,one_vial_alternating,2026-05-01 19:45:07.751,next,0,3084,NgIbH6S8TThkHJTVYkEN,19
698b902e1b07434906796778,698b902e1b07434906796778_1777664603859,one_vial_alternating,2026-05-01 19:45:10.872,next,0,3116,i9FwWZaKvbMAT6Rx2dRB,20
698b902e1b07434906796778,698b902e1b07434906796778_1777664603859,one_vial_alternating,2026-05-01 19:45:19.371,next,0,8500,akwGrVopOq6rR4WJyzZq,21
698b902e1b07434906796778,698b902e1b07434906796778_1777664603859,one_vial_alternating,2026-05-01 19:45:24.271,next,0,4901,kX61axZAzefQjcdPLHXA,22
698b902e1b07434906796778,698b902e1b07434906796778_1777664603859,one_vial_alternating,2026-05-01 19:45:40.288,next,1,16017,hwuxMWqj94TYu26SzyeF,23
698b902e1b07434906796778,698b902e1b07434906796778_1777664603859,one_vial_alternating,2026-05-01 19:46:18.691,redirect-correct,0,38405,t42NprSWpBz71w8cCJEb,24
698b902e1b07434906796778,698b902e1b07434906796778_1777664603859,one_vial_alternating,2026-05-01 19:46:21.519,next,0,2827,Zhptov5M8A0ZtLCOZn1s,25
698b902e1b07434906796778,698b902e1b07434906796778_1777664603859,one_vial_alternating,2026-05-01 19:46:26.336,next,0,4819,ZjZwKp1uN8bI2VbUTfVm,26
698b902e1b07434906796778,698b902e1b07434906796778_1777664603859,one_vial_alternating,2026-05-01 19:46:32.572,next,0,6230,Y3oZ7gjwLZljRvRQFsgc,27
698b902e1b07434906796778,698b902e1b07434906796778_1777664603859,one_vial_alternating,2026-05-01 19:46:42.819,next,0,10250,gRmCgO9L0nNtkwghsASg,28
698b902e1b07434906796778,698b902e1b07434906796778_1777664603859,one_vial_alternating,2026-05-01 19:46:48.642,next,0,5821,IBSCxY8yoIef3o5AcmRs,29
698b902e1b07434906796778,698b902e1b07434906796778_1777664603859,one_vial_alternating,2026-05-01 19:47:00.856,next,0,12213,RThG5moharHH9i5Iezim,30
698b902e1b07434906796778,698b902e1b07434906796778_1777664603859,one_vial_alternating,2026-05-01 19:47:09.439,next,0,8567,syYnc1TvM4PzErNHnnDa,31
698b902e1b07434906796778,698b902e1b07434906796778_1777664603859,one_vial_alternating,2026-05-01 19:47:24.034,next,0,14617,girk8Xw8HaBzHCiJ5aFl,32
698b902e1b07434906796778,698b902e1b07434906796778_1777664603859,one_vial_alternating,2026-05-01 19:47:28.107,next,0,4068,eATgaBv9ynTKq7rGQYEv,33
698b902e1b07434906796778,698b902e1b07434906796778_1777664603859,one_vial_alternating,2026-05-01 19:47:32.003,next,0,3897,ZDFztwTJtEH6tkuOtc55,34
698b902e1b07434906796778,698b902e1b07434906796778_1777664603859,one_vial_alternating,2026-05-01 19:47:38.315,next,0,6316,ZTroGe8pO0dcEGeKVHDi,35
698b902e1b07434906796778,698b902e1b07434906796778_1777664603859,one_vial_alternating,2026-05-01 19:47:41.735,next,1,3419,CKynIGOxeN6xxjixmwei,36
698b902e1b07434906796778,698b902e1b07434906796778_1777664603859,one_vial_alternating,2026-05-01 19:48:36.455,redirect-incorrect,0,54722,7bVCZdBPBF8zGObLlvju,33
698b902e1b07434906796778,698b902e1b07434906796778_1777664603859,one_vial_alternating,2026-05-01 19:48:39.240,next,0,2778,HEZFy5r4aBGdvCx2mWj7,34
698b902e1b07434906796778,698b902e1b07434906796778_1777664603859,one_vial_alternating,2026-05-01 19:48:43.071,next,0,3833,hi4MX5U0REsdkPCq05Ta,35
698b902e1b07434906796778,698b902e1b07434906796778_1777664603859,one_vial_alternating,2026-05-01 19:48:48.604,next,1,5532,77lrW68AAm2J8ge265KS,36
698ce4c33956b8cb4fc8f802,698ce4c33956b8cb4fc8f802_1777664720498,one_vial_alternating,2026-05-01 19:45:40.919,initial,0,,41mpAZDRNs8NehB8Yq70,1
698ce4c33956b8cb4fc8f802,698ce4c33956b8cb4fc8f802_1777664720498,one_vial_alternating,2026-05-01 19:45:44.759,next,0,3849,iAHUX1ICg7AxQbrURIRX,2
698ce4c33956b8cb4fc8f802,698ce4c33956b8cb4fc8f802_1777664720498,one_vial_alternating,2026-05-01 19:45:49.601,next,0,4845,O18Bu3Q2qhukUhUUCh7Y,3
698ce4c33956b8cb4fc8f802,698ce4c33956b8cb4fc8f802_1777664720498,one_vial_alternating,2026-05-01 19:46:02.468,next,0,12865,0wWr2malQzWcK9nLiv8o,4
698ce4c33956b8cb4fc8f802,698ce4c33956b8cb4fc8f802_1777664720498,one_vial_alternating,2026-05-01 19:46:06.064,next,0,3597,L7VLvPmiN69CUQrCILf3,5
698ce4c33956b8cb4fc8f802,698ce4c33956b8cb4fc8f802_1777664720498,one_vial_alternating,2026-05-01 19:46:13.041,next,0,6976,H6tadKpk8JyUNfdlZT2r,6
698ce4c33956b8cb4fc8f802,698ce4c33956b8cb4fc8f802_1777664720498,one_vial_alternating,2026-05-01 19:46:24.253,next,0,11213,d1MfSjkGivNeRvPmIcuq,7
698ce4c33956b8cb4fc8f802,698ce4c33956b8cb4fc8f802_1777664720498,one_vial_alternating,2026-05-01 19:46:27.370,next,0,3118,SswwbnwqZZgcVVjcqsPB,8
698ce4c33956b8cb4fc8f802,698ce4c33956b8cb4fc8f802_1777664720498,one_vial_alternating,2026-05-01 19:46:39.441,next,0,12069,W8q8vMYOH2Wo7EbWCOPR,9
698ce4c33956b8cb4fc8f802,698ce4c33956b8cb4fc8f802_1777664720498,one_vial_alternating,2026-05-01 19:46:51.384,next,0,11944,mq87IhZqICJ02Y8KEJ2k,10
698ce4c33956b8cb4fc8f802,698ce4c33956b8cb4fc8f802_1777664720498,one_vial_alternating,2026-05-01 19:46:55.727,next,0,4343,nB2wReoFOQ5KNtOs5lrg,11
698ce4c33956b8cb4fc8f802,698ce4c33956b8cb4fc8f802_1777664720498,one_vial_alternating,2026-05-01 19:47:03.159,next,0,7433,9Sh4hs9W8s4XcZLUnWoI,12
698ce4c33956b8cb4fc8f802,698ce4c33956b8cb4fc8f802_1777664720498,one_vial_alternating,2026-05-01 19:47:09.272,next,0,6111,v0zHN2FJIvE59vztCVuw,13
698ce4c33956b8cb4fc8f802,698ce4c33956b8cb4fc8f802_1777664720498,one_vial_alternating,2026-05-01 19:47:16.889,next,0,7617,T6V3Xxrp9h1eEwd2anUW,14
698ce4c33956b8cb4fc8f802,698ce4c33956b8cb4fc8f802_1777664720498,one_vial_alternating,2026-05-01 19:47:21.312,next,0,4423,3oOffpBVm2MfyO0mehEC,15
698ce4c33956b8cb4fc8f802,698ce4c33956b8cb4fc8f802_1777664720498,one_vial_alternating,2026-05-01 19:47:24.886,next,0,3575,AzxOdYT6r3BygCLpqHqq,16
698ce4c33956b8cb4fc8f802,698ce4c33956b8cb4fc8f802_1777664720498,one_vial_alternating,2026-05-01 19:47:28.961,next,0,4075,Mq7nCxtKVCZ3YjCLmhC9,17
698ce4c33956b8cb4fc8f802,698ce4c33956b8cb4fc8f802_1777664720498,one_vial_alternating,2026-05-01 19:47:32.410,next,0,3449,fpA1zwqNVAXK2Z3OViNi,18
698ce4c33956b8cb4fc8f802,698ce4c33956b8cb4fc8f802_1777664720498,one_vial_alternating,2026-05-01 19:47:35.672,next,0,3262,XDdkRKaIWtTV5U1Du76p,19
698ce4c33956b8cb4fc8f802,698ce4c33956b8cb4fc8f802_1777664720498,one_vial_alternating,2026-05-01 19:47:39.039,next,0,3367,q111Cmfl60J7VYvO0Jw4,20
698ce4c33956b8cb4fc8f802,698ce4c33956b8cb4fc8f802_1777664720498,one_vial_alternating,2026-05-01 19:47:51.274,next,0,12235,yJ9pkbarmC8Sj4Ar0BBr,21
698ce4c33956b8cb4fc8f802,698ce4c33956b8cb4fc8f802_1777664720498,one_vial_alternating,2026-05-01 19:47:56.726,next,0,5450,xO1R1ttdRavSXfSiSDW7,22
698ce4c33956b8cb4fc8f802,698ce4c33956b8cb4fc8f802_1777664720498,one_vial_alternating,2026-05-01 19:48:10.287,next,1,13562,JCpp6GuOhDWo9lZjHyK2,23
698ce4c33956b8cb4fc8f802,698ce4c33956b8cb4fc8f802_1777664720498,one_vial_alternating,2026-05-01 19:48:52.116,redirect-correct,0,41831,M3QnQ2y5m9Td1ytXOlaI,24
698ce4c33956b8cb4fc8f802,698ce4c33956b8cb4fc8f802_1777664720498,one_vial_alternating,2026-05-01 19:48:55.019,next,0,2903,Kq2Fvh8jgWa4oVYn0FzK,25
698ce4c33956b8cb4fc8f802,698ce4c33956b8cb4fc8f802_1777664720498,one_vial_alternating,2026-05-01 19:49:02.533,next,0,7512,wbCACTzm4CJhMGLoClvK,26
698ce4c33956b8cb4fc8f802,698ce4c33956b8cb4fc8f802_1777664720498,one_vial_alternating,2026-05-01 19:49:08.231,next,0,5699,Y5KszIs4drLANhaR2Pvc,27
698ce4c33956b8cb4fc8f802,698ce4c33956b8cb4fc8f802_1777664720498,one_vial_alternating,2026-05-01 19:49:15.488,next,0,7255,nKBRLNKTLEPi29OB5t12,28
698ce4c33956b8cb4fc8f802,698ce4c33956b8cb4fc8f802_1777664720498,one_vial_alternating,2026-05-01 19:49:22.164,next,0,6677,lBZ1pT9ud8Hkl9JRaQkJ,29
698ce4c33956b8cb4fc8f802,698ce4c33956b8cb4fc8f802_1777664720498,one_vial_alternating,2026-05-01 19:49:29.559,next,0,7395,oa5nXKB7ix5iHqUyHwjf,30
698ce4c33956b8cb4fc8f802,698ce4c33956b8cb4fc8f802_1777664720498,one_vial_alternating,2026-05-01 19:49:37.593,next,0,8035,rtvzyAGPeoQoDx0w3o2A,31
698ce4c33956b8cb4fc8f802,698ce4c33956b8cb4fc8f802_1777664720498,one_vial_alternating,2026-05-01 19:49:48.294,next,0,10701,kYk4WdPOeUkyXnE9krsS,32
698ce4c33956b8cb4fc8f802,698ce4c33956b8cb4fc8f802_1777664720498,one_vial_alternating,2026-05-01 19:49:54.678,next,0,6383,IxS2YOD7mctpNDsm22sQ,33
698ce4c33956b8cb4fc8f802,698ce4c33956b8cb4fc8f802_1777664720498,one_vial_alternating,2026-05-01 19:49:59.336,next,0,4657,JEnIM7LnxulahIbCuAkb,34
698ce4c33956b8cb4fc8f802,698ce4c33956b8cb4fc8f802_1777664720498,one_vial_alternating,2026-05-01 19:50:05.537,next,0,6200,4PWNUzO6plGZRjIb1E3S,35
698ce4c33956b8cb4fc8f802,698ce4c33956b8cb4fc8f802_1777664720498,one_vial_alternating,2026-05-01 19:50:26.108,next,1,20573,LhM5YLGLFdsDGW0E6l0A,36
698ce4c33956b8cb4fc8f802,698ce4c33956b8cb4fc8f802_1777664720498,one_vial_alternating,2026-05-01 19:51:45.728,redirect-correct,0,79620,OG5QiP7v2k15aPf8IscU,37
698ce4c33956b8cb4fc8f802,698ce4c33956b8cb4fc8f802_1777664720498,one_vial_alternating,2026-05-01 19:51:49.130,next,0,3401,gN5F30YhrTInYVjBISYe,38
698ce4c33956b8cb4fc8f802,698ce4c33956b8cb4fc8f802_1777664720498,one_vial_alternating,2026-05-01 19:51:53.769,next,0,4641,rWzmOPyerD0orvwT8hao,39
698ce4c33956b8cb4fc8f802,698ce4c33956b8cb4fc8f802_1777664720498,one_vial_alternating,2026-05-01 19:52:01.077,next,1,7308,r7XG16ewUWYoIoBdtLIf,40
698ce4c33956b8cb4fc8f802,698ce4c33956b8cb4fc8f802_1777664720498,one_vial_alternating,2026-05-01 19:52:11.524,redirect-correct,0,10447,F8IobO9TTeUfS2hvoxlt,41
698ce4c33956b8cb4fc8f802,698ce4c33956b8cb4fc8f802_1777664720498,one_vial_alternating,2026-05-01 19:52:14.193,next,0,2667,b1y8lCe2th1i9RV3TaQg,42
698df4cd381d6e5e66a99019,698df4cd381d6e5e66a99019_1777998882767,one_vial_alternating,2026-05-05 16:34:56.371,initial,0,,WANxH0F9ZMDB9bdEphHr,1
698df4cd381d6e5e66a99019,698df4cd381d6e5e66a99019_1777998882767,one_vial_alternating,2026-05-05 16:35:04.211,next,0,7903,WYyRPbDrIVW2UgxhRxNd,2
698df4cd381d6e5e66a99019,698df4cd381d6e5e66a99019_1777998882767,one_vial_alternating,2026-05-05 16:35:11.605,next,0,7395,aPiKURC8yMEl1clqRKBs,3
698df4cd381d6e5e66a99019,698df4cd381d6e5e66a99019_1777998882767,one_vial_alternating,2026-05-05 16:35:21.255,next,0,9653,XjyWI2THwokvoO0wxh2S,4
698df4cd381d6e5e66a99019,698df4cd381d6e5e66a99019_1777998882767,one_vial_alternating,2026-05-05 16:35:30.738,next,0,9478,RApvS0v8ZMxWpSe6CGVM,5
698df4cd381d6e5e66a99019,698df4cd381d6e5e66a99019_1777998882767,one_vial_alternating,2026-05-05 16:35:36.288,next,0,5556,xkzWmkeNLJHCsgFxfknn,6
698df4cd381d6e5e66a99019,698df4cd381d6e5e66a99019_1777998882767,one_vial_alternating,2026-05-05 16:35:36.354,next,0,47,Ke7M4flJgs2BlO6QOCF3,6
698df4cd381d6e5e66a99019,698df4cd381d6e5e66a99019_1777998882767,one_vial_alternating,2026-05-05 16:35:43.036,prev,0,6702,TJOiMI5hg3OLcFK6AqbK,5
698df4cd381d6e5e66a99019,698df4cd381d6e5e66a99019_1777998882767,one_vial_alternating,2026-05-05 16:35:59.957,prev,0,16912,aZtaDre5rmzn4cSoohu3,4
698df4cd381d6e5e66a99019,698df4cd381d6e5e66a99019_1777998882767,one_vial_alternating,2026-05-05 16:36:04.428,next,0,4472,rralz4kb5ZMap7leBNEa,5
698df4cd381d6e5e66a99019,698df4cd381d6e5e66a99019_1777998882767,one_vial_alternating,2026-05-05 16:36:06.028,next,0,1605,RrkByaFnxjbPIzIOC4wh,6
698df4cd381d6e5e66a99019,698df4cd381d6e5e66a99019_1777998882767,one_vial_alternating,2026-05-05 16:36:12.131,prev,0,6106,FcUkGl9VXEkkSH8ACX4P,5
698df4cd381d6e5e66a99019,698df4cd381d6e5e66a99019_1777998882767,one_vial_alternating,2026-05-05 16:36:17.996,next,0,5865,YtdBNWF3GbXryJ2DKG34,6
698df4cd381d6e5e66a99019,698df4cd381d6e5e66a99019_1777998882767,one_vial_alternating,2026-05-05 16:36:47.488,next,0,29488,gZMEIm9ANCEjQugQQgPt,7
698df4cd381d6e5e66a99019,698df4cd381d6e5e66a99019_1777998882767,one_vial_alternating,2026-05-05 16:36:58.493,next,0,11007,HCfveB4ZvLrPsBwQjMbm,8
698df4cd381d6e5e66a99019,698df4cd381d6e5e66a99019_1777998882767,one_vial_alternating,2026-05-05 16:37:12.899,next,0,14399,37sfuLVxEy1BfGatFXww,9
698df4cd381d6e5e66a99019,698df4cd381d6e5e66a99019_1777998882767,one_vial_alternating,2026-05-05 16:37:32.571,next,0,19669,tcxoY0BzK3EGYYS2JVFG,10
698df4cd381d6e5e66a99019,698df4cd381d6e5e66a99019_1777998882767,one_vial_alternating,2026-05-05 16:37:32.646,next,0,48,T4kbis2kCKkYdvj87gUT,10
698df4cd381d6e5e66a99019,698df4cd381d6e5e66a99019_1777998882767,one_vial_alternating,2026-05-05 16:37:44.548,next,0,11931,1xmnQFUKv95UBJ4MMeaB,11
698df4cd381d6e5e66a99019,698df4cd381d6e5e66a99019_1777998882767,one_vial_alternating,2026-05-05 16:38:00.681,next,0,16141,jvifN0HUPU4dmFSz2l0Q,12
698df4cd381d6e5e66a99019,698df4cd381d6e5e66a99019_1777998882767,one_vial_alternating,2026-05-05 16:38:11.237,next,0,10549,9phm2AR7NvwMCixWoUBz,13
698df4cd381d6e5e66a99019,698df4cd381d6e5e66a99019_1777998882767,one_vial_alternating,2026-05-05 16:38:22.312,next,0,11085,r1UatQX21jJmke76ZkjG,14
698df4cd381d6e5e66a99019,698df4cd381d6e5e66a99019_1777998882767,one_vial_alternating,2026-05-05 16:38:22.380,next,0,67,nVMO7qQTlp07qEErlFV8,14
698df4cd381d6e5e66a99019,698df4cd381d6e5e66a99019_1777998882767,one_vial_alternating,2026-05-05 16:38:26.876,next,0,4497,JckLv8SX1AWVbP22kKqD,15
698df4cd381d6e5e66a99019,698df4cd381d6e5e66a99019_1777998882767,one_vial_alternating,2026-05-05 16:38:30.261,next,0,3383,Boaa8JVyaI4qHgKWFwUa,16
698df4cd381d6e5e66a99019,698df4cd381d6e5e66a99019_1777998882767,one_vial_alternating,2026-05-05 16:38:37.996,next,0,7730,IhlPbqoDJIWVyeIDbZr8,17
698df4cd381d6e5e66a99019,698df4cd381d6e5e66a99019_1777998882767,one_vial_alternating,2026-05-05 16:38:53.463,next,0,15471,braatxzGAeHSx2oIocZu,18
698df4cd381d6e5e66a99019,698df4cd381d6e5e66a99019_1777998882767,one_vial_alternating,2026-05-05 16:38:56.739,next,0,3278,toMYL3IzDGM2GuemmxdR,19
698df4cd381d6e5e66a99019,698df4cd381d6e5e66a99019_1777998882767,one_vial_alternating,2026-05-05 16:39:05.618,next,0,8877,Nlx8nyWohLcFfWBKCZCY,20
698df4cd381d6e5e66a99019,698df4cd381d6e5e66a99019_1777998882767,one_vial_alternating,2026-05-05 16:39:31.744,next,0,26129,zZCkS6jcgW7ZJ7DT6E8s,21
698df4cd381d6e5e66a99019,698df4cd381d6e5e66a99019_1777998882767,one_vial_alternating,2026-05-05 16:39:38.157,next,0,6412,4bmqBAJILLHllbOgDKCS,22
698df4cd381d6e5e66a99019,698df4cd381d6e5e66a99019_1777998882767,one_vial_alternating,2026-05-05 16:40:26.371,next,1,48214,ZZUC4kiku6oTMdrwBbSt,23
698df4cd381d6e5e66a99019,698df4cd381d6e5e66a99019_1777998882767,one_vial_alternating,2026-05-05 16:42:39.593,redirect-correct,0,133226,SZNpJknwVTLBMX4bBt6a,24
698df4cd381d6e5e66a99019,698df4cd381d6e5e66a99019_1777998882767,one_vial_alternating,2026-05-05 16:42:43.566,next,0,3967,zYZATNlq7qXbdzNkSgRK,25
698df4cd381d6e5e66a99019,698df4cd381d6e5e66a99019_1777998882767,one_vial_alternating,2026-05-05 16:42:57.574,next,0,14014,x0GW3T0SNmEUiJ6DoVH4,26
698df4cd381d6e5e66a99019,698df4cd381d6e5e66a99019_1777998882767,one_vial_alternating,2026-05-05 16:43:19.796,next,0,22224,wAnS6KwPRBSl2ZeFMNwQ,27
698df4cd381d6e5e66a99019,698df4cd381d6e5e66a99019_1777998882767,one_vial_alternating,2026-05-05 16:44:16.871,next,0,57073,J9EWAHzFlM2vfnJYUL8g,28
698df4cd381d6e5e66a99019,698df4cd381d6e5e66a99019_1777998882767,one_vial_alternating,2026-05-05 16:44:24.173,next,0,7303,DcnGwF42AsOJPiKGLjAQ,29
698df4cd381d6e5e66a99019,698df4cd381d6e5e66a99019_1777998882767,one_vial_alternating,2026-05-05 16:44:38.823,next,0,14648,Ez0LhQJwIAhdDDKVtXf1,30
698df4cd381d6e5e66a99019,698df4cd381d6e5e66a99019_1777998882767,one_vial_alternating,2026-05-05 16:45:09.002,next,0,30182,83bGyzbBQy3pVSSG6E3j,31
698df4cd381d6e5e66a99019,698df4cd381d6e5e66a99019_1777998882767,one_vial_alternating,2026-05-05 16:45:18.707,next,0,9706,YB4clxCMaSUdyEGgXfnX,32
698df4cd381d6e5e66a99019,698df4cd381d6e5e66a99019_1777998882767,one_vial_alternating,2026-05-05 16:45:23.048,next,0,4340,xldx6NLid9v8bISlENdG,33
698df4cd381d6e5e66a99019,698df4cd381d6e5e66a99019_1777998882767,one_vial_alternating,2026-05-05 16:45:26.728,next,0,3681,bLX3evvgy9Q95p6A1vgZ,34
698df4cd381d6e5e66a99019,698df4cd381d6e5e66a99019_1777998882767,one_vial_alternating,2026-05-05 16:46:15.177,next,0,48448,131JEsj1C5YkV0iigBGj,35
698df4cd381d6e5e66a99019,698df4cd381d6e5e66a99019_1777998882767,one_vial_alternating,2026-05-05 16:47:13.347,next,1,58172,zylaucFjTFzTIqfAUBsR,36
698df4cd381d6e5e66a99019,698df4cd381d6e5e66a99019_1777998882767,one_vial_alternating,2026-05-05 16:50:32.240,redirect-correct,0,198894,bNFylYiHv2fQAlr5aqnf,37
698df4cd381d6e5e66a99019,698df4cd381d6e5e66a99019_1777998882767,one_vial_alternating,2026-05-05 16:50:34.597,next,0,2355,8ldFhVmiTWvKsuVDdFf2,38
698df4cd381d6e5e66a99019,698df4cd381d6e5e66a99019_1777998882767,one_vial_alternating,2026-05-05 16:50:39.897,next,0,5300,LJ8oSs7POCbASmuv5DDW,39
698df4cd381d6e5e66a99019,698df4cd381d6e5e66a99019_1777998882767,one_vial_alternating,2026-05-05 16:50:46.654,next,1,6761,gk7LiLVNtsH1yWt0kX8l,40
698df4cd381d6e5e66a99019,698df4cd381d6e5e66a99019_1777998882767,one_vial_alternating,2026-05-05 16:50:57.047,redirect-correct,0,10389,EjE10LuFXpR0HnbWsEaS,41
698df4cd381d6e5e66a99019,698df4cd381d6e5e66a99019_1777998882767,one_vial_alternating,2026-05-05 16:50:58.490,next,0,1444,xMmOrdSlgdVaEQGAQ38I,42
698e09e42da95523bccd20bf,698e09e42da95523bccd20bf_1777664902076,one_vial_alternating,2026-05-01 19:48:30.975,initial,0,,8CYuRWCDjUG4ny1uSDkd,1
698e09e42da95523bccd20bf,698e09e42da95523bccd20bf_1777664902076,one_vial_alternating,2026-05-01 19:48:34.769,next,0,3798,GZEs1Uw4Q1odKf48CHtK,2
698e09e42da95523bccd20bf,698e09e42da95523bccd20bf_1777664902076,one_vial_alternating,2026-05-01 19:49:34.684,next,0,59224,zz2H2p6bC2vEOuvDe7PM,3
698e09e42da95523bccd20bf,698e09e42da95523bccd20bf_1777664902076,one_vial_alternating,2026-05-01 19:49:54.675,next,0,20689,h83JEyeB3EOGrhruQkc0,4
698e09e42da95523bccd20bf,698e09e42da95523bccd20bf_1777664902076,one_vial_alternating,2026-05-01 19:50:10.708,next,0,15407,dCvsasaeQP875fKhozBE,5
698e09e42da95523bccd20bf,698e09e42da95523bccd20bf_1777664902076,one_vial_alternating,2026-05-01 19:50:20.536,next,0,9817,9DF01MHaDeLTxWpIa6D5,6
698e09e42da95523bccd20bf,698e09e42da95523bccd20bf_1777664902076,one_vial_alternating,2026-05-01 19:50:31.948,next,0,12048,mR3QCpdq4eluXNgCoMPP,7
698e09e42da95523bccd20bf,698e09e42da95523bccd20bf_1777664902076,one_vial_alternating,2026-05-01 19:50:35.839,next,0,3888,nnCXu8lD1HrfMUMpXRNE,8
698e09e42da95523bccd20bf,698e09e42da95523bccd20bf_1777664902076,one_vial_alternating,2026-05-01 19:50:41.048,next,0,5208,xR4QML91cZ79VPdopro3,9
698e09e42da95523bccd20bf,698e09e42da95523bccd20bf_1777664902076,one_vial_alternating,2026-05-01 19:50:50.601,next,0,9551,9rYGKgyTyRsaHbGR2qaz,10
698e09e42da95523bccd20bf,698e09e42da95523bccd20bf_1777664902076,one_vial_alternating,2026-05-01 19:51:08.685,next,0,18089,fvEtlv9qP10P0Z5Z3AaC,11
698e09e42da95523bccd20bf,698e09e42da95523bccd20bf_1777664902076,one_vial_alternating,2026-05-01 19:51:17.238,next,0,8552,JWeErb7Z0903wkv5kTJ5,12
698e09e42da95523bccd20bf,698e09e42da95523bccd20bf_1777664902076,one_vial_alternating,2026-05-01 19:51:27.477,next,0,10239,nZmDYI2rbtY4yxU7O4zr,13
698e09e42da95523bccd20bf,698e09e42da95523bccd20bf_1777664902076,one_vial_alternating,2026-05-01 19:51:32.417,next,0,4905,lwiLJzmXIdTYPDPMjmWs,14
698e09e42da95523bccd20bf,698e09e42da95523bccd20bf_1777664902076,one_vial_alternating,2026-05-01 19:51:38.880,next,0,6496,3XsJNdgQj3cvttucOQPT,15
698e09e42da95523bccd20bf,698e09e42da95523bccd20bf_1777664902076,one_vial_alternating,2026-05-01 19:51:45.422,next,0,6544,TY8Jre2aCGQBjoCrSvoM,16
698e09e42da95523bccd20bf,698e09e42da95523bccd20bf_1777664902076,one_vial_alternating,2026-05-01 19:51:50.959,next,0,5536,afOFMeTtWODDxpC3svOI,17
698e09e42da95523bccd20bf,698e09e42da95523bccd20bf_1777664902076,one_vial_alternating,2026-05-01 19:52:12.813,next,0,21856,skqlEt06IbfLXmgeDdyM,18
698e09e42da95523bccd20bf,698e09e42da95523bccd20bf_1777664902076,one_vial_alternating,2026-05-01 19:52:18.634,next,0,5128,aRqVqzeD6MEVWzMZbIaK,19
698e09e42da95523bccd20bf,698e09e42da95523bccd20bf_1777664902076,one_vial_alternating,2026-05-01 19:52:40.960,next,0,23016,DtJB4dp11tlzqleabll9,20
698e09e42da95523bccd20bf,698e09e42da95523bccd20bf_1777664902076,one_vial_alternating,2026-05-01 19:53:04.687,next,0,23728,wyUnSXDPPuTWG1LSMUEv,21
698e09e42da95523bccd20bf,698e09e42da95523bccd20bf_1777664902076,one_vial_alternating,2026-05-01 19:53:10.109,next,0,5424,VVnWi4eH2RS2ma358Q4k,22
698e09e42da95523bccd20bf,698e09e42da95523bccd20bf_1777664902076,one_vial_alternating,2026-05-01 19:53:20.479,next,1,10368,NwaS5a9I8AzFIkl66MMz,23
698e09e42da95523bccd20bf,698e09e42da95523bccd20bf_1777664902076,one_vial_alternating,2026-05-01 19:54:17.337,redirect-correct,0,56856,KEYA1Op0jJuGz5XDjK4E,24
698e09e42da95523bccd20bf,698e09e42da95523bccd20bf_1777664902076,one_vial_alternating,2026-05-01 19:54:20.497,next,0,3104,NUJm3HKuKyZX01pEI1nI,25
698e09e42da95523bccd20bf,698e09e42da95523bccd20bf_1777664902076,one_vial_alternating,2026-05-01 19:54:32.660,prev,0,12222,Oi3ACdnCn4RUiDxAAsSr,24
698e09e42da95523bccd20bf,698e09e42da95523bccd20bf_1777664902076,one_vial_alternating,2026-05-01 19:54:36.181,next,0,3522,UmuVCG3Fu5vlRol3pqpF,25
698e09e42da95523bccd20bf,698e09e42da95523bccd20bf_1777664902076,one_vial_alternating,2026-05-01 19:54:44.509,prev,0,8328,IBNFTW2q3VhYAWYmd54X,24
698e09e42da95523bccd20bf,698e09e42da95523bccd20bf_1777664902076,one_vial_alternating,2026-05-01 19:54:48.479,next,0,3968,9fj194kopK6vvqcP5TFA,25
698e09e42da95523bccd20bf,698e09e42da95523bccd20bf_1777664902076,one_vial_alternating,2026-05-01 19:54:53.968,prev,0,5457,lxzwTWOwIgZ93MmHnuGf,24
698e09e42da95523bccd20bf,698e09e42da95523bccd20bf_1777664902076,one_vial_alternating,2026-05-01 19:54:57.645,next,0,3711,iGXgAd22oGYQT1ISnk9I,25
698e09e42da95523bccd20bf,698e09e42da95523bccd20bf_1777664902076,one_vial_alternating,2026-05-01 19:55:17.151,next,0,19504,7dpczU4Gitn5mWSsiza4,26
698e09e42da95523bccd20bf,698e09e42da95523bccd20bf_1777664902076,one_vial_alternating,2026-05-01 19:55:27.246,next,0,10096,QvEjg8uo27rd5Amv5MLX,27
698e09e42da95523bccd20bf,698e09e42da95523bccd20bf_1777664902076,one_vial_alternating,2026-05-01 19:55:59.591,next,0,32344,xFMy1sF4w6KPZ9Vb7X0p,28
698e09e42da95523bccd20bf,698e09e42da95523bccd20bf_1777664902076,one_vial_alternating,2026-05-01 19:56:15.109,next,0,15520,0QuAbZlJXeCtVywRgxwJ,29
698e09e42da95523bccd20bf,698e09e42da95523bccd20bf_1777664902076,one_vial_alternating,2026-05-01 19:56:26.534,next,0,11424,hu4KBWwSGvOYS7MRr0tg,30
698e09e42da95523bccd20bf,698e09e42da95523bccd20bf_1777664902076,one_vial_alternating,2026-05-01 19:56:40.245,next,0,13712,WpnHtinwjz078v0nCnFW,31
698e09e42da95523bccd20bf,698e09e42da95523bccd20bf_1777664902076,one_vial_alternating,2026-05-01 19:57:06.937,next,0,26689,j5BWaYOySVJSaO13IJ9Y,32
698e09e42da95523bccd20bf,698e09e42da95523bccd20bf_1777664902076,one_vial_alternating,2026-05-01 19:57:12.553,next,0,5616,iFFI9SMVsjuads6hTXVy,33
698e09e42da95523bccd20bf,698e09e42da95523bccd20bf_1777664902076,one_vial_alternating,2026-05-01 19:57:17.625,next,0,5072,UJHlhMnTGFIP8YLk1DFw,34
698e09e42da95523bccd20bf,698e09e42da95523bccd20bf_1777664902076,one_vial_alternating,2026-05-01 19:57:26.334,next,0,8712,J5n9KzUypxFlGRT7LTN6,35
698e09e42da95523bccd20bf,698e09e42da95523bccd20bf_1777664902076,one_vial_alternating,2026-05-01 19:59:41.792,next,1,134256,V38fejKxEuFg7m9mZ9Pa,36
698e09e42da95523bccd20bf,698e09e42da95523bccd20bf_1777664902076,one_vial_alternating,2026-05-01 20:00:04.088,prev,0,23495,bYgIz23G4M9xtYxjCtU8,35
698e09e42da95523bccd20bf,698e09e42da95523bccd20bf_1777664902076,one_vial_alternating,2026-05-01 20:00:05.865,prev,0,1777,zynaXwhbBNW6ok67RLGj,34
698e09e42da95523bccd20bf,698e09e42da95523bccd20bf_1777664902076,one_vial_alternating,2026-05-01 20:00:07.425,prev,0,1560,ijNLIdKvZT6B9iQpu4Gg,33
698e09e42da95523bccd20bf,698e09e42da95523bccd20bf_1777664902076,one_vial_alternating,2026-05-01 20:00:10.959,next,0,3535,LBzkQ95SZQUXThWnEdlJ,34
698e09e42da95523bccd20bf,698e09e42da95523bccd20bf_1777664902076,one_vial_alternating,2026-05-01 20:00:14.136,next,0,3177,4eks5pRmfjCjKaFsRRBT,35
698e09e42da95523bccd20bf,698e09e42da95523bccd20bf_1777664902076,one_vial_alternating,2026-05-01 20:00:27.464,next,1,13328,2WtzvHGsX1fJniBJrG0q,36
698e09e42da95523bccd20bf,698e09e42da95523bccd20bf_1777664902076,one_vial_alternating,2026-05-01 20:01:21.548,redirect-correct,0,54045,EMqfN6cOOEOWtZILkB2i,37
698e09e42da95523bccd20bf,698e09e42da95523bccd20bf_1777664902076,one_vial_alternating,2026-05-01 20:01:24.313,next,0,2803,A6SRXtdeHT83IOeeCLCW,38
698e09e42da95523bccd20bf,698e09e42da95523bccd20bf_1777664902076,one_vial_alternating,2026-05-01 20:02:27.672,next,0,62264,xTLjzjlErrK8oAsjEn2w,39
698e09e42da95523bccd20bf,698e09e42da95523bccd20bf_1777664902076,one_vial_alternating,2026-05-01 20:02:48.370,next,1,21793,t8Ll3G2vBOKtmdTrOKbj,40
698e09e42da95523bccd20bf,698e09e42da95523bccd20bf_1777664902076,one_vial_alternating,2026-05-01 20:03:06.512,redirect-correct,0,18143,04kennIxaVAg6fkEhHcP,41
698e09e42da95523bccd20bf,698e09e42da95523bccd20bf_1777664902076,one_vial_alternating,2026-05-01 20:03:36.581,next,0,30056,AS5ff0EGMI64yQwPjBBn,42
6992279af3b7e0d972889b67,6992279af3b7e0d972889b67_1777665008441,one_vial_alternating,2026-05-01 19:50:27.566,initial,0,,0meEkOTXydy1AzmYm8YO,1
6992279af3b7e0d972889b67,6992279af3b7e0d972889b67_1777665008441,one_vial_alternating,2026-05-01 19:50:49.680,next,0,22121,EI9LdfyIjWbUv4HamNlv,2
6992279af3b7e0d972889b67,6992279af3b7e0d972889b67_1777665008441,one_vial_alternating,2026-05-01 19:50:54.199,next,0,4520,8A3641jGIPaCyPPoDtlo,3
6992279af3b7e0d972889b67,6992279af3b7e0d972889b67_1777665008441,one_vial_alternating,2026-05-01 19:51:27.389,next,0,33193,CCDq8lfAsqMYszWaTej2,4
6992279af3b7e0d972889b67,6992279af3b7e0d972889b67_1777665008441,one_vial_alternating,2026-05-01 19:51:30.569,next,0,3178,ZYlQBX6ikr6rEcUdoAMH,5
6992279af3b7e0d972889b67,6992279af3b7e0d972889b67_1777665008441,one_vial_alternating,2026-05-01 19:51:36.872,next,0,6299,cPE93bVMZfmFQMDTMEpO,6
6992279af3b7e0d972889b67,6992279af3b7e0d972889b67_1777665008441,one_vial_alternating,2026-05-01 19:51:44.511,next,0,7644,KdQnYeglhMMXMiMO2WsZ,7
6992279af3b7e0d972889b67,6992279af3b7e0d972889b67_1777665008441,one_vial_alternating,2026-05-01 19:51:47.393,next,0,2882,uwjdtvUPRmBWe7uCm2ns,8
6992279af3b7e0d972889b67,6992279af3b7e0d972889b67_1777665008441,one_vial_alternating,2026-05-01 19:51:56.845,next,0,9452,f9Y151qX2riQwKmTskMP,9
6992279af3b7e0d972889b67,6992279af3b7e0d972889b67_1777665008441,one_vial_alternating,2026-05-01 19:52:08.474,next,0,11628,cnyRDQMLKrl2CANO3kE3,10
6992279af3b7e0d972889b67,6992279af3b7e0d972889b67_1777665008441,one_vial_alternating,2026-05-01 19:52:13.373,next,0,4899,KCxqCg9J85izSTBazTX4,11
6992279af3b7e0d972889b67,6992279af3b7e0d972889b67_1777665008441,one_vial_alternating,2026-05-01 19:52:22.907,next,0,9532,dEqA8idxkyhIQm5dqFNm,12
6992279af3b7e0d972889b67,6992279af3b7e0d972889b67_1777665008441,one_vial_alternating,2026-05-01 19:52:28.747,next,0,5826,PskXAkTgPXoLXOi5ImI0,13
6992279af3b7e0d972889b67,6992279af3b7e0d972889b67_1777665008441,one_vial_alternating,2026-05-01 19:52:33.267,next,0,4536,rKPFCILqMpw4Fkvmpjxz,14
6992279af3b7e0d972889b67,6992279af3b7e0d972889b67_1777665008441,one_vial_alternating,2026-05-01 19:52:39.043,next,0,5776,OnWPFZ1mENMp2uxc1DIP,15
6992279af3b7e0d972889b67,6992279af3b7e0d972889b67_1777665008441,one_vial_alternating,2026-05-01 19:52:42.328,next,0,3284,obkkDcrvpAKdiMyXezG3,16
6992279af3b7e0d972889b67,6992279af3b7e0d972889b67_1777665008441,one_vial_alternating,2026-05-01 19:52:45.519,next,0,3192,tRkc4o6pJsM5vqYQVru2,17
6992279af3b7e0d972889b67,6992279af3b7e0d972889b67_1777665008441,one_vial_alternating,2026-05-01 19:52:49.538,next,0,4018,xsnJ2DziDzREzoqZJPsQ,18
6992279af3b7e0d972889b67,6992279af3b7e0d972889b67_1777665008441,one_vial_alternating,2026-05-01 19:52:52.686,next,0,3148,vabTTII1Vp6z71ziRWMs,19
6992279af3b7e0d972889b67,6992279af3b7e0d972889b67_1777665008441,one_vial_alternating,2026-05-01 19:52:55.662,next,0,2977,MzSxITXBMj5Em5WeJaoV,20
6992279af3b7e0d972889b67,6992279af3b7e0d972889b67_1777665008441,one_vial_alternating,2026-05-01 19:53:01.256,next,0,5594,WZizRoyUgMDfLwPHztyp,21
6992279af3b7e0d972889b67,6992279af3b7e0d972889b67_1777665008441,one_vial_alternating,2026-05-01 19:53:05.913,next,0,4656,ySVcD0b5KHmdnwyHvidY,22
6992279af3b7e0d972889b67,6992279af3b7e0d972889b67_1777665008441,one_vial_alternating,2026-05-01 19:53:21.182,next,1,15269,EniH17Itsb1lBmv67eSc,23
6992279af3b7e0d972889b67,6992279af3b7e0d972889b67_1777665008441,one_vial_alternating,2026-05-01 19:53:52.396,redirect-correct,0,31213,xvSJS87O07gbqc4DhEwq,24
6992279af3b7e0d972889b67,6992279af3b7e0d972889b67_1777665008441,one_vial_alternating,2026-05-01 19:53:55.094,next,0,2692,HHbgMpBFg61LXQQCbSPU,25
6992279af3b7e0d972889b67,6992279af3b7e0d972889b67_1777665008441,one_vial_alternating,2026-05-01 19:54:01.014,prev,0,5925,o5Ptr3axfBK0U5W7xUI0,24
6992279af3b7e0d972889b67,6992279af3b7e0d972889b67_1777665008441,one_vial_alternating,2026-05-01 19:54:04.545,next,0,3531,wOPlifiFb6EdrYDlcbZ8,25
6992279af3b7e0d972889b67,6992279af3b7e0d972889b67_1777665008441,one_vial_alternating,2026-05-01 19:54:08.060,next,0,3515,QKKOW0giXSf4mbadJxAS,26
6992279af3b7e0d972889b67,6992279af3b7e0d972889b67_1777665008441,one_vial_alternating,2026-05-01 19:54:11.870,next,0,3811,r4zzF9h28IdzquJGhrXF,27
6992279af3b7e0d972889b67,6992279af3b7e0d972889b67_1777665008441,one_vial_alternating,2026-05-01 19:54:25.247,next,0,13376,Rtaxr529veDMFaGwjO9w,28
6992279af3b7e0d972889b67,6992279af3b7e0d972889b67_1777665008441,one_vial_alternating,2026-05-01 19:54:33.677,next,0,8430,3AuCTanmkMGTuh3N2Tn2,29
6992279af3b7e0d972889b67,6992279af3b7e0d972889b67_1777665008441,one_vial_alternating,2026-05-01 19:54:47.046,next,0,13364,W2rJmooFcuwRhe55X7Ek,30
6992279af3b7e0d972889b67,6992279af3b7e0d972889b67_1777665008441,one_vial_alternating,2026-05-01 19:54:53.714,next,0,6672,fgbLpMdj7qEWDuGdeYD4,31
6992279af3b7e0d972889b67,6992279af3b7e0d972889b67_1777665008441,one_vial_alternating,2026-05-01 19:55:02.855,next,0,9141,32Cgro6R3LMDKZbx1cTH,32
6992279af3b7e0d972889b67,6992279af3b7e0d972889b67_1777665008441,one_vial_alternating,2026-05-01 19:55:07.414,next,0,4558,ofMsznTGfSq7RazpMJgD,33
6992279af3b7e0d972889b67,6992279af3b7e0d972889b67_1777665008441,one_vial_alternating,2026-05-01 19:55:13.977,next,0,6564,RK06SeCoFpod4Nl6qQHP,34
6992279af3b7e0d972889b67,6992279af3b7e0d972889b67_1777665008441,one_vial_alternating,2026-05-01 19:55:18.755,next,0,4775,zGIV3QU8zR534pNnkumI,35
6992279af3b7e0d972889b67,6992279af3b7e0d972889b67_1777665008441,one_vial_alternating,2026-05-01 19:56:06.938,next,1,48185,ZBbTbJ2ObBZHNfI2SXY6,36
6992279af3b7e0d972889b67,6992279af3b7e0d972889b67_1777665008441,one_vial_alternating,2026-05-01 19:57:54.175,redirect-correct,0,107232,CFoTOMy3YoBmDZsjvmjO,37
6992279af3b7e0d972889b67,6992279af3b7e0d972889b67_1777665008441,one_vial_alternating,2026-05-01 19:57:58.628,next,0,4455,GtDxJnSJlBlugaUU2Fzh,38
6992279af3b7e0d972889b67,6992279af3b7e0d972889b67_1777665008441,one_vial_alternating,2026-05-01 19:58:03.410,next,0,4782,SEMxNYPfYwfbYQ7QUWIS,39
6992279af3b7e0d972889b67,6992279af3b7e0d972889b67_1777665008441,one_vial_alternating,2026-05-01 19:58:15.870,next,1,12456,TxtV0OXGP2SkCWbUV1fQ,40
6992279af3b7e0d972889b67,6992279af3b7e0d972889b67_1777665008441,one_vial_alternating,2026-05-01 19:58:25.390,redirect-correct,0,9523,FWD8ismQjjmlZymJc9Hb,41
6992279af3b7e0d972889b67,6992279af3b7e0d972889b67_1777665008441,one_vial_alternating,2026-05-01 19:58:28.395,next,0,3005,LzOxd6OiGaVPIn8UqAay,42
69a7ec761823ea565f6e723d,69a7ec761823ea565f6e723d_1777665315752,one_vial_alternating,2026-05-01 19:55:58.067,initial,0,,RNfxxa7Jz5zugWMN4III,1
69a7ec761823ea565f6e723d,69a7ec761823ea565f6e723d_1777665315752,one_vial_alternating,2026-05-01 19:56:05.246,next,0,6954,CMws2xmcV8ETiwKBRp7i,2
69a7ec761823ea565f6e723d,69a7ec761823ea565f6e723d_1777665315752,one_vial_alternating,2026-05-01 19:56:19.599,next,0,13272,XVhZgnQXyqvLseFUDY2e,3
69a7ec761823ea565f6e723d,69a7ec761823ea565f6e723d_1777665315752,one_vial_alternating,2026-05-01 19:56:54.549,next,0,36120,l6Fblwr32aE0UDOiPUHH,4
69a7ec761823ea565f6e723d,69a7ec761823ea565f6e723d_1777665315752,one_vial_alternating,2026-05-01 19:57:50.898,next,0,56487,K9cn0f01PHIOxENeYvJj,5
69a7ec761823ea565f6e723d,69a7ec761823ea565f6e723d_1777665315752,one_vial_alternating,2026-05-01 19:58:00.819,next,0,9920,CST4UZURAxKgTvKGHLcc,6
69a7ec761823ea565f6e723d,69a7ec761823ea565f6e723d_1777665315752,one_vial_alternating,2026-05-01 19:58:15.073,next,0,14256,0kqaLHzIbNvqdPtHRPRY,7
69a7ec761823ea565f6e723d,69a7ec761823ea565f6e723d_1777665315752,one_vial_alternating,2026-05-01 19:58:19.808,next,0,4735,sa1wHhzhlAQZt6ZudJ1N,8
69a7ec761823ea565f6e723d,69a7ec761823ea565f6e723d_1777665315752,one_vial_alternating,2026-05-01 19:58:32.786,next,0,12968,hZm1VKXyovbMuOI7uYMj,9
69a7ec761823ea565f6e723d,69a7ec761823ea565f6e723d_1777665315752,one_vial_alternating,2026-05-01 19:59:02.450,next,0,29672,dlWzl5f9HB4YVauuownV,10
69a7ec761823ea565f6e723d,69a7ec761823ea565f6e723d_1777665315752,one_vial_alternating,2026-05-01 19:59:54.823,next,0,52370,tH0IsNCtS9X4fVKMNEBb,11
69a7ec761823ea565f6e723d,69a7ec761823ea565f6e723d_1777665315752,one_vial_alternating,2026-05-01 20:00:21.448,next,0,26629,3uNTzPWynEE2ImF7GcoW,12
69a7ec761823ea565f6e723d,69a7ec761823ea565f6e723d_1777665315752,one_vial_alternating,2026-05-01 20:00:56.017,next,0,34567,H59UhXttbCfHpCz51hJv,13
69a7ec761823ea565f6e723d,69a7ec761823ea565f6e723d_1777665315752,one_vial_alternating,2026-05-01 20:01:09.026,next,0,13009,n4DH0rxbnh6gKZws5u5K,14
69a7ec761823ea565f6e723d,69a7ec761823ea565f6e723d_1777665315752,one_vial_alternating,2026-05-01 20:01:17.738,next,0,8711,EZdYzUIhDGaOoKGvMrcl,15
69a7ec761823ea565f6e723d,69a7ec761823ea565f6e723d_1777665315752,one_vial_alternating,2026-05-01 20:01:21.464,next,0,3728,8aloXd0NGobB2yuyCloa,16
69a7ec761823ea565f6e723d,69a7ec761823ea565f6e723d_1777665315752,one_vial_alternating,2026-05-01 20:01:27.858,next,0,6392,UjAqqRHeksZzcqnuLhea,17
69a7ec761823ea565f6e723d,69a7ec761823ea565f6e723d_1777665315752,one_vial_alternating,2026-05-01 20:01:32.176,next,0,4320,rYGxiNJRPH47CI4Lwdg8,18
69a7ec761823ea565f6e723d,69a7ec761823ea565f6e723d_1777665315752,one_vial_alternating,2026-05-01 20:01:37.473,next,0,5296,vSjIYjgW4Wozp0wpzXig,19
69a7ec761823ea565f6e723d,69a7ec761823ea565f6e723d_1777665315752,one_vial_alternating,2026-05-01 20:01:42.643,next,0,5168,jsg9iOfZFVj91Qz0yEtg,20
69a7ec761823ea565f6e723d,69a7ec761823ea565f6e723d_1777665315752,one_vial_alternating,2026-05-01 20:01:54.155,next,0,11512,ZmSKrpDoJ2BhRrxLbHa5,21
69a7ec761823ea565f6e723d,69a7ec761823ea565f6e723d_1777665315752,one_vial_alternating,2026-05-01 20:02:20.090,next,0,25936,Wg5ckceb8fBLgyjTnkbh,22
69a7ec761823ea565f6e723d,69a7ec761823ea565f6e723d_1777665315752,one_vial_alternating,2026-05-01 20:02:42.944,next,1,22855,wsVkPDuEYLoiqoXSElzo,23
69a7ec761823ea565f6e723d,69a7ec761823ea565f6e723d_1777665315752,one_vial_alternating,2026-05-01 20:04:44.557,redirect-incorrect,0,121605,Zvzz1CRavfExI91beK1n,22
69a7ec761823ea565f6e723d,69a7ec761823ea565f6e723d_1777665315752,one_vial_alternating,2026-05-01 20:05:40.975,next,1,56417,XeMlCJp6tR72r7lH9wMn,23
69c0095c37898493ec7e5a89,69c0095c37898493ec7e5a89_1777665086531,one_vial_alternating,2026-05-01 19:51:34.253,initial,0,,ZLEBgXufzkH3iLlXqR1C,1
69c0095c37898493ec7e5a89,69c0095c37898493ec7e5a89_1777665086531,one_vial_alternating,2026-05-01 19:51:37.800,next,0,3576,WGJtr3IL69MiaNRv9aZw,2
69c0095c37898493ec7e5a89,69c0095c37898493ec7e5a89_1777665086531,one_vial_alternating,2026-05-01 19:51:41.301,next,0,3500,5iaclTgb0UKCoZvzxJSO,3
69c0095c37898493ec7e5a89,69c0095c37898493ec7e5a89_1777665086531,one_vial_alternating,2026-05-01 19:51:51.013,next,0,9713,zDBwOoUuYuVxHn60tUDl,4
69c0095c37898493ec7e5a89,69c0095c37898493ec7e5a89_1777665086531,one_vial_alternating,2026-05-01 19:51:55.199,next,0,4185,dRKNVRdxJc4H8bP7W4Kh,5
69c0095c37898493ec7e5a89,69c0095c37898493ec7e5a89_1777665086531,one_vial_alternating,2026-05-01 19:52:00.623,next,0,5420,EbmeIZZ7s81mrg6p91cd,6
69c0095c37898493ec7e5a89,69c0095c37898493ec7e5a89_1777665086531,one_vial_alternating,2026-05-01 19:52:10.219,next,0,9601,KQzYxetGzsAXzAoKCHQy,7
69c0095c37898493ec7e5a89,69c0095c37898493ec7e5a89_1777665086531,one_vial_alternating,2026-05-01 19:52:13.134,next,0,2913,nqB6RR39i4oyfNk6JrcE,8
69c0095c37898493ec7e5a89,69c0095c37898493ec7e5a89_1777665086531,one_vial_alternating,2026-05-01 19:52:23.047,next,0,9911,dJcc4IBpe7SJQsmuizMJ,9
69c0095c37898493ec7e5a89,69c0095c37898493ec7e5a89_1777665086531,one_vial_alternating,2026-05-01 19:52:32.905,next,0,9863,nyFViH5aeUfXYZNMFYbV,10
69c0095c37898493ec7e5a89,69c0095c37898493ec7e5a89_1777665086531,one_vial_alternating,2026-05-01 19:52:37.525,next,0,4620,sZnxVVAYvyDQ5xF4K81G,11
69c0095c37898493ec7e5a89,69c0095c37898493ec7e5a89_1777665086531,one_vial_alternating,2026-05-01 19:52:49.110,next,0,11582,bO3FycfYiRmPitHG56mT,12
69c0095c37898493ec7e5a89,69c0095c37898493ec7e5a89_1777665086531,one_vial_alternating,2026-05-01 19:52:54.353,next,0,5242,e0Vo7nerpiyQzGOBOqJn,13
69c0095c37898493ec7e5a89,69c0095c37898493ec7e5a89_1777665086531,one_vial_alternating,2026-05-01 19:52:57.915,next,0,3566,Pxnd8vpZ3uhRoR4vNWCu,14
69c0095c37898493ec7e5a89,69c0095c37898493ec7e5a89_1777665086531,one_vial_alternating,2026-05-01 19:53:01.803,next,0,3885,V4r3ccl9ezambeJi5OvL,15
69c0095c37898493ec7e5a89,69c0095c37898493ec7e5a89_1777665086531,one_vial_alternating,2026-05-01 19:53:05.659,next,0,3858,JYjAijGLKhGp8yZo3Shc,16
69c0095c37898493ec7e5a89,69c0095c37898493ec7e5a89_1777665086531,one_vial_alternating,2026-05-01 19:53:08.701,next,0,3042,PzRIq5RLW1iza9jCFoYa,17
69c0095c37898493ec7e5a89,69c0095c37898493ec7e5a89_1777665086531,one_vial_alternating,2026-05-01 19:53:11.697,next,0,2995,j2MgMMvjVLSMalrKrPVF,18
69c0095c37898493ec7e5a89,69c0095c37898493ec7e5a89_1777665086531,one_vial_alternating,2026-05-01 19:53:15.579,next,0,3881,5Dmy7o8wDbmXqXFS0zqq,19
69c0095c37898493ec7e5a89,69c0095c37898493ec7e5a89_1777665086531,one_vial_alternating,2026-05-01 19:53:18.587,next,0,3010,WHlM9aipoRdAL9yZ81FZ,20
69c0095c37898493ec7e5a89,69c0095c37898493ec7e5a89_1777665086531,one_vial_alternating,2026-05-01 19:53:26.271,next,0,7684,bB4c33gNpiDbrpV2giw0,21
69c0095c37898493ec7e5a89,69c0095c37898493ec7e5a89_1777665086531,one_vial_alternating,2026-05-01 19:53:31.942,next,0,5667,zU62z3aYizMBumXZ8s8O,22
69c0095c37898493ec7e5a89,69c0095c37898493ec7e5a89_1777665086531,one_vial_alternating,2026-05-01 19:53:41.007,next,1,9069,307yO3EVvEiZ9xCFq3h8,23
69c0095c37898493ec7e5a89,69c0095c37898493ec7e5a89_1777665086531,one_vial_alternating,2026-05-01 19:54:08.857,redirect-correct,0,27846,8LfuEvfyFBhmQKHMmyw5,24
69c0095c37898493ec7e5a89,69c0095c37898493ec7e5a89_1777665086531,one_vial_alternating,2026-05-01 19:54:12.160,next,0,3306,ZhzgnM07SlVpuaP7dGtY,25
69c0095c37898493ec7e5a89,69c0095c37898493ec7e5a89_1777665086531,one_vial_alternating,2026-05-01 19:54:20.384,next,0,8225,lGTmyjSKWPFHibbxH2mO,26
69c0095c37898493ec7e5a89,69c0095c37898493ec7e5a89_1777665086531,one_vial_alternating,2026-05-01 19:54:25.566,next,0,5180,iTUpDvw3sJMAK8aELLTk,27
69c0095c37898493ec7e5a89,69c0095c37898493ec7e5a89_1777665086531,one_vial_alternating,2026-05-01 19:54:38.348,next,0,12785,nBkccYtIXGdYKGX2fBfB,28
69c0095c37898493ec7e5a89,69c0095c37898493ec7e5a89_1777665086531,one_vial_alternating,2026-05-01 19:54:43.710,next,0,5364,Y7rTBbShWvtiKewBo8i1,29
69c0095c37898493ec7e5a89,69c0095c37898493ec7e5a89_1777665086531,one_vial_alternating,2026-05-01 19:54:52.848,next,0,9132,bPQVs9LdF5D27pjGxSA1,30
69c0095c37898493ec7e5a89,69c0095c37898493ec7e5a89_1777665086531,one_vial_alternating,2026-05-01 19:55:05.143,next,0,12300,aCt526F5zrxxcjB1na5G,31
69c0095c37898493ec7e5a89,69c0095c37898493ec7e5a89_1777665086531,one_vial_alternating,2026-05-01 19:55:33.819,next,0,28674,xbSoiYfXPhDf9WdRgREO,32
69c0095c37898493ec7e5a89,69c0095c37898493ec7e5a89_1777665086531,one_vial_alternating,2026-05-01 19:55:39.415,next,0,5598,zJZ8hg66DLxpAQC1wzER,33
69c0095c37898493ec7e5a89,69c0095c37898493ec7e5a89_1777665086531,one_vial_alternating,2026-05-01 19:55:43.813,next,0,4396,HUnjqyS35ORWVuTf2tD5,34
69c0095c37898493ec7e5a89,69c0095c37898493ec7e5a89_1777665086531,one_vial_alternating,2026-05-01 19:55:49.249,next,0,5439,MaJ4IqaufsLIjYja4lWV,35
69c0095c37898493ec7e5a89,69c0095c37898493ec7e5a89_1777665086531,one_vial_alternating,2026-05-01 19:55:52.334,next,1,3087,bViLmfQeLwaBvd61ltqA,36
69c0095c37898493ec7e5a89,69c0095c37898493ec7e5a89_1777665086531,one_vial_alternating,2026-05-01 19:56:47.711,redirect-incorrect,0,55335,eJLo5JtbzotqKmrvUUuW,33
69c0095c37898493ec7e5a89,69c0095c37898493ec7e5a89_1777665086531,one_vial_alternating,2026-05-01 19:56:54.165,next,0,6489,VFzkPI7Rncp2Yajyw87O,34
69c0095c37898493ec7e5a89,69c0095c37898493ec7e5a89_1777665086531,one_vial_alternating,2026-05-01 19:56:57.546,next,0,3386,EkTpIRKAV2jJWCJHmqOu,35
69c0095c37898493ec7e5a89,69c0095c37898493ec7e5a89_1777665086531,one_vial_alternating,2026-05-01 19:57:00.342,next,1,2796,O0d6rRXQQbH38zzbyJsa,36
69c0095c37898493ec7e5a89,69c0095c37898493ec7e5a89_1777665086531,one_vial_alternating,2026-05-01 19:57:52.142,prev,0,51801,b7aGWy8ZYq9HXTCI3IOm,35
69c0095c37898493ec7e5a89,69c0095c37898493ec7e5a89_1777665086531,one_vial_alternating,2026-05-01 19:57:53.755,prev,0,1604,8i5HQpvSG9EbCn5c1c44,34
69c0095c37898493ec7e5a89,69c0095c37898493ec7e5a89_1777665086531,one_vial_alternating,2026-05-01 19:57:55.636,prev,0,1887,2Mkr1kYrJFQWO1yHAxec,33
69c0095c37898493ec7e5a89,69c0095c37898493ec7e5a89_1777665086531,one_vial_alternating,2026-05-01 19:58:00.502,prev,0,4866,GDBycGksCAnRJweOTjEQ,32
69c0095c37898493ec7e5a89,69c0095c37898493ec7e5a89_1777665086531,one_vial_alternating,2026-05-01 19:58:02.624,prev,0,2126,Gaw6zhTHdI3Idb0FZ8Ho,31
69c0095c37898493ec7e5a89,69c0095c37898493ec7e5a89_1777665086531,one_vial_alternating,2026-05-01 19:58:07.501,next,0,4877,5F6RJOsMBsgLLhDTTJXh,32
69c0095c37898493ec7e5a89,69c0095c37898493ec7e5a89_1777665086531,one_vial_alternating,2026-05-01 19:58:11.006,next,0,3504,2rIgcMyDTadNJPzP8U9G,33
69c0095c37898493ec7e5a89,69c0095c37898493ec7e5a89_1777665086531,one_vial_alternating,2026-05-01 19:58:17.301,next,0,6294,GJG38xg3lLQBmGa7PrHr,34
69c0095c37898493ec7e5a89,69c0095c37898493ec7e5a89_1777665086531,one_vial_alternating,2026-05-01 19:58:24.097,next,0,6797,yMC5OOy6Grofy0op21XE,35
69c0095c37898493ec7e5a89,69c0095c37898493ec7e5a89_1777665086531,one_vial_alternating,2026-05-01 19:58:56.972,next,1,32871,knG1KdjiKeydMru9uTgB,36
69c9bf858933c0f904fdc224,69c9bf858933c0f904fdc224_1777747145784,one_vial_alternating,2026-05-02 18:39:16.373,initial,0,,2ICD6FHvmbeerHBs9cPJ,1
69c9bf858933c0f904fdc224,69c9bf858933c0f904fdc224_1777747145784,one_vial_alternating,2026-05-02 18:39:27.378,next,0,11007,Gj4htjpQ7iJGYpeGkqrQ,2
69c9bf858933c0f904fdc224,69c9bf858933c0f904fdc224_1777747145784,one_vial_alternating,2026-05-02 18:39:31.883,next,0,4491,HdvtyrCFX5QFEXnbOYWX,3
69c9bf858933c0f904fdc224,69c9bf858933c0f904fdc224_1777747145784,one_vial_alternating,2026-05-02 18:39:36.701,next,0,4829,2AWeCsaVSaYVKSpApuwy,4
69c9bf858933c0f904fdc224,69c9bf858933c0f904fdc224_1777747145784,one_vial_alternating,2026-05-02 18:39:44.964,next,0,8266,dUfZ7OrV1zwTYZj0Xo2q,5
69c9bf858933c0f904fdc224,69c9bf858933c0f904fdc224_1777747145784,one_vial_alternating,2026-05-02 18:39:56.776,next,0,11813,hsl77wjs8SoBm4COPmWy,6
69c9bf858933c0f904fdc224,69c9bf858933c0f904fdc224_1777747145784,one_vial_alternating,2026-05-02 18:40:03.544,next,0,6756,MLqmusl6f1HqukS2CL9T,7
69c9bf858933c0f904fdc224,69c9bf858933c0f904fdc224_1777747145784,one_vial_alternating,2026-05-02 18:40:07.233,next,0,3696,rBvzsMnFwIzWLD8POgJ3,8
69c9bf858933c0f904fdc224,69c9bf858933c0f904fdc224_1777747145784,one_vial_alternating,2026-05-02 18:40:10.303,next,0,3072,ZJyNrgQMMxDfKKwwbu6d,9
69c9bf858933c0f904fdc224,69c9bf858933c0f904fdc224_1777747145784,one_vial_alternating,2026-05-02 18:40:15.869,next,0,5567,eEmsHhCqy2aw5dPmrRdt,10
69c9bf858933c0f904fdc224,69c9bf858933c0f904fdc224_1777747145784,one_vial_alternating,2026-05-02 18:40:19.686,next,0,3817,kNiMYxCrbpaR4KgBkhYG,11
69c9bf858933c0f904fdc224,69c9bf858933c0f904fdc224_1777747145784,one_vial_alternating,2026-05-02 18:40:22.940,next,0,3252,uIK5hHHdHpemdbTwrYnW,12
69c9bf858933c0f904fdc224,69c9bf858933c0f904fdc224_1777747145784,one_vial_alternating,2026-05-02 18:40:26.720,next,0,3779,wKz47SDjtec9UkEGNw7m,13
69c9bf858933c0f904fdc224,69c9bf858933c0f904fdc224_1777747145784,one_vial_alternating,2026-05-02 18:40:30.570,next,0,3848,uGlW4VeArTFkG6O0JB6t,14
69c9bf858933c0f904fdc224,69c9bf858933c0f904fdc224_1777747145784,one_vial_alternating,2026-05-02 18:40:33.721,next,0,3160,hXyzzJEaERd9pkXaL0SJ,15
69c9bf858933c0f904fdc224,69c9bf858933c0f904fdc224_1777747145784,one_vial_alternating,2026-05-02 18:40:36.940,next,0,3217,5AFTTQelyOWzNGrgoIBM,16
69c9bf858933c0f904fdc224,69c9bf858933c0f904fdc224_1777747145784,one_vial_alternating,2026-05-02 18:40:42.185,next,0,5245,6Hk6UkSZfoc58o5Pwav5,17
69c9bf858933c0f904fdc224,69c9bf858933c0f904fdc224_1777747145784,one_vial_alternating,2026-05-02 18:40:45.162,next,0,2973,Yww7XRXgOD4xDSERdKEP,18
69c9bf858933c0f904fdc224,69c9bf858933c0f904fdc224_1777747145784,one_vial_alternating,2026-05-02 18:40:48.155,next,0,2994,EUwa4leQOqxmCMeZXOCl,19
69c9bf858933c0f904fdc224,69c9bf858933c0f904fdc224_1777747145784,one_vial_alternating,2026-05-02 18:40:51.080,next,0,2930,eaZFtg1MrjJS87LuJqi8,20
69c9bf858933c0f904fdc224,69c9bf858933c0f904fdc224_1777747145784,one_vial_alternating,2026-05-02 18:40:56.596,next,0,5507,YJwE0Cc22H0jfTiRbP0t,21
69c9bf858933c0f904fdc224,69c9bf858933c0f904fdc224_1777747145784,one_vial_alternating,2026-05-02 18:40:59.999,next,0,3399,6E1tlN3tMzi5mH3IE8HC,22
69c9bf858933c0f904fdc224,69c9bf858933c0f904fdc224_1777747145784,one_vial_alternating,2026-05-02 18:41:09.806,next,1,9819,Wey43pNU2yqPu9hJDSm6,23
69c9bf858933c0f904fdc224,69c9bf858933c0f904fdc224_1777747145784,one_vial_alternating,2026-05-02 18:41:50.225,redirect-correct,0,40415,V7g3uHdnL76FNoY76UFA,24
69c9bf858933c0f904fdc224,69c9bf858933c0f904fdc224_1777747145784,one_vial_alternating,2026-05-02 18:41:52.803,next,0,2579,NXnPF5RQfJ15GKWofwPG,25
69c9bf858933c0f904fdc224,69c9bf858933c0f904fdc224_1777747145784,one_vial_alternating,2026-05-02 18:41:59.068,next,0,6268,DFMkQmDTpAVAoT3wwaWU,26
69c9bf858933c0f904fdc224,69c9bf858933c0f904fdc224_1777747145784,one_vial_alternating,2026-05-02 18:42:03.025,next,0,3943,eqiroQR2uUvvBQpFCEd5,27
69c9bf858933c0f904fdc224,69c9bf858933c0f904fdc224_1777747145784,one_vial_alternating,2026-05-02 18:42:03.343,next,0,120,3U4fQbD1UeOP2vLeSDg7,27
69c9bf858933c0f904fdc224,69c9bf858933c0f904fdc224_1777747145784,one_vial_alternating,2026-05-02 18:42:07.749,next,0,4608,LJzBVwGhTNagxGJTkqVk,28
69c9bf858933c0f904fdc224,69c9bf858933c0f904fdc224_1777747145784,one_vial_alternating,2026-05-02 18:42:14.095,next,0,6351,J7Oth8HASyvPglyW3kGe,29
69c9bf858933c0f904fdc224,69c9bf858933c0f904fdc224_1777747145784,one_vial_alternating,2026-05-02 18:42:22.993,next,0,8906,3aHOTr62dPRpISmKyOIt,30
69c9bf858933c0f904fdc224,69c9bf858933c0f904fdc224_1777747145784,one_vial_alternating,2026-05-02 18:42:31.401,next,0,8399,Dw1Ygq0gp3xRxTWtwj9I,31
69c9bf858933c0f904fdc224,69c9bf858933c0f904fdc224_1777747145784,one_vial_alternating,2026-05-02 18:42:41.415,next,0,10015,hs44LfAEdaTSJYx4LggE,32
69c9bf858933c0f904fdc224,69c9bf858933c0f904fdc224_1777747145784,one_vial_alternating,2026-05-02 18:42:46.529,next,0,5102,b9r3sscV5zpAnsPy5VA3,33
69c9bf858933c0f904fdc224,69c9bf858933c0f904fdc224_1777747145784,one_vial_alternating,2026-05-02 18:42:49.131,next,0,2614,TOeVTHqOONr7JYefP1rk,34
69c9bf858933c0f904fdc224,69c9bf858933c0f904fdc224_1777747145784,one_vial_alternating,2026-05-02 18:42:52.564,next,0,3438,Lq0SN8tinf1QmJic9iXa,35
69c9bf858933c0f904fdc224,69c9bf858933c0f904fdc224_1777747145784,one_vial_alternating,2026-05-02 18:43:28.382,next,1,35815,ShyJVnVwJrVooI2w3xEi,36
69c9bf858933c0f904fdc224,69c9bf858933c0f904fdc224_1777747145784,one_vial_alternating,2026-05-02 18:44:46.995,redirect-incorrect,0,78617,7xsQkDN4VMBWzWGSDQOn,33
69c9bf858933c0f904fdc224,69c9bf858933c0f904fdc224_1777747145784,one_vial_alternating,2026-05-02 18:44:51.695,next,0,4692,8AP942ojLUWhAdgq4ZnR,34
69c9bf858933c0f904fdc224,69c9bf858933c0f904fdc224_1777747145784,one_vial_alternating,2026-05-02 18:44:55.543,next,0,3856,aiR3aNvUv5snU5dynVCo,35
69c9bf858933c0f904fdc224,69c9bf858933c0f904fdc224_1777747145784,one_vial_alternating,2026-05-02 18:45:05.759,next,1,10210,OH8NS1yVYUdgAiumZX0A,36
69d8b313ae434f632a305c9b,69d8b313ae434f632a305c9b_1777666920688,one_vial_alternating,2026-05-01 20:22:50.588,initial,0,,88Q6aoaeI2qyeHrqZKpA,1
69d8b313ae434f632a305c9b,69d8b313ae434f632a305c9b_1777666920688,one_vial_alternating,2026-05-01 20:23:22.855,next,0,32269,el9ZDC11MwjSsEQdXWOV,2
69d8b313ae434f632a305c9b,69d8b313ae434f632a305c9b_1777666920688,one_vial_alternating,2026-05-01 20:23:26.588,next,0,3748,pEgauzhbRtNX1LeWyrAF,3
69d8b313ae434f632a305c9b,69d8b313ae434f632a305c9b_1777666920688,one_vial_alternating,2026-05-01 20:23:41.932,prev,0,15339,1TPeNcGZECogoAuUoHDT,2
69d8b313ae434f632a305c9b,69d8b313ae434f632a305c9b_1777666920688,one_vial_alternating,2026-05-01 20:23:45.258,prev,0,3320,Fq1FLPdneBRCLaHqELRd,1
69d8b313ae434f632a305c9b,69d8b313ae434f632a305c9b_1777666920688,one_vial_alternating,2026-05-01 20:23:49.205,next,0,3921,YYLQeCkzfGYNkCks8YdR,2
69d8b313ae434f632a305c9b,69d8b313ae434f632a305c9b_1777666920688,one_vial_alternating,2026-05-01 20:23:52.747,next,0,3565,nSR3wPrwdS0MfgqM9cKB,3
69d8b313ae434f632a305c9b,69d8b313ae434f632a305c9b_1777666920688,one_vial_alternating,2026-05-01 20:24:03.075,next,0,10329,q2M0MOGqAo6ZnN4iYhsy,4
69d8b313ae434f632a305c9b,69d8b313ae434f632a305c9b_1777666920688,one_vial_alternating,2026-05-01 20:24:10.392,next,0,7250,ExjzGJn4HNNF56L9A6dK,5
69d8b313ae434f632a305c9b,69d8b313ae434f632a305c9b_1777666920688,one_vial_alternating,2026-05-01 20:24:20.800,next,0,10472,S3F5T4cnxiGgSOwWs8lF,6
69d8b313ae434f632a305c9b,69d8b313ae434f632a305c9b_1777666920688,one_vial_alternating,2026-05-01 20:24:28.841,next,0,8046,YyIsBX5LAGQ3XXjrssKv,7
69d8b313ae434f632a305c9b,69d8b313ae434f632a305c9b_1777666920688,one_vial_alternating,2026-05-01 20:24:33.080,next,0,4239,cv1TmBVl3zi4doFT3ARM,8
69d8b313ae434f632a305c9b,69d8b313ae434f632a305c9b_1777666920688,one_vial_alternating,2026-05-01 20:24:46.792,next,0,13619,tpl4TWDeXfc2on3lwynQ,9
69d8b313ae434f632a305c9b,69d8b313ae434f632a305c9b_1777666920688,one_vial_alternating,2026-05-01 20:24:59.836,next,0,13096,pqdH8t43bkSvfDKg8JzA,10
69d8b313ae434f632a305c9b,69d8b313ae434f632a305c9b_1777666920688,one_vial_alternating,2026-05-01 20:25:32.047,next,0,32242,Rm5xS9lem4BphBIs1d29,11
69d8b313ae434f632a305c9b,69d8b313ae434f632a305c9b_1777666920688,one_vial_alternating,2026-05-01 20:25:38.528,next,0,6476,nVqe1kDLhysGpNbdvRU3,12
69d8b313ae434f632a305c9b,69d8b313ae434f632a305c9b_1777666920688,one_vial_alternating,2026-05-01 20:25:44.083,next,0,5550,4ybLYoKZMxZiErWXk1Cc,13
69d8b313ae434f632a305c9b,69d8b313ae434f632a305c9b_1777666920688,one_vial_alternating,2026-05-01 20:25:49.426,next,0,5257,J8Ma3Shkx8WxBFThw4Ou,14
69d8b313ae434f632a305c9b,69d8b313ae434f632a305c9b_1777666920688,one_vial_alternating,2026-05-01 20:26:01.164,next,0,11854,ETX7BBltmi67Zn7dnkcE,15
69d8b313ae434f632a305c9b,69d8b313ae434f632a305c9b_1777666920688,one_vial_alternating,2026-05-01 20:26:05.837,next,0,4663,KIt7DNKBbfihawWgTcNy,16
69d8b313ae434f632a305c9b,69d8b313ae434f632a305c9b_1777666920688,one_vial_alternating,2026-05-01 20:26:12.416,next,0,6573,2gQldENbbEdNPrtpw2r7,17
69d8b313ae434f632a305c9b,69d8b313ae434f632a305c9b_1777666920688,one_vial_alternating,2026-05-01 20:26:18.509,next,0,6085,t0XM490xLa07YaUJnFW2,18
69d8b313ae434f632a305c9b,69d8b313ae434f632a305c9b_1777666920688,one_vial_alternating,2026-05-01 20:26:23.840,next,0,5349,5FusEdt7HkvAP3wCMIe0,19
69d8b313ae434f632a305c9b,69d8b313ae434f632a305c9b_1777666920688,one_vial_alternating,2026-05-01 20:26:29.582,next,0,5731,71U8QxDcd2zQbGi9M5S3,20
69d8b313ae434f632a305c9b,69d8b313ae434f632a305c9b_1777666920688,one_vial_alternating,2026-05-01 20:26:40.367,next,0,10789,ItIDmnqska1eGlFfFKNL,21
69d8b313ae434f632a305c9b,69d8b313ae434f632a305c9b_1777666920688,one_vial_alternating,2026-05-01 20:26:49.833,next,0,9447,jFTF0Mtneh64IkU8Lkfl,22
69d8b313ae434f632a305c9b,69d8b313ae434f632a305c9b_1777666920688,one_vial_alternating,2026-05-01 20:26:57.815,next,1,7964,uMDt5CiqoYwffgicc73q,23
69d8b313ae434f632a305c9b,69d8b313ae434f632a305c9b_1777666920688,one_vial_alternating,2026-05-01 20:28:54.238,redirect-correct,0,116423,RL9CKpOHrnSAun2WOPPn,24
69d8b313ae434f632a305c9b,69d8b313ae434f632a305c9b_1777666920688,one_vial_alternating,2026-05-01 20:29:03.515,next,0,9239,Yeri1LRWk1mcdKC0HdLP,25
69d8b313ae434f632a305c9b,69d8b313ae434f632a305c9b_1777666920688,one_vial_alternating,2026-05-01 20:29:25.065,next,0,21635,wcgtrBSY4dAh2Dgk382v,26
69d8b313ae434f632a305c9b,69d8b313ae434f632a305c9b_1777666920688,one_vial_alternating,2026-05-01 20:29:33.942,next,0,8886,xek3l1YOzGxQyuHCHqx7,27
69d8b313ae434f632a305c9b,69d8b313ae434f632a305c9b_1777666920688,one_vial_alternating,2026-05-01 20:29:40.889,next,0,6885,KLE5mJw9AUxHz8mcawhZ,28
69d8b313ae434f632a305c9b,69d8b313ae434f632a305c9b_1777666920688,one_vial_alternating,2026-05-01 20:29:45.907,next,0,5048,OjgaAybb2bnm7xtDgXNz,29
69d8b313ae434f632a305c9b,69d8b313ae434f632a305c9b_1777666920688,one_vial_alternating,2026-05-01 20:29:54.174,next,0,8264,NeR996VuCnMMSriTFpMn,30
69d8b313ae434f632a305c9b,69d8b313ae434f632a305c9b_1777666920688,one_vial_alternating,2026-05-01 20:30:02.040,next,0,7887,85g0Sw70V50hUJBzdFWd,31
69d8b313ae434f632a305c9b,69d8b313ae434f632a305c9b_1777666920688,one_vial_alternating,2026-05-01 20:30:18.541,next,0,16484,tnGT3ULmyponlxoH2b4Q,32
69d8b313ae434f632a305c9b,69d8b313ae434f632a305c9b_1777666920688,one_vial_alternating,2026-05-01 20:30:26.452,next,0,7926,VkdHcIwbv9lRuLhoBX7w,33
69d8b313ae434f632a305c9b,69d8b313ae434f632a305c9b_1777666920688,one_vial_alternating,2026-05-01 20:30:33.328,next,0,6874,S9ICirD5muAyTckGeLaN,34
69d8b313ae434f632a305c9b,69d8b313ae434f632a305c9b_1777666920688,one_vial_alternating,2026-05-01 20:30:41.490,next,0,8153,9SgLawM3u43jggbxE4eS,35
69d8b313ae434f632a305c9b,69d8b313ae434f632a305c9b_1777666920688,one_vial_alternating,2026-05-01 20:30:55.670,next,1,14191,5sJ4T5gFGrGJ1o5BOQSR,36
69d8b313ae434f632a305c9b,69d8b313ae434f632a305c9b_1777666920688,one_vial_alternating,2026-05-01 20:33:08.150,redirect-correct,0,132445,6IMeOctffQsFzjKgLXvJ,37
69d8b313ae434f632a305c9b,69d8b313ae434f632a305c9b_1777666920688,one_vial_alternating,2026-05-01 20:33:16.009,next,0,7899,QTrQqenzdAaDpbVUL9Sr,38
69d8b313ae434f632a305c9b,69d8b313ae434f632a305c9b_1777666920688,one_vial_alternating,2026-05-01 20:33:20.623,next,0,4588,EghIgdk8Bp8HMzeeqDCr,39
69d8b313ae434f632a305c9b,69d8b313ae434f632a305c9b_1777666920688,one_vial_alternating,2026-05-01 20:33:26.279,next,1,5690,VBx6ggyCk7vab2zRoasw,40
69d8b313ae434f632a305c9b,69d8b313ae434f632a305c9b_1777666920688,one_vial_alternating,2026-05-01 20:33:46.595,redirect-correct,0,20270,nxUfc7339KccYzcA0KMq,41
69d8b313ae434f632a305c9b,69d8b313ae434f632a305c9b_1777666920688,one_vial_alternating,2026-05-01 20:33:52.057,next,0,5498,ntueSZUvkPK5HTndwESU,42
69d8c0b57598af78eb63225f,69d8c0b57598af78eb63225f_1777672040341,one_vial_alternating,2026-05-01 21:47:37.781,initial,0,,gJeSYnlbQXOwlldy5S1M,1
69d8c0b57598af78eb63225f,69d8c0b57598af78eb63225f_1777672040341,one_vial_alternating,2026-05-01 21:47:41.648,next,0,3875,Li2z1TbjXQ2yGY1HWbNd,2
69d8c0b57598af78eb63225f,69d8c0b57598af78eb63225f_1777672040341,one_vial_alternating,2026-05-01 21:47:47.933,next,0,6283,b9YvIV28kGQXAFv0qzD5,3
69d8c0b57598af78eb63225f,69d8c0b57598af78eb63225f_1777672040341,one_vial_alternating,2026-05-01 21:48:03.643,next,0,15711,5bxqXfGxNz7iiQOSLwuM,4
69d8c0b57598af78eb63225f,69d8c0b57598af78eb63225f_1777672040341,one_vial_alternating,2026-05-01 21:48:12.557,next,0,8909,xWeNOz23yLoXa6jVroPg,5
69d8c0b57598af78eb63225f,69d8c0b57598af78eb63225f_1777672040341,one_vial_alternating,2026-05-01 21:48:21.468,next,0,8914,DDUmHYr37pEyUfQOGTJH,6
69d8c0b57598af78eb63225f,69d8c0b57598af78eb63225f_1777672040341,one_vial_alternating,2026-05-01 21:48:38.689,next,0,17216,k3V4tGT10itWfW29qcH7,7
69d8c0b57598af78eb63225f,69d8c0b57598af78eb63225f_1777672040341,one_vial_alternating,2026-05-01 21:48:41.921,next,0,3241,bxZrOCiChLp1j7DlpkRU,8
69d8c0b57598af78eb63225f,69d8c0b57598af78eb63225f_1777672040341,one_vial_alternating,2026-05-01 21:48:49.825,next,0,7898,4Srysa7sYAN7IRQDRCA4,9
69d8c0b57598af78eb63225f,69d8c0b57598af78eb63225f_1777672040341,one_vial_alternating,2026-05-01 21:49:01.447,next,0,11628,uDueU7QyWQDerxGpAcZX,10
69d8c0b57598af78eb63225f,69d8c0b57598af78eb63225f_1777672040341,one_vial_alternating,2026-05-01 21:49:07.880,next,0,6433,M8eCti3kj3mjAqEO000O,11
69d8c0b57598af78eb63225f,69d8c0b57598af78eb63225f_1777672040341,one_vial_alternating,2026-05-01 21:49:19.219,next,0,11339,JtwpCFf137Yzb7yawXk1,12
69d8c0b57598af78eb63225f,69d8c0b57598af78eb63225f_1777672040341,one_vial_alternating,2026-05-01 21:49:28.083,next,0,8866,HO8fBIiWhOc5hwQHMdMK,13
69d8c0b57598af78eb63225f,69d8c0b57598af78eb63225f_1777672040341,one_vial_alternating,2026-05-01 21:49:33.286,next,0,5202,Mc0bNBFFoKfh0zT6WGwk,14
69d8c0b57598af78eb63225f,69d8c0b57598af78eb63225f_1777672040341,one_vial_alternating,2026-05-01 21:49:39.642,next,0,6355,IbbGGU2fOLZCEXGpP9y7,15
69d8c0b57598af78eb63225f,69d8c0b57598af78eb63225f_1777672040341,one_vial_alternating,2026-05-01 21:49:42.825,next,0,3182,3KAFb578mjx0bnEfd1Dh,16
69d8c0b57598af78eb63225f,69d8c0b57598af78eb63225f_1777672040341,one_vial_alternating,2026-05-01 21:49:47.285,next,0,4461,FhPSQBuay3NOVJSbcPPH,17
69d8c0b57598af78eb63225f,69d8c0b57598af78eb63225f_1777672040341,one_vial_alternating,2026-05-01 21:49:50.479,next,0,3190,QyAkbB2m8ziIgzqsY3No,18
69d8c0b57598af78eb63225f,69d8c0b57598af78eb63225f_1777672040341,one_vial_alternating,2026-05-01 21:49:55.215,next,0,4741,xiX7vCHkloVPDvRSV9OG,19
69d8c0b57598af78eb63225f,69d8c0b57598af78eb63225f_1777672040341,one_vial_alternating,2026-05-01 21:49:58.880,next,0,3656,ORXowGhPOFyO0y23bZhk,20
69d8c0b57598af78eb63225f,69d8c0b57598af78eb63225f_1777672040341,one_vial_alternating,2026-05-01 21:50:08.692,next,0,9820,o2KAv3ZdWgSAQJhKcMbu,21
69d8c0b57598af78eb63225f,69d8c0b57598af78eb63225f_1777672040341,one_vial_alternating,2026-05-01 21:50:18.210,next,0,9519,PCjNQVbLfodXbRdyFgVY,22
69d8c0b57598af78eb63225f,69d8c0b57598af78eb63225f_1777672040341,one_vial_alternating,2026-05-01 21:50:40.492,next,1,22280,fNw0JxN00EEsNlPgNfuZ,23
69d8c0b57598af78eb63225f,69d8c0b57598af78eb63225f_1777672040341,one_vial_alternating,2026-05-01 21:51:34.053,redirect-correct,0,53565,vc21SbiuKI5oyDLzcMsQ,24
69d8c0b57598af78eb63225f,69d8c0b57598af78eb63225f_1777672040341,one_vial_alternating,2026-05-01 21:51:39.234,next,0,5180,T4KjPBaTGSWKeEbdQz76,25
69d8c0b57598af78eb63225f,69d8c0b57598af78eb63225f_1777672040341,one_vial_alternating,2026-05-01 21:51:49.263,prev,0,10025,EGQHvKi0F3RPB5Kmjt66,24
69d8c0b57598af78eb63225f,69d8c0b57598af78eb63225f_1777672040341,one_vial_alternating,2026-05-01 21:51:55.239,next,0,5976,ZPWHL7GNUJW8cTvgyejN,25
69d8c0b57598af78eb63225f,69d8c0b57598af78eb63225f_1777672040341,one_vial_alternating,2026-05-01 21:51:58.273,next,0,3038,Bl3RH4XOG6yJ6l3jxjEl,26
69d8c0b57598af78eb63225f,69d8c0b57598af78eb63225f_1777672040341,one_vial_alternating,2026-05-01 21:52:08.381,next,0,10109,4X8ZjapyPmMBPd5CQO55,27
69d8c0b57598af78eb63225f,69d8c0b57598af78eb63225f_1777672040341,one_vial_alternating,2026-05-01 21:52:25.584,next,0,17200,YMC8oUJmO30MigyIMkVL,28
69d8c0b57598af78eb63225f,69d8c0b57598af78eb63225f_1777672040341,one_vial_alternating,2026-05-01 21:52:45.292,next,0,19703,z8j3YhEuRJ3ylbCheGFm,29
69d8c0b57598af78eb63225f,69d8c0b57598af78eb63225f_1777672040341,one_vial_alternating,2026-05-01 21:53:02.348,next,0,17063,xfhOBFAHtjb8eDKIbCGj,30
69d8c0b57598af78eb63225f,69d8c0b57598af78eb63225f_1777672040341,one_vial_alternating,2026-05-01 21:53:17.103,next,0,14725,cMvNZ7WvgLEsrf6Pw1kl,31
69d8c0b57598af78eb63225f,69d8c0b57598af78eb63225f_1777672040341,one_vial_alternating,2026-05-01 21:53:36.419,next,0,19346,TdPDE2vpXORNWvY9MwzQ,32
69d8c0b57598af78eb63225f,69d8c0b57598af78eb63225f_1777672040341,one_vial_alternating,2026-05-01 21:53:48.803,next,0,12376,JAU4Ss257GYvcwYqWfpk,33
69d8c0b57598af78eb63225f,69d8c0b57598af78eb63225f_1777672040341,one_vial_alternating,2026-05-01 21:54:03.791,next,0,14997,qRlKHDpOBVe6sobUn1Tm,34
69d8c0b57598af78eb63225f,69d8c0b57598af78eb63225f_1777672040341,one_vial_alternating,2026-05-01 21:54:13.244,next,0,9449,hfNtApWHFzLrwYkJCizP,35
69d8c0b57598af78eb63225f,69d8c0b57598af78eb63225f_1777672040341,one_vial_alternating,2026-05-01 21:56:13.546,next,1,118535,gwa95m3zd6HPemdxe3gX,36
69d8c0b57598af78eb63225f,69d8c0b57598af78eb63225f_1777672040341,one_vial_alternating,2026-05-01 21:58:18.942,redirect-incorrect,0,127161,GFvjMUaLPLjF0p18siuc,33
69d8c0b57598af78eb63225f,69d8c0b57598af78eb63225f_1777672040341,one_vial_alternating,2026-05-01 21:58:24.036,next,0,5101,Ggm8dsVOgmwM4k79TqVc,34
69d8c0b57598af78eb63225f,69d8c0b57598af78eb63225f_1777672040341,one_vial_alternating,2026-05-01 21:58:45.218,next,0,21186,Zp2hpivXN4KFyXq3KS1R,35
69d8c0b57598af78eb63225f,69d8c0b57598af78eb63225f_1777672040341,one_vial_alternating,2026-05-01 21:59:41.679,next,1,56460,m5jPHNUn6oKDrIpG6ZXc,36
69d8c0b57598af78eb63225f,69d8c0b57598af78eb63225f_1777672040341,one_vial_alternating,2026-05-01 22:01:03.030,redirect-correct,0,81349,ImzFsCj9V81k88M6JoDJ,37
69d8c0b57598af78eb63225f,69d8c0b57598af78eb63225f_1777672040341,one_vial_alternating,2026-05-01 22:01:11.190,next,0,8164,wXpFUVJ0LilAiJ7ouR7f,38
69d8c0b57598af78eb63225f,69d8c0b57598af78eb63225f_1777672040341,one_vial_alternating,2026-05-01 22:01:17.950,next,0,6757,GPLx6pHAgs2byNq9Q24o,39
69d8c0b57598af78eb63225f,69d8c0b57598af78eb63225f_1777672040341,one_vial_alternating,2026-05-01 22:02:10.410,next,1,52462,M4nWpKfV13ztHrH6ae51,40
69d8c0b57598af78eb63225f,69d8c0b57598af78eb63225f_1777672040341,one_vial_alternating,2026-05-01 22:02:20.681,redirect-correct,0,10271,oSvNBhukrTskIhAAQ3Mu,41
69d8c0b57598af78eb63225f,69d8c0b57598af78eb63225f_1777672040341,one_vial_alternating,2026-05-01 22:02:23.334,next,0,2656,KANogL5EhxlQiUhB650I,42
69dde72ce1c8108a83afd8f5,69dde72ce1c8108a83afd8f5_1777638308624,one_vial_alternating,2026-05-01 20:55:27.058,initial,0,,YKkHnwD161OD1auwCVPe,1
69dde72ce1c8108a83afd8f5,69dde72ce1c8108a83afd8f5_1777638308624,one_vial_alternating,2026-05-01 20:55:51.258,next,0,23997,lUj21aFT7NwzSqjjpDwC,2
69dde72ce1c8108a83afd8f5,69dde72ce1c8108a83afd8f5_1777638308624,one_vial_alternating,2026-05-01 20:55:57.498,next,0,6456,z6yHwSEjlyK5AfDWioY5,3
69dde72ce1c8108a83afd8f5,69dde72ce1c8108a83afd8f5_1777638308624,one_vial_alternating,2026-05-01 20:57:39.058,next,0,100799,rmizaA48WBtui07DlxAJ,4
69dde72ce1c8108a83afd8f5,69dde72ce1c8108a83afd8f5_1777638308624,one_vial_alternating,2026-05-01 20:58:20.679,next,0,42384,CCTkJhDo0eJQ8BGEvomM,5
69dde72ce1c8108a83afd8f5,69dde72ce1c8108a83afd8f5_1777638308624,one_vial_alternating,2026-05-01 20:58:53.778,next,0,33096,PJZEHj7HxMauZgkTJUNl,6
69dde72ce1c8108a83afd8f5,69dde72ce1c8108a83afd8f5_1777638308624,one_vial_alternating,2026-05-01 21:00:25.252,next,0,90735,Wkxn1ZITKTVdyKDlZ279,7
69dde72ce1c8108a83afd8f5,69dde72ce1c8108a83afd8f5_1777638308624,one_vial_alternating,2026-05-01 21:00:35.622,next,0,11104,jV2ZEUtH6r0r5YVOVS3H,8
69dde72ce1c8108a83afd8f5,69dde72ce1c8108a83afd8f5_1777638308624,one_vial_alternating,2026-05-01 21:01:08.322,next,0,32701,v0qnoNXyurjXGf0nXImI,9
69dde72ce1c8108a83afd8f5,69dde72ce1c8108a83afd8f5_1777638308624,one_vial_alternating,2026-05-01 21:01:36.777,next,0,28472,n0LWFDSTFlIvm07t4iPT,10
69dde72ce1c8108a83afd8f5,69dde72ce1c8108a83afd8f5_1777638308624,one_vial_alternating,2026-05-01 21:01:45.520,next,0,8727,QetR5ygUY747hzj0rQ8b,11
69dde72ce1c8108a83afd8f5,69dde72ce1c8108a83afd8f5_1777638308624,one_vial_alternating,2026-05-01 21:01:58.058,next,0,12539,CVixGxkCCZFNc1PAeWWN,12
69dde72ce1c8108a83afd8f5,69dde72ce1c8108a83afd8f5_1777638308624,one_vial_alternating,2026-05-01 21:02:07.362,next,0,9316,C91vSQiUbptCTJfkeHUQ,13
69dde72ce1c8108a83afd8f5,69dde72ce1c8108a83afd8f5_1777638308624,one_vial_alternating,2026-05-01 21:02:21.202,next,0,13836,vlUx499KwK2fHkEQRYIe,14
69dde72ce1c8108a83afd8f5,69dde72ce1c8108a83afd8f5_1777638308624,one_vial_alternating,2026-05-01 21:02:35.763,next,0,14554,ZDWKkLiqXLPKFTWJp2Et,15
69dde72ce1c8108a83afd8f5,69dde72ce1c8108a83afd8f5_1777638308624,one_vial_alternating,2026-05-01 21:02:42.957,next,0,7203,cWo0YIXpj7Zcu0kjpxJb,16
69dde72ce1c8108a83afd8f5,69dde72ce1c8108a83afd8f5_1777638308624,one_vial_alternating,2026-05-01 21:02:52.357,next,0,9366,bDvHF0Me9VDgamQS66wP,17
69dde72ce1c8108a83afd8f5,69dde72ce1c8108a83afd8f5_1777638308624,one_vial_alternating,2026-05-01 21:02:58.999,next,0,6681,KrsheEuMhZOZ62cx9ike,18
69dde72ce1c8108a83afd8f5,69dde72ce1c8108a83afd8f5_1777638308624,one_vial_alternating,2026-05-01 21:03:10.778,next,0,11762,VaqJWtrUKydywR8v2x10,19
69dde72ce1c8108a83afd8f5,69dde72ce1c8108a83afd8f5_1777638308624,one_vial_alternating,2026-05-01 21:03:17.658,next,0,6888,N287idw95HGk0gZkxWen,20
69dde72ce1c8108a83afd8f5,69dde72ce1c8108a83afd8f5_1777638308624,one_vial_alternating,2026-05-01 21:03:32.757,next,0,15103,4xio12m7Jcna6sBc2klC,21
69dde72ce1c8108a83afd8f5,69dde72ce1c8108a83afd8f5_1777638308624,one_vial_alternating,2026-05-01 21:03:42.857,next,0,10092,htIaAQ6T5Daq6f2HU2dG,22
69dde72ce1c8108a83afd8f5,69dde72ce1c8108a83afd8f5_1777638308624,one_vial_alternating,2026-05-01 21:03:59.497,next,1,16637,G0DQqMS8xLiZCFl32T4W,23
69dde72ce1c8108a83afd8f5,69dde72ce1c8108a83afd8f5_1777638308624,one_vial_alternating,2026-05-01 21:05:38.118,redirect-correct,0,98627,9myKYxtEWXYlybwRTZ7c,24
69dde72ce1c8108a83afd8f5,69dde72ce1c8108a83afd8f5_1777638308624,one_vial_alternating,2026-05-01 21:05:45.938,next,0,7823,E8f56nRsNw4pyjEeJQ8i,25
69dde72ce1c8108a83afd8f5,69dde72ce1c8108a83afd8f5_1777638308624,one_vial_alternating,2026-05-01 21:06:29.078,next,0,43127,rUetBdotzVjzCwHMcOLk,26
69dde72ce1c8108a83afd8f5,69dde72ce1c8108a83afd8f5_1777638308624,one_vial_alternating,2026-05-01 21:06:42.778,next,0,13679,U4iZVKF2dItd4tUinWO9,27
69dde72ce1c8108a83afd8f5,69dde72ce1c8108a83afd8f5_1777638308624,one_vial_alternating,2026-05-01 21:07:11.944,next,0,29192,tyvo6zIVSXowuteaYhlr,28
69dde72ce1c8108a83afd8f5,69dde72ce1c8108a83afd8f5_1777638308624,one_vial_alternating,2026-05-01 21:08:10.378,next,0,58448,IQq8mx6lvLFe3HhTXffQ,29
69dde72ce1c8108a83afd8f5,69dde72ce1c8108a83afd8f5_1777638308624,one_vial_alternating,2026-05-01 21:08:38.558,next,0,28177,fP9udYZLn6s1jzKCK6Hi,30
69dde72ce1c8108a83afd8f5,69dde72ce1c8108a83afd8f5_1777638308624,one_vial_alternating,2026-05-01 21:09:02.578,next,0,23959,SVEsYf7zPhWJYQjrlCji,31
69dde72ce1c8108a83afd8f5,69dde72ce1c8108a83afd8f5_1777638308624,one_vial_alternating,2026-05-01 21:09:26.303,next,0,23751,T0pVD632cht814JPEopA,32
69dde72ce1c8108a83afd8f5,69dde72ce1c8108a83afd8f5_1777638308624,one_vial_alternating,2026-05-01 21:09:51.358,next,0,25096,JKmivodVAdONXKMQZV3y,33
69dde72ce1c8108a83afd8f5,69dde72ce1c8108a83afd8f5_1777638308624,one_vial_alternating,2026-05-01 21:10:03.311,next,0,11944,NL6VcphQrB8abPhDxMpT,34
69dde72ce1c8108a83afd8f5,69dde72ce1c8108a83afd8f5_1777638308624,one_vial_alternating,2026-05-01 21:10:17.058,next,0,13752,FjeA7ox1bASKmyiYdMZp,35
69dde72ce1c8108a83afd8f5,69dde72ce1c8108a83afd8f5_1777638308624,one_vial_alternating,2026-05-01 21:10:30.758,next,1,13696,uQjj0y47chrObBZffx9E,36
69dde72ce1c8108a83afd8f5,69dde72ce1c8108a83afd8f5_1777638308624,one_vial_alternating,2026-05-01 21:13:24.198,redirect-correct,0,173449,TTdToYeKReBB3XyqiY3S,37
69dde72ce1c8108a83afd8f5,69dde72ce1c8108a83afd8f5_1777638308624,one_vial_alternating,2026-05-01 21:13:31.398,next,0,7214,hM1zmumxFi55dD5OXub6,38
69dde72ce1c8108a83afd8f5,69dde72ce1c8108a83afd8f5_1777638308624,one_vial_alternating,2026-05-01 21:13:41.678,next,0,10272,cLGdCCefAFfu6qn74wJS,39
69dde72ce1c8108a83afd8f5,69dde72ce1c8108a83afd8f5_1777638308624,one_vial_alternating,2026-05-01 21:14:43.878,next,1,61639,37kAO42UC05JfGOz7WkR,40
69dde72ce1c8108a83afd8f5,69dde72ce1c8108a83afd8f5_1777638308624,one_vial_alternating,2026-05-01 21:14:56.478,redirect-correct,0,13166,nt9wdDWrRZWIJA7qzf2S,41
69dde72ce1c8108a83afd8f5,69dde72ce1c8108a83afd8f5_1777638308624,one_vial_alternating,2026-05-01 21:15:25.383,next,0,28899,z47ueN94bqewES3X2eV4,42
69de403d1d0ec7a7e1390e9e,69de403d1d0ec7a7e1390e9e_1777670393020,one_vial_alternating,2026-05-01 21:20:51.116,initial,0,,LOasXRcfON0OutpbylF4,1
69de403d1d0ec7a7e1390e9e,69de403d1d0ec7a7e1390e9e_1777670393020,one_vial_alternating,2026-05-01 21:20:57.361,next,0,6255,9nbhKyZga0R8OSF1YdVb,2
69de403d1d0ec7a7e1390e9e,69de403d1d0ec7a7e1390e9e_1777670393020,one_vial_alternating,2026-05-01 21:21:05.362,next,0,7983,YWvzFb39UWXUxSQBoJSA,3
69de403d1d0ec7a7e1390e9e,69de403d1d0ec7a7e1390e9e_1777670393020,one_vial_alternating,2026-05-01 21:21:24.956,next,0,19597,XHuqtCH3Q9DQzlSRP6ft,4
69de403d1d0ec7a7e1390e9e,69de403d1d0ec7a7e1390e9e_1777670393020,one_vial_alternating,2026-05-01 21:21:36.667,next,0,11711,F7xjSQQVFrw33zTqcIVP,5
69de403d1d0ec7a7e1390e9e,69de403d1d0ec7a7e1390e9e_1777670393020,one_vial_alternating,2026-05-01 21:21:56.272,next,0,19580,WzL2TzX3yhBusoqZvdvM,6
69de403d1d0ec7a7e1390e9e,69de403d1d0ec7a7e1390e9e_1777670393020,one_vial_alternating,2026-05-01 21:22:09.191,next,0,12931,W1opwaUz5cPDV78myC82,7
69de403d1d0ec7a7e1390e9e,69de403d1d0ec7a7e1390e9e_1777670393020,one_vial_alternating,2026-05-01 21:22:13.090,next,0,3910,sCPkvXmYTOEWjODtwFAI,8
69de403d1d0ec7a7e1390e9e,69de403d1d0ec7a7e1390e9e_1777670393020,one_vial_alternating,2026-05-01 21:22:29.196,next,0,16108,6RvtUGVbMioC8sP2h6Y8,9
69de403d1d0ec7a7e1390e9e,69de403d1d0ec7a7e1390e9e_1777670393020,one_vial_alternating,2026-05-01 21:22:48.024,next,0,18825,RmmPTsQtKgRXAfROFq6A,10
69de403d1d0ec7a7e1390e9e,69de403d1d0ec7a7e1390e9e_1777670393020,one_vial_alternating,2026-05-01 21:22:56.977,next,0,8954,ceULKklwaAQK6TALr5Or,11
69de403d1d0ec7a7e1390e9e,69de403d1d0ec7a7e1390e9e_1777670393020,one_vial_alternating,2026-05-01 21:23:06.475,next,0,9498,IOkyNwszfPYIHuzOjuCt,12
69de403d1d0ec7a7e1390e9e,69de403d1d0ec7a7e1390e9e_1777670393020,one_vial_alternating,2026-05-01 21:23:15.056,next,0,8579,vuMJmvik1358b29xbmqE,13
69de403d1d0ec7a7e1390e9e,69de403d1d0ec7a7e1390e9e_1777670393020,one_vial_alternating,2026-05-01 21:23:21.666,next,0,6615,P3XCBEpn7ccC1IXaAUXP,14
69de403d1d0ec7a7e1390e9e,69de403d1d0ec7a7e1390e9e_1777670393020,one_vial_alternating,2026-05-01 21:23:31.417,next,0,9745,PuF8rsKD6aH3SYl2jhT0,15
69de403d1d0ec7a7e1390e9e,69de403d1d0ec7a7e1390e9e_1777670393020,one_vial_alternating,2026-05-01 21:23:35.719,next,0,4311,uZkXy961fotFsFedTKIH,16
69de403d1d0ec7a7e1390e9e,69de403d1d0ec7a7e1390e9e_1777670393020,one_vial_alternating,2026-05-01 21:23:39.708,next,0,3990,LRgpyHNyBmO2rVjtcecZ,17
69de403d1d0ec7a7e1390e9e,69de403d1d0ec7a7e1390e9e_1777670393020,one_vial_alternating,2026-05-01 21:23:44.422,next,0,4711,mO3oMqwEQch44m5xvSYR,18
69de403d1d0ec7a7e1390e9e,69de403d1d0ec7a7e1390e9e_1777670393020,one_vial_alternating,2026-05-01 21:23:48.638,next,0,4213,cd24IzPJ7jx1HdSHosKe,19
69de403d1d0ec7a7e1390e9e,69de403d1d0ec7a7e1390e9e_1777670393020,one_vial_alternating,2026-05-01 21:23:51.327,next,0,2704,9uBd7geAiS11r8zd5fm0,20
69de403d1d0ec7a7e1390e9e,69de403d1d0ec7a7e1390e9e_1777670393020,one_vial_alternating,2026-05-01 21:24:01.038,next,0,9708,iRiWQuvlvMrulStK0L5y,21
69de403d1d0ec7a7e1390e9e,69de403d1d0ec7a7e1390e9e_1777670393020,one_vial_alternating,2026-05-01 21:24:06.045,next,0,4992,czknMb7EY4WnoySI9wKv,22
69de403d1d0ec7a7e1390e9e,69de403d1d0ec7a7e1390e9e_1777670393020,one_vial_alternating,2026-05-01 21:24:24.805,next,1,18748,sxpedbNwmHXhCVf4bicL,23
69de403d1d0ec7a7e1390e9e,69de403d1d0ec7a7e1390e9e_1777670393020,one_vial_alternating,2026-05-01 21:25:41.210,redirect-incorrect,0,76390,13m5H5yRFL3pLEJuszuV,22
69de403d1d0ec7a7e1390e9e,69de403d1d0ec7a7e1390e9e_1777670393020,one_vial_alternating,2026-05-01 21:26:05.700,next,1,24505,15XscBJi1sgPTa2OFBVP,23
69de403d1d0ec7a7e1390e9e,69de403d1d0ec7a7e1390e9e_1777670393020,one_vial_alternating,2026-05-01 21:28:49.362,redirect-correct,0,163659,t4GzgL0xLz7ZNrLCHRpH,24
69de403d1d0ec7a7e1390e9e,69de403d1d0ec7a7e1390e9e_1777670393020,one_vial_alternating,2026-05-01 21:28:53.870,next,0,4499,L4IaYQh2xnABAMMosTHZ,25
69de403d1d0ec7a7e1390e9e,69de403d1d0ec7a7e1390e9e_1777670393020,one_vial_alternating,2026-05-01 21:29:02.037,next,0,8166,wmupsSp7BS0FUPh68N3O,26
69de403d1d0ec7a7e1390e9e,69de403d1d0ec7a7e1390e9e_1777670393020,one_vial_alternating,2026-05-01 21:29:06.413,next,0,4399,uiVYyH53aQWuRTuuqoTH,27
69de403d1d0ec7a7e1390e9e,69de403d1d0ec7a7e1390e9e_1777670393020,one_vial_alternating,2026-05-01 21:29:12.417,next,0,5980,tu66Kk9OcFpwGm2PyX4U,28
69de403d1d0ec7a7e1390e9e,69de403d1d0ec7a7e1390e9e_1777670393020,one_vial_alternating,2026-05-01 21:29:16.561,next,0,4159,DDzxw4VcRwBl0Pe5rwfH,29
69de403d1d0ec7a7e1390e9e,69de403d1d0ec7a7e1390e9e_1777670393020,one_vial_alternating,2026-05-01 21:29:22.949,next,0,6383,tLc7MV5neIFDtnNCBghk,30
69de403d1d0ec7a7e1390e9e,69de403d1d0ec7a7e1390e9e_1777670393020,one_vial_alternating,2026-05-01 21:29:26.356,next,0,3424,8qLo7uBzsnwwJdTe87F1,31
69de403d1d0ec7a7e1390e9e,69de403d1d0ec7a7e1390e9e_1777670393020,one_vial_alternating,2026-05-01 21:29:29.592,next,0,3224,g5Ewv9CuKOiO7UKHOXQj,32
69de403d1d0ec7a7e1390e9e,69de403d1d0ec7a7e1390e9e_1777670393020,one_vial_alternating,2026-05-01 21:29:34.271,next,0,4676,y7ZNY4CidfcELZv6W4ly,33
69de403d1d0ec7a7e1390e9e,69de403d1d0ec7a7e1390e9e_1777670393020,one_vial_alternating,2026-05-01 21:29:38.109,next,0,3828,L0Sby1s7mB1ldWWou8nB,34
69de403d1d0ec7a7e1390e9e,69de403d1d0ec7a7e1390e9e_1777670393020,one_vial_alternating,2026-05-01 21:29:42.052,next,0,3944,l5nthJXlLLQzDrnE2Ye2,35
69de403d1d0ec7a7e1390e9e,69de403d1d0ec7a7e1390e9e_1777670393020,one_vial_alternating,2026-05-01 21:30:04.029,next,1,21992,wi25yxAU88ewMULGRhLC,36
69de403d1d0ec7a7e1390e9e,69de403d1d0ec7a7e1390e9e_1777670393020,one_vial_alternating,2026-05-01 21:33:03.952,redirect-incorrect,0,179917,FvCshSbTkyld2WKplIrq,33
69de403d1d0ec7a7e1390e9e,69de403d1d0ec7a7e1390e9e_1777670393020,one_vial_alternating,2026-05-01 21:33:06.796,next,0,2849,CD2G2YZm0T9HIDhuQcuG,34
69de403d1d0ec7a7e1390e9e,69de403d1d0ec7a7e1390e9e_1777670393020,one_vial_alternating,2026-05-01 21:33:10.546,next,0,3757,Jy71m3j45kTDOlyEK9TT,35
69de403d1d0ec7a7e1390e9e,69de403d1d0ec7a7e1390e9e_1777670393020,one_vial_alternating,2026-05-01 21:33:13.891,next,1,3358,gHS1uN6PwQQsn8IBOXQW,36
69dfb3712300a16e8475b155,69dfb3712300a16e8475b155_1777669094951,one_vial_alternating,2026-05-01 20:58:28.987,initial,0,,uli7tstsx0clEGYyeWdn,1
69dfb3712300a16e8475b155,69dfb3712300a16e8475b155_1777669094951,one_vial_alternating,2026-05-01 20:58:35.630,next,0,6691,mk4sehHAydxTAExajDPU,2
69dfb3712300a16e8475b155,69dfb3712300a16e8475b155_1777669094951,one_vial_alternating,2026-05-01 20:58:41.251,prev,0,5609,MVedBJOsOoGLKPH80acB,1
69dfb3712300a16e8475b155,69dfb3712300a16e8475b155_1777669094951,one_vial_alternating,2026-05-01 20:58:47.921,next,0,6671,PpGccXz24v6H23RSCeiw,2
69dfb3712300a16e8475b155,69dfb3712300a16e8475b155_1777669094951,one_vial_alternating,2026-05-01 20:58:55.655,next,0,7746,FeOiV9vAvqsmyty21aiu,3
69dfb3712300a16e8475b155,69dfb3712300a16e8475b155_1777669094951,one_vial_alternating,2026-05-01 20:59:01.188,next,0,5539,sXfsHPNQZIbioYZ2V3HC,4
69dfb3712300a16e8475b155,69dfb3712300a16e8475b155_1777669094951,one_vial_alternating,2026-05-01 20:59:06.223,next,0,5029,xcbsvxKXoL2EDos4GoVc,5
69dfb3712300a16e8475b155,69dfb3712300a16e8475b155_1777669094951,one_vial_alternating,2026-05-01 20:59:10.742,next,0,4510,hdkp3jGWPsBpaSQXGsAK,6
69dfb3712300a16e8475b155,69dfb3712300a16e8475b155_1777669094951,one_vial_alternating,2026-05-01 20:59:24.022,prev,0,13276,blXkAGDM97bQIXKejVsT,5
69dfb3712300a16e8475b155,69dfb3712300a16e8475b155_1777669094951,one_vial_alternating,2026-05-01 20:59:28.477,prev,0,4463,aTx3pSZL8rjTKP8dVJWS,4
69dfb3712300a16e8475b155,69dfb3712300a16e8475b155_1777669094951,one_vial_alternating,2026-05-01 20:59:31.424,prev,0,2954,QahTGWGAIHnXyfk051uS,3
69dfb3712300a16e8475b155,69dfb3712300a16e8475b155_1777669094951,one_vial_alternating,2026-05-01 20:59:33.615,prev,0,2182,PSU1mCJURAmXCf1AeC4c,2
69dfb3712300a16e8475b155,69dfb3712300a16e8475b155_1777669094951,one_vial_alternating,2026-05-01 20:59:35.480,prev,0,1857,czfidEJFQ92JU5iA2JJB,1
69dfb3712300a16e8475b155,69dfb3712300a16e8475b155_1777669094951,one_vial_alternating,2026-05-01 20:59:48.324,next,0,12842,VfUSsgOIqVi3KDiap6uW,2
69dfb3712300a16e8475b155,69dfb3712300a16e8475b155_1777669094951,one_vial_alternating,2026-05-01 20:59:58.986,next,0,10475,sdBBlQ6fgwRFAt1bOc3C,3
69dfb3712300a16e8475b155,69dfb3712300a16e8475b155_1777669094951,one_vial_alternating,2026-05-01 21:00:12.636,next,0,13872,ZHP2DofRE3qL9zcBTdip,4
69dfb3712300a16e8475b155,69dfb3712300a16e8475b155_1777669094951,one_vial_alternating,2026-05-01 21:00:25.396,next,0,12561,yAvRb1ORtNP9B7HD2mrK,5
69dfb3712300a16e8475b155,69dfb3712300a16e8475b155_1777669094951,one_vial_alternating,2026-05-01 21:00:37.277,next,0,11889,HGlzHdtThM808Y0uwBlO,6
69dfb3712300a16e8475b155,69dfb3712300a16e8475b155_1777669094951,one_vial_alternating,2026-05-01 21:00:46.284,next,0,9135,xrR8unZddig06MxnzX48,7
69dfb3712300a16e8475b155,69dfb3712300a16e8475b155_1777669094951,one_vial_alternating,2026-05-01 21:00:51.852,next,0,5588,217UfKIZqsUdoJii9fjX,8
69dfb3712300a16e8475b155,69dfb3712300a16e8475b155_1777669094951,one_vial_alternating,2026-05-01 21:01:08.624,next,0,16681,AypWQfVPLhdjqv8YwjFx,9
69dfb3712300a16e8475b155,69dfb3712300a16e8475b155_1777669094951,one_vial_alternating,2026-05-01 21:01:18.576,next,0,10049,Sj5DlQ4rp2mppwYTcO1V,10
69dfb3712300a16e8475b155,69dfb3712300a16e8475b155_1777669094951,one_vial_alternating,2026-05-01 21:01:27.233,next,0,8647,M82SHwF8yPaUN1zhtD4i,11
69dfb3712300a16e8475b155,69dfb3712300a16e8475b155_1777669094951,one_vial_alternating,2026-05-01 21:01:38.945,next,0,11701,7BdMhhnrZpUSZ9tkt46z,12
69dfb3712300a16e8475b155,69dfb3712300a16e8475b155_1777669094951,one_vial_alternating,2026-05-01 21:01:47.304,next,0,8269,jvshTHpy8AyobeFL7rQV,13
69dfb3712300a16e8475b155,69dfb3712300a16e8475b155_1777669094951,one_vial_alternating,2026-05-01 21:01:58.785,next,0,11536,2AqLJKyOFMiEPh4BGXBX,14
69dfb3712300a16e8475b155,69dfb3712300a16e8475b155_1777669094951,one_vial_alternating,2026-05-01 21:02:06.993,next,0,8129,5JrSlmjZst4WNtFx8oyo,15
69dfb3712300a16e8475b155,69dfb3712300a16e8475b155_1777669094951,one_vial_alternating,2026-05-01 21:02:13.735,next,0,6845,F2F4NAjO3fC55WEOh0U0,16
69dfb3712300a16e8475b155,69dfb3712300a16e8475b155_1777669094951,one_vial_alternating,2026-05-01 21:02:21.107,next,0,7421,925VrfeCh7SeRZ4feF8E,17
69dfb3712300a16e8475b155,69dfb3712300a16e8475b155_1777669094951,one_vial_alternating,2026-05-01 21:02:26.635,next,0,5354,5ZVsAKmuZNWEFv7JcCuu,18
69dfb3712300a16e8475b155,69dfb3712300a16e8475b155_1777669094951,one_vial_alternating,2026-05-01 21:02:34.397,next,0,7932,XsPPL4p8G1BfOoPOdM3t,19
69dfb3712300a16e8475b155,69dfb3712300a16e8475b155_1777669094951,one_vial_alternating,2026-05-01 21:02:41.805,next,0,7392,fiuT8RPlLuBDnpgv9FcN,20
69dfb3712300a16e8475b155,69dfb3712300a16e8475b155_1777669094951,one_vial_alternating,2026-05-01 21:02:49.376,next,0,7506,aft16T13AtNiRYg8GX6s,21
69dfb3712300a16e8475b155,69dfb3712300a16e8475b155_1777669094951,one_vial_alternating,2026-05-01 21:02:58.797,next,0,9337,iG8arxCnYaGe4TVuku2Y,22
69dfb3712300a16e8475b155,69dfb3712300a16e8475b155_1777669094951,one_vial_alternating,2026-05-01 21:03:08.806,next,1,10181,oc91TFVEHrZNwRBHxE5m,23
69dfb3712300a16e8475b155,69dfb3712300a16e8475b155_1777669094951,one_vial_alternating,2026-05-01 21:06:34.956,redirect-correct,0,206109,YTPOzllNzlBvNgvPML9C,24
69dfb3712300a16e8475b155,69dfb3712300a16e8475b155_1777669094951,one_vial_alternating,2026-05-01 21:06:48.648,next,0,13724,cxCdhG7wb94xfqNaLGKU,25
69dfb3712300a16e8475b155,69dfb3712300a16e8475b155_1777669094951,one_vial_alternating,2026-05-01 21:07:04.452,next,0,15577,y4lsIgxA9yiQsywsIs3z,26
69e1d35d47757faec6df678b,69e1d35d47757faec6df678b_1777667003817,one_vial_alternating,2026-05-01 20:24:08.826,initial,0,,AJ25lQsSbni79venMT1p,1
69e1d35d47757faec6df678b,69e1d35d47757faec6df678b_1777667003817,one_vial_alternating,2026-05-01 20:24:22.446,next,0,11913,nFazHnKTryJqnjah6bqy,2
69e1d35d47757faec6df678b,69e1d35d47757faec6df678b_1777667003817,one_vial_alternating,2026-05-01 20:24:27.575,next,0,6877,wzU3GPwD7Lm7lhGNjolH,3
69e1d35d47757faec6df678b,69e1d35d47757faec6df678b_1777667003817,one_vial_alternating,2026-05-01 20:25:22.368,next,0,54769,K2L9ING9kxLhkTTqcNqZ,4
69e1d35d47757faec6df678b,69e1d35d47757faec6df678b_1777667003817,one_vial_alternating,2026-05-01 20:25:47.955,next,0,25343,FFdhGbxMV79DKve9nO7p,5
69e1d35d47757faec6df678b,69e1d35d47757faec6df678b_1777667003817,one_vial_alternating,2026-05-01 20:26:26.344,next,0,38647,beg2gDj8g8JUtcMy5QDS,6
69e1d35d47757faec6df678b,69e1d35d47757faec6df678b_1777667003817,one_vial_alternating,2026-05-01 20:26:40.103,next,0,13754,r0PmHV7U2L39WXkVTtyD,7
69e1d35d47757faec6df678b,69e1d35d47757faec6df678b_1777667003817,one_vial_alternating,2026-05-01 20:26:52.968,next,0,12749,9WBQHkrT7PGGA8qEhESY,8
69e1d35d47757faec6df678b,69e1d35d47757faec6df678b_1777667003817,one_vial_alternating,2026-05-01 20:27:07.382,next,0,13851,BCEcrSa5PD7gg4EQrUs6,9
69e1d35d47757faec6df678b,69e1d35d47757faec6df678b_1777667003817,one_vial_alternating,2026-05-01 20:27:20.937,next,0,14246,BCt1vyREWzHIo3A0LBwn,10
69e1d35d47757faec6df678b,69e1d35d47757faec6df678b_1777667003817,one_vial_alternating,2026-05-01 20:27:34.521,next,0,13573,GUEIyTnckdJg9tFFQAmm,11
69e1d35d47757faec6df678b,69e1d35d47757faec6df678b_1777667003817,one_vial_alternating,2026-05-01 20:27:41.946,next,0,7433,JPcprqr7VceRKDz88YbZ,12
69e1d35d47757faec6df678b,69e1d35d47757faec6df678b_1777667003817,one_vial_alternating,2026-05-01 20:27:46.857,next,0,4911,Qmb0yLfP6atwEYAa9djM,13
69e1d35d47757faec6df678b,69e1d35d47757faec6df678b_1777667003817,one_vial_alternating,2026-05-01 20:27:52.257,next,0,5394,GCjCU9TxlbQvYFacYV1g,14
69e1d35d47757faec6df678b,69e1d35d47757faec6df678b_1777667003817,one_vial_alternating,2026-05-01 20:27:56.379,next,0,4130,GISljdijxYDDjVr7Ft2F,15
69e1d35d47757faec6df678b,69e1d35d47757faec6df678b_1777667003817,one_vial_alternating,2026-05-01 20:28:10.216,next,0,13833,cuHfP5YpJmkTi4GfNdTV,16
69e1d35d47757faec6df678b,69e1d35d47757faec6df678b_1777667003817,one_vial_alternating,2026-05-01 20:28:25.552,next,0,15333,r9Cw70LrEZobOccIPLCZ,17
69e1d35d47757faec6df678b,69e1d35d47757faec6df678b_1777667003817,one_vial_alternating,2026-05-01 20:28:32.154,next,0,6591,0c8i3k7aJ8xLYLnqmU7G,18
69e1d35d47757faec6df678b,69e1d35d47757faec6df678b_1777667003817,one_vial_alternating,2026-05-01 20:28:39.883,next,0,7745,5fMROqNubWo1oaxJ27jR,19
69e1d35d47757faec6df678b,69e1d35d47757faec6df678b_1777667003817,one_vial_alternating,2026-05-01 20:28:57.640,next,0,17693,jeXeX3c7wSCb2gW4lUUu,20
69e1d35d47757faec6df678b,69e1d35d47757faec6df678b_1777667003817,one_vial_alternating,2026-05-01 20:29:08.408,next,0,10834,CZcZV8did87o0mhVoSMq,21
69e1d35d47757faec6df678b,69e1d35d47757faec6df678b_1777667003817,one_vial_alternating,2026-05-01 20:29:19.352,next,0,10908,l19A1rFgpLjfPxJt4Ha8,22
69e1d35d47757faec6df678b,69e1d35d47757faec6df678b_1777667003817,one_vial_alternating,2026-05-01 20:29:37.545,next,1,16687,bUpS3MFUcZgglqLqilZi,23
69e1d35d47757faec6df678b,69e1d35d47757faec6df678b_1777667003817,one_vial_alternating,2026-05-01 20:31:23.596,redirect-correct,0,107562,zOJwBD2IrKyp9a4vDoIT,24
69e1d35d47757faec6df678b,69e1d35d47757faec6df678b_1777667003817,one_vial_alternating,2026-05-01 20:31:28.297,next,0,4719,9erNI1yTqG33ONJNC2m8,25
69e1d35d47757faec6df678b,69e1d35d47757faec6df678b_1777667003817,one_vial_alternating,2026-05-01 20:31:45.671,next,0,17371,qdTIImYRmiU6fyiozigG,26
69e1d35d47757faec6df678b,69e1d35d47757faec6df678b_1777667003817,one_vial_alternating,2026-05-01 20:31:53.111,next,0,7446,U1tvRHMJhckkNSVzc0xy,27
69e1d35d47757faec6df678b,69e1d35d47757faec6df678b_1777667003817,one_vial_alternating,2026-05-01 20:32:07.882,next,0,14765,zdOwnnvkWyUvUSp9o3qp,28
69e1d35d47757faec6df678b,69e1d35d47757faec6df678b_1777667003817,one_vial_alternating,2026-05-01 20:32:19.978,next,0,12080,zIfC9d9Wy2nI8ho3oxCR,29
69e1d35d47757faec6df678b,69e1d35d47757faec6df678b_1777667003817,one_vial_alternating,2026-05-01 20:32:34.794,next,0,14821,uHmDi1o4jFL5RazNiX06,30
69e1d35d47757faec6df678b,69e1d35d47757faec6df678b_1777667003817,one_vial_alternating,2026-05-01 20:32:46.984,next,0,12199,txt4kQKiv2zS7f17wXwI,31
69e1d35d47757faec6df678b,69e1d35d47757faec6df678b_1777667003817,one_vial_alternating,2026-05-01 20:33:02.896,next,0,15880,2gWqyW9LRJzab9qcS9tA,32
69e1d35d47757faec6df678b,69e1d35d47757faec6df678b_1777667003817,one_vial_alternating,2026-05-01 20:33:14.379,next,0,11519,t8JHggnAtaqUHkP5gfzd,33
69e1d35d47757faec6df678b,69e1d35d47757faec6df678b_1777667003817,one_vial_alternating,2026-05-01 20:33:23.906,next,0,9506,t8S5f4MtZ2xFeGDuqlsQ,34
69e1d35d47757faec6df678b,69e1d35d47757faec6df678b_1777667003817,one_vial_alternating,2026-05-01 20:33:36.381,next,0,12409,FYU5AwaVtt1VEfKz4RXJ,35
69e1d35d47757faec6df678b,69e1d35d47757faec6df678b_1777667003817,one_vial_alternating,2026-05-01 20:33:45.568,next,1,9067,60XBzQLfhlgsffEpYUBh,36
69e1d35d47757faec6df678b,69e1d35d47757faec6df678b_1777667003817,one_vial_alternating,2026-05-01 20:36:07.633,redirect-correct,0,142251,Q7F9m0hHiONCV85QAu0i,37
69e1d35d47757faec6df678b,69e1d35d47757faec6df678b_1777667003817,one_vial_alternating,2026-05-01 20:36:20.887,next,0,13255,rZQAcDif1hVidHaM7BfI,38
69e1d35d47757faec6df678b,69e1d35d47757faec6df678b_1777667003817,one_vial_alternating,2026-05-01 20:36:33.595,next,0,12710,CZaJ3ofSOQ5Y8SjCgl7k,39
69e1d35d47757faec6df678b,69e1d35d47757faec6df678b_1777667003817,one_vial_alternating,2026-05-01 20:36:46.991,next,1,13370,9DVJsIn6uoC2NeCk5IWW,40
69e1d35d47757faec6df678b,69e1d35d47757faec6df678b_1777667003817,one_vial_alternating,2026-05-01 20:36:59.498,redirect-correct,0,12528,tpgcqgFyZSkpC6cUTLmG,41
69e1d35d47757faec6df678b,69e1d35d47757faec6df678b_1777667003817,one_vial_alternating,2026-05-01 20:37:03.897,next,0,4397,ntwpFu23qrV5uWy0xrQj,42
69e8c29e6274a6d216d41a7d,69e8c29e6274a6d216d41a7d_1777664843294,one_vial_alternating,2026-05-01 19:47:43.346,initial,0,,2pCWnexP72zAEWlQ57Gf,1
69e8c29e6274a6d216d41a7d,69e8c29e6274a6d216d41a7d_1777664843294,one_vial_alternating,2026-05-01 19:47:48.946,next,0,5629,ZsfSyaLzj4vniGNovJVH,2
69e8c29e6274a6d216d41a7d,69e8c29e6274a6d216d41a7d_1777664843294,one_vial_alternating,2026-05-01 19:52:57.560,next,0,9072,Tch1WtX2wv7zR8poxvUZ,3
69e8c29e6274a6d216d41a7d,69e8c29e6274a6d216d41a7d_1777664843294,one_vial_alternating,2026-05-01 19:52:57.593,next,0,15790,r7wV9gJpnzvroDltifxE,4
69e8c29e6274a6d216d41a7d,69e8c29e6274a6d216d41a7d_1777664843294,one_vial_alternating,2026-05-01 19:52:57.612,next,0,24668,ZKzQs5JbrIdtlA9R8PP5,5
69e8c29e6274a6d216d41a7d,69e8c29e6274a6d216d41a7d_1777664843294,one_vial_alternating,2026-05-01 19:52:57.631,next,0,46763,2W9JkVHENj0QQFSRECyt,6
69e8c29e6274a6d216d41a7d,69e8c29e6274a6d216d41a7d_1777664843294,one_vial_alternating,2026-05-01 19:52:57.660,next,0,15916,I4BuoWrM4irc7Oo6n0GW,7
69e8c29e6274a6d216d41a7d,69e8c29e6274a6d216d41a7d_1777664843294,one_vial_alternating,2026-05-01 19:52:57.677,prev,0,161218,HSGQMXI0LxqQrosiBF55,6
69e8c29e6274a6d216d41a7d,69e8c29e6274a6d216d41a7d_1777664843294,one_vial_alternating,2026-05-01 19:52:57.695,prev,0,1662,vtOokYy1KMWF5xd19xuI,5
69e8c29e6274a6d216d41a7d,69e8c29e6274a6d216d41a7d_1777664843294,one_vial_alternating,2026-05-01 19:52:57.728,prev,0,5987,twg6Tp7cJxg45JNAErpN,4
69e8c29e6274a6d216d41a7d,69e8c29e6274a6d216d41a7d_1777664843294,one_vial_alternating,2026-05-01 19:52:57.747,prev,0,2148,eZeDRmN78V75NcUiTCIq,3
69e8c29e6274a6d216d41a7d,69e8c29e6274a6d216d41a7d_1777664843294,one_vial_alternating,2026-05-01 19:52:57.767,prev,0,1671,PZg3fdMHI0z7ooAwbOhC,2
69e8c29e6274a6d216d41a7d,69e8c29e6274a6d216d41a7d_1777664843294,one_vial_alternating,2026-05-01 19:52:58.017,prev,0,3173,gtH4vWd0GaKxvnRJmSmQ,1
69e8c29e6274a6d216d41a7d,69e8c29e6274a6d216d41a7d_1777664843294,one_vial_alternating,2026-05-01 19:52:58.066,next,0,2584,3CXoyLDWfFvaxEPriJQB,2
69e8c29e6274a6d216d41a7d,69e8c29e6274a6d216d41a7d_1777664843294,one_vial_alternating,2026-05-01 19:52:58.252,next,0,4987,hga06p26fhJxUsg1K4dV,3
69e8c29e6274a6d216d41a7d,69e8c29e6274a6d216d41a7d_1777664843294,one_vial_alternating,2026-05-01 19:53:03.389,next,0,18748,bDJonz58EYEF6LElvdKQ,4
69e8c29e6274a6d216d41a7d,69e8c29e6274a6d216d41a7d_1777664843294,one_vial_alternating,2026-05-01 19:53:15.751,next,0,12304,Zzy9orWhzZBpdiILmbJH,5
69e8c29e6274a6d216d41a7d,69e8c29e6274a6d216d41a7d_1777664843294,one_vial_alternating,2026-05-01 19:53:31.408,next,0,15764,1m4woF8ApLGN0cSMJpcF,6
69e8c29e6274a6d216d41a7d,69e8c29e6274a6d216d41a7d_1777664843294,one_vial_alternating,2026-05-01 19:58:23.774,next,0,12582,eesAVJ5LgFDw1dCArczz,7
69e8c29e6274a6d216d41a7d,69e8c29e6274a6d216d41a7d_1777664843294,one_vial_alternating,2026-05-01 19:58:23.809,next,0,6353,PXGiH7SmE4E3AeAmMzkt,8
69e8c29e6274a6d216d41a7d,69e8c29e6274a6d216d41a7d_1777664843294,one_vial_alternating,2026-05-01 19:58:23.827,next,0,14869,ZthQuLuEFoYuCuzAhyDa,9
69e8c29e6274a6d216d41a7d,69e8c29e6274a6d216d41a7d_1777664843294,one_vial_alternating,2026-05-01 19:58:23.844,next,0,14904,TmgrW1v4X2U0AaxsJXso,10
69e8c29e6274a6d216d41a7d,69e8c29e6274a6d216d41a7d_1777664843294,one_vial_alternating,2026-05-01 19:58:23.882,next,0,6876,eiroiNKH3zkJ9Co4dS4i,11
69e8c29e6274a6d216d41a7d,69e8c29e6274a6d216d41a7d_1777664843294,one_vial_alternating,2026-05-01 19:58:23.915,next,0,4834,PFxi5obzHkPWtrNPSJGF,12
69e8c29e6274a6d216d41a7d,69e8c29e6274a6d216d41a7d_1777664843294,one_vial_alternating,2026-05-01 19:58:23.933,next,0,5987,JhYhv7wlQTS0nw9mKklf,13
69e8c29e6274a6d216d41a7d,69e8c29e6274a6d216d41a7d_1777664843294,one_vial_alternating,2026-05-01 19:58:23.955,next,0,5365,A0jo0PKrt7yDMpGlXt8b,14
69e8c29e6274a6d216d41a7d,69e8c29e6274a6d216d41a7d_1777664843294,one_vial_alternating,2026-05-01 19:58:23.996,next,0,5675,jb98KWToUteLrCnLO6Y0,15
69e8c29e6274a6d216d41a7d,69e8c29e6274a6d216d41a7d_1777664843294,one_vial_alternating,2026-05-01 19:58:24.019,next,0,8718,VEDFOSDejrFKMuL3uMb3,16
69e8c29e6274a6d216d41a7d,69e8c29e6274a6d216d41a7d_1777664843294,one_vial_alternating,2026-05-01 19:58:24.105,prev,0,5867,Mw8d3COBvKBf6FV20B5I,15
69e8c29e6274a6d216d41a7d,69e8c29e6274a6d216d41a7d_1777664843294,one_vial_alternating,2026-05-01 19:58:24.142,prev,0,4684,s1B99cQEdMRPjgaSS8po,14
69e8c29e6274a6d216d41a7d,69e8c29e6274a6d216d41a7d_1777664843294,one_vial_alternating,2026-05-01 19:58:24.340,prev,0,25896,HATjDMr9LC4kIPJ3f34Z,13
69e8c29e6274a6d216d41a7d,69e8c29e6274a6d216d41a7d_1777664843294,one_vial_alternating,2026-05-01 19:58:24.372,next,0,41475,0ZmSaZdwfEJhdbar2hQY,14
69e8c29e6274a6d216d41a7d,69e8c29e6274a6d216d41a7d_1777664843294,one_vial_alternating,2026-05-01 19:58:25.114,next,0,129611,1AOQPNx7Sb0zbUyNNOeh,15
69e8c29e6274a6d216d41a7d,69e8c29e6274a6d216d41a7d_1777664843294,one_vial_alternating,2026-05-01 19:58:29.551,next,0,4452,ArLwMwHs8JcFDHoWiQIQ,16
69e8c29e6274a6d216d41a7d,69e8c29e6274a6d216d41a7d_1777664843294,one_vial_alternating,2026-05-01 19:58:32.981,next,0,3408,sIbYeB9Y7iTaC2W8LnC4,17
69e8c29e6274a6d216d41a7d,69e8c29e6274a6d216d41a7d_1777664843294,one_vial_alternating,2026-05-01 19:58:35.596,next,0,2623,inJJy2pVXqtl28p4SO2T,18
69e8c29e6274a6d216d41a7d,69e8c29e6274a6d216d41a7d_1777664843294,one_vial_alternating,2026-05-01 19:58:38.896,next,0,3298,Lf4ENenkr4SEZbfUefir,19
69e8c29e6274a6d216d41a7d,69e8c29e6274a6d216d41a7d_1777664843294,one_vial_alternating,2026-05-01 19:58:42.331,next,0,3435,TknJwEd6kmFYfrasfRmX,20
69e8c29e6274a6d216d41a7d,69e8c29e6274a6d216d41a7d_1777664843294,one_vial_alternating,2026-05-01 19:58:52.362,next,0,10033,dtO8zJqYivTszOtkl8GR,21
69e8c29e6274a6d216d41a7d,69e8c29e6274a6d216d41a7d_1777664843294,one_vial_alternating,2026-05-01 19:59:01.629,next,0,8248,FAzx5Q6LNc6lb3GnkWXv,22
69e8c29e6274a6d216d41a7d,69e8c29e6274a6d216d41a7d_1777664843294,one_vial_alternating,2026-05-01 19:59:21.313,next,1,20693,2xcRtB5IQ5DW8Rr9hSaZ,23
69e8c29e6274a6d216d41a7d,69e8c29e6274a6d216d41a7d_1777664843294,one_vial_alternating,2026-05-01 20:00:39.350,redirect-incorrect,0,78041,GtjxTlVTibVkHwICnMZB,22
69e8c29e6274a6d216d41a7d,69e8c29e6274a6d216d41a7d_1777664843294,one_vial_alternating,2026-05-01 20:00:53.393,next,1,14038,hkkskDjLn7T8E7oRgLq0,23
69e8c29e6274a6d216d41a7d,69e8c29e6274a6d216d41a7d_1777664843294,one_vial_alternating,2026-05-01 20:01:49.366,redirect-correct,0,55990,cZnIWQaOoi4iaBAkedZ5,24
69e8c29e6274a6d216d41a7d,69e8c29e6274a6d216d41a7d_1777664843294,one_vial_alternating,2026-05-01 20:01:52.942,next,0,3577,1z22tnWK2wD1MJMV9giU,25
69e8c29e6274a6d216d41a7d,69e8c29e6274a6d216d41a7d_1777664843294,one_vial_alternating,2026-05-01 20:02:09.694,next,0,16743,u7Pmoniu7m2wxXZgi4bA,26
69e8c29e6274a6d216d41a7d,69e8c29e6274a6d216d41a7d_1777664843294,one_vial_alternating,2026-05-01 20:02:15.935,next,0,6236,fNRusH6H8boSsi4wVz3q,27
69e8c29e6274a6d216d41a7d,69e8c29e6274a6d216d41a7d_1777664843294,one_vial_alternating,2026-05-01 20:02:21.002,next,0,5087,BdlADtDUZKgrBz4tjpTj,28
69e8c29e6274a6d216d41a7d,69e8c29e6274a6d216d41a7d_1777664843294,one_vial_alternating,2026-05-01 20:02:27.356,next,0,6334,TpYoCteyAPf4qz1tMw8k,29
69e8c29e6274a6d216d41a7d,69e8c29e6274a6d216d41a7d_1777664843294,one_vial_alternating,2026-05-01 20:02:36.395,next,0,9034,aMy6OmH13jlJGF9Kcit7,30
69e8c29e6274a6d216d41a7d,69e8c29e6274a6d216d41a7d_1777664843294,one_vial_alternating,2026-05-01 20:02:41.950,next,0,5555,TwMwv5u1fnFj0tjpQZL0,31
69e8c29e6274a6d216d41a7d,69e8c29e6274a6d216d41a7d_1777664843294,one_vial_alternating,2026-05-01 20:02:52.544,next,0,10612,6nuCq9sKh6TWS4mLSE2i,32
69e8c29e6274a6d216d41a7d,69e8c29e6274a6d216d41a7d_1777664843294,one_vial_alternating,2026-05-01 20:03:00.201,next,0,7663,CVSIZ1DYKY0oljKamQvi,33
69e8c29e6274a6d216d41a7d,69e8c29e6274a6d216d41a7d_1777664843294,one_vial_alternating,2026-05-01 20:03:03.540,next,0,3347,uMEDLm1RwEoqkZrVjodD,34
69e8c29e6274a6d216d41a7d,69e8c29e6274a6d216d41a7d_1777664843294,one_vial_alternating,2026-05-01 20:03:07.679,next,0,4138,rTO53PC9BAqfW8q1BLhv,35
69e8c29e6274a6d216d41a7d,69e8c29e6274a6d216d41a7d_1777664843294,one_vial_alternating,2026-05-01 20:03:38.200,next,1,30518,xWCoRPJm8LxW3suiMdGF,36
69e8c29e6274a6d216d41a7d,69e8c29e6274a6d216d41a7d_1777664843294,one_vial_alternating,2026-05-01 20:06:14.614,redirect-incorrect,0,156380,G1ZTmMsfzGa8C4hKhrFF,33
69e8c29e6274a6d216d41a7d,69e8c29e6274a6d216d41a7d_1777664843294,one_vial_alternating,2026-05-01 20:06:17.549,next,0,2952,2FjlCZOSmWyA6Co9kLmG,34
69e8c29e6274a6d216d41a7d,69e8c29e6274a6d216d41a7d_1777664843294,one_vial_alternating,2026-05-01 20:06:20.182,next,0,2627,gq669UviCEWmN5P9PMZA,35
69e8c29e6274a6d216d41a7d,69e8c29e6274a6d216d41a7d_1777664843294,one_vial_alternating,2026-05-01 20:06:52.163,next,1,31970,MogNL7tlt00o2MDCrhBM,36
69e8d5c81e5253b56cfe784f,69e8d5c81e5253b56cfe784f_1777664682367,one_vial_alternating,2026-05-01 19:44:56.747,initial,0,,9xnqDgWKERHFvevwGRdF,1
69e8d5c81e5253b56cfe784f,69e8d5c81e5253b56cfe784f_1777664682367,one_vial_alternating,2026-05-01 19:45:02.137,next,0,5406,59bvoSeFKluBb0BOO4AH,2
69e8d5c81e5253b56cfe784f,69e8d5c81e5253b56cfe784f_1777664682367,one_vial_alternating,2026-05-01 19:45:06.442,next,0,4307,lhsSG7Mjcdeg9924Q724,3
69e8d5c81e5253b56cfe784f,69e8d5c81e5253b56cfe784f_1777664682367,one_vial_alternating,2026-05-01 19:45:15.046,next,0,8604,GauKMmtaStENbtLONzMj,4
69e8d5c81e5253b56cfe784f,69e8d5c81e5253b56cfe784f_1777664682367,one_vial_alternating,2026-05-01 19:45:20.647,next,0,5599,rg8dj60GfqCTkUELEnaA,5
69e8d5c81e5253b56cfe784f,69e8d5c81e5253b56cfe784f_1777664682367,one_vial_alternating,2026-05-01 19:45:25.819,next,0,5172,wt9WT5iiHZmiNjL550th,6
69e8d5c81e5253b56cfe784f,69e8d5c81e5253b56cfe784f_1777664682367,one_vial_alternating,2026-05-01 19:45:33.805,next,0,7987,REzBwqfCLEE7YrPI5if0,7
69e8d5c81e5253b56cfe784f,69e8d5c81e5253b56cfe784f_1777664682367,one_vial_alternating,2026-05-01 19:45:37.434,next,0,3629,mM25vxUExbpkhyhEvGtA,8
69e8d5c81e5253b56cfe784f,69e8d5c81e5253b56cfe784f_1777664682367,one_vial_alternating,2026-05-01 19:45:45.005,next,0,7570,2u80VcYAXUAqjKirziKk,9
69e8d5c81e5253b56cfe784f,69e8d5c81e5253b56cfe784f_1777664682367,one_vial_alternating,2026-05-01 19:45:54.382,next,0,9377,s9eNMxJm2fZRr7b9K4Tt,10
69e8d5c81e5253b56cfe784f,69e8d5c81e5253b56cfe784f_1777664682367,one_vial_alternating,2026-05-01 19:45:59.282,next,0,4901,I4UeQn4nDFkY6Uss9kSH,11
69e8d5c81e5253b56cfe784f,69e8d5c81e5253b56cfe784f_1777664682367,one_vial_alternating,2026-05-01 19:46:05.367,next,0,6084,2Im0jDP3QlLr31Bp0gRp,12
69e8d5c81e5253b56cfe784f,69e8d5c81e5253b56cfe784f_1777664682367,one_vial_alternating,2026-05-01 19:46:09.997,next,0,4632,jabn1XHrQT4c9hdfZqCt,13
69e8d5c81e5253b56cfe784f,69e8d5c81e5253b56cfe784f_1777664682367,one_vial_alternating,2026-05-01 19:46:14.839,next,0,4841,Jljvq1lbmYH1rkzY1Yo9,14
69e8d5c81e5253b56cfe784f,69e8d5c81e5253b56cfe784f_1777664682367,one_vial_alternating,2026-05-01 19:46:19.011,next,0,4171,z5HeHmYOekKEXEc9y5eM,15
69e8d5c81e5253b56cfe784f,69e8d5c81e5253b56cfe784f_1777664682367,one_vial_alternating,2026-05-01 19:46:23.546,next,0,4534,778ARMCdFy7XXdBRJDYX,16
69e8d5c81e5253b56cfe784f,69e8d5c81e5253b56cfe784f_1777664682367,one_vial_alternating,2026-05-01 19:46:27.926,next,0,4381,N7Rd2iEgeUmxcfLukNFK,17
69e8d5c81e5253b56cfe784f,69e8d5c81e5253b56cfe784f_1777664682367,one_vial_alternating,2026-05-01 19:46:32.441,next,0,4516,5IGUXwh1w8cA8sGZ79L6,18
69e8d5c81e5253b56cfe784f,69e8d5c81e5253b56cfe784f_1777664682367,one_vial_alternating,2026-05-01 19:46:36.328,next,0,3885,TSy0YoUVEusjFVNoIvLh,19
69e8d5c81e5253b56cfe784f,69e8d5c81e5253b56cfe784f_1777664682367,one_vial_alternating,2026-05-01 19:46:39.933,next,0,3606,dlvhGYA1g6LOnirTaOxR,20
69e8d5c81e5253b56cfe784f,69e8d5c81e5253b56cfe784f_1777664682367,one_vial_alternating,2026-05-01 19:46:45.063,next,0,5131,XXDYIGvvfbKTnD1pbrsi,21
69e8d5c81e5253b56cfe784f,69e8d5c81e5253b56cfe784f_1777664682367,one_vial_alternating,2026-05-01 19:46:49.270,next,0,4203,OCSOGuepyaMTVnMdyI6K,22
69e8d5c81e5253b56cfe784f,69e8d5c81e5253b56cfe784f_1777664682367,one_vial_alternating,2026-05-01 19:46:57.954,next,1,8683,7dyeQ4NGs6utGlEn89Ar,23
69e8d5c81e5253b56cfe784f,69e8d5c81e5253b56cfe784f_1777664682367,one_vial_alternating,2026-05-01 19:47:31.281,redirect-correct,0,33332,fbwoA2tGlZ5staCpSEYr,24
69e8d5c81e5253b56cfe784f,69e8d5c81e5253b56cfe784f_1777664682367,one_vial_alternating,2026-05-01 19:47:34.677,next,0,3396,tvtTRSbSI8kRRD319TV2,25
69e8d5c81e5253b56cfe784f,69e8d5c81e5253b56cfe784f_1777664682367,one_vial_alternating,2026-05-01 19:47:42.317,next,0,7639,9d9yoa8UE3aO6ATKe6sd,26
69e8d5c81e5253b56cfe784f,69e8d5c81e5253b56cfe784f_1777664682367,one_vial_alternating,2026-05-01 19:47:47.200,next,0,4880,SA20HdeN6T5GprsSuyty,27
69e8d5c81e5253b56cfe784f,69e8d5c81e5253b56cfe784f_1777664682367,one_vial_alternating,2026-05-01 19:47:57.333,next,0,10136,ld9rO6BJka4ub88KAeDi,28
69e8d5c81e5253b56cfe784f,69e8d5c81e5253b56cfe784f_1777664682367,one_vial_alternating,2026-05-01 19:48:02.302,next,0,4969,xmorX1pat79vsnpr6qDX,29
69e8d5c81e5253b56cfe784f,69e8d5c81e5253b56cfe784f_1777664682367,one_vial_alternating,2026-05-01 19:48:13.638,next,0,11334,RoWmU7oPZCn5NNdcn0n2,30
69e8d5c81e5253b56cfe784f,69e8d5c81e5253b56cfe784f_1777664682367,one_vial_alternating,2026-05-01 19:48:21.818,next,0,8175,SwwipEh26h3vRQMJMS1A,31
69e8d5c81e5253b56cfe784f,69e8d5c81e5253b56cfe784f_1777664682367,one_vial_alternating,2026-05-01 19:48:30.577,next,0,8766,iGoH1m1qVkQnqBsEFe6v,32
69e8d5c81e5253b56cfe784f,69e8d5c81e5253b56cfe784f_1777664682367,one_vial_alternating,2026-05-01 19:48:35.298,next,0,4720,ZYA7li60Vt8B3DmwGVkB,33
69e8d5c81e5253b56cfe784f,69e8d5c81e5253b56cfe784f_1777664682367,one_vial_alternating,2026-05-01 19:48:38.956,next,0,3659,5jXGGbhxqEzQ1gewzFfv,34
69e8d5c81e5253b56cfe784f,69e8d5c81e5253b56cfe784f_1777664682367,one_vial_alternating,2026-05-01 19:48:43.776,next,0,4820,7ExOzubBLH4OHcP28PGo,35
69e8d5c81e5253b56cfe784f,69e8d5c81e5253b56cfe784f_1777664682367,one_vial_alternating,2026-05-01 19:49:05.840,next,1,22065,KSQHyraKWKRvx2aH1N9X,36
69e8d5c81e5253b56cfe784f,69e8d5c81e5253b56cfe784f_1777664682367,one_vial_alternating,2026-05-01 19:49:49.647,redirect-correct,0,43804,XHzCcDtnTT1qCEDQELbm,37
69e8d5c81e5253b56cfe784f,69e8d5c81e5253b56cfe784f_1777664682367,one_vial_alternating,2026-05-01 19:49:52.197,next,0,2550,rZMsAsimnMA93bykUqfd,38
69e8d5c81e5253b56cfe784f,69e8d5c81e5253b56cfe784f_1777664682367,one_vial_alternating,2026-05-01 19:49:55.705,next,0,3508,Xn6I1PiadtcCQgwPuxb5,39
69e8d5c81e5253b56cfe784f,69e8d5c81e5253b56cfe784f_1777664682367,one_vial_alternating,2026-05-01 19:50:04.610,next,1,8902,2bZdW9JyW8x3JDNpH2OT,40
69e8d5c81e5253b56cfe784f,69e8d5c81e5253b56cfe784f_1777664682367,one_vial_alternating,2026-05-01 19:50:14.694,redirect-correct,0,10087,OLVaoyQ7EnHQIXZOAKwU,41
69e8d5c81e5253b56cfe784f,69e8d5c81e5253b56cfe784f_1777664682367,one_vial_alternating,2026-05-01 19:50:17.216,next,0,2524,2PTiqupawOK2LXJkAMLt,42
69e9e9300187294f23cf7844,69e9e9300187294f23cf7844_1777665794122,one_vial_alternating,2026-05-01 20:03:36.178,initial,0,,vrVoJmwGDIQmzUXjG4cM,1
69e9e9300187294f23cf7844,69e9e9300187294f23cf7844_1777665794122,one_vial_alternating,2026-05-01 20:03:40.733,next,0,4339,vsHN2KS2aVaOdfZTDzUE,2
69e9e9300187294f23cf7844,69e9e9300187294f23cf7844_1777665794122,one_vial_alternating,2026-05-01 20:03:48.978,next,0,8465,IZXcPxlqTROeTS9WhdJq,3
69e9e9300187294f23cf7844,69e9e9300187294f23cf7844_1777665794122,one_vial_alternating,2026-05-01 20:04:01.925,next,0,12431,0gq4LeAaOgedYEX5VsDq,4
69e9e9300187294f23cf7844,69e9e9300187294f23cf7844_1777665794122,one_vial_alternating,2026-05-01 20:04:10.953,next,0,8856,XS9rdFhh2gfTkyCb3CCJ,5
69e9e9300187294f23cf7844,69e9e9300187294f23cf7844_1777665794122,one_vial_alternating,2026-05-01 20:04:16.976,next,0,6754,1jEjgQSDvY8KoFm22eVw,6
69e9e9300187294f23cf7844,69e9e9300187294f23cf7844_1777665794122,one_vial_alternating,2026-05-01 20:04:27.231,next,0,10229,OrsmkemHo7jJQPtWHWSQ,7
69e9e9300187294f23cf7844,69e9e9300187294f23cf7844_1777665794122,one_vial_alternating,2026-05-01 20:04:31.873,next,0,4654,aVppepmcmYkWjA4U8X3e,8
69e9e9300187294f23cf7844,69e9e9300187294f23cf7844_1777665794122,one_vial_alternating,2026-05-01 20:04:41.257,next,0,9411,eCUkDeeYguC0Gbx0emO6,9
69e9e9300187294f23cf7844,69e9e9300187294f23cf7844_1777665794122,one_vial_alternating,2026-05-01 20:04:52.715,next,0,11178,1yhvqGCd7VFB9bxQMtIO,10
69e9e9300187294f23cf7844,69e9e9300187294f23cf7844_1777665794122,one_vial_alternating,2026-05-01 20:04:58.766,next,0,5587,8A2tESkpsSzKsmWF2wHq,11
69e9e9300187294f23cf7844,69e9e9300187294f23cf7844_1777665794122,one_vial_alternating,2026-05-01 20:05:05.074,next,0,7027,LUbNT1BHVMzpc6ZqqKoh,12
69e9e9300187294f23cf7844,69e9e9300187294f23cf7844_1777665794122,one_vial_alternating,2026-05-01 20:05:15.761,next,0,10559,S01BPoZxhuLwd26kVhob,13
69e9e9300187294f23cf7844,69e9e9300187294f23cf7844_1777665794122,one_vial_alternating,2026-05-01 20:05:21.904,next,0,6176,QvEMGKbihXSBuNpq73Y8,14
69e9e9300187294f23cf7844,69e9e9300187294f23cf7844_1777665794122,one_vial_alternating,2026-05-01 20:05:28.043,next,0,6095,Xz2F7qvWaaAlxap4TOZt,15
69e9e9300187294f23cf7844,69e9e9300187294f23cf7844_1777665794122,one_vial_alternating,2026-05-01 20:05:32.193,next,0,4295,PZFeIeOB48gqdAxstqTh,16
69e9e9300187294f23cf7844,69e9e9300187294f23cf7844_1777665794122,one_vial_alternating,2026-05-01 20:05:38.232,next,0,6031,eaAzjy3QFSdHAlNXe1Z7,17
69e9e9300187294f23cf7844,69e9e9300187294f23cf7844_1777665794122,one_vial_alternating,2026-05-01 20:05:42.513,next,0,3809,snA2lGwI2ipm4N650Bt1,18
69e9e9300187294f23cf7844,69e9e9300187294f23cf7844_1777665794122,one_vial_alternating,2026-05-01 20:05:48.013,next,0,5712,nEDyGRRMaKITsn4DB7vm,19
69e9e9300187294f23cf7844,69e9e9300187294f23cf7844_1777665794122,one_vial_alternating,2026-05-01 20:05:51.072,next,0,3098,6Ta19YYO2hLvnUHrFEP2,20
69e9e9300187294f23cf7844,69e9e9300187294f23cf7844_1777665794122,one_vial_alternating,2026-05-01 20:06:00.980,next,0,9968,Obp5cQ9oSHp4xpk1fcFp,21
69e9e9300187294f23cf7844,69e9e9300187294f23cf7844_1777665794122,one_vial_alternating,2026-05-01 20:06:10.760,next,0,9549,a3FUDD8hI4NrbzgJ7kI1,22
69e9e9300187294f23cf7844,69e9e9300187294f23cf7844_1777665794122,one_vial_alternating,2026-05-01 20:06:34.272,next,1,23693,pdzyrNgj0Rq8mJX2PjYb,23
69e9e9300187294f23cf7844,69e9e9300187294f23cf7844_1777665794122,one_vial_alternating,2026-05-01 20:08:32.393,redirect-incorrect,0,117743,IYwlbwyZd0gAcAbNDu2c,22
69e9e9300187294f23cf7844,69e9e9300187294f23cf7844_1777665794122,one_vial_alternating,2026-05-01 20:08:35.853,next,1,3672,lx5cyBFXCveqDXYkTFLX,23
69f24e4dade8b7caf6a64dc4,69f24e4dade8b7caf6a64dc4_1777666904259,one_vial_alternating,2026-05-01 20:22:01.007,initial,0,,3T0HrbFIZMGzAto6fyk5,1
69f24e4dade8b7caf6a64dc4,69f24e4dade8b7caf6a64dc4_1777666904259,one_vial_alternating,2026-05-01 20:22:24.365,next,0,23355,ocEZDR0mxYKZmAofdXU4,2
69f24e4dade8b7caf6a64dc4,69f24e4dade8b7caf6a64dc4_1777666904259,one_vial_alternating,2026-05-01 20:22:39.420,next,0,15060,3hzUZYtxDaofsfRhy8EJ,3
69f24e4dade8b7caf6a64dc4,69f24e4dade8b7caf6a64dc4_1777666904259,one_vial_alternating,2026-05-01 20:23:36.839,next,0,57417,x9qXOPEKFvf0f8O7Qclb,4
69f24e4dade8b7caf6a64dc4,69f24e4dade8b7caf6a64dc4_1777666904259,one_vial_alternating,2026-05-01 20:23:47.380,next,0,10542,AN7MrDDJwFVc4LjAKrTJ,5
69f24e4dade8b7caf6a64dc4,69f24e4dade8b7caf6a64dc4_1777666904259,one_vial_alternating,2026-05-01 20:24:01.374,next,0,13994,Sow6pnPvAvGelrajfg6v,6
69f24e4dade8b7caf6a64dc4,69f24e4dade8b7caf6a64dc4_1777666904259,one_vial_alternating,2026-05-01 20:24:13.921,next,0,12546,GXOL0enMfsZrsNIRUjVV,7
69f24e4dade8b7caf6a64dc4,69f24e4dade8b7caf6a64dc4_1777666904259,one_vial_alternating,2026-05-01 20:24:18.430,next,0,4510,yHEF75X1lG6wj1cJhTye,8
69f24e4dade8b7caf6a64dc4,69f24e4dade8b7caf6a64dc4_1777666904259,one_vial_alternating,2026-05-01 20:24:26.048,next,0,7615,yLDXy610Tg9mFyMKhU0Z,9
69f24e4dade8b7caf6a64dc4,69f24e4dade8b7caf6a64dc4_1777666904259,one_vial_alternating,2026-05-01 20:24:48.667,next,0,22621,lu35AY8lTP4Ay3MDOhsC,10
69f24e4dade8b7caf6a64dc4,69f24e4dade8b7caf6a64dc4_1777666904259,one_vial_alternating,2026-05-01 20:25:03.738,next,0,15071,lQy1UiaashzGFMulJkGF,11
69f24e4dade8b7caf6a64dc4,69f24e4dade8b7caf6a64dc4_1777666904259,one_vial_alternating,2026-05-01 20:25:23.473,next,0,19733,0NZsc78eFrz5obttzlYs,12
69f24e4dade8b7caf6a64dc4,69f24e4dade8b7caf6a64dc4_1777666904259,one_vial_alternating,2026-05-01 20:25:35.446,next,0,11973,HTDeMCVpvNXWP8nt0D9Z,13
69f24e4dade8b7caf6a64dc4,69f24e4dade8b7caf6a64dc4_1777666904259,one_vial_alternating,2026-05-01 20:25:40.083,next,0,4636,hxtP0PFX2eJuxxeApTET,14
69f24e4dade8b7caf6a64dc4,69f24e4dade8b7caf6a64dc4_1777666904259,one_vial_alternating,2026-05-01 20:25:45.862,next,0,5778,avA1tBg0yxRQldIUDb08,15
69f24e4dade8b7caf6a64dc4,69f24e4dade8b7caf6a64dc4_1777666904259,one_vial_alternating,2026-05-01 20:25:49.143,next,0,3284,dr8Pwcq8mdMaaYzp0Kbr,16
69f24e4dade8b7caf6a64dc4,69f24e4dade8b7caf6a64dc4_1777666904259,one_vial_alternating,2026-05-01 20:25:53.638,next,0,4494,zew0RiFd7cwsJjHEkbmZ,17
69f24e4dade8b7caf6a64dc4,69f24e4dade8b7caf6a64dc4_1777666904259,one_vial_alternating,2026-05-01 20:26:02.073,next,0,8435,SVGvauyQL3O41zfnNyRA,18
69f24e4dade8b7caf6a64dc4,69f24e4dade8b7caf6a64dc4_1777666904259,one_vial_alternating,2026-05-01 20:26:10.065,next,0,7992,5zqKd8W5d1qx7eZBecpc,19
69f24e4dade8b7caf6a64dc4,69f24e4dade8b7caf6a64dc4_1777666904259,one_vial_alternating,2026-05-01 20:26:15.909,next,0,5844,VEZaWZ1b22ZmBH9SuP6M,20
69f24e4dade8b7caf6a64dc4,69f24e4dade8b7caf6a64dc4_1777666904259,one_vial_alternating,2026-05-01 20:26:25.490,next,0,9559,nGfGK1O53YTCm9xLutYw,21
69f24e4dade8b7caf6a64dc4,69f24e4dade8b7caf6a64dc4_1777666904259,one_vial_alternating,2026-05-01 20:26:38.055,next,0,12586,aY6knyqzOcSnbdnEmip0,22
69f24e4dade8b7caf6a64dc4,69f24e4dade8b7caf6a64dc4_1777666904259,one_vial_alternating,2026-05-01 20:27:18.617,next,1,40563,NSk2506mf74lTlRbrj6t,23
69f24e4dade8b7caf6a64dc4,69f24e4dade8b7caf6a64dc4_1777666904259,one_vial_alternating,2026-05-01 20:28:35.135,redirect-correct,0,76509,klz3krJ2yIOnhNrCWLY3,24
69f24e4dade8b7caf6a64dc4,69f24e4dade8b7caf6a64dc4_1777666904259,one_vial_alternating,2026-05-01 20:28:49.470,next,0,14340,5zl4KLX4sXrEWq1C0bvm,25
69f24e4dade8b7caf6a64dc4,69f24e4dade8b7caf6a64dc4_1777666904259,one_vial_alternating,2026-05-01 20:29:00.634,prev,0,11164,zJYVkPxxaN0w6CrqlId1,24
69f24e4dade8b7caf6a64dc4,69f24e4dade8b7caf6a64dc4_1777666904259,one_vial_alternating,2026-05-01 20:29:24.669,next,0,24034,4mEqmGT3dyfwIbuFKKMx,25
69f24e4dade8b7caf6a64dc4,69f24e4dade8b7caf6a64dc4_1777666904259,one_vial_alternating,2026-05-01 20:29:31.331,prev,0,6663,xSJzCnRQrSxuytWSicoV,24
69f24e4dade8b7caf6a64dc4,69f24e4dade8b7caf6a64dc4_1777666904259,one_vial_alternating,2026-05-01 20:29:35.623,next,0,4292,ZWemLhJ9dCarzEtQD7Ie,25
69f24e4dade8b7caf6a64dc4,69f24e4dade8b7caf6a64dc4_1777666904259,one_vial_alternating,2026-05-01 20:29:38.785,prev,0,3162,d5fA61zNo4DuPK6DyScg,24
69f24e4dade8b7caf6a64dc4,69f24e4dade8b7caf6a64dc4_1777666904259,one_vial_alternating,2026-05-01 20:29:43.766,next,0,4982,6vm1Erxx6vxNJvCTECWH,25
69f24e4dade8b7caf6a64dc4,69f24e4dade8b7caf6a64dc4_1777666904259,one_vial_alternating,2026-05-01 20:29:46.495,prev,0,2728,dgaH5iVae3WkDqwgXBik,24
69f24e4dade8b7caf6a64dc4,69f24e4dade8b7caf6a64dc4_1777666904259,one_vial_alternating,2026-05-01 20:29:51.006,next,0,4512,JUE5Q0rutuXj1pzhuXwa,25
69f24e4dade8b7caf6a64dc4,69f24e4dade8b7caf6a64dc4_1777666904259,one_vial_alternating,2026-05-01 20:29:54.761,prev,0,3754,aZH9Raqw7rIXxt8FHKTc,24
69f24e4dade8b7caf6a64dc4,69f24e4dade8b7caf6a64dc4_1777666904259,one_vial_alternating,2026-05-01 20:29:58.676,next,0,3914,YlLbjOx9PeCLiHm6coId,25
69f24e4dade8b7caf6a64dc4,69f24e4dade8b7caf6a64dc4_1777666904259,one_vial_alternating,2026-05-01 20:30:00.826,prev,0,2147,hZpWArekKy13Rh6Xu5eM,24
69f24e4dade8b7caf6a64dc4,69f24e4dade8b7caf6a64dc4_1777666904259,one_vial_alternating,2026-05-01 20:30:05.369,next,0,4431,030SxyH0RKREcPxnZlcC,25
69f24e4dade8b7caf6a64dc4,69f24e4dade8b7caf6a64dc4_1777666904259,one_vial_alternating,2026-05-01 20:30:05.922,prev,0,667,DTCPrBi39t0EkzCNldDc,24
69f24e4dade8b7caf6a64dc4,69f24e4dade8b7caf6a64dc4_1777666904259,one_vial_alternating,2026-05-01 20:30:10.393,next,0,4472,srlbDuIqwmAvWqkmVuny,25
69f24e4dade8b7caf6a64dc4,69f24e4dade8b7caf6a64dc4_1777666904259,one_vial_alternating,2026-05-01 20:30:12.069,prev,0,1675,XnWgEEqlwFA3uz3hi76R,24
69f24e4dade8b7caf6a64dc4,69f24e4dade8b7caf6a64dc4_1777666904259,one_vial_alternating,2026-05-01 20:30:17.141,prev,1,5072,d5743zFLmeZ7fRMovA7m,23
69f24e4dade8b7caf6a64dc4,69f24e4dade8b7caf6a64dc4_1777666904259,one_vial_alternating,2026-05-01 20:31:03.985,redirect-correct,0,46844,3tZmBD2cofw6pFjGMYDZ,24
69f24e4dade8b7caf6a64dc4,69f24e4dade8b7caf6a64dc4_1777666904259,one_vial_alternating,2026-05-01 20:31:07.684,next,0,3694,iKuyI5pckbRaOIWCSHoF,25
69f24e4dade8b7caf6a64dc4,69f24e4dade8b7caf6a64dc4_1777666904259,one_vial_alternating,2026-05-01 20:31:12.550,next,0,4872,baBQkB0Sf863wvdI5Hq3,26
69f24e4dade8b7caf6a64dc4,69f24e4dade8b7caf6a64dc4_1777666904259,one_vial_alternating,2026-05-01 20:31:20.946,next,0,8396,eHeQtHRp34bF5GyRzeRj,27
69f24e4dade8b7caf6a64dc4,69f24e4dade8b7caf6a64dc4_1777666904259,one_vial_alternating,2026-05-01 20:31:45.902,next,0,24954,jgYgCRwhAJ2ILzft8sO3,28
69f24e4dade8b7caf6a64dc4,69f24e4dade8b7caf6a64dc4_1777666904259,one_vial_alternating,2026-05-01 20:31:57.453,next,0,11549,FFh6TVLBnoNOvCIkpovn,29
69f24e4dade8b7caf6a64dc4,69f24e4dade8b7caf6a64dc4_1777666904259,one_vial_alternating,2026-05-01 20:32:18.193,next,0,20737,mKxDUK4zEUk2LE8Z39HX,30
69f24e4dade8b7caf6a64dc4,69f24e4dade8b7caf6a64dc4_1777666904259,one_vial_alternating,2026-05-01 20:32:30.847,next,0,12659,7NLbFVujENcnmolac6Ci,31
69f24e4dade8b7caf6a64dc4,69f24e4dade8b7caf6a64dc4_1777666904259,one_vial_alternating,2026-05-01 20:33:05.045,next,0,34196,hULAZGKXvEvGmiENnfML,32
69f24e4dade8b7caf6a64dc4,69f24e4dade8b7caf6a64dc4_1777666904259,one_vial_alternating,2026-05-01 20:33:15.508,next,0,10464,fP6upYEDSqvxBn5Vz7tI,33
69f24e4dade8b7caf6a64dc4,69f24e4dade8b7caf6a64dc4_1777666904259,one_vial_alternating,2026-05-01 20:33:30.892,next,0,15373,UlMQZdhqa5SsCrUzgZWd,34
69f24e4dade8b7caf6a64dc4,69f24e4dade8b7caf6a64dc4_1777666904259,one_vial_alternating,2026-05-01 20:33:39.286,next,0,8406,KBr6PwJL4R2Yvq8do6WW,35
69f24e4dade8b7caf6a64dc4,69f24e4dade8b7caf6a64dc4_1777666904259,one_vial_alternating,2026-05-01 20:34:48.768,next,1,68960,glySz4EHN99OeqHd8WZv,36
69f24e4dade8b7caf6a64dc4,69f24e4dade8b7caf6a64dc4_1777666904259,one_vial_alternating,2026-05-01 20:36:21.835,redirect-correct,0,93575,LoJm4AfcaKkRE3uzpNcK,37
69f24e4dade8b7caf6a64dc4,69f24e4dade8b7caf6a64dc4_1777666904259,one_vial_alternating,2026-05-01 20:36:28.261,next,0,6421,4ItYZEfJLseqh3UCenQU,38
69f24e4dade8b7caf6a64dc4,69f24e4dade8b7caf6a64dc4_1777666904259,one_vial_alternating,2026-05-01 20:36:39.500,next,0,11253,DJMx11GcHTz5tXhlQIgk,39
69f24e4dade8b7caf6a64dc4,69f24e4dade8b7caf6a64dc4_1777666904259,one_vial_alternating,2026-05-01 20:36:48.564,next,1,9062,N2n37yTixgxs2bur2HbZ,40
69f24e4dade8b7caf6a64dc4,69f24e4dade8b7caf6a64dc4_1777666904259,one_vial_alternating,2026-05-01 20:37:05.977,redirect-correct,0,17415,yAzuLerOEASV7tp6azGc,41
69f24e4dade8b7caf6a64dc4,69f24e4dade8b7caf6a64dc4_1777666904259,one_vial_alternating,2026-05-01 20:37:25.410,next,0,19422,WWe0YHFjyAQ3Kmm1JyvN,42
69f2557ca721406109319c90,69f2557ca721406109319c90_1777665836438,one_vial_alternating,2026-05-01 20:04:08.412,initial,0,,Im0a9OJwQrYUxjHuZNhl,1
69f2557ca721406109319c90,69f2557ca721406109319c90_1777665836438,one_vial_alternating,2026-05-01 20:04:13.675,next,0,5256,dzZEyOTJm8LNQL9cN9jk,2
69f2557ca721406109319c90,69f2557ca721406109319c90_1777665836438,one_vial_alternating,2026-05-01 20:04:17.658,next,0,4009,BL4Gat8KgV9RufWYVAyS,3
69f2557ca721406109319c90,69f2557ca721406109319c90_1777665836438,one_vial_alternating,2026-05-01 20:04:23.529,next,0,5858,ZjYvbxeddbOUB6u1DuYO,4
69f2557ca721406109319c90,69f2557ca721406109319c90_1777665836438,one_vial_alternating,2026-05-01 20:04:27.287,next,0,3765,bOMy56p7LEHsjA9jrZwD,5
69f2557ca721406109319c90,69f2557ca721406109319c90_1777665836438,one_vial_alternating,2026-05-01 20:04:32.203,next,0,4906,eQnsmrFp8q1dmfkEwjKW,6
69f2557ca721406109319c90,69f2557ca721406109319c90_1777665836438,one_vial_alternating,2026-05-01 20:04:37.260,next,0,5059,WZsnKKqGdk6CImY0zXET,7
69f2557ca721406109319c90,69f2557ca721406109319c90_1777665836438,one_vial_alternating,2026-05-01 20:04:41.789,next,0,4524,wP8GzgTWaSWGZXL9fom4,8
69f2557ca721406109319c90,69f2557ca721406109319c90_1777665836438,one_vial_alternating,2026-05-01 20:04:52.557,next,0,10761,1zzTKmA64i2cDicpQIx5,9
69f2557ca721406109319c90,69f2557ca721406109319c90_1777665836438,one_vial_alternating,2026-05-01 20:04:55.984,next,0,3436,wFNa4pSXrruaiTr6fzkO,10
69f2557ca721406109319c90,69f2557ca721406109319c90_1777665836438,one_vial_alternating,2026-05-01 20:05:01.615,next,0,5629,3cZDpR4auIcnY4BjYiAa,11
69f2557ca721406109319c90,69f2557ca721406109319c90_1777665836438,one_vial_alternating,2026-05-01 20:05:05.932,next,0,4309,fSYSXCnZmuVSdZB5YpNq,12
69f2557ca721406109319c90,69f2557ca721406109319c90_1777665836438,one_vial_alternating,2026-05-01 20:05:10.607,next,0,4676,cs4kyH8uT9f8T7r6lLJk,13
69f2557ca721406109319c90,69f2557ca721406109319c90_1777665836438,one_vial_alternating,2026-05-01 20:05:14.148,next,0,3566,MHOQt0zQ3k94G34a0r7v,14
69f2557ca721406109319c90,69f2557ca721406109319c90_1777665836438,one_vial_alternating,2026-05-01 20:05:17.761,next,0,3596,ejBbsfR23fIdZomXhxKB,15
69f2557ca721406109319c90,69f2557ca721406109319c90_1777665836438,one_vial_alternating,2026-05-01 20:05:21.110,next,0,3361,ucHUbZVysSd4dwu9Dfr0,16
69f2557ca721406109319c90,69f2557ca721406109319c90_1777665836438,one_vial_alternating,2026-05-01 20:05:24.830,next,0,3690,VkIbk20RNtdSGO2nI3VA,17
69f2557ca721406109319c90,69f2557ca721406109319c90_1777665836438,one_vial_alternating,2026-05-01 20:05:28.018,next,0,3204,HFMisXb5MstME6RhIrUs,18
69f2557ca721406109319c90,69f2557ca721406109319c90_1777665836438,one_vial_alternating,2026-05-01 20:05:31.597,next,0,3588,cCUIoybtvZSKYeegqc4P,19
69f2557ca721406109319c90,69f2557ca721406109319c90_1777665836438,one_vial_alternating,2026-05-01 20:05:35.769,next,0,4156,Vi1FOEJLkRVAq6WLQFSg,20
69f2557ca721406109319c90,69f2557ca721406109319c90_1777665836438,one_vial_alternating,2026-05-01 20:05:39.270,next,0,3503,mgrqTP6crpTp6F84iNA7,21
69f2557ca721406109319c90,69f2557ca721406109319c90_1777665836438,one_vial_alternating,2026-05-01 20:05:42.506,next,0,3228,lYXJXVLb6nSEq25LdKga,22
69f2557ca721406109319c90,69f2557ca721406109319c90_1777665836438,one_vial_alternating,2026-05-01 20:05:45.887,next,1,3385,1bgUd7Nn50OfynN7rlWa,23
69f2557ca721406109319c90,69f2557ca721406109319c90_1777665836438,one_vial_alternating,2026-05-01 20:06:32.518,redirect-incorrect,0,46636,hLieaUd1h6gVHTVvnOcH,22
69f2557ca721406109319c90,69f2557ca721406109319c90_1777665836438,one_vial_alternating,2026-05-01 20:06:42.804,next,1,10298,ZjNRu6FTOJYajfInLk2D,23
69f25f4441180ef1a098b1d7,69f25f4441180ef1a098b1d7_1777664609029,one_vial_alternating,2026-05-01 19:43:47.380,initial,0,,1aDHKOTkHB0HuQbgXgdP,1
69f25f4441180ef1a098b1d7,69f25f4441180ef1a098b1d7_1777664609029,one_vial_alternating,2026-05-01 19:43:51.232,next,0,3881,qrq2bZouJIS83lQcjN4C,2
69f25f4441180ef1a098b1d7,69f25f4441180ef1a098b1d7_1777664609029,one_vial_alternating,2026-05-01 19:43:54.228,next,0,3001,rRH6mxdvwpMXY8WUMwup,3
69f25f4441180ef1a098b1d7,69f25f4441180ef1a098b1d7_1777664609029,one_vial_alternating,2026-05-01 19:44:02.386,next,0,8159,0kHnPRIWdo5PCR57RQm9,4
69f25f4441180ef1a098b1d7,69f25f4441180ef1a098b1d7_1777664609029,one_vial_alternating,2026-05-01 19:44:05.410,next,0,3023,zZV4SDK0nDKjy0prD5kf,5
69f25f4441180ef1a098b1d7,69f25f4441180ef1a098b1d7_1777664609029,one_vial_alternating,2026-05-01 19:44:08.979,next,0,3569,vlGWJ6AowMqohZzZoigL,6
69f25f4441180ef1a098b1d7,69f25f4441180ef1a098b1d7_1777664609029,one_vial_alternating,2026-05-01 19:44:16.077,next,0,7097,C43ANoRWJLBKh5IJaJO2,7
69f25f4441180ef1a098b1d7,69f25f4441180ef1a098b1d7_1777664609029,one_vial_alternating,2026-05-01 19:44:19.349,next,0,3257,m3voFEOw8NnrbTSfro1N,8
69f25f4441180ef1a098b1d7,69f25f4441180ef1a098b1d7_1777664609029,one_vial_alternating,2026-05-01 19:44:26.288,next,0,6956,qqSXctcNR6gKrkaTG2wc,9
69f25f4441180ef1a098b1d7,69f25f4441180ef1a098b1d7_1777664609029,one_vial_alternating,2026-05-01 19:44:33.764,next,0,7476,M9CsjaMcQfWYk2RpjuRg,10
69f25f4441180ef1a098b1d7,69f25f4441180ef1a098b1d7_1777664609029,one_vial_alternating,2026-05-01 19:44:37.878,next,0,4115,BGJN1R89Myr3JwVaqsdt,11
69f25f4441180ef1a098b1d7,69f25f4441180ef1a098b1d7_1777664609029,one_vial_alternating,2026-05-01 19:44:43.644,next,0,5762,JRqQOewQW2SvbNk5FA9r,12
69f25f4441180ef1a098b1d7,69f25f4441180ef1a098b1d7_1777664609029,one_vial_alternating,2026-05-01 19:44:47.079,next,0,3437,kIW1veMjvW4Werp3sZFk,13
69f25f4441180ef1a098b1d7,69f25f4441180ef1a098b1d7_1777664609029,one_vial_alternating,2026-05-01 19:44:50.778,next,0,3698,yTYkcotQsOSTVlkK3FFf,14
69f25f4441180ef1a098b1d7,69f25f4441180ef1a098b1d7_1777664609029,one_vial_alternating,2026-05-01 19:44:54.339,next,0,3561,Glmiu2bQYgkHFvhZe3Zj,15
69f25f4441180ef1a098b1d7,69f25f4441180ef1a098b1d7_1777664609029,one_vial_alternating,2026-05-01 19:44:58.088,next,0,3750,MtUJEAgA3USR2al14i1O,16
69f25f4441180ef1a098b1d7,69f25f4441180ef1a098b1d7_1777664609029,one_vial_alternating,2026-05-01 19:45:01.329,next,0,3241,Dgl3E5yEDb43rMTMrnqL,17
69f25f4441180ef1a098b1d7,69f25f4441180ef1a098b1d7_1777664609029,one_vial_alternating,2026-05-01 19:45:04.207,next,0,2877,BUDO83oLTwWcbrfKr6Sb,18
69f25f4441180ef1a098b1d7,69f25f4441180ef1a098b1d7_1777664609029,one_vial_alternating,2026-05-01 19:45:07.182,next,0,2972,ADpcEEMy7yKiQVDlqHXi,19
69f25f4441180ef1a098b1d7,69f25f4441180ef1a098b1d7_1777664609029,one_vial_alternating,2026-05-01 19:45:10.477,next,0,3298,QS0MVTMmu7DVvWmPYDHj,20
69f25f4441180ef1a098b1d7,69f25f4441180ef1a098b1d7_1777664609029,one_vial_alternating,2026-05-01 19:45:13.996,next,0,3522,7AycThP64W3kWX61XEZ6,21
69f25f4441180ef1a098b1d7,69f25f4441180ef1a098b1d7_1777664609029,one_vial_alternating,2026-05-01 19:45:17.383,next,0,3384,hgZdtOS5nGuaABdPYE08,22
69f25f4441180ef1a098b1d7,69f25f4441180ef1a098b1d7_1777664609029,one_vial_alternating,2026-05-01 19:45:23.035,next,1,5656,gEWcYGQb85gB13oX0h7j,23
69f25f4441180ef1a098b1d7,69f25f4441180ef1a098b1d7_1777664609029,one_vial_alternating,2026-05-01 19:45:46.317,redirect-correct,0,23277,9YI4k5WzVBdcKYSxg3hc,24
69f25f4441180ef1a098b1d7,69f25f4441180ef1a098b1d7_1777664609029,one_vial_alternating,2026-05-01 19:45:48.948,next,0,2632,GsREdvezkDaxAbijfLFv,25
69f25f4441180ef1a098b1d7,69f25f4441180ef1a098b1d7_1777664609029,one_vial_alternating,2026-05-01 19:45:55.211,next,0,6263,uw0cXFaEDcPdHUVaCLWi,26
69f25f4441180ef1a098b1d7,69f25f4441180ef1a098b1d7_1777664609029,one_vial_alternating,2026-05-01 19:46:00.027,next,0,4814,oZ9t3MQ5Rp2vIXZ2b2Y4,27
69f25f4441180ef1a098b1d7,69f25f4441180ef1a098b1d7_1777664609029,one_vial_alternating,2026-05-01 19:46:07.553,next,0,7527,EvdtqguAo5w0SVVnmthU,28
69f25f4441180ef1a098b1d7,69f25f4441180ef1a098b1d7_1777664609029,one_vial_alternating,2026-05-01 19:46:10.730,next,0,3180,sqAicu0f9ePGOdi9JwIp,29
69f25f4441180ef1a098b1d7,69f25f4441180ef1a098b1d7_1777664609029,one_vial_alternating,2026-05-01 19:46:15.147,next,0,4414,fDI8qNDL8xQA3uGOHnBc,30
69f25f4441180ef1a098b1d7,69f25f4441180ef1a098b1d7_1777664609029,one_vial_alternating,2026-05-01 19:46:19.901,next,0,4757,zTDnNkF08NA4asiHZfow,31
69f25f4441180ef1a098b1d7,69f25f4441180ef1a098b1d7_1777664609029,one_vial_alternating,2026-05-01 19:46:25.222,next,0,5320,7AnjgR5XGEzZgcVqHxEM,32
69f25f4441180ef1a098b1d7,69f25f4441180ef1a098b1d7_1777664609029,one_vial_alternating,2026-05-01 19:46:29.056,next,0,3832,jjavLWnwgX4qki6Qp8zG,33
69f25f4441180ef1a098b1d7,69f25f4441180ef1a098b1d7_1777664609029,one_vial_alternating,2026-05-01 19:46:32.008,next,0,2952,zQlKtQODu6CVQQPJaWto,34
69f25f4441180ef1a098b1d7,69f25f4441180ef1a098b1d7_1777664609029,one_vial_alternating,2026-05-01 19:46:36.392,next,0,4385,awvFOeCsLzsfEm8Q2A8Z,35
69f25f4441180ef1a098b1d7,69f25f4441180ef1a098b1d7_1777664609029,one_vial_alternating,2026-05-01 19:46:57.458,next,1,21064,H9vLVOj8atCfZdE0lekP,36
69f25f4441180ef1a098b1d7,69f25f4441180ef1a098b1d7_1777664609029,one_vial_alternating,2026-05-01 19:47:32.005,redirect-correct,0,34546,7DwDSlLRmrgoDnT1KrXX,37
69f25f4441180ef1a098b1d7,69f25f4441180ef1a098b1d7_1777664609029,one_vial_alternating,2026-05-01 19:47:34.595,next,0,2592,wyU6M2YdviJ9qtbem9Ul,38
69f25f4441180ef1a098b1d7,69f25f4441180ef1a098b1d7_1777664609029,one_vial_alternating,2026-05-01 19:47:38.751,next,0,4152,1qeyElLIvtaxOzrMlFln,39
69f25f4441180ef1a098b1d7,69f25f4441180ef1a098b1d7_1777664609029,one_vial_alternating,2026-05-01 19:47:42.580,next,1,3831,IL8a4goK3or12pvybYZQ,40
69f25f4441180ef1a098b1d7,69f25f4441180ef1a098b1d7_1777664609029,one_vial_alternating,2026-05-01 19:47:49.111,redirect-correct,0,6533,1Ss3TuWI4nzRYNV6Q2gL,41
69f25f4441180ef1a098b1d7,69f25f4441180ef1a098b1d7_1777664609029,one_vial_alternating,2026-05-01 19:47:51.535,next,0,2420,MJeTwkSWL6yu7OYdaySH,42
69f2fa609904d03393fd6cd1,69f2fa609904d03393fd6cd1_1777664737057,one_vial_alternating,2026-05-01 19:45:45.096,initial,0,,TbPj85bOAN2y0Ni82K77,1
69f2fa609904d03393fd6cd1,69f2fa609904d03393fd6cd1_1777664737057,one_vial_alternating,2026-05-01 19:45:48.569,next,0,3470,4dMpk5CB5R3bSKvCxC53,2
69f2fa609904d03393fd6cd1,69f2fa609904d03393fd6cd1_1777664737057,one_vial_alternating,2026-05-01 19:45:51.970,next,0,3409,MNXzQtWhzuinJgdos9E0,3
69f2fa609904d03393fd6cd1,69f2fa609904d03393fd6cd1_1777664737057,one_vial_alternating,2026-05-01 19:46:08.971,next,0,17005,9VecFxAmrIXECZyeuE7f,4
69f2fa609904d03393fd6cd1,69f2fa609904d03393fd6cd1_1777664737057,one_vial_alternating,2026-05-01 19:46:12.084,next,0,3114,yB6CDrKpfwYgSK1kBN7J,5
69f2fa609904d03393fd6cd1,69f2fa609904d03393fd6cd1_1777664737057,one_vial_alternating,2026-05-01 19:46:16.922,next,0,4832,9s2VMAhE69J94JXtMaeY,6
69f2fa609904d03393fd6cd1,69f2fa609904d03393fd6cd1_1777664737057,one_vial_alternating,2026-05-01 19:46:22.450,next,0,5534,XdTQQGXiuVUOioUuoiD3,7
69f2fa609904d03393fd6cd1,69f2fa609904d03393fd6cd1_1777664737057,one_vial_alternating,2026-05-01 19:46:26.938,next,0,4486,SfPVsbWBMlenOEtqlV64,8
69f2fa609904d03393fd6cd1,69f2fa609904d03393fd6cd1_1777664737057,one_vial_alternating,2026-05-01 19:46:31.036,next,0,4096,suRjFSH2NWFOGeCsx01p,9
69f2fa609904d03393fd6cd1,69f2fa609904d03393fd6cd1_1777664737057,one_vial_alternating,2026-05-01 19:46:37.400,next,0,6361,6BGm7axAxgMRzLgdJmeg,10
69f2fa609904d03393fd6cd1,69f2fa609904d03393fd6cd1_1777664737057,one_vial_alternating,2026-05-01 19:46:40.560,next,0,3172,SvhUtiybeDueaYRa3TBj,11
69f2fa609904d03393fd6cd1,69f2fa609904d03393fd6cd1_1777664737057,one_vial_alternating,2026-05-01 19:46:45.454,next,0,4902,jvyeKPM98384WtvPjHz0,12
69f2fa609904d03393fd6cd1,69f2fa609904d03393fd6cd1_1777664737057,one_vial_alternating,2026-05-01 19:46:51.597,next,0,6153,DxBrAg60D6GhAkMHSldn,13
69f2fa609904d03393fd6cd1,69f2fa609904d03393fd6cd1_1777664737057,one_vial_alternating,2026-05-01 19:46:54.421,next,0,2826,pDqmgOT1btIrC5zmlrb3,14
69f2fa609904d03393fd6cd1,69f2fa609904d03393fd6cd1_1777664737057,one_vial_alternating,2026-05-01 19:46:58.296,next,0,3881,mSxT71us8vLhyDr3Eab9,15
69f2fa609904d03393fd6cd1,69f2fa609904d03393fd6cd1_1777664737057,one_vial_alternating,2026-05-01 19:47:01.437,next,0,3136,zUbev2DnCqkkohFOsNbr,16
69f2fa609904d03393fd6cd1,69f2fa609904d03393fd6cd1_1777664737057,one_vial_alternating,2026-05-01 19:47:05.024,next,0,3594,wB4VjwmUw4Hjc1mZKr9J,17
69f2fa609904d03393fd6cd1,69f2fa609904d03393fd6cd1_1777664737057,one_vial_alternating,2026-05-01 19:47:08.184,next,0,3164,H3aVYmfN0Eh2YHk0PKNa,18
69f2fa609904d03393fd6cd1,69f2fa609904d03393fd6cd1_1777664737057,one_vial_alternating,2026-05-01 19:47:11.641,next,0,3456,m3LJqpQ1dMSOXEIsuvAW,19
69f2fa609904d03393fd6cd1,69f2fa609904d03393fd6cd1_1777664737057,one_vial_alternating,2026-05-01 19:47:14.802,next,0,3160,Qr78325MSxnag4v1vM6o,20
69f2fa609904d03393fd6cd1,69f2fa609904d03393fd6cd1_1777664737057,one_vial_alternating,2026-05-01 19:47:19.288,next,0,4487,Nm49UGWCA3WsczCTyYfn,21
69f2fa609904d03393fd6cd1,69f2fa609904d03393fd6cd1_1777664737057,one_vial_alternating,2026-05-01 19:47:23.727,next,0,4435,sGC3ycL98ARMO706c89W,22
69f2fa609904d03393fd6cd1,69f2fa609904d03393fd6cd1_1777664737057,one_vial_alternating,2026-05-01 19:47:31.478,next,1,7757,7FY3n43D50G2oSy5mG7V,23
69f2fa609904d03393fd6cd1,69f2fa609904d03393fd6cd1_1777664737057,one_vial_alternating,2026-05-01 19:47:57.172,redirect-correct,0,25687,85QOAsiIEyM77c94CEaV,24
69f2fa609904d03393fd6cd1,69f2fa609904d03393fd6cd1_1777664737057,one_vial_alternating,2026-05-01 19:48:00.855,next,0,3691,ryJ2G6yHvVV9haIBl9jm,25
69f2fa609904d03393fd6cd1,69f2fa609904d03393fd6cd1_1777664737057,one_vial_alternating,2026-05-01 19:48:08.001,next,0,7136,obnlxoUj8LQTWGsFON69,26
69f2fa609904d03393fd6cd1,69f2fa609904d03393fd6cd1_1777664737057,one_vial_alternating,2026-05-01 19:48:12.656,next,0,4659,HIR0Ld8P7BhjGiVzHzoN,27
69f2fa609904d03393fd6cd1,69f2fa609904d03393fd6cd1_1777664737057,one_vial_alternating,2026-05-01 19:48:19.748,next,0,7099,wmAY0XPtiDZCOLmzT6IR,28
69f2fa609904d03393fd6cd1,69f2fa609904d03393fd6cd1_1777664737057,one_vial_alternating,2026-05-01 19:48:24.429,next,0,4676,cCOSzVs51wjtF3zlYHhK,29
69f2fa609904d03393fd6cd1,69f2fa609904d03393fd6cd1_1777664737057,one_vial_alternating,2026-05-01 19:48:31.669,next,0,7235,qVtFE1QKkFGfTFaUPF5o,30
69f2fa609904d03393fd6cd1,69f2fa609904d03393fd6cd1_1777664737057,one_vial_alternating,2026-05-01 19:48:36.211,next,0,4548,yNPfzPRKx3TOFMDRIrNw,31
69f2fa609904d03393fd6cd1,69f2fa609904d03393fd6cd1_1777664737057,one_vial_alternating,2026-05-01 19:48:43.639,next,0,7423,3OBkZfuyG4awmOha04pO,32
69f2fa609904d03393fd6cd1,69f2fa609904d03393fd6cd1_1777664737057,one_vial_alternating,2026-05-01 19:48:48.281,next,0,4648,3BjVmlJ6u7B8anN71yxg,33
69f2fa609904d03393fd6cd1,69f2fa609904d03393fd6cd1_1777664737057,one_vial_alternating,2026-05-01 19:48:52.131,next,0,3844,uJrnLVVryG9caL85bHDq,34
69f2fa609904d03393fd6cd1,69f2fa609904d03393fd6cd1_1777664737057,one_vial_alternating,2026-05-01 19:49:00.167,next,0,8037,2WdrDgTEFVrYQttW9ppv,35
69f2fa609904d03393fd6cd1,69f2fa609904d03393fd6cd1_1777664737057,one_vial_alternating,2026-05-01 19:49:25.893,next,1,25725,ZAvr8En3QmiF8nyp9iFb,36
69f2fa609904d03393fd6cd1,69f2fa609904d03393fd6cd1_1777664737057,one_vial_alternating,2026-05-01 19:50:18.188,redirect-correct,0,52295,yRhWFhUtnhG4kbmmzVAH,37
69f2fa609904d03393fd6cd1,69f2fa609904d03393fd6cd1_1777664737057,one_vial_alternating,2026-05-01 19:50:22.072,next,0,3882,2VEmzTeYaQaNnyOxU10U,38
69f2fa609904d03393fd6cd1,69f2fa609904d03393fd6cd1_1777664737057,one_vial_alternating,2026-05-01 19:50:25.576,next,0,3500,WJMR0TMJL7mcVhzt52Zc,39
69f2fa609904d03393fd6cd1,69f2fa609904d03393fd6cd1_1777664737057,one_vial_alternating,2026-05-01 19:50:34.326,next,1,8758,RfKg5j7JZ2suoQeuul3P,40
69f2fa609904d03393fd6cd1,69f2fa609904d03393fd6cd1_1777664737057,one_vial_alternating,2026-05-01 19:50:41.269,redirect-correct,0,6941,3qExRuAuanL21KueNIpr,41
69f2fa609904d03393fd6cd1,69f2fa609904d03393fd6cd1_1777664737057,one_vial_alternating,2026-05-01 19:50:44.292,next,0,3019,VXqQiufnOqoY0aAP2sUG,42
69f387595d8ffe70c7914f68,69f387595d8ffe70c7914f68_1777665106034,one_vial_alternating,2026-05-01 19:52:07.155,initial,0,,cmp8cuj7NTgCOBesz5OC,1
69f387595d8ffe70c7914f68,69f387595d8ffe70c7914f68_1777665106034,one_vial_alternating,2026-05-01 19:52:25.988,next,0,15602,bWlpua98aOMDZ7vXW4Si,2
69f387595d8ffe70c7914f68,69f387595d8ffe70c7914f68_1777665106034,one_vial_alternating,2026-05-01 19:52:27.771,next,0,5013,coPAy3DKK3LgQdcz4k6e,3
69f387595d8ffe70c7914f68,69f387595d8ffe70c7914f68_1777665106034,one_vial_alternating,2026-05-01 19:52:49.247,next,0,21410,forUkljSVrF5ZcGBmAfF,4
69f387595d8ffe70c7914f68,69f387595d8ffe70c7914f68_1777665106034,one_vial_alternating,2026-05-01 19:53:58.512,next,0,50518,c6e0x7YsH8XlDzzrFByJ,5
69f387595d8ffe70c7914f68,69f387595d8ffe70c7914f68_1777665106034,one_vial_alternating,2026-05-01 19:53:58.550,next,0,5269,FK7D9YWbygvyovEYr49r,6
69f387595d8ffe70c7914f68,69f387595d8ffe70c7914f68_1777665106034,one_vial_alternating,2026-05-01 19:53:58.571,prev,0,5523,Zt9mpjRZ9T0VWDRNzTBn,5
69f387595d8ffe70c7914f68,69f387595d8ffe70c7914f68_1777665106034,one_vial_alternating,2026-05-01 19:53:58.602,next,0,5315,bk6WPAhewUXZOyOVkQM3,6
69f387595d8ffe70c7914f68,69f387595d8ffe70c7914f68_1777665106034,one_vial_alternating,2026-05-01 19:53:59.149,next,0,2931,57LIZCnqWxWD9IzzD1sm,7
69f387595d8ffe70c7914f68,69f387595d8ffe70c7914f68_1777665106034,one_vial_alternating,2026-05-01 19:54:02.760,next,0,3978,prAgoEpOCZbONT7aIvQQ,8
69f387595d8ffe70c7914f68,69f387595d8ffe70c7914f68_1777665106034,one_vial_alternating,2026-05-01 19:54:21.729,next,0,18969,6LQEXFvo7rIbTvHDpyXg,9
69f387595d8ffe70c7914f68,69f387595d8ffe70c7914f68_1777665106034,one_vial_alternating,2026-05-01 19:55:37.345,next,0,73278,OdUl7RgcZZVq5fTTfuiQ,10
69f387595d8ffe70c7914f68,69f387595d8ffe70c7914f68_1777665106034,one_vial_alternating,2026-05-01 19:55:44.929,next,0,9853,lc3p09n6HhCwldczwJmA,11
69f387595d8ffe70c7914f68,69f387595d8ffe70c7914f68_1777665106034,one_vial_alternating,2026-05-01 19:55:57.425,next,0,11425,yJ2lX6f1hJCxF6IKhERB,12
69f387595d8ffe70c7914f68,69f387595d8ffe70c7914f68_1777665106034,one_vial_alternating,2026-05-01 19:56:01.875,next,0,5542,6Qc6oplSkX0t8R4ixgua,13
69f387595d8ffe70c7914f68,69f387595d8ffe70c7914f68_1777665106034,one_vial_alternating,2026-05-01 19:56:05.016,next,0,3247,VwIWnIn8ak4oovmKNpGb,14
69f387595d8ffe70c7914f68,69f387595d8ffe70c7914f68_1777665106034,one_vial_alternating,2026-05-01 19:56:07.901,next,0,2879,9iZ8T6oh92v0HXKTxjbU,15
69f387595d8ffe70c7914f68,69f387595d8ffe70c7914f68_1777665106034,one_vial_alternating,2026-05-01 19:56:08.385,next,0,466,GlLR2CZBhlAexeGM4o4m,15
69f387595d8ffe70c7914f68,69f387595d8ffe70c7914f68_1777665106034,one_vial_alternating,2026-05-01 19:56:10.571,next,0,2187,1cd5fQPLIhLmSYyf05Tm,16
69f387595d8ffe70c7914f68,69f387595d8ffe70c7914f68_1777665106034,one_vial_alternating,2026-05-01 19:56:10.880,next,0,322,wMECOMN86W1ELtTpRPre,16
69f387595d8ffe70c7914f68,69f387595d8ffe70c7914f68_1777665106034,one_vial_alternating,2026-05-01 19:56:14.259,next,0,3343,dhJfz0w1X0PrQDPQ4zcR,17
69f387595d8ffe70c7914f68,69f387595d8ffe70c7914f68_1777665106034,one_vial_alternating,2026-05-01 19:56:17.391,next,0,3120,dW2KqfAyb21ZxuRmj1Oh,18
69f387595d8ffe70c7914f68,69f387595d8ffe70c7914f68_1777665106034,one_vial_alternating,2026-05-01 19:56:17.784,next,0,404,17NQGqnZpC5S1naRppch,18
69f387595d8ffe70c7914f68,69f387595d8ffe70c7914f68_1777665106034,one_vial_alternating,2026-05-01 19:56:20.060,next,0,2131,yrsffa98HT5TToSprbnM,19
69f387595d8ffe70c7914f68,69f387595d8ffe70c7914f68_1777665106034,one_vial_alternating,2026-05-01 19:56:20.108,next,0,247,SqkpmvCeuKKdpe6Elf22,19
69f387595d8ffe70c7914f68,69f387595d8ffe70c7914f68_1777665106034,one_vial_alternating,2026-05-01 19:56:20.312,next,0,229,8xMWGfUM8Hg6xN6f88sr,19
69f387595d8ffe70c7914f68,69f387595d8ffe70c7914f68_1777665106034,one_vial_alternating,2026-05-01 19:56:23.123,next,0,2595,m5XRhXm6A5w0im0thbVU,20
69f387595d8ffe70c7914f68,69f387595d8ffe70c7914f68_1777665106034,one_vial_alternating,2026-05-01 19:56:25.717,next,0,2698,37PaXxJd67qnhejzHwPJ,21
69f387595d8ffe70c7914f68,69f387595d8ffe70c7914f68_1777665106034,one_vial_alternating,2026-05-01 19:56:26.117,next,0,405,PYWIgCAKlZY638Pp1CUp,21
69f387595d8ffe70c7914f68,69f387595d8ffe70c7914f68_1777665106034,one_vial_alternating,2026-05-01 19:56:28.394,next,0,2272,aDqYc861zyYpB5bMgG3p,22
69f387595d8ffe70c7914f68,69f387595d8ffe70c7914f68_1777665106034,one_vial_alternating,2026-05-01 19:56:28.555,next,0,254,JdEwbEAVLY22uzQUsXsb,22
69f387595d8ffe70c7914f68,69f387595d8ffe70c7914f68_1777665106034,one_vial_alternating,2026-05-01 19:56:28.831,next,0,221,vOZEq1kQYZvnG8zMKxWo,22
69f387595d8ffe70c7914f68,69f387595d8ffe70c7914f68_1777665106034,one_vial_alternating,2026-05-01 19:56:30.951,next,1,2164,nUSyqqok3exfa5kuBtH2,23
69f387595d8ffe70c7914f68,69f387595d8ffe70c7914f68_1777665106034,one_vial_alternating,2026-05-01 19:56:31.163,next,1,185,mi9vvHcUv0upAxIPRPPq,23
69f387595d8ffe70c7914f68,69f387595d8ffe70c7914f68_1777665106034,one_vial_alternating,2026-05-01 19:56:31.655,next,1,177,KhCqcs9WoM2fvNXvu24K,23
69f387595d8ffe70c7914f68,69f387595d8ffe70c7914f68_1777665106034,one_vial_alternating,2026-05-01 19:57:39.652,redirect-incorrect,0,68362,oqCEat9GMHm8efrezQKf,22
69f387595d8ffe70c7914f68,69f387595d8ffe70c7914f68_1777665106034,one_vial_alternating,2026-05-01 19:58:03.075,next,1,23421,2XLUDDwgSJcBFXtIN5ch,23
69f387595d8ffe70c7914f68,69f387595d8ffe70c7914f68_1777665106034,one_vial_alternating,2026-05-01 19:58:11.143,prev,0,8078,vcSelu2htFJfgn71F2dq,22
69f387595d8ffe70c7914f68,69f387595d8ffe70c7914f68_1777665106034,one_vial_alternating,2026-05-01 19:58:12.184,prev,0,899,SWWffQhBPHs8mrEdXG2Z,21
69f387595d8ffe70c7914f68,69f387595d8ffe70c7914f68_1777665106034,one_vial_alternating,2026-05-01 19:58:13.932,prev,0,1885,QKbz9khiRWLuXhaowqun,20
69f387595d8ffe70c7914f68,69f387595d8ffe70c7914f68_1777665106034,one_vial_alternating,2026-05-01 19:58:15.323,prev,0,1373,d5zJ6U4JsCgtCkMDLxoo,19
69f387595d8ffe70c7914f68,69f387595d8ffe70c7914f68_1777665106034,one_vial_alternating,2026-05-01 19:58:16.739,prev,0,1389,250yqklNYNlx4CUzaXuL,18
69f387595d8ffe70c7914f68,69f387595d8ffe70c7914f68_1777665106034,one_vial_alternating,2026-05-01 19:58:17.919,prev,0,1091,Y0lsD5tgaHp1rQXVPfPk,17
69f387595d8ffe70c7914f68,69f387595d8ffe70c7914f68_1777665106034,one_vial_alternating,2026-05-01 19:58:18.058,prev,0,247,Ku6XOs3fp5RUpdNvg0t9,17
69f387595d8ffe70c7914f68,69f387595d8ffe70c7914f68_1777665106034,one_vial_alternating,2026-05-01 19:58:18.250,prev,0,198,hsDfXNS7vLQ8QdbLM2jm,17
69f387595d8ffe70c7914f68,69f387595d8ffe70c7914f68_1777665106034,one_vial_alternating,2026-05-01 19:58:18.486,prev,0,241,RtV2yiLPzAwPv42I3vwC,16
69f387595d8ffe70c7914f68,69f387595d8ffe70c7914f68_1777665106034,one_vial_alternating,2026-05-01 19:58:18.729,prev,0,248,grEmyKKFPaXQhcTy2V3f,16
69f387595d8ffe70c7914f68,69f387595d8ffe70c7914f68_1777665106034,one_vial_alternating,2026-05-01 19:58:18.946,prev,0,219,1GCOpWPRMXVhc1Rj0ea1,16
69f387595d8ffe70c7914f68,69f387595d8ffe70c7914f68_1777665106034,one_vial_alternating,2026-05-01 19:58:19.158,prev,0,228,sQtVv1PUDuzEMi7jwtva,15
69f387595d8ffe70c7914f68,69f387595d8ffe70c7914f68_1777665106034,one_vial_alternating,2026-05-01 19:58:19.660,prev,0,232,NqOB8lMVnazNXWpuiZtF,15
69f387595d8ffe70c7914f68,69f387595d8ffe70c7914f68_1777665106034,one_vial_alternating,2026-05-01 19:58:19.696,prev,0,228,tAlyUSqn4T9NFjWyT9Ze,15
69f387595d8ffe70c7914f68,69f387595d8ffe70c7914f68_1777665106034,one_vial_alternating,2026-05-01 19:58:19.838,prev,0,210,E6xNSXaRVx2OZnu3nA6v,14
69f387595d8ffe70c7914f68,69f387595d8ffe70c7914f68_1777665106034,one_vial_alternating,2026-05-01 19:58:20.066,prev,0,219,UGfyLThKbRk80Hh3iPfe,14
69f387595d8ffe70c7914f68,69f387595d8ffe70c7914f68_1777665106034,one_vial_alternating,2026-05-01 19:58:20.285,prev,0,220,l5gYDgNu2Qi2JM9Gecve,14
69f387595d8ffe70c7914f68,69f387595d8ffe70c7914f68_1777665106034,one_vial_alternating,2026-05-01 19:58:20.551,prev,0,218,p7IXoOLov0bJv76T3lwK,13
69f387595d8ffe70c7914f68,69f387595d8ffe70c7914f68_1777665106034,one_vial_alternating,2026-05-01 19:58:20.931,prev,0,225,HZfA3GSJubar1wJbIhL7,13
69f387595d8ffe70c7914f68,69f387595d8ffe70c7914f68_1777665106034,one_vial_alternating,2026-05-01 19:58:36.949,next,0,16205,w4BRQldQzOAPtMobnsGr,14
69f387595d8ffe70c7914f68,69f387595d8ffe70c7914f68_1777665106034,one_vial_alternating,2026-05-01 19:58:40.487,next,0,3535,sMQI5z18elKFwSTuQtdV,15
69f387595d8ffe70c7914f68,69f387595d8ffe70c7914f68_1777665106034,one_vial_alternating,2026-05-01 19:58:58.917,next,0,18375,rX9EmacIJEh486nfGWs0,16
69f387595d8ffe70c7914f68,69f387595d8ffe70c7914f68_1777665106034,one_vial_alternating,2026-05-01 19:59:43.919,next,0,45091,0SqBA6E1TWeab3XHGhe1,17
69f387595d8ffe70c7914f68,69f387595d8ffe70c7914f68_1777665106034,one_vial_alternating,2026-05-01 20:00:19.971,prev,0,36015,GNPJpw5TFDARh9WHydjp,16
69f387595d8ffe70c7914f68,69f387595d8ffe70c7914f68_1777665106034,one_vial_alternating,2026-05-01 20:00:21.911,prev,0,1990,7z3vAf5XdJk924TTdrsL,15
69f387595d8ffe70c7914f68,69f387595d8ffe70c7914f68_1777665106034,one_vial_alternating,2026-05-01 20:00:23.503,prev,0,1564,WQvY9RnCR88hd7s4IXjY,14
69f387595d8ffe70c7914f68,69f387595d8ffe70c7914f68_1777665106034,one_vial_alternating,2026-05-01 20:00:24.900,prev,0,1259,sG67GIumBDyxUOOwikxX,13
69f387595d8ffe70c7914f68,69f387595d8ffe70c7914f68_1777665106034,one_vial_alternating,2026-05-01 20:00:26.061,prev,0,1312,Na7iJDJaPSqxbcsD6pbZ,12
69f387595d8ffe70c7914f68,69f387595d8ffe70c7914f68_1777665106034,one_vial_alternating,2026-05-01 20:00:26.279,prev,0,228,6EbKZqM8pKB1DYxopvRa,12
69f387595d8ffe70c7914f68,69f387595d8ffe70c7914f68_1777665106034,one_vial_alternating,2026-05-01 20:00:26.507,prev,0,221,F2D4xTbPLN5QZMSg5wqg,12
69f387595d8ffe70c7914f68,69f387595d8ffe70c7914f68_1777665106034,one_vial_alternating,2026-05-01 20:00:26.943,prev,0,443,aBGXsS9j4CkTBpdB6K4V,11
69f387595d8ffe70c7914f68,69f387595d8ffe70c7914f68_1777665106034,one_vial_alternating,2026-05-01 20:00:27.147,prev,0,212,MvXA54tZiWUkYwswejgx,11
69f387595d8ffe70c7914f68,69f387595d8ffe70c7914f68_1777665106034,one_vial_alternating,2026-05-01 20:00:27.391,prev,0,225,kdUnWD0D6j7bDzRAtW0m,11
69f387595d8ffe70c7914f68,69f387595d8ffe70c7914f68_1777665106034,one_vial_alternating,2026-05-01 20:00:27.624,prev,0,231,PGsZRQkN4I57JFQSn1wJ,10
69f387595d8ffe70c7914f68,69f387595d8ffe70c7914f68_1777665106034,one_vial_alternating,2026-05-01 20:00:27.869,prev,0,232,HIm11NmJDZ8h3x4i0cJ3,10
69f387595d8ffe70c7914f68,69f387595d8ffe70c7914f68_1777665106034,one_vial_alternating,2026-05-01 20:00:28.047,prev,0,196,Vdu7LqUc2rjPxYrS9b5p,10
69f387595d8ffe70c7914f68,69f387595d8ffe70c7914f68_1777665106034,one_vial_alternating,2026-05-01 20:00:28.262,prev,0,213,miMcbKwbD5MLWsKvzFVE,9
69f387595d8ffe70c7914f68,69f387595d8ffe70c7914f68_1777665106034,one_vial_alternating,2026-05-01 20:00:28.467,prev,0,204,mXa48XQAns8gwXzkrUR2,9
69f387595d8ffe70c7914f68,69f387595d8ffe70c7914f68_1777665106034,one_vial_alternating,2026-05-01 20:00:28.682,prev,0,212,YAM3iEz4QCqpq3AnK6Ye,9
69f387595d8ffe70c7914f68,69f387595d8ffe70c7914f68_1777665106034,one_vial_alternating,2026-05-01 20:00:28.907,prev,0,213,U7LgIDOXYWf4l4Bv0x9H,8
69f387595d8ffe70c7914f68,69f387595d8ffe70c7914f68_1777665106034,one_vial_alternating,2026-05-01 20:00:29.082,prev,0,198,6Skc73fOD7ZmCFNGB1py,8
69f387595d8ffe70c7914f68,69f387595d8ffe70c7914f68_1777665106034,one_vial_alternating,2026-05-01 20:00:30.449,prev,0,199,tw2IrCmZivCzhlmsvSDH,8
69f387595d8ffe70c7914f68,69f387595d8ffe70c7914f68_1777665106034,one_vial_alternating,2026-05-01 20:00:30.468,prev,0,219,y5jJoLqqAqoge7YKUZoL,7
69f387595d8ffe70c7914f68,69f387595d8ffe70c7914f68_1777665106034,one_vial_alternating,2026-05-01 20:00:30.532,prev,0,224,FBOShCCHgQNfri3Q6v1X,7
69f387595d8ffe70c7914f68,69f387595d8ffe70c7914f68_1777665106034,one_vial_alternating,2026-05-01 20:00:30.975,prev,0,1260,XTZhoHAm8VHa8wN2v61i,6
69f387595d8ffe70c7914f68,69f387595d8ffe70c7914f68_1777665106034,one_vial_alternating,2026-05-01 20:00:35.013,prev,0,3908,NS3mdksD2GBPxMgfFGOl,5
69f387595d8ffe70c7914f68,69f387595d8ffe70c7914f68_1777665106034,one_vial_alternating,2026-05-01 20:00:35.155,prev,0,266,QVXceZnYVRcZWZOrtzh4,5
69f387595d8ffe70c7914f68,69f387595d8ffe70c7914f68_1777665106034,one_vial_alternating,2026-05-01 20:00:35.411,prev,0,219,aupmNMXHMtRy81rEM2OH,5
69f387595d8ffe70c7914f68,69f387595d8ffe70c7914f68_1777665106034,one_vial_alternating,2026-05-01 20:00:35.603,prev,0,220,tsGY9TspmGK8fFhyOOjZ,4
69f387595d8ffe70c7914f68,69f387595d8ffe70c7914f68_1777665106034,one_vial_alternating,2026-05-01 20:00:36.567,prev,0,843,2bJnONienfXK8xWD7loY,3
69f387595d8ffe70c7914f68,69f387595d8ffe70c7914f68_1777665106034,one_vial_alternating,2026-05-01 20:00:37.458,prev,0,1019,IIlRvGRM1i0w3ISCpMka,2
69f387595d8ffe70c7914f68,69f387595d8ffe70c7914f68_1777665106034,one_vial_alternating,2026-05-01 20:00:39.499,prev,0,2037,ph2eEeobYovdF4xBVKYP,1
69f387595d8ffe70c7914f68,69f387595d8ffe70c7914f68_1777665106034,one_vial_alternating,2026-05-01 20:00:44.976,next,0,5340,AnHsEcERHLPUUBesk97a,2
69f387595d8ffe70c7914f68,69f387595d8ffe70c7914f68_1777665106034,one_vial_alternating,2026-05-01 20:01:08.439,next,0,23487,NGSZVL102uBmDMoRwtRY,3
69f387595d8ffe70c7914f68,69f387595d8ffe70c7914f68_1777665106034,one_vial_alternating,2026-05-01 20:01:34.505,next,0,26150,Q6j9ZpxOHQavQ0Ci5laB,4
69f387595d8ffe70c7914f68,69f387595d8ffe70c7914f68_1777665106034,one_vial_alternating,2026-05-01 20:01:56.391,next,0,21869,RLNYH1RLnrpyAvpj6jET,5
69f387595d8ffe70c7914f68,69f387595d8ffe70c7914f68_1777665106034,one_vial_alternating,2026-05-01 20:02:05.462,next,0,9035,5fDImLMSq51FJ1rsGqfC,6
69f387595d8ffe70c7914f68,69f387595d8ffe70c7914f68_1777665106034,one_vial_alternating,2026-05-01 20:03:16.295,next,0,41551,N8mXNF9pjsen6SD3P8st,7
69f387595d8ffe70c7914f68,69f387595d8ffe70c7914f68_1777665106034,one_vial_alternating,2026-05-01 20:03:50.302,prev,0,63313,2WeMVMsErwrhjLgjegtj,6
69f387595d8ffe70c7914f68,69f387595d8ffe70c7914f68_1777665106034,one_vial_alternating,2026-05-01 20:04:02.251,next,0,11833,Y5sXia5N5wZ5IT1eY5lV,7
69f387595d8ffe70c7914f68,69f387595d8ffe70c7914f68_1777665106034,one_vial_alternating,2026-05-01 20:04:06.193,next,0,3963,9V54rVgsEkN90Xu2KuQR,8
69f387595d8ffe70c7914f68,69f387595d8ffe70c7914f68_1777665106034,one_vial_alternating,2026-05-01 20:04:11.465,next,0,5029,063jZxMq5o0lVAeKZAbz,9
69f387595d8ffe70c7914f68,69f387595d8ffe70c7914f68_1777665106034,one_vial_alternating,2026-05-01 20:04:17.747,next,0,6663,8uUP8uIQLcZLQcHnyzyH,10
69f387595d8ffe70c7914f68,69f387595d8ffe70c7914f68_1777665106034,one_vial_alternating,2026-05-01 20:05:19.594,next,0,61009,j1tTHehPVMmkfevqDs0L,11
69f387595d8ffe70c7914f68,69f387595d8ffe70c7914f68_1777665106034,one_vial_alternating,2026-05-01 20:05:31.083,next,0,12327,moiFawp70CoAnlhRFiXo,12
69f387595d8ffe70c7914f68,69f387595d8ffe70c7914f68_1777665106034,one_vial_alternating,2026-05-01 20:05:40.686,next,0,9539,IZApXjeVvRxrREire6rW,13
69f387595d8ffe70c7914f68,69f387595d8ffe70c7914f68_1777665106034,one_vial_alternating,2026-05-01 20:05:47.570,next,0,6776,FdL2PMluSzeG5tRlQecG,14
69f387595d8ffe70c7914f68,69f387595d8ffe70c7914f68_1777665106034,one_vial_alternating,2026-05-01 20:05:59.040,next,0,11628,rgOncyIX69Na5nig5XkF,15
69f387595d8ffe70c7914f68,69f387595d8ffe70c7914f68_1777665106034,one_vial_alternating,2026-05-01 20:06:02.884,next,0,3866,GcTF1dqtOkuwyaCGNBub,16
69f387595d8ffe70c7914f68,69f387595d8ffe70c7914f68_1777665106034,one_vial_alternating,2026-05-01 20:06:08.999,next,0,6097,8gnKk0cTHfNj93ySrPpg,17
69f387595d8ffe70c7914f68,69f387595d8ffe70c7914f68_1777665106034,one_vial_alternating,2026-05-01 20:06:13.680,next,0,4545,S8H9eDDxv1u5IICLi81r,18
69f387595d8ffe70c7914f68,69f387595d8ffe70c7914f68_1777665106034,one_vial_alternating,2026-05-01 20:06:20.224,next,0,6668,fK4LVHD0RmsMiHLIR4ok,19
69f387595d8ffe70c7914f68,69f387595d8ffe70c7914f68_1777665106034,one_vial_alternating,2026-05-01 20:06:23.887,next,0,3676,iinM8dyjLReoWQav2iWM,20
69f387595d8ffe70c7914f68,69f387595d8ffe70c7914f68_1777665106034,one_vial_alternating,2026-05-01 20:06:44.155,next,0,20251,bt1P2h13obFMneOZ9e9o,21
69f387595d8ffe70c7914f68,69f387595d8ffe70c7914f68_1777665106034,one_vial_alternating,2026-05-01 20:06:58.436,next,0,14292,ZwWxlMkvIidQ7W5LP5pW,22
69f387595d8ffe70c7914f68,69f387595d8ffe70c7914f68_1777665106034,one_vial_alternating,2026-05-01 20:07:29.017,next,1,30590,KO8Go5lQj2zQsoGostgj,23
69f387595d8ffe70c7914f68,69f387595d8ffe70c7914f68_1777665106034,one_vial_alternating,2026-05-01 20:08:22.189,redirect-correct,0,52994,cwt6AzjLEnCctrlSe7fM,24
69f387595d8ffe70c7914f68,69f387595d8ffe70c7914f68_1777665106034,one_vial_alternating,2026-05-01 20:08:43.885,next,0,21297,3voC3X9EUsAD5wh43nLL,25
69f387595d8ffe70c7914f68,69f387595d8ffe70c7914f68_1777665106034,one_vial_alternating,2026-05-01 20:09:17.318,next,0,33980,Y9x74DqSv8r4A0jgyCRz,26
69f387595d8ffe70c7914f68,69f387595d8ffe70c7914f68_1777665106034,one_vial_alternating,2026-05-01 20:09:48.723,prev,0,9508,qOvQBrJDVRGIaIsNmVzG,25
69f387595d8ffe70c7914f68,69f387595d8ffe70c7914f68_1777665106034,one_vial_alternating,2026-05-01 20:12:12.280,next,0,2891,s3kyJQrO33Jynncwjq91,26
69f387595d8ffe70c7914f68,69f387595d8ffe70c7914f68_1777665106034,one_vial_alternating,2026-05-01 20:12:12.297,next,0,3626,gEO9xIWyNQsPNpdv7LdG,27
69f387595d8ffe70c7914f68,69f387595d8ffe70c7914f68_1777665106034,one_vial_alternating,2026-05-01 20:12:12.331,next,0,15995,oSPANAVQ3amMUEA0BZX5,28
69f387595d8ffe70c7914f68,69f387595d8ffe70c7914f68_1777665106034,one_vial_alternating,2026-05-01 20:12:12.361,next,0,3940,L8DWoeP5m8V0excnpSWz,29
69f387595d8ffe70c7914f68,69f387595d8ffe70c7914f68_1777665106034,one_vial_alternating,2026-05-01 20:12:12.379,prev,0,1877,8xJNHCmGTZlNwnJueqBX,28
69f387595d8ffe70c7914f68,69f387595d8ffe70c7914f68_1777665106034,one_vial_alternating,2026-05-01 20:12:12.397,next,0,15107,57ucbv0ZeUBnvAfEB06l,29
69f387595d8ffe70c7914f68,69f387595d8ffe70c7914f68_1777665106034,one_vial_alternating,2026-05-01 20:12:12.447,next,0,6567,9H5R3PZP27iTUwedoEr3,30
69f387595d8ffe70c7914f68,69f387595d8ffe70c7914f68_1777665106034,one_vial_alternating,2026-05-01 20:12:12.481,next,0,4772,GNvPBpSKIMU67F8mjX40,31
69f387595d8ffe70c7914f68,69f387595d8ffe70c7914f68_1777665106034,one_vial_alternating,2026-05-01 20:12:12.513,next,0,6282,Lj8vS85kJ4768JYNrUmz,32
69f387595d8ffe70c7914f68,69f387595d8ffe70c7914f68_1777665106034,one_vial_alternating,2026-05-01 20:12:12.531,next,0,4195,um8DUtrTxCE9tOqcGhOt,33
69f387595d8ffe70c7914f68,69f387595d8ffe70c7914f68_1777665106034,one_vial_alternating,2026-05-01 20:12:12.793,next,0,7859,FWzgTPorKZwT7Nfchc5s,34
69f387595d8ffe70c7914f68,69f387595d8ffe70c7914f68_1777665106034,one_vial_alternating,2026-05-01 20:12:12.833,prev,0,3285,oH2EHFrzwQMJjxqIzQTE,33
69f387595d8ffe70c7914f68,69f387595d8ffe70c7914f68_1777665106034,one_vial_alternating,2026-05-01 20:12:12.852,next,0,24331,TIoXcu62uKr5ztGDNwBl,34
69f387595d8ffe70c7914f68,69f387595d8ffe70c7914f68_1777665106034,one_vial_alternating,2026-05-01 20:12:13.001,next,0,2875,pirs58ZH4k5TEFoEdZM1,35
69f387595d8ffe70c7914f68,69f387595d8ffe70c7914f68_1777665106034,one_vial_alternating,2026-05-01 20:12:13.040,prev,0,9947,4dC7FtFY5huFgPx29375,34
69f387595d8ffe70c7914f68,69f387595d8ffe70c7914f68_1777665106034,one_vial_alternating,2026-05-01 20:12:13.084,next,0,27233,EKrp4UJZfZ1lgTUC1ozB,35
69f387595d8ffe70c7914f68,69f387595d8ffe70c7914f68_1777665106034,one_vial_alternating,2026-05-01 20:13:49.979,next,1,120826,TAXtXo5cKoKPgkb2cd0G,36
69f387595d8ffe70c7914f68,69f387595d8ffe70c7914f68_1777665106034,one_vial_alternating,2026-05-01 20:16:03.657,redirect-correct,0,135249,x4L68VT3GVMfP3DYqbkg,37
69f387595d8ffe70c7914f68,69f387595d8ffe70c7914f68_1777665106034,one_vial_alternating,2026-05-01 20:16:09.543,next,0,5749,xHbcPb3SynAlZSz90v8P,38
69f387595d8ffe70c7914f68,69f387595d8ffe70c7914f68_1777665106034,one_vial_alternating,2026-05-01 20:16:14.978,next,0,5379,seb6prkqNAu3ofkOwkUo,39
69f387595d8ffe70c7914f68,69f387595d8ffe70c7914f68_1777665106034,one_vial_alternating,2026-05-01 20:16:20.719,next,1,5803,gIEVWOAEU4SlNAEPCCKS,40
69f387595d8ffe70c7914f68,69f387595d8ffe70c7914f68_1777665106034,one_vial_alternating,2026-05-01 20:16:33.238,redirect-correct,0,12571,LvqSwpSrbWzQTnenGl95,41
69f387595d8ffe70c7914f68,69f387595d8ffe70c7914f68_1777665106034,one_vial_alternating,2026-05-01 20:16:36.692,next,0,3395,wpBXTqrbUF9XnOD1spzT,42
asdf,asdf_1779080917385,one_vial_alternating,2026-05-18 05:08:40.723,initial,0,,qQLHNY7rMCbntLMO8QNH,1
steph,steph_1779143618202,one_vial_alternating,2026-05-18 22:33:42.731,initial,0,,fRC7oa4VORnJQo52ul8U,1
steph1,steph1_1779143680807,one_vial_alternating,2026-05-18 22:34:44.313,initial,0,,XLF4iBCK9GsM0LBxUzRG,1
steph1,steph1_1779143680807,one_vial_alternating,2026-05-18 22:34:46.393,next,0,2075,DhoOazuIUI9X34ewBl0z,2
steph123,steph123_1779125967404,one_vial_alternating,2026-05-18 17:39:30.953,initial,0,,CFbEUesy03TJ8AUGqUmQ,1
steph123123,steph123123_1779147535225,one_vial_alternating,2026-05-18 23:38:57.761,initial,0,,ZNPo18p7xDmGBtdKX0JE,1
steph123123,steph123123_1779147535225,one_vial_alternating,2026-05-18 23:38:59.217,next,0,1418,H9shcCQzRn3bk4K58FJJ,2
steph123123,steph123123_1779147535225,one_vial_alternating,2026-05-18 23:39:00.123,next,0,931,55IBGALGsllb3SinSaly,3
steph124,steph124_1779126010009,one_vial_alternating,2026-05-18 17:40:13.212,initial,0,,PwBKcbDtWk2adYGLN9uQ,1
steph144,steph144_1779142690875,one_vial_alternating,2026-05-18 22:18:14.602,initial,0,,QIWaXs3s2U0MkPwFFwHy,1
steph144,steph144_1779142690875,one_vial_alternating,2026-05-18 22:18:17.387,next,0,2882,OzR7AlDxQiHSwdqLs8bi,2
steph144,steph144_1779142690875,one_vial_alternating,2026-05-18 22:18:18.356,next,0,969,2OA8gz0horuLpPzp2JpS,3
steph145,steph145_1779142880211,one_vial_alternating,2026-05-18 22:21:22.824,initial,0,,dZ3QY2nSXfOlsXsxY59J,1
steph146,steph146_1779142973921,one_vial_always_bucket,2026-05-18 22:22:56.833,initial,0,,htD42OoyPANULQHfsO34,1
steph2,steph2_1779143980911,one_vial_alternating,2026-05-18 22:39:45.021,initial,0,,5SmcDFajmw0i0LKfLgIE,1