userId,sessionId,gameVersion,msSinceSessionStart,timestamp,attemptNumber,isCorrect,quizDocId,quizId,selectedIds,slideId
5ce7fd368020d30018f9d7a5,5ce7fd368020d30018f9d7a5_1777664711588,one_vial_alternating,405146,2026-05-01 19:51:56.837,1,1,Cy4SwJQyfIy29FKDESvW,quiz-1,"[""b""]",group-intro-quiz
5ce7fd368020d30018f9d7a5,5ce7fd368020d30018f9d7a5_1777664711588,one_vial_alternating,411499,2026-05-01 19:52:03.193,1,1,ltiw4bDcXz6QJeOr90EF,quiz-2,"[""d""]",group-intro-quiz
5ce7fd368020d30018f9d7a5,5ce7fd368020d30018f9d7a5_1777664711588,one_vial_alternating,424468,2026-05-01 19:52:16.160,1,1,kw6zaeYrwp0F5ycrfBmb,quiz-3,"[""b""]",group-intro-quiz
5ce7fd368020d30018f9d7a5,5ce7fd368020d30018f9d7a5_1777664711588,one_vial_alternating,430996,2026-05-01 19:52:22.683,1,1,nj9zEoVSNRrbXOqkkr1a,quiz-4,"[""c""]",group-intro-quiz
5ce7fd368020d30018f9d7a5,5ce7fd368020d30018f9d7a5_1777664711588,one_vial_alternating,441900,2026-05-01 19:52:33.595,1,1,9YkzZtbuqg83koDQMSMb,quiz-5,"[""b""]",group-intro-quiz
5ce7fd368020d30018f9d7a5,5ce7fd368020d30018f9d7a5_1777664711588,one_vial_alternating,679001,2026-05-01 19:56:30.684,1,1,ZhTnS65svthSD5ZEAapu,quiz-8,"[""b""]",group-commands-quiz
5ce7fd368020d30018f9d7a5,5ce7fd368020d30018f9d7a5_1777664711588,one_vial_alternating,697015,2026-05-01 19:56:48.706,1,1,AqOSAol5nFbv8oerWZsv,quiz-9,"[""d""]",group-commands-quiz
5ce7fd368020d30018f9d7a5,5ce7fd368020d30018f9d7a5_1777664711588,one_vial_alternating,719702,2026-05-01 19:57:11.396,1,1,aJhO5wo1lbX2WeyRwXOJ,quiz-10,"[""a"",""b"",""d""]",group-commands-quiz
5ce7fd368020d30018f9d7a5,5ce7fd368020d30018f9d7a5_1777664711588,one_vial_alternating,779199,2026-05-01 19:58:10.905,1,1,kd248rant6IpjImqEOye,quiz-13,"[""b""]",group-commands-quiz
5ce7fd368020d30018f9d7a5,5ce7fd368020d30018f9d7a5_1777664711588,one_vial_alternating,784969,2026-05-01 19:58:16.667,1,0,PP2jJtgHiY4teNqplXnb,quiz-11,"[""c""]",group-commands-quiz
5ce7fd368020d30018f9d7a5,5ce7fd368020d30018f9d7a5_1777664711588,one_vial_alternating,807000,2026-05-01 19:58:38.696,1,1,FLIyutUeKsvCnXJLWd6h,quiz-8,"[""b""]",group-commands-quiz
5ce7fd368020d30018f9d7a5,5ce7fd368020d30018f9d7a5_1777664711588,one_vial_alternating,813569,2026-05-01 19:58:45.256,1,1,1k1Id44lwoxdzQNnzL4y,quiz-9,"[""d""]",group-commands-quiz
5ce7fd368020d30018f9d7a5,5ce7fd368020d30018f9d7a5_1777664711588,one_vial_alternating,826049,2026-05-01 19:58:57.735,1,1,vhDoJ4LOr7wJxqMwnRMY,quiz-10,"[""a"",""b"",""d""]",group-commands-quiz
5ce7fd368020d30018f9d7a5,5ce7fd368020d30018f9d7a5_1777664711588,one_vial_alternating,829966,2026-05-01 19:59:01.661,1,1,FNpdzkRi8ekbZUji1f7q,quiz-13,"[""b""]",group-commands-quiz
5ce7fd368020d30018f9d7a5,5ce7fd368020d30018f9d7a5_1777664711588,one_vial_alternating,841984,2026-05-01 19:59:13.676,1,1,njWiAk2zGkl0MHpiPusq,quiz-11,"[""b""]",group-commands-quiz
5ce7fd368020d30018f9d7a5,5ce7fd368020d30018f9d7a5_1777664711588,one_vial_alternating,844916,2026-05-01 19:59:16.612,1,1,zi9vQpMkCwrJeVpqTlxe,quiz-12,"[""c""]",group-commands-quiz
5ce7fd368020d30018f9d7a5,5ce7fd368020d30018f9d7a5_1777664711588,one_vial_alternating,893453,2026-05-01 20:00:05.146,1,1,99NPaPY9tf5pDXKh7x7X,quiz-end,"[""c""]",group-ending-quiz
5d4a41890e604c00011ade8b,5d4a41890e604c00011ade8b_1777665972066,one_vial_alternating,139726,2026-05-01 20:08:32.666,1,1,hE3cHBivahraTe1SFgB5,quiz-1,"[""b""]",group-intro-quiz
5d4a41890e604c00011ade8b,5d4a41890e604c00011ade8b_1777665972066,one_vial_alternating,143460,2026-05-01 20:08:36.400,1,1,Jn2ATcx46Yr9tVbE4Dhw,quiz-2,"[""d""]",group-intro-quiz
5d4a41890e604c00011ade8b,5d4a41890e604c00011ade8b_1777665972066,one_vial_alternating,146996,2026-05-01 20:08:39.937,1,1,9TTSrRZwdndkbfCZbXEK,quiz-3,"[""b""]",group-intro-quiz
5d4a41890e604c00011ade8b,5d4a41890e604c00011ade8b_1777665972066,one_vial_alternating,149608,2026-05-01 20:08:42.547,1,1,1uAvm0zNxG8Cx2nFz1J3,quiz-4,"[""c""]",group-intro-quiz
5d4a41890e604c00011ade8b,5d4a41890e604c00011ade8b_1777665972066,one_vial_alternating,152757,2026-05-01 20:08:45.697,1,1,d5h9MGUix9PlmaGOkhki,quiz-5,"[""b""]",group-intro-quiz
5d4a41890e604c00011ade8b,5d4a41890e604c00011ade8b_1777665972066,one_vial_alternating,233385,2026-05-01 20:10:06.325,1,1,59NDuzJVUY1VoHGG68ho,quiz-8,"[""b""]",group-commands-quiz
5d4a41890e604c00011ade8b,5d4a41890e604c00011ade8b_1777665972066,one_vial_alternating,243081,2026-05-01 20:10:16.021,1,1,uZQvYxdRYwtLdm5EsXiX,quiz-9,"[""d""]",group-commands-quiz
5d4a41890e604c00011ade8b,5d4a41890e604c00011ade8b_1777665972066,one_vial_alternating,254574,2026-05-01 20:10:27.517,1,1,JmgzC6DyTg4dNpQjpHbo,quiz-10,"[""a"",""b"",""d""]",group-commands-quiz
5d4a41890e604c00011ade8b,5d4a41890e604c00011ade8b_1777665972066,one_vial_alternating,261961,2026-05-01 20:10:34.901,1,1,chwAEUNiRwOm9iap2if5,quiz-13,"[""b""]",group-commands-quiz
5d4a41890e604c00011ade8b,5d4a41890e604c00011ade8b_1777665972066,one_vial_alternating,268851,2026-05-01 20:10:41.792,1,0,HVVXRLaSlEGLancBoBzb,quiz-11,"[""c""]",group-commands-quiz
5d4a41890e604c00011ade8b,5d4a41890e604c00011ade8b_1777665972066,one_vial_alternating,271968,2026-05-01 20:10:44.908,1,1,x7EzbdhK6dBNuQJ6cWdL,quiz-12,"[""c""]",group-commands-quiz
5d4a41890e604c00011ade8b,5d4a41890e604c00011ade8b_1777665972066,one_vial_alternating,300463,2026-05-01 20:11:13.401,1,1,OFmscGE5Tfe3S3wd6EHI,quiz-8,"[""b""]",group-commands-quiz
5d4a41890e604c00011ade8b,5d4a41890e604c00011ade8b_1777665972066,one_vial_alternating,304559,2026-05-01 20:11:17.498,1,1,nqfBgl5zNELyKCrnCIOL,quiz-9,"[""d""]",group-commands-quiz
5d4a41890e604c00011ade8b,5d4a41890e604c00011ade8b_1777665972066,one_vial_alternating,311772,2026-05-01 20:11:24.716,1,1,3cKsR4uCiAArUpm3xRpD,quiz-10,"[""a"",""b"",""d""]",group-commands-quiz
5d4a41890e604c00011ade8b,5d4a41890e604c00011ade8b_1777665972066,one_vial_alternating,322216,2026-05-01 20:11:35.157,1,1,AN0iJtqin5tLnRhmtqOR,quiz-13,"[""b""]",group-commands-quiz
5d4a41890e604c00011ade8b,5d4a41890e604c00011ade8b_1777665972066,one_vial_alternating,326763,2026-05-01 20:11:39.703,1,1,HqglJ1ASZyzSut6sq1dA,quiz-11,"[""b""]",group-commands-quiz
5d4a41890e604c00011ade8b,5d4a41890e604c00011ade8b_1777665972066,one_vial_alternating,328242,2026-05-01 20:11:41.180,1,1,E945TxQbQKhvvdqnOd5q,quiz-12,"[""c""]",group-commands-quiz
5d4a41890e604c00011ade8b,5d4a41890e604c00011ade8b_1777665972066,one_vial_alternating,349690,2026-05-01 20:12:02.631,1,1,5fipYd4AmYjxBD6V4Jl5,quiz-end,"[""c""]",group-ending-quiz
5e62aca37820fe04614b5ffa,5e62aca37820fe04614b5ffa_1777666081171,one_vial_alternating,145852,2026-05-01 20:10:33.380,1,1,3oV8fuUNQFQrZ7N2AnUn,quiz-1,"[""b""]",group-intro-quiz
5e62aca37820fe04614b5ffa,5e62aca37820fe04614b5ffa_1777666081171,one_vial_alternating,176631,2026-05-01 20:11:04.158,1,1,cunE6tcWOG44FJwRIBMb,quiz-2,"[""d""]",group-intro-quiz
5e62aca37820fe04614b5ffa,5e62aca37820fe04614b5ffa_1777666081171,one_vial_alternating,185742,2026-05-01 20:11:13.270,1,1,Uy5W23spYQbjddVQFHC2,quiz-3,"[""b""]",group-intro-quiz
5e62aca37820fe04614b5ffa,5e62aca37820fe04614b5ffa_1777666081171,one_vial_alternating,190362,2026-05-01 20:11:17.887,1,1,0mjz5LlWzgn1V9eDzUo8,quiz-4,"[""c""]",group-intro-quiz
5e62aca37820fe04614b5ffa,5e62aca37820fe04614b5ffa_1777666081171,one_vial_alternating,196170,2026-05-01 20:11:23.695,1,1,Rf87iON4aDvgGHZmqcOp,quiz-5,"[""b""]",group-intro-quiz
5e62aca37820fe04614b5ffa,5e62aca37820fe04614b5ffa_1777666081171,one_vial_alternating,387902,2026-05-01 20:14:35.425,1,1,oMjJIDsJqndy1b0HL6gp,quiz-8,"[""b""]",group-commands-quiz
5e62aca37820fe04614b5ffa,5e62aca37820fe04614b5ffa_1777666081171,one_vial_alternating,395282,2026-05-01 20:14:42.804,1,1,7HmxMxA9ZjzyHb8GX8q8,quiz-9,"[""d""]",group-commands-quiz
5e62aca37820fe04614b5ffa,5e62aca37820fe04614b5ffa_1777666081171,one_vial_alternating,414513,2026-05-01 20:15:02.035,1,1,Uct8dAXJmIQEJ8K2wxrN,quiz-10,"[""a"",""b"",""d""]",group-commands-quiz
5e62aca37820fe04614b5ffa,5e62aca37820fe04614b5ffa_1777666081171,one_vial_alternating,444230,2026-05-01 20:15:31.752,1,1,Pjh3ibuX956NkOfaU0wi,quiz-13,"[""b""]",group-commands-quiz
5e62aca37820fe04614b5ffa,5e62aca37820fe04614b5ffa_1777666081171,one_vial_alternating,459571,2026-05-01 20:15:47.094,1,1,lKOZ8XbNIRfx3YODY4HJ,quiz-11,"[""b""]",group-commands-quiz
5e62aca37820fe04614b5ffa,5e62aca37820fe04614b5ffa_1777666081171,one_vial_alternating,469592,2026-05-01 20:15:57.114,1,1,vWEdkcuy4ZtGfMYSxHu9,quiz-12,"[""c""]",group-commands-quiz
5e62aca37820fe04614b5ffa,5e62aca37820fe04614b5ffa_1777666081171,one_vial_alternating,497327,2026-05-01 20:16:24.848,1,1,ODOjMsp1mDL2up3JhS0O,quiz-end,"[""c""]",group-ending-quiz
5f3a7e7b3a55e009ff81175e,5f3a7e7b3a55e009ff81175e_1777664674294,one_vial_alternating,135107,2026-05-01 19:46:49.480,1,1,hEiuUB3CFB5W35xb8fUQ,quiz-1,"[""b""]",group-intro-quiz
5f3a7e7b3a55e009ff81175e,5f3a7e7b3a55e009ff81175e_1777664674294,one_vial_alternating,142984,2026-05-01 19:46:57.354,1,1,vi5enYtYxsEpntoO8J98,quiz-2,"[""d""]",group-intro-quiz
5f3a7e7b3a55e009ff81175e,5f3a7e7b3a55e009ff81175e_1777664674294,one_vial_alternating,151639,2026-05-01 19:47:06.008,1,1,ikLAcp7zNyovMnACHAJk,quiz-3,"[""b""]",group-intro-quiz
5f3a7e7b3a55e009ff81175e,5f3a7e7b3a55e009ff81175e_1777664674294,one_vial_alternating,156737,2026-05-01 19:47:11.109,1,1,bTS0RBoYdOqJ2GmiIafi,quiz-4,"[""c""]",group-intro-quiz
5f3a7e7b3a55e009ff81175e,5f3a7e7b3a55e009ff81175e_1777664674294,one_vial_alternating,162109,2026-05-01 19:47:16.484,1,1,Nh9OHbO9HBY0O1NcKMtn,quiz-5,"[""b""]",group-intro-quiz
5f3a7e7b3a55e009ff81175e,5f3a7e7b3a55e009ff81175e_1777664674294,one_vial_alternating,274483,2026-05-01 19:49:08.853,1,1,uOLHs0xFAcrXXRFlZAFS,quiz-8,"[""b""]",group-commands-quiz
5f3a7e7b3a55e009ff81175e,5f3a7e7b3a55e009ff81175e_1777664674294,one_vial_alternating,280112,2026-05-01 19:49:14.483,1,1,PW2xzC1F1us3ykRlkXbQ,quiz-9,"[""d""]",group-commands-quiz
5f3a7e7b3a55e009ff81175e,5f3a7e7b3a55e009ff81175e_1777664674294,one_vial_alternating,343097,2026-05-01 19:50:17.468,1,1,MRIs5N6F3EqzU7wmVRfq,quiz-8,"[""b""]",group-commands-quiz
5f3a7e7b3a55e009ff81175e,5f3a7e7b3a55e009ff81175e_1777664674294,one_vial_alternating,349313,2026-05-01 19:50:23.685,1,1,6uDa3OOXizk6ptwE8CjB,quiz-9,"[""d""]",group-commands-quiz
5f3a7e7b3a55e009ff81175e,5f3a7e7b3a55e009ff81175e_1777664674294,one_vial_alternating,355060,2026-05-01 19:50:29.431,1,1,ogKce64Hl5JhS62B4uQC,quiz-10,"[""a"",""b"",""d""]",group-commands-quiz
5f3a7e7b3a55e009ff81175e,5f3a7e7b3a55e009ff81175e_1777664674294,one_vial_alternating,364454,2026-05-01 19:50:38.823,1,1,YJJrs5KUJLvXNkPrRfI7,quiz-13,"[""b""]",group-commands-quiz
5f3a7e7b3a55e009ff81175e,5f3a7e7b3a55e009ff81175e_1777664674294,one_vial_alternating,372813,2026-05-01 19:50:47.182,1,1,cpolOkzhOkNregxwAo6o,quiz-11,"[""b""]",group-commands-quiz
5f3a7e7b3a55e009ff81175e,5f3a7e7b3a55e009ff81175e_1777664674294,one_vial_alternating,377938,2026-05-01 19:50:52.306,1,1,ObDQR0qvbaY76iqR4cKD,quiz-12,"[""c""]",group-commands-quiz
5f3a7e7b3a55e009ff81175e,5f3a7e7b3a55e009ff81175e_1777664674294,one_vial_alternating,396577,2026-05-01 19:51:10.944,1,1,0E5caDAbHhg2pGLqUv8u,quiz-end,"[""c""]",group-ending-quiz
60a9455edf704176d918fbaa,60a9455edf704176d918fbaa_1777665441806,one_vial_alternating,262155,2026-05-01 20:04:13.680,1,1,3TzfNkA5ZlA4WSsFnplu,quiz-1,"[""b""]",group-intro-quiz
60a9455edf704176d918fbaa,60a9455edf704176d918fbaa_1777665441806,one_vial_alternating,331572,2026-05-01 20:05:22.673,1,1,39DyX5EwTf3oxC9Y7p79,quiz-1,"[""b""]",group-intro-quiz
60a9455edf704176d918fbaa,60a9455edf704176d918fbaa_1777665441806,one_vial_alternating,337824,2026-05-01 20:05:28.893,1,1,eJDk0NiZCFNCHehuqZJl,quiz-2,"[""d""]",group-intro-quiz
60a9455edf704176d918fbaa,60a9455edf704176d918fbaa_1777665441806,one_vial_alternating,345835,2026-05-01 20:05:36.896,1,1,znl4P2g4WIA3fu76jMxu,quiz-3,"[""b""]",group-intro-quiz
60a9455edf704176d918fbaa,60a9455edf704176d918fbaa_1777665441806,one_vial_alternating,355753,2026-05-01 20:05:46.821,1,1,lmeBeOKsA6bjUfzpq1K9,quiz-4,"[""c""]",group-intro-quiz
60a9455edf704176d918fbaa,60a9455edf704176d918fbaa_1777665441806,one_vial_alternating,362890,2026-05-01 20:05:53.976,1,1,RA4ixPgX4vysqWXniHX4,quiz-5,"[""b""]",group-intro-quiz
60a9455edf704176d918fbaa,60a9455edf704176d918fbaa_1777665441806,one_vial_alternating,584767,2026-05-01 20:09:36.549,1,1,zXxIBIqsfIiuqlidw1W6,quiz-8,"[""b""]",group-commands-quiz
60a9455edf704176d918fbaa,60a9455edf704176d918fbaa_1777665441806,one_vial_alternating,594492,2026-05-01 20:09:45.563,1,1,0ZKakP3Dmzp9DoKaPu7h,quiz-9,"[""d""]",group-commands-quiz
60a9455edf704176d918fbaa,60a9455edf704176d918fbaa_1777665441806,one_vial_alternating,761344,2026-05-01 20:12:32.410,1,1,jruJuDnA8HF0jjCZPHjw,quiz-8,"[""b""]",group-commands-quiz
60a9455edf704176d918fbaa,60a9455edf704176d918fbaa_1777665441806,one_vial_alternating,767929,2026-05-01 20:12:39.000,1,1,54bUcBQIDjahsAzElYxb,quiz-9,"[""d""]",group-commands-quiz
60a9455edf704176d918fbaa,60a9455edf704176d918fbaa_1777665441806,one_vial_alternating,782760,2026-05-01 20:12:53.823,1,1,z5Q6ptIVr2fazbRmzMyS,quiz-10,"[""d"",""a"",""b""]",group-commands-quiz
60a9455edf704176d918fbaa,60a9455edf704176d918fbaa_1777665441806,one_vial_alternating,802365,2026-05-01 20:13:13.439,1,1,Qz8ssbdK8Wue5mmqrwvG,quiz-13,"[""b""]",group-commands-quiz
60a9455edf704176d918fbaa,60a9455edf704176d918fbaa_1777665441806,one_vial_alternating,813159,2026-05-01 20:13:24.235,1,1,qiEWybb3DSCiEYNUPXHQ,quiz-11,"[""b""]",group-commands-quiz
60a9455edf704176d918fbaa,60a9455edf704176d918fbaa_1777665441806,one_vial_alternating,821498,2026-05-01 20:13:32.567,1,1,eUpzItiXectOghoJ3Ve5,quiz-12,"[""c""]",group-commands-quiz
60a9455edf704176d918fbaa,60a9455edf704176d918fbaa_1777665441806,one_vial_alternating,886924,2026-05-01 20:14:37.988,1,1,WHogbNxwr0EQAPmiuBUA,quiz-end,"[""c""]",group-ending-quiz
615a047f08d2a62e66315a7d,615a047f08d2a62e66315a7d_1777666107576,one_vial_alternating,267799,2026-05-01 20:12:53.062,1,1,3IAXBDvPAE1KdKIMk8yE,quiz-1,"[""b""]",group-intro-quiz
615a047f08d2a62e66315a7d,615a047f08d2a62e66315a7d_1777666107576,one_vial_alternating,278262,2026-05-01 20:13:03.527,1,1,CP1Y16VMH64fbPuttPiX,quiz-2,"[""d""]",group-intro-quiz
615a047f08d2a62e66315a7d,615a047f08d2a62e66315a7d_1777666107576,one_vial_alternating,291724,2026-05-01 20:13:16.950,1,1,SmZKIKRdEyxPtrxvz6IX,quiz-3,"[""b""]",group-intro-quiz
615a047f08d2a62e66315a7d,615a047f08d2a62e66315a7d_1777666107576,one_vial_alternating,300749,2026-05-01 20:13:25.980,1,1,P8OjlNN0kbgqdNLgHkxa,quiz-4,"[""c""]",group-intro-quiz
615a047f08d2a62e66315a7d,615a047f08d2a62e66315a7d_1777666107576,one_vial_alternating,316368,2026-05-01 20:13:41.615,1,1,w1TeIW0lrhXHKp1Dqs0n,quiz-5,"[""b""]",group-intro-quiz
615a047f08d2a62e66315a7d,615a047f08d2a62e66315a7d_1777666107576,one_vial_alternating,445513,2026-05-01 20:15:50.735,1,1,7WkpHJu4qHyBP1XQPAFH,quiz-8,"[""b""]",group-commands-quiz
615a047f08d2a62e66315a7d,615a047f08d2a62e66315a7d_1777666107576,one_vial_alternating,455687,2026-05-01 20:16:00.925,1,0,Buk3zMxm9GfPCJxzOIFx,quiz-9,"[""c""]",group-commands-quiz
615a047f08d2a62e66315a7d,615a047f08d2a62e66315a7d_1777666107576,one_vial_alternating,474421,2026-05-01 20:16:19.657,1,1,SYiRoRkyVWCbl3AlNzGt,quiz-10,"[""a"",""b"",""d""]",group-commands-quiz
615a047f08d2a62e66315a7d,615a047f08d2a62e66315a7d_1777666107576,one_vial_alternating,489618,2026-05-01 20:16:34.853,1,1,LeWEaIyiY5oZDsYLNsnl,quiz-13,"[""b""]",group-commands-quiz
615a047f08d2a62e66315a7d,615a047f08d2a62e66315a7d_1777666107576,one_vial_alternating,497865,2026-05-01 20:16:43.092,1,0,WUKMgha32SxU6ymjAMlW,quiz-11,"[""c""]",group-commands-quiz
615a047f08d2a62e66315a7d,615a047f08d2a62e66315a7d_1777666107576,one_vial_alternating,506876,2026-05-01 20:16:52.098,1,0,zCGmSaKmeM0geQD0XCLD,quiz-12,"[""b""]",group-commands-quiz
615a047f08d2a62e66315a7d,615a047f08d2a62e66315a7d_1777666107576,one_vial_alternating,554663,2026-05-01 20:17:39.904,1,1,GJEjH0qClzqpOHnamCyw,quiz-8,"[""b""]",group-commands-quiz
615a047f08d2a62e66315a7d,615a047f08d2a62e66315a7d_1777666107576,one_vial_alternating,565488,2026-05-01 20:17:50.703,1,1,uK3kTQGKsw92RfJWTDxv,quiz-9,"[""d""]",group-commands-quiz
615a047f08d2a62e66315a7d,615a047f08d2a62e66315a7d_1777666107576,one_vial_alternating,577769,2026-05-01 20:18:03.012,1,1,MOGoGjqBRK24Nu2dhj7K,quiz-10,"[""a"",""b"",""d""]",group-commands-quiz
615a047f08d2a62e66315a7d,615a047f08d2a62e66315a7d_1777666107576,one_vial_alternating,594892,2026-05-01 20:18:20.114,1,1,WcwosVm6NlqXJvmsNPbC,quiz-13,"[""b""]",group-commands-quiz
615a047f08d2a62e66315a7d,615a047f08d2a62e66315a7d_1777666107576,one_vial_alternating,612000,2026-05-01 20:18:37.228,1,1,fBsyAjF0yedgvEjqjcUg,quiz-11,"[""b""]",group-commands-quiz
615a047f08d2a62e66315a7d,615a047f08d2a62e66315a7d_1777666107576,one_vial_alternating,621645,2026-05-01 20:18:46.873,1,1,yhGXZukeSqWL4xCXavfv,quiz-12,"[""c""]",group-commands-quiz
615a047f08d2a62e66315a7d,615a047f08d2a62e66315a7d_1777666107576,one_vial_alternating,653714,2026-05-01 20:19:18.943,1,1,QLOcbYyKZaZVnRMIOhzF,quiz-end,"[""c""]",group-ending-quiz
6317484f0c7c585248df1ab9,6317484f0c7c585248df1ab9_1777746139387,one_vial_alternating,128888,2026-05-02 18:24:28.434,1,1,R7jJIuA8g7UQ3wiJyDSk,quiz-1,"[""b""]",group-intro-quiz
6317484f0c7c585248df1ab9,6317484f0c7c585248df1ab9_1777746139387,one_vial_alternating,135943,2026-05-02 18:24:35.490,1,1,0RBALAJCRJ30y5RTuTdS,quiz-2,"[""d""]",group-intro-quiz
6317484f0c7c585248df1ab9,6317484f0c7c585248df1ab9_1777746139387,one_vial_alternating,141961,2026-05-02 18:24:41.508,1,1,IfK6z9syLsUkl5vvghJF,quiz-3,"[""b""]",group-intro-quiz
6317484f0c7c585248df1ab9,6317484f0c7c585248df1ab9_1777746139387,one_vial_alternating,146374,2026-05-02 18:24:45.918,1,1,SyWxFkNrh15So1aZ65z5,quiz-4,"[""c""]",group-intro-quiz
6317484f0c7c585248df1ab9,6317484f0c7c585248df1ab9_1777746139387,one_vial_alternating,151091,2026-05-02 18:24:50.635,1,1,U0ZxOWrMcdYreg2LeP0S,quiz-5,"[""b""]",group-intro-quiz
6317484f0c7c585248df1ab9,6317484f0c7c585248df1ab9_1777746139387,one_vial_alternating,234745,2026-05-02 18:26:14.289,1,1,faMGsBEmpARWcxkvbd1l,quiz-8,"[""b""]",group-commands-quiz
6317484f0c7c585248df1ab9,6317484f0c7c585248df1ab9_1777746139387,one_vial_alternating,241199,2026-05-02 18:26:20.748,1,1,ZttjIgcqWnEWGeqLeTw4,quiz-9,"[""d""]",group-commands-quiz
6317484f0c7c585248df1ab9,6317484f0c7c585248df1ab9_1777746139387,one_vial_alternating,258182,2026-05-02 18:26:37.723,1,1,2OLzo6dtQJ49eZJLOqe7,quiz-10,"[""a"",""b"",""d""]",group-commands-quiz
6317484f0c7c585248df1ab9,6317484f0c7c585248df1ab9_1777746139387,one_vial_alternating,274855,2026-05-02 18:26:54.402,1,0,Efml5LH0PIe8XyRld2LF,quiz-13,"[""c""]",group-commands-quiz
6317484f0c7c585248df1ab9,6317484f0c7c585248df1ab9_1777746139387,one_vial_alternating,283065,2026-05-02 18:27:02.610,1,0,jYMXIWUjXJPI2oIFPnoq,quiz-11,"[""c""]",group-commands-quiz
6317484f0c7c585248df1ab9,6317484f0c7c585248df1ab9_1777746139387,one_vial_alternating,290938,2026-05-02 18:27:10.482,1,1,1Vs9FVhBOcT3atvnvPHi,quiz-12,"[""c""]",group-commands-quiz
6317484f0c7c585248df1ab9,6317484f0c7c585248df1ab9_1777746139387,one_vial_alternating,312558,2026-05-02 18:27:32.099,1,1,wGVRRUmiHZnOSw4T8BSx,quiz-8,"[""b""]",group-commands-quiz
6317484f0c7c585248df1ab9,6317484f0c7c585248df1ab9_1777746139387,one_vial_alternating,317047,2026-05-02 18:27:36.590,1,1,InMLFgWy9bSSPGMi5WwG,quiz-9,"[""d""]",group-commands-quiz
6317484f0c7c585248df1ab9,6317484f0c7c585248df1ab9_1777746139387,one_vial_alternating,324372,2026-05-02 18:27:43.915,1,1,icsvotfCucr49i9teZVV,quiz-10,"[""a"",""b"",""d""]",group-commands-quiz
6317484f0c7c585248df1ab9,6317484f0c7c585248df1ab9_1777746139387,one_vial_alternating,331442,2026-05-02 18:27:50.985,1,0,8KKNLKrWDXZGbRKoYo4d,quiz-13,"[""c""]",group-commands-quiz
6317484f0c7c585248df1ab9,6317484f0c7c585248df1ab9_1777746139387,one_vial_alternating,339076,2026-05-02 18:27:58.621,1,1,IYALWmn1nrzzJg2k5dJv,quiz-11,"[""b""]",group-commands-quiz
6317484f0c7c585248df1ab9,6317484f0c7c585248df1ab9_1777746139387,one_vial_alternating,342347,2026-05-02 18:28:01.891,1,1,PoZGRqyeACTUR9XmS1FF,quiz-12,"[""c""]",group-commands-quiz
64b545f4a6685316298c3785,64b545f4a6685316298c3785_1777664690886,one_vial_alternating,347910,2026-05-01 19:50:38.982,1,1,o9d0xVWCM1M2of268CwO,quiz-1,"[""b""]",group-intro-quiz
64b545f4a6685316298c3785,64b545f4a6685316298c3785_1777664690886,one_vial_alternating,361719,2026-05-01 19:50:52.786,1,1,AIpSkppbej9Lp4yQ9Sb0,quiz-2,"[""d""]",group-intro-quiz
64b545f4a6685316298c3785,64b545f4a6685316298c3785_1777664690886,one_vial_alternating,370453,2026-05-01 19:51:01.571,1,1,8uDCMmpIHBTO5QoR2xuK,quiz-3,"[""b""]",group-intro-quiz
64b545f4a6685316298c3785,64b545f4a6685316298c3785_1777664690886,one_vial_alternating,381957,2026-05-01 19:51:13.142,1,1,TBFqMJAIvyyKOPknlegI,quiz-4,"[""c""]",group-intro-quiz
64b545f4a6685316298c3785,64b545f4a6685316298c3785_1777664690886,one_vial_alternating,390443,2026-05-01 19:51:21.521,1,1,MQVtrKdVjzxQJ3FUOj4f,quiz-5,"[""b""]",group-intro-quiz
64b545f4a6685316298c3785,64b545f4a6685316298c3785_1777664690886,one_vial_alternating,579772,2026-05-01 19:54:30.848,1,1,rRs5qpaWYWM3LWqBkgQD,quiz-8,"[""b""]",group-commands-quiz
64b545f4a6685316298c3785,64b545f4a6685316298c3785_1777664690886,one_vial_alternating,606734,2026-05-01 19:54:57.804,1,1,tKXGGYj7LMkpHgqCKOQ9,quiz-9,"[""d""]",group-commands-quiz
64b545f4a6685316298c3785,64b545f4a6685316298c3785_1777664690886,one_vial_alternating,634608,2026-05-01 19:55:25.685,1,1,vtuWVz9KCGB9hqFnjFCL,quiz-10,"[""a"",""b"",""d""]",group-commands-quiz
64b545f4a6685316298c3785,64b545f4a6685316298c3785_1777664690886,one_vial_alternating,675306,2026-05-01 19:56:06.380,1,0,soBgRdqIoWA1NC00Dplg,quiz-13,"[""c""]",group-commands-quiz
64b545f4a6685316298c3785,64b545f4a6685316298c3785_1777664690886,one_vial_alternating,704049,2026-05-01 19:56:35.119,1,0,kNhC7A3a6uXSo10hdyXx,quiz-11,"[""c""]",group-commands-quiz
64b545f4a6685316298c3785,64b545f4a6685316298c3785_1777664690886,one_vial_alternating,717872,2026-05-01 19:56:48.970,1,1,Ife9J3NL9eNqcBWwJjVk,quiz-12,"[""c""]",group-commands-quiz
64b545f4a6685316298c3785,64b545f4a6685316298c3785_1777664690886,one_vial_alternating,746579,2026-05-01 19:57:17.656,1,1,eiG8KWq0X5SgURwCqhXq,quiz-8,"[""b""]",group-commands-quiz
64b545f4a6685316298c3785,64b545f4a6685316298c3785_1777664690886,one_vial_alternating,761883,2026-05-01 19:57:32.973,1,1,aE4gijVpN20An5cwYLog,quiz-9,"[""d""]",group-commands-quiz
64b545f4a6685316298c3785,64b545f4a6685316298c3785_1777664690886,one_vial_alternating,769353,2026-05-01 19:57:40.423,1,1,jQA8euRt7xYOaB4YfQWB,quiz-10,"[""a"",""b"",""d""]",group-commands-quiz
64b545f4a6685316298c3785,64b545f4a6685316298c3785_1777664690886,one_vial_alternating,801464,2026-05-01 19:58:12.529,1,1,74WsUlSsEoKY89glRuAa,quiz-13,"[""b""]",group-commands-quiz
64b545f4a6685316298c3785,64b545f4a6685316298c3785_1777664690886,one_vial_alternating,809416,2026-05-01 19:58:20.481,1,0,pmLi5ny7Mm93sBMzOTjc,quiz-11,"[""c""]",group-commands-quiz
64b545f4a6685316298c3785,64b545f4a6685316298c3785_1777664690886,one_vial_alternating,851698,2026-05-01 19:59:02.768,1,1,HHq6b71K6ZMaLpxg7hri,quiz-8,"[""b""]",group-commands-quiz
64b545f4a6685316298c3785,64b545f4a6685316298c3785_1777664690886,one_vial_alternating,863786,2026-05-01 19:59:14.877,1,1,VIEgjeoOcphIFstSEaN6,quiz-9,"[""d""]",group-commands-quiz
64b545f4a6685316298c3785,64b545f4a6685316298c3785_1777664690886,one_vial_alternating,871439,2026-05-01 19:59:22.512,1,1,UvoymjqD4FizAOZUQNzf,quiz-10,"[""a"",""b"",""d""]",group-commands-quiz
64b545f4a6685316298c3785,64b545f4a6685316298c3785_1777664690886,one_vial_alternating,894362,2026-05-01 19:59:45.428,1,1,haDzNmGYA3vfZ6mlOCzH,quiz-13,"[""b""]",group-commands-quiz
64b545f4a6685316298c3785,64b545f4a6685316298c3785_1777664690886,one_vial_alternating,906683,2026-05-01 19:59:57.751,1,1,KcDzSRcsaF5MRS91rshE,quiz-11,"[""b""]",group-commands-quiz
64b545f4a6685316298c3785,64b545f4a6685316298c3785_1777664690886,one_vial_alternating,918936,2026-05-01 20:00:10.004,1,1,uE8wirQjzzn530a76X1c,quiz-12,"[""c""]",group-commands-quiz
64b545f4a6685316298c3785,64b545f4a6685316298c3785_1777664690886,one_vial_alternating,960051,2026-05-01 20:00:51.194,1,1,sQGCdkGNMjTOg8dFTf2e,quiz-end,"[""c""]",group-ending-quiz
653fb0e1be70b76473be7116,653fb0e1be70b76473be7116_1777666127521,one_vial_alternating,96855,2026-05-01 20:10:24.335,1,1,3V9hidIN6AglaHBUjz3j,quiz-1,"[""b""]",group-intro-quiz
653fb0e1be70b76473be7116,653fb0e1be70b76473be7116_1777666127521,one_vial_alternating,101125,2026-05-01 20:10:28.603,1,1,oH7HigyqexMr5GdCbLny,quiz-2,"[""d""]",group-intro-quiz
653fb0e1be70b76473be7116,653fb0e1be70b76473be7116_1777666127521,one_vial_alternating,104883,2026-05-01 20:10:32.361,1,1,SKbztFi89elDlOHWdIoN,quiz-3,"[""b""]",group-intro-quiz
653fb0e1be70b76473be7116,653fb0e1be70b76473be7116_1777666127521,one_vial_alternating,109346,2026-05-01 20:10:36.825,1,1,ljIQlhUDFJNm0egT2YCJ,quiz-4,"[""c""]",group-intro-quiz
653fb0e1be70b76473be7116,653fb0e1be70b76473be7116_1777666127521,one_vial_alternating,112503,2026-05-01 20:10:39.981,1,1,OPbmPQGH14Y3omU6kNEy,quiz-5,"[""b""]",group-intro-quiz
653fb0e1be70b76473be7116,653fb0e1be70b76473be7116_1777666127521,one_vial_alternating,195625,2026-05-01 20:12:03.103,1,1,XfACtX9faAtC7cO7biYb,quiz-8,"[""b""]",group-commands-quiz
653fb0e1be70b76473be7116,653fb0e1be70b76473be7116_1777666127521,one_vial_alternating,199138,2026-05-01 20:12:06.619,1,1,2WifIoUZBrzc5q1fIwf7,quiz-9,"[""d""]",group-commands-quiz
653fb0e1be70b76473be7116,653fb0e1be70b76473be7116_1777666127521,one_vial_alternating,217752,2026-05-01 20:12:25.231,1,0,eVh4xe2pTONGDOm2NdrU,quiz-10,"[""b"",""d""]",group-commands-quiz
653fb0e1be70b76473be7116,653fb0e1be70b76473be7116_1777666127521,one_vial_alternating,238935,2026-05-01 20:12:46.416,1,0,SEyc5AZezHCMSSSBrZ6a,quiz-13,"[""a""]",group-commands-quiz
653fb0e1be70b76473be7116,653fb0e1be70b76473be7116_1777666127521,one_vial_alternating,248908,2026-05-01 20:12:56.387,1,0,fVPJ8B5eBmhed33gFv9w,quiz-11,"[""c""]",group-commands-quiz
653fb0e1be70b76473be7116,653fb0e1be70b76473be7116_1777666127521,one_vial_alternating,254650,2026-05-01 20:13:02.130,1,0,IG61uFgYxpzJUvJFSsI1,quiz-12,"[""e""]",group-commands-quiz
653fb0e1be70b76473be7116,653fb0e1be70b76473be7116_1777666127521,one_vial_alternating,279174,2026-05-01 20:13:26.656,1,1,PyZXxPXV5YFf5Z1XdtSO,quiz-8,"[""b""]",group-commands-quiz
653fb0e1be70b76473be7116,653fb0e1be70b76473be7116_1777666127521,one_vial_alternating,281448,2026-05-01 20:13:28.928,1,1,nrKwKzfLQYEP6vRNnGuP,quiz-9,"[""d""]",group-commands-quiz
653fb0e1be70b76473be7116,653fb0e1be70b76473be7116_1777666127521,one_vial_alternating,309440,2026-05-01 20:13:56.918,1,0,wEXuG88QQvL0WVFo5FRb,quiz-10,"[""b"",""d""]",group-commands-quiz
653fb0e1be70b76473be7116,653fb0e1be70b76473be7116_1777666127521,one_vial_alternating,326130,2026-05-01 20:14:13.609,1,0,5KhJJjdvDtm19oLhnijU,quiz-13,"[""a""]",group-commands-quiz
653fb0e1be70b76473be7116,653fb0e1be70b76473be7116_1777666127521,one_vial_alternating,332162,2026-05-01 20:14:19.642,1,0,B1Y8u8fkEI3Dh3bp1VnX,quiz-11,"[""c""]",group-commands-quiz
653fb0e1be70b76473be7116,653fb0e1be70b76473be7116_1777666127521,one_vial_alternating,339182,2026-05-01 20:14:26.664,1,1,6wa3rXS5ueAPmzOfIywJ,quiz-12,"[""c""]",group-commands-quiz
65e08eceb53f195563b788fc,65e08eceb53f195563b788fc_1777666884542,one_vial_alternating,279077,2026-05-01 20:26:04.017,1,1,qiPnfDJScvWlkyRcF4dn,quiz-1,"[""b""]",group-intro-quiz
65e08eceb53f195563b788fc,65e08eceb53f195563b788fc_1777666884542,one_vial_alternating,358962,2026-05-01 20:27:24.426,1,1,ia8WCDJnEHjxlRfXyTBo,quiz-2,"[""d""]",group-intro-quiz
65e08eceb53f195563b788fc,65e08eceb53f195563b788fc_1777666884542,one_vial_alternating,403411,2026-05-01 20:28:08.357,1,1,FCCdjHJICA4ICwGhcjgm,quiz-3,"[""b""]",group-intro-quiz
65e08eceb53f195563b788fc,65e08eceb53f195563b788fc_1777666884542,one_vial_alternating,411894,2026-05-01 20:28:16.836,1,1,uOZ9VLQ2XhGTyFjs2axK,quiz-4,"[""c""]",group-intro-quiz
65e08eceb53f195563b788fc,65e08eceb53f195563b788fc_1777666884542,one_vial_alternating,425079,2026-05-01 20:28:30.020,1,1,Uh86sbwmqMhla2jtJaae,quiz-5,"[""b""]",group-intro-quiz
65e08eceb53f195563b788fc,65e08eceb53f195563b788fc_1777666884542,one_vial_alternating,671596,2026-05-01 20:32:36.539,1,1,7IlTFDFdZbgWO4u05ymr,quiz-8,"[""b""]",group-commands-quiz
65e08eceb53f195563b788fc,65e08eceb53f195563b788fc_1777666884542,one_vial_alternating,718580,2026-05-01 20:33:23.521,1,1,b1EvLZoFoXtXlxKRkgTM,quiz-9,"[""d""]",group-commands-quiz
65e08eceb53f195563b788fc,65e08eceb53f195563b788fc_1777666884542,one_vial_alternating,742097,2026-05-01 20:33:47.038,1,0,5zCrvuglzBaXJIOFDxle,quiz-10,"[""a""]",group-commands-quiz
65e08eceb53f195563b788fc,65e08eceb53f195563b788fc_1777666884542,one_vial_alternating,1062950,2026-05-01 20:39:08.583,1,0,ytlswdkCSRzKP6cljY9L,quiz-13,"[""d""]",group-commands-quiz
65e08eceb53f195563b788fc,65e08eceb53f195563b788fc_1777666884542,one_vial_alternating,1111101,2026-05-01 20:39:56.035,1,1,PKQzBq3P4GlRxVH9MPGR,quiz-11,"[""b""]",group-commands-quiz
65e08eceb53f195563b788fc,65e08eceb53f195563b788fc_1777666884542,one_vial_alternating,1129666,2026-05-01 20:40:14.606,1,1,xtv4lqIA8r6UuLaBDmQP,quiz-12,"[""c""]",group-commands-quiz
65e08eceb53f195563b788fc,65e08eceb53f195563b788fc_1777666884542,one_vial_alternating,1190663,2026-05-01 20:41:15.606,1,1,CrZUUa9T0liUVP82qsLZ,quiz-8,"[""b""]",group-commands-quiz
65e08eceb53f195563b788fc,65e08eceb53f195563b788fc_1777666884542,one_vial_alternating,1204705,2026-05-01 20:41:29.709,1,1,FpmksJVwwlloD1cIEMsY,quiz-9,"[""d""]",group-commands-quiz
65e08eceb53f195563b788fc,65e08eceb53f195563b788fc_1777666884542,one_vial_alternating,1241215,2026-05-01 20:42:06.151,1,1,3EntN5M0wFlozOtfxKSY,quiz-8,"[""b""]",group-commands-quiz
65e08eceb53f195563b788fc,65e08eceb53f195563b788fc_1777666884542,one_vial_alternating,1248300,2026-05-01 20:42:13.233,1,1,bELNMJ6rAqVtPusxLKGy,quiz-9,"[""d""]",group-commands-quiz
65e08eceb53f195563b788fc,65e08eceb53f195563b788fc_1777666884542,one_vial_alternating,1264950,2026-05-01 20:42:29.888,1,0,LxBLlY0BPwVY52Ah0MZM,quiz-10,"[""a""]",group-commands-quiz
65e08eceb53f195563b788fc,65e08eceb53f195563b788fc_1777666884542,one_vial_alternating,1283983,2026-05-01 20:42:48.918,1,1,WRpOyj9OnRlYaPEj4GlO,quiz-13,"[""b""]",group-commands-quiz
65e08eceb53f195563b788fc,65e08eceb53f195563b788fc_1777666884542,one_vial_alternating,1301749,2026-05-01 20:43:06.685,1,1,LOYudvWZIFoDUUevd586,quiz-11,"[""b""]",group-commands-quiz
65e08eceb53f195563b788fc,65e08eceb53f195563b788fc_1777666884542,one_vial_alternating,1312902,2026-05-01 20:43:17.839,1,1,oXn52W5RIWhR0WOhEpY5,quiz-12,"[""c""]",group-commands-quiz
667d81a95170bdd075f74203,667d81a95170bdd075f74203_1777665108063,one_vial_alternating,163059,2026-05-01 19:54:31.212,1,1,LUR2PVNvOfpFWPodtCp9,quiz-1,"[""b""]",group-intro-quiz
667d81a95170bdd075f74203,667d81a95170bdd075f74203_1777665108063,one_vial_alternating,182838,2026-05-01 19:54:50.988,1,1,SxiAJbQbo7HFNjx24dq1,quiz-2,"[""d""]",group-intro-quiz
667d81a95170bdd075f74203,667d81a95170bdd075f74203_1777665108063,one_vial_alternating,205859,2026-05-01 19:55:14.018,1,1,z6wKcFHphpfPwUgX5HgJ,quiz-3,"[""b""]",group-intro-quiz
667d81a95170bdd075f74203,667d81a95170bdd075f74203_1777665108063,one_vial_alternating,215586,2026-05-01 19:55:23.733,1,1,K4HurohJYoJ2i1pF7tFP,quiz-4,"[""c""]",group-intro-quiz
667d81a95170bdd075f74203,667d81a95170bdd075f74203_1777665108063,one_vial_alternating,225429,2026-05-01 19:55:33.597,1,1,DdBLRGhfRcGtELzlUkKe,quiz-5,"[""b""]",group-intro-quiz
667d81a95170bdd075f74203,667d81a95170bdd075f74203_1777665108063,one_vial_alternating,350041,2026-05-01 19:57:38.213,1,1,SXIwOpLIOIgJ90Pmtwr1,quiz-8,"[""b""]",group-commands-quiz
667d81a95170bdd075f74203,667d81a95170bdd075f74203_1777665108063,one_vial_alternating,362231,2026-05-01 19:57:50.391,1,1,6R33nkZ29ly6EQ71716Y,quiz-9,"[""d""]",group-commands-quiz
667d81a95170bdd075f74203,667d81a95170bdd075f74203_1777665108063,one_vial_alternating,388127,2026-05-01 19:58:16.296,1,0,DDJ2wQbOZJp6LXLtMjxC,quiz-10,"[""b""]",group-commands-quiz
667d81a95170bdd075f74203,667d81a95170bdd075f74203_1777665108063,one_vial_alternating,407070,2026-05-01 19:58:35.244,1,0,Qv6r4CiWDbCshFgP2izR,quiz-13,"[""a""]",group-commands-quiz
667d81a95170bdd075f74203,667d81a95170bdd075f74203_1777665108063,one_vial_alternating,431075,2026-05-01 19:58:59.227,1,0,AAGjc48dhLVUN07E08eL,quiz-11,"[""c""]",group-commands-quiz
667d81a95170bdd075f74203,667d81a95170bdd075f74203_1777665108063,one_vial_alternating,442786,2026-05-01 19:59:10.943,1,0,IgbyNxBswsBzZtYorEzP,quiz-12,"[""b""]",group-commands-quiz
667d81a95170bdd075f74203,667d81a95170bdd075f74203_1777665108063,one_vial_alternating,474801,2026-05-01 19:59:42.972,1,1,9yqew942lwjAeEiRaClW,quiz-8,"[""b""]",group-commands-quiz
667d81a95170bdd075f74203,667d81a95170bdd075f74203_1777665108063,one_vial_alternating,485822,2026-05-01 19:59:53.978,1,1,vxawzKYwlOPSUdBHOZSb,quiz-9,"[""d""]",group-commands-quiz
667d81a95170bdd075f74203,667d81a95170bdd075f74203_1777665108063,one_vial_alternating,498916,2026-05-01 20:00:07.083,1,0,maRCAe9j29JcYyhQKBde,quiz-10,"[""b""]",group-commands-quiz
667d81a95170bdd075f74203,667d81a95170bdd075f74203_1777665108063,one_vial_alternating,510642,2026-05-01 20:00:18.797,1,0,6G3BpZ0nzuOjPY75tmaT,quiz-13,"[""a""]",group-commands-quiz
667d81a95170bdd075f74203,667d81a95170bdd075f74203_1777665108063,one_vial_alternating,519606,2026-05-01 20:00:27.945,1,0,9qqpSvGKN7ITaCih8BlL,quiz-11,"[""c""]",group-commands-quiz
667d81a95170bdd075f74203,667d81a95170bdd075f74203_1777665108063,one_vial_alternating,533361,2026-05-01 20:00:41.543,1,1,4kXcZB0rYibooq14VHw4,quiz-12,"[""c""]",group-commands-quiz
6694154a46060b3c49b2d6fd,6694154a46060b3c49b2d6fd_1777664726674,one_vial_alternating,110496,2026-05-01 19:47:17.255,1,1,SAyT715mVdQ4eCfZmzRD,quiz-1,"[""b""]",group-intro-quiz
6694154a46060b3c49b2d6fd,6694154a46060b3c49b2d6fd_1777664726674,one_vial_alternating,115301,2026-05-01 19:47:22.060,1,1,ZIAQTasWHQV3jI6IDJ1W,quiz-2,"[""d""]",group-intro-quiz
6694154a46060b3c49b2d6fd,6694154a46060b3c49b2d6fd_1777664726674,one_vial_alternating,120231,2026-05-01 19:47:26.985,1,1,Jnhs9KeLnGTcWHyWj5pa,quiz-3,"[""b""]",group-intro-quiz
6694154a46060b3c49b2d6fd,6694154a46060b3c49b2d6fd_1777664726674,one_vial_alternating,142253,2026-05-01 19:47:49.011,1,1,Mo5MwvDm5H7yOZpKl9Ol,quiz-4,"[""c""]",group-intro-quiz
6694154a46060b3c49b2d6fd,6694154a46060b3c49b2d6fd_1777664726674,one_vial_alternating,146549,2026-05-01 19:47:53.307,1,1,cTeeUGepegb0gx9uoZu1,quiz-5,"[""b""]",group-intro-quiz
6694154a46060b3c49b2d6fd,6694154a46060b3c49b2d6fd_1777664726674,one_vial_alternating,226860,2026-05-01 19:49:13.620,1,1,Gnvx3CHjUvfXUpFAjRT3,quiz-8,"[""b""]",group-commands-quiz
6694154a46060b3c49b2d6fd,6694154a46060b3c49b2d6fd_1777664726674,one_vial_alternating,232293,2026-05-01 19:49:19.041,1,1,SdeulcVe470i1xOLzvdW,quiz-9,"[""d""]",group-commands-quiz
6694154a46060b3c49b2d6fd,6694154a46060b3c49b2d6fd_1777664726674,one_vial_alternating,253648,2026-05-01 19:49:40.405,1,1,1MJ7aYoECSHhgyEORhYG,quiz-10,"[""a"",""b"",""d""]",group-commands-quiz
6694154a46060b3c49b2d6fd,6694154a46060b3c49b2d6fd_1777664726674,one_vial_alternating,276637,2026-05-01 19:50:03.395,1,1,2eIXLBdcutWrZO4qBgJY,quiz-13,"[""b""]",group-commands-quiz
6694154a46060b3c49b2d6fd,6694154a46060b3c49b2d6fd_1777664726674,one_vial_alternating,280621,2026-05-01 19:50:07.374,1,0,RzIFQcVCpqaLXkdFpvYR,quiz-11,"[""c""]",group-commands-quiz
6694154a46060b3c49b2d6fd,6694154a46060b3c49b2d6fd_1777664726674,one_vial_alternating,298005,2026-05-01 19:50:24.760,1,1,o6d7qpCfsApGzdRzTXXC,quiz-8,"[""b""]",group-commands-quiz
6694154a46060b3c49b2d6fd,6694154a46060b3c49b2d6fd_1777664726674,one_vial_alternating,302002,2026-05-01 19:50:28.758,1,1,EuM81d7QNlcWSGRuhwzH,quiz-9,"[""d""]",group-commands-quiz
6694154a46060b3c49b2d6fd,6694154a46060b3c49b2d6fd_1777664726674,one_vial_alternating,310854,2026-05-01 19:50:37.616,1,1,TchQIJfgZPM45o1eMHty,quiz-10,"[""a"",""b"",""d""]",group-commands-quiz
6694154a46060b3c49b2d6fd,6694154a46060b3c49b2d6fd_1777664726674,one_vial_alternating,321651,2026-05-01 19:50:48.400,1,1,sAdfmLWGTaEzNQ74egBS,quiz-13,"[""b""]",group-commands-quiz
6694154a46060b3c49b2d6fd,6694154a46060b3c49b2d6fd_1777664726674,one_vial_alternating,326367,2026-05-01 19:50:53.125,1,1,sabQVkg8VvLrJunM1Q4Q,quiz-11,"[""b""]",group-commands-quiz
6694154a46060b3c49b2d6fd,6694154a46060b3c49b2d6fd_1777664726674,one_vial_alternating,329695,2026-05-01 19:50:56.447,1,1,5ENN7Cy895VWlLDYDBqH,quiz-12,"[""c""]",group-commands-quiz
6694154a46060b3c49b2d6fd,6694154a46060b3c49b2d6fd_1777664726674,one_vial_alternating,345117,2026-05-01 19:51:11.864,1,1,YTcnKvdvGoUnCWZfDviz,quiz-end,"[""c""]",group-ending-quiz
66ad659998ae847f0eb8d209,66ad659998ae847f0eb8d209_1777665698051,one_vial_alternating,184576,2026-05-01 20:04:41.450,1,1,TsBXShaYELzYVLsPEhOE,quiz-1,"[""b""]",group-intro-quiz
66ad659998ae847f0eb8d209,66ad659998ae847f0eb8d209_1777665698051,one_vial_alternating,190138,2026-05-01 20:04:47.000,1,1,V8JTPUfsZgY9GcIpyrZx,quiz-2,"[""d""]",group-intro-quiz
66ad659998ae847f0eb8d209,66ad659998ae847f0eb8d209_1777665698051,one_vial_alternating,195584,2026-05-01 20:04:52.444,1,1,vzFuxW73tF7CGpH42qvW,quiz-3,"[""b""]",group-intro-quiz
66ad659998ae847f0eb8d209,66ad659998ae847f0eb8d209_1777665698051,one_vial_alternating,200670,2026-05-01 20:04:57.529,1,1,n7jPrj3iQAzo4xNNrIVW,quiz-4,"[""c""]",group-intro-quiz
66ad659998ae847f0eb8d209,66ad659998ae847f0eb8d209_1777665698051,one_vial_alternating,207843,2026-05-01 20:05:04.703,1,1,aqu9a5H8mcZwrJo2i15B,quiz-5,"[""b""]",group-intro-quiz
66ad659998ae847f0eb8d209,66ad659998ae847f0eb8d209_1777665698051,one_vial_alternating,307699,2026-05-01 20:06:44.554,1,1,dZRg6mFIXCfjWh0jv3lA,quiz-8,"[""b""]",group-commands-quiz
66ad659998ae847f0eb8d209,66ad659998ae847f0eb8d209_1777665698051,one_vial_alternating,313565,2026-05-01 20:06:50.420,1,1,YlgcU6B7BwwAdDHzglo8,quiz-9,"[""d""]",group-commands-quiz
66ad659998ae847f0eb8d209,66ad659998ae847f0eb8d209_1777665698051,one_vial_alternating,344927,2026-05-01 20:07:21.785,1,0,xlhFpJ9jjW7WOvg7zd6s,quiz-10,"[""a"",""d""]",group-commands-quiz
66ad659998ae847f0eb8d209,66ad659998ae847f0eb8d209_1777665698051,one_vial_alternating,362074,2026-05-01 20:07:38.931,1,1,NJVyXHrTG5p0cfwaNHJo,quiz-13,"[""b""]",group-commands-quiz
66ad659998ae847f0eb8d209,66ad659998ae847f0eb8d209_1777665698051,one_vial_alternating,372019,2026-05-01 20:07:48.872,1,1,62XHWE5He7JuiwCkDXcI,quiz-11,"[""b""]",group-commands-quiz
66ad659998ae847f0eb8d209,66ad659998ae847f0eb8d209_1777665698051,one_vial_alternating,380130,2026-05-01 20:07:56.988,1,1,IG7e0uRyLDNHT2jFoVlV,quiz-12,"[""c""]",group-commands-quiz
66ad659998ae847f0eb8d209,66ad659998ae847f0eb8d209_1777665698051,one_vial_alternating,432257,2026-05-01 20:08:49.110,1,1,PsJtGnwfScwUdvs1ttyI,quiz-8,"[""b""]",group-commands-quiz
66ad659998ae847f0eb8d209,66ad659998ae847f0eb8d209_1777665698051,one_vial_alternating,439231,2026-05-01 20:08:56.083,1,1,G7OQqJPcFw7aL5ZDwBNa,quiz-9,"[""d""]",group-commands-quiz
66ad659998ae847f0eb8d209,66ad659998ae847f0eb8d209_1777665698051,one_vial_alternating,476742,2026-05-01 20:09:33.592,1,1,psbkP30CFBWBKB2JOY4J,quiz-8,"[""b""]",group-commands-quiz
66ad659998ae847f0eb8d209,66ad659998ae847f0eb8d209_1777665698051,one_vial_alternating,478667,2026-05-01 20:09:35.517,1,1,EXi4pfgZXLntmqvam6AJ,quiz-9,"[""d""]",group-commands-quiz
66ad659998ae847f0eb8d209,66ad659998ae847f0eb8d209_1777665698051,one_vial_alternating,485257,2026-05-01 20:09:42.108,1,1,cFzCr36egBmzZuw0ZIMm,quiz-10,"[""d"",""b"",""a""]",group-commands-quiz
66ad659998ae847f0eb8d209,66ad659998ae847f0eb8d209_1777665698051,one_vial_alternating,491652,2026-05-01 20:09:48.501,1,1,LB4kB3wMijCt0acgxVfv,quiz-13,"[""b""]",group-commands-quiz
66ad659998ae847f0eb8d209,66ad659998ae847f0eb8d209_1777665698051,one_vial_alternating,502807,2026-05-01 20:09:59.658,1,1,TTpaqt10vmN0loRCj6QB,quiz-11,"[""b""]",group-commands-quiz
66ad659998ae847f0eb8d209,66ad659998ae847f0eb8d209_1777665698051,one_vial_alternating,506394,2026-05-01 20:10:03.249,1,1,8EoV8GGATDK5gC6KPj6g,quiz-12,"[""c""]",group-commands-quiz
66ad659998ae847f0eb8d209,66ad659998ae847f0eb8d209_1777665698051,one_vial_alternating,545496,2026-05-01 20:10:42.345,1,1,aWMrtFie0eNIQF9GT4EZ,quiz-end,"[""c""]",group-ending-quiz
66c20c5d7fb5c5aced53c5f3,66c20c5d7fb5c5aced53c5f3_1777665711377,one_vial_alternating,162724,2026-05-01 20:04:33.679,1,1,FVFKxBOR4zCIWgyKm7EH,quiz-1,"[""b""]",group-intro-quiz
66c20c5d7fb5c5aced53c5f3,66c20c5d7fb5c5aced53c5f3_1777665711377,one_vial_alternating,166876,2026-05-01 20:04:37.797,1,1,OQhkBlG6mBeApKwdylaS,quiz-2,"[""d""]",group-intro-quiz
66c20c5d7fb5c5aced53c5f3,66c20c5d7fb5c5aced53c5f3_1777665711377,one_vial_alternating,173924,2026-05-01 20:04:44.841,1,1,zulVXQBw4GEmNTR6NeqC,quiz-3,"[""b""]",group-intro-quiz
66c20c5d7fb5c5aced53c5f3,66c20c5d7fb5c5aced53c5f3_1777665711377,one_vial_alternating,180427,2026-05-01 20:04:51.345,1,1,4MTKxzVfjg7tQaMMWXso,quiz-4,"[""c""]",group-intro-quiz
66c20c5d7fb5c5aced53c5f3,66c20c5d7fb5c5aced53c5f3_1777665711377,one_vial_alternating,188852,2026-05-01 20:04:59.777,1,1,FQUeOon1ZcszRJzfyzQA,quiz-5,"[""b""]",group-intro-quiz
66c20c5d7fb5c5aced53c5f3,66c20c5d7fb5c5aced53c5f3_1777665711377,one_vial_alternating,358283,2026-05-01 20:07:49.200,1,1,rbSQoTX3uUdqOOGyZUuY,quiz-8,"[""b""]",group-commands-quiz
66c20c5d7fb5c5aced53c5f3,66c20c5d7fb5c5aced53c5f3_1777665711377,one_vial_alternating,367065,2026-05-01 20:07:57.980,1,1,VJRekEryiNnByW6884Bn,quiz-9,"[""d""]",group-commands-quiz
66c20c5d7fb5c5aced53c5f3,66c20c5d7fb5c5aced53c5f3_1777665711377,one_vial_alternating,379842,2026-05-01 20:08:10.758,1,1,9Ur3CMxbWi75j1KR4S6b,quiz-10,"[""a"",""b"",""d""]",group-commands-quiz
66c20c5d7fb5c5aced53c5f3,66c20c5d7fb5c5aced53c5f3_1777665711377,one_vial_alternating,402946,2026-05-01 20:08:33.860,1,1,DBaTZnhPvUx92l3vueXz,quiz-13,"[""b""]",group-commands-quiz
66c20c5d7fb5c5aced53c5f3,66c20c5d7fb5c5aced53c5f3_1777665711377,one_vial_alternating,409609,2026-05-01 20:08:40.524,1,1,3HCmv4kdPFqOXaXwMbx3,quiz-11,"[""b""]",group-commands-quiz
66c20c5d7fb5c5aced53c5f3,66c20c5d7fb5c5aced53c5f3_1777665711377,one_vial_alternating,414138,2026-05-01 20:08:45.055,1,1,Y0LgspqwRuI1PE2y5CzV,quiz-12,"[""c""]",group-commands-quiz
66c20c5d7fb5c5aced53c5f3,66c20c5d7fb5c5aced53c5f3_1777665711377,one_vial_alternating,446650,2026-05-01 20:09:17.567,1,1,qJQUp5MdYdDpWxwFdo2N,quiz-end,"[""c""]",group-ending-quiz
67ab1e994f1e4d7f398f8172,67ab1e994f1e4d7f398f8172_1777666925306,one_vial_alternating,564422,2026-05-01 20:31:29.878,1,1,gC7vTEZ4ebQZfhKBqOln,quiz-1,"[""b""]",group-intro-quiz
67ab1e994f1e4d7f398f8172,67ab1e994f1e4d7f398f8172_1777666925306,one_vial_alternating,644405,2026-05-01 20:32:50.564,1,1,vioP7yHybemWpL1HwGN1,quiz-2,"[""d""]",group-intro-quiz
67ab1e994f1e4d7f398f8172,67ab1e994f1e4d7f398f8172_1777666925306,one_vial_alternating,666969,2026-05-01 20:33:12.428,1,1,MRGmi80be24JCzhv73rw,quiz-3,"[""b""]",group-intro-quiz
67ab1e994f1e4d7f398f8172,67ab1e994f1e4d7f398f8172_1777666925306,one_vial_alternating,677535,2026-05-01 20:33:22.993,1,1,Kt8ybszbFA0csdotj5iz,quiz-4,"[""c""]",group-intro-quiz
67ab1e994f1e4d7f398f8172,67ab1e994f1e4d7f398f8172_1777666925306,one_vial_alternating,705331,2026-05-01 20:33:50.791,1,1,JuRRosc5tdMXaRRqSD57,quiz-5,"[""b""]",group-intro-quiz
67ab1e994f1e4d7f398f8172,67ab1e994f1e4d7f398f8172_1777666925306,one_vial_alternating,1272987,2026-05-01 20:43:19.211,1,1,989wMTsQbpuexooL8TsY,quiz-8,"[""b""]",group-commands-quiz
67ab1e994f1e4d7f398f8172,67ab1e994f1e4d7f398f8172_1777666925306,one_vial_alternating,1308030,2026-05-01 20:43:53.523,1,1,PU78rZlnZX44YkimtaZO,quiz-9,"[""d""]",group-commands-quiz
67ab1e994f1e4d7f398f8172,67ab1e994f1e4d7f398f8172_1777666925306,one_vial_alternating,1485637,2026-05-01 20:46:51.776,1,1,EmTfKkPKGrFDGOZ2zuHk,quiz-10,"[""a"",""b"",""d""]",group-commands-quiz
67ab1e994f1e4d7f398f8172,67ab1e994f1e4d7f398f8172_1777666925306,one_vial_alternating,1531635,2026-05-01 20:47:37.128,1,1,OOGOCUc410RMT7RBBLAV,quiz-13,"[""b""]",group-commands-quiz
67ab1e994f1e4d7f398f8172,67ab1e994f1e4d7f398f8172_1777666925306,one_vial_alternating,1540224,2026-05-01 20:47:45.716,1,1,5JZZ3bLORWYEKRCtm3NO,quiz-11,"[""b""]",group-commands-quiz
67ab1e994f1e4d7f398f8172,67ab1e994f1e4d7f398f8172_1777666925306,one_vial_alternating,1565386,2026-05-01 20:48:10.884,1,1,FTYiizmD7yemIYxGlLKv,quiz-12,"[""c""]",group-commands-quiz
67ab1e994f1e4d7f398f8172,67ab1e994f1e4d7f398f8172_1777666925306,one_vial_alternating,1661159,2026-05-01 20:49:46.657,1,1,cWhtrkM3ks8L5Lp1axC4,quiz-end,"[""c""]",group-ending-quiz
69136beee3f6384c83a704ce,69136beee3f6384c83a704ce_1777664711297,one_vial_alternating,132573,2026-05-01 19:47:24.003,1,1,4FOpApxutpugktmc9rrg,quiz-1,"[""b""]",group-intro-quiz
69136beee3f6384c83a704ce,69136beee3f6384c83a704ce_1777664711297,one_vial_alternating,137406,2026-05-01 19:47:28.834,1,1,2wvzi2k3hUGJxY12Pt9h,quiz-2,"[""d""]",group-intro-quiz
69136beee3f6384c83a704ce,69136beee3f6384c83a704ce_1777664711297,one_vial_alternating,141457,2026-05-01 19:47:32.882,1,1,VtC0sRCY470OYKBQPDxQ,quiz-3,"[""b""]",group-intro-quiz
69136beee3f6384c83a704ce,69136beee3f6384c83a704ce_1777664711297,one_vial_alternating,149614,2026-05-01 19:47:41.042,1,0,cT84Dn9gwqap9tF5rh8O,quiz-4,"[""a""]",group-intro-quiz
69136beee3f6384c83a704ce,69136beee3f6384c83a704ce_1777664711297,one_vial_alternating,155429,2026-05-01 19:47:46.851,1,1,DSlGK5dK3lkXPWI5clYg,quiz-5,"[""b""]",group-intro-quiz
69136beee3f6384c83a704ce,69136beee3f6384c83a704ce_1777664711297,one_vial_alternating,166570,2026-05-01 19:47:57.994,1,1,aK5gkFQ2NxTI4fcTN2Nj,quiz-1,"[""b""]",group-intro-quiz
69136beee3f6384c83a704ce,69136beee3f6384c83a704ce_1777664711297,one_vial_alternating,168785,2026-05-01 19:48:00.210,1,1,zUWHyeuFjFuB0vLf0hAe,quiz-2,"[""d""]",group-intro-quiz
69136beee3f6384c83a704ce,69136beee3f6384c83a704ce_1777664711297,one_vial_alternating,172517,2026-05-01 19:48:03.944,1,1,iUaCz3XlxEdQn0WZC71N,quiz-3,"[""b""]",group-intro-quiz
69136beee3f6384c83a704ce,69136beee3f6384c83a704ce_1777664711297,one_vial_alternating,174310,2026-05-01 19:48:05.743,1,1,ThadGYFRNnuWfmOptcfQ,quiz-4,"[""c""]",group-intro-quiz
69136beee3f6384c83a704ce,69136beee3f6384c83a704ce_1777664711297,one_vial_alternating,178154,2026-05-01 19:48:09.589,1,1,vnnUYLfa47nCxreZ1lk3,quiz-5,"[""b""]",group-intro-quiz
69136beee3f6384c83a704ce,69136beee3f6384c83a704ce_1777664711297,one_vial_alternating,293261,2026-05-01 19:50:04.686,1,1,5xLn5FQ9GxTFielGe5Fn,quiz-8,"[""b""]",group-commands-quiz
69136beee3f6384c83a704ce,69136beee3f6384c83a704ce_1777664711297,one_vial_alternating,296939,2026-05-01 19:50:08.363,1,1,T8rp53fVkwfD4df59EOf,quiz-9,"[""d""]",group-commands-quiz
69136beee3f6384c83a704ce,69136beee3f6384c83a704ce_1777664711297,one_vial_alternating,304709,2026-05-01 19:50:16.137,1,1,gBE8vyTkDJ3en4JcICIf,quiz-10,"[""a"",""b"",""d""]",group-commands-quiz
69136beee3f6384c83a704ce,69136beee3f6384c83a704ce_1777664711297,one_vial_alternating,317848,2026-05-01 19:50:29.275,1,1,Pgf0rREZTZYO25XGmvyi,quiz-13,"[""b""]",group-commands-quiz
69136beee3f6384c83a704ce,69136beee3f6384c83a704ce_1777664711297,one_vial_alternating,321942,2026-05-01 19:50:33.372,1,0,kJcC4cYSdBeAERZqw5k2,quiz-11,"[""c""]",group-commands-quiz
69136beee3f6384c83a704ce,69136beee3f6384c83a704ce_1777664711297,one_vial_alternating,327622,2026-05-01 19:50:39.047,1,1,RPZDfv7LiiIGetUIcwwI,quiz-12,"[""c""]",group-commands-quiz
69136beee3f6384c83a704ce,69136beee3f6384c83a704ce_1777664711297,one_vial_alternating,365444,2026-05-01 19:51:16.872,1,1,D5s0mzD31dVCmxReOArk,quiz-8,"[""b""]",group-commands-quiz
69136beee3f6384c83a704ce,69136beee3f6384c83a704ce_1777664711297,one_vial_alternating,368345,2026-05-01 19:51:19.768,1,1,kztArSGdcd9GEQAz3q9h,quiz-9,"[""d""]",group-commands-quiz
69136beee3f6384c83a704ce,69136beee3f6384c83a704ce_1777664711297,one_vial_alternating,376877,2026-05-01 19:51:28.301,1,1,zayNmoAJz44WgYRxe6RQ,quiz-10,"[""a"",""b"",""d""]",group-commands-quiz
69136beee3f6384c83a704ce,69136beee3f6384c83a704ce_1777664711297,one_vial_alternating,382292,2026-05-01 19:51:33.716,1,1,tUm1wTVqVZnvhhhWDNbd,quiz-13,"[""b""]",group-commands-quiz
69136beee3f6384c83a704ce,69136beee3f6384c83a704ce_1777664711297,one_vial_alternating,388274,2026-05-01 19:51:39.701,1,1,r0sHb7H4JIOzydc0zXY5,quiz-11,"[""b""]",group-commands-quiz
69136beee3f6384c83a704ce,69136beee3f6384c83a704ce_1777664711297,one_vial_alternating,391692,2026-05-01 19:51:43.117,1,1,6cbjyYaw43l4tNsYXQWM,quiz-12,"[""c""]",group-commands-quiz
69136beee3f6384c83a704ce,69136beee3f6384c83a704ce_1777664711297,one_vial_alternating,410964,2026-05-01 19:52:02.388,1,1,it9mNFfU2izo1qvcnMFR,quiz-end,"[""c""]",group-ending-quiz
6925fa29548cb5452d18bdb0,6925fa29548cb5452d18bdb0_1777665188520,one_vial_alternating,372659,2026-05-01 19:59:22.097,1,1,q81BepgLbh4gL5Qitbcf,quiz-1,"[""b""]",group-intro-quiz
6925fa29548cb5452d18bdb0,6925fa29548cb5452d18bdb0_1777665188520,one_vial_alternating,378701,2026-05-01 19:59:28.178,1,1,skrdFHrUIprSt2jDjq4L,quiz-2,"[""d""]",group-intro-quiz
6925fa29548cb5452d18bdb0,6925fa29548cb5452d18bdb0_1777665188520,one_vial_alternating,389509,2026-05-01 19:59:38.944,1,1,sVwdyFpZ9NjHx9aBZaoq,quiz-3,"[""b""]",group-intro-quiz
6925fa29548cb5452d18bdb0,6925fa29548cb5452d18bdb0_1777665188520,one_vial_alternating,400964,2026-05-01 19:59:50.407,1,1,BsvlQ7WD96O6UqRammQz,quiz-4,"[""c""]",group-intro-quiz
6925fa29548cb5452d18bdb0,6925fa29548cb5452d18bdb0_1777665188520,one_vial_alternating,412655,2026-05-01 20:00:02.090,1,1,2pd6wSkG3Wl8KtzE3uzb,quiz-5,"[""b""]",group-intro-quiz
6925fa29548cb5452d18bdb0,6925fa29548cb5452d18bdb0_1777665188520,one_vial_alternating,764236,2026-05-01 20:05:53.674,1,1,ZDfNW1D7RZUJGuRc8mfV,quiz-8,"[""b""]",group-commands-quiz
6925fa29548cb5452d18bdb0,6925fa29548cb5452d18bdb0_1777665188520,one_vial_alternating,774091,2026-05-01 20:06:03.533,1,1,a0FUXzPjqTKexrrLF3gp,quiz-9,"[""d""]",group-commands-quiz
6925fa29548cb5452d18bdb0,6925fa29548cb5452d18bdb0_1777665188520,one_vial_alternating,796401,2026-05-01 20:06:25.841,1,1,Tgz4CBhhPw5QfesVPKbK,quiz-10,"[""a"",""d"",""b""]",group-commands-quiz
6925fa29548cb5452d18bdb0,6925fa29548cb5452d18bdb0_1777665188520,one_vial_alternating,808703,2026-05-01 20:06:38.143,1,1,ZTwAueA1SnvfFvQl4N7j,quiz-13,"[""b""]",group-commands-quiz
6925fa29548cb5452d18bdb0,6925fa29548cb5452d18bdb0_1777665188520,one_vial_alternating,821747,2026-05-01 20:06:51.185,1,1,86mab5MAxkwkjdDcj9i0,quiz-11,"[""b""]",group-commands-quiz
6925fa29548cb5452d18bdb0,6925fa29548cb5452d18bdb0_1777665188520,one_vial_alternating,826282,2026-05-01 20:06:55.720,1,1,NJpmBdeePp0aGtE9XdSY,quiz-12,"[""c""]",group-commands-quiz
6925fa29548cb5452d18bdb0,6925fa29548cb5452d18bdb0_1777665188520,one_vial_alternating,887735,2026-05-01 20:07:57.176,1,1,J8GGmwVGZeeEHfrpIFqf,quiz-end,"[""c""]",group-ending-quiz
6928b461f9bf86904fa8b581,6928b461f9bf86904fa8b581_1777670008810,one_vial_alternating,575181,2026-05-01 21:23:04.172,1,1,TiJ47zfmpL3BLUMhBEDJ,quiz-1,"[""b""]",group-intro-quiz
6928b461f9bf86904fa8b581,6928b461f9bf86904fa8b581_1777670008810,one_vial_alternating,584883,2026-05-01 21:23:13.875,1,1,jbPDU6cOaxQbbv9o3Mdx,quiz-2,"[""d""]",group-intro-quiz
6928b461f9bf86904fa8b581,6928b461f9bf86904fa8b581_1777670008810,one_vial_alternating,599950,2026-05-01 21:23:28.938,1,1,A3Ez8flcvKH0SgvFTtSm,quiz-3,"[""b""]",group-intro-quiz
6928b461f9bf86904fa8b581,6928b461f9bf86904fa8b581_1777670008810,one_vial_alternating,612294,2026-05-01 21:23:41.287,1,1,fjHkWNhAhEG8YzTutDHl,quiz-4,"[""c""]",group-intro-quiz
6928b461f9bf86904fa8b581,6928b461f9bf86904fa8b581_1777670008810,one_vial_alternating,624009,2026-05-01 21:23:53.000,1,1,zKQEZFtaoyxx5l2q7hoY,quiz-5,"[""b""]",group-intro-quiz
6928b461f9bf86904fa8b581,6928b461f9bf86904fa8b581_1777670008810,one_vial_alternating,772353,2026-05-01 21:26:21.352,1,1,vsFI4aFPsvfk6bvPSahi,quiz-8,"[""b""]",group-commands-quiz
6928b461f9bf86904fa8b581,6928b461f9bf86904fa8b581_1777670008810,one_vial_alternating,781750,2026-05-01 21:26:30.750,1,1,SkN7TbP7cypMhaK7fq4L,quiz-9,"[""d""]",group-commands-quiz
6928b461f9bf86904fa8b581,6928b461f9bf86904fa8b581_1777670008810,one_vial_alternating,804761,2026-05-01 21:26:53.762,1,1,GfbfzWwrkYCXYRVx0zqR,quiz-10,"[""a"",""b"",""d""]",group-commands-quiz
6928b461f9bf86904fa8b581,6928b461f9bf86904fa8b581_1777670008810,one_vial_alternating,834256,2026-05-01 21:27:23.257,1,0,O45sOywcW7i9cTIjYXvV,quiz-13,"[""c""]",group-commands-quiz
6928b461f9bf86904fa8b581,6928b461f9bf86904fa8b581_1777670008810,one_vial_alternating,861683,2026-05-01 21:27:50.685,1,1,kL54RYqFYoH1hwcz07EQ,quiz-8,"[""b""]",group-commands-quiz
6928b461f9bf86904fa8b581,6928b461f9bf86904fa8b581_1777670008810,one_vial_alternating,864573,2026-05-01 21:27:53.573,1,1,KBR2Pn40ZX9Ox6G6Eg0C,quiz-9,"[""d""]",group-commands-quiz
6928b461f9bf86904fa8b581,6928b461f9bf86904fa8b581_1777670008810,one_vial_alternating,881456,2026-05-01 21:28:10.456,1,1,gaea3SBGahHx9UNxSXHg,quiz-10,"[""a"",""b"",""d""]",group-commands-quiz
6928b461f9bf86904fa8b581,6928b461f9bf86904fa8b581_1777670008810,one_vial_alternating,893666,2026-05-01 21:28:22.672,1,1,MgbRYeNQQV1gzVJeOpXd,quiz-13,"[""b""]",group-commands-quiz
6928b461f9bf86904fa8b581,6928b461f9bf86904fa8b581_1777670008810,one_vial_alternating,901832,2026-05-01 21:28:30.836,1,1,7tJM3koACFj0mJmdxYPM,quiz-11,"[""b""]",group-commands-quiz
6928b461f9bf86904fa8b581,6928b461f9bf86904fa8b581_1777670008810,one_vial_alternating,918252,2026-05-01 21:28:47.256,1,1,v5U6xcpVmXAILgAeQxLw,quiz-12,"[""c""]",group-commands-quiz
6928b461f9bf86904fa8b581,6928b461f9bf86904fa8b581_1777670008810,one_vial_alternating,946750,2026-05-01 21:29:15.757,1,1,wovV9Tkd4BLcRlddyVOC,quiz-end,"[""c""]",group-ending-quiz
692b3539b57c4f73fc243980,692b3539b57c4f73fc243980_1777664986855,one_vial_alternating,144796,2026-05-01 19:52:12.488,1,1,7BMyKAkR7rw0te6ejEDm,quiz-1,"[""b""]",group-intro-quiz
692b3539b57c4f73fc243980,692b3539b57c4f73fc243980_1777664986855,one_vial_alternating,157941,2026-05-01 19:52:25.527,1,1,NA7pactnXvlIy53ctchF,quiz-2,"[""d""]",group-intro-quiz
692b3539b57c4f73fc243980,692b3539b57c4f73fc243980_1777664986855,one_vial_alternating,167203,2026-05-01 19:52:34.789,1,1,1fmBEnfOytL1dDVkO3SR,quiz-3,"[""b""]",group-intro-quiz
692b3539b57c4f73fc243980,692b3539b57c4f73fc243980_1777664986855,one_vial_alternating,172372,2026-05-01 19:52:39.959,1,1,KN2VwDaEkPlf9I1sMl0W,quiz-4,"[""c""]",group-intro-quiz
692b3539b57c4f73fc243980,692b3539b57c4f73fc243980_1777664986855,one_vial_alternating,181733,2026-05-01 19:52:49.318,1,1,YYn3sk6hlftZr6gGr5rH,quiz-5,"[""b""]",group-intro-quiz
692b3539b57c4f73fc243980,692b3539b57c4f73fc243980_1777664986855,one_vial_alternating,293445,2026-05-01 19:54:41.035,1,1,KcRUjdXxBVWtLpSpui0k,quiz-8,"[""b""]",group-commands-quiz
692b3539b57c4f73fc243980,692b3539b57c4f73fc243980_1777664986855,one_vial_alternating,301616,2026-05-01 19:54:49.206,1,1,iO9lE7l1H6YdVWLvZ1pP,quiz-9,"[""d""]",group-commands-quiz
692b3539b57c4f73fc243980,692b3539b57c4f73fc243980_1777664986855,one_vial_alternating,321596,2026-05-01 19:55:09.190,1,0,W0tNMTF20DcehfPGxQbB,quiz-10,"[""a"",""e""]",group-commands-quiz
692b3539b57c4f73fc243980,692b3539b57c4f73fc243980_1777664986855,one_vial_alternating,339697,2026-05-01 19:55:27.294,1,0,LGSbbuOmvwOc9Ionw98D,quiz-13,"[""c""]",group-commands-quiz
692b3539b57c4f73fc243980,692b3539b57c4f73fc243980_1777664986855,one_vial_alternating,354776,2026-05-01 19:55:42.367,1,0,gGL1juBBPgy7JrdQZjdL,quiz-11,"[""a""]",group-commands-quiz
692b3539b57c4f73fc243980,692b3539b57c4f73fc243980_1777664986855,one_vial_alternating,366193,2026-05-01 19:55:53.784,1,1,xVLczMfCDds2cGVPMVK4,quiz-12,"[""c""]",group-commands-quiz
692b3539b57c4f73fc243980,692b3539b57c4f73fc243980_1777664986855,one_vial_alternating,388605,2026-05-01 19:56:16.198,1,1,XlNVRWee5aJ42L3dvBPL,quiz-8,"[""b""]",group-commands-quiz
692b3539b57c4f73fc243980,692b3539b57c4f73fc243980_1777664986855,one_vial_alternating,397307,2026-05-01 19:56:24.899,1,1,lnz4aA2W9P5wiGwIc8hX,quiz-9,"[""d""]",group-commands-quiz
692b3539b57c4f73fc243980,692b3539b57c4f73fc243980_1777664986855,one_vial_alternating,410417,2026-05-01 19:56:38.011,1,0,pNkRkHezp4xPHLAdCIKI,quiz-10,"[""a"",""e""]",group-commands-quiz
692b3539b57c4f73fc243980,692b3539b57c4f73fc243980_1777664986855,one_vial_alternating,417425,2026-05-01 19:56:45.018,1,0,e4EISouwOievfOVyQKt8,quiz-13,"[""c""]",group-commands-quiz
692b3539b57c4f73fc243980,692b3539b57c4f73fc243980_1777664986855,one_vial_alternating,421756,2026-05-01 19:56:49.351,1,0,L1wWn97MLXB2lcY0Qlp9,quiz-11,"[""c""]",group-commands-quiz
692b3539b57c4f73fc243980,692b3539b57c4f73fc243980_1777664986855,one_vial_alternating,451325,2026-05-01 19:57:18.921,1,0,XC7vLrBtuVCP88vo4Sw1,quiz-12,"[""e""]",group-commands-quiz
697a6d7fe579688108a6dc38,697a6d7fe579688108a6dc38_1777665092932,one_vial_alternating,151033,2026-05-01 19:54:04.425,1,1,4idmVJf4g40vvIfguar4,quiz-1,"[""b""]",group-intro-quiz
697a6d7fe579688108a6dc38,697a6d7fe579688108a6dc38_1777665092932,one_vial_alternating,161055,2026-05-01 19:54:14.453,1,0,dCuPCS1D0Dna39ipsNy0,quiz-2,"[""a""]",group-intro-quiz
697a6d7fe579688108a6dc38,697a6d7fe579688108a6dc38_1777665092932,one_vial_alternating,169953,2026-05-01 19:54:23.343,1,1,TuioruxIXG7E4gDeknTO,quiz-3,"[""b""]",group-intro-quiz
697a6d7fe579688108a6dc38,697a6d7fe579688108a6dc38_1777665092932,one_vial_alternating,178133,2026-05-01 19:54:31.523,1,0,pEzJI3evYOONDZO5lVv1,quiz-4,"[""a""]",group-intro-quiz
697a6d7fe579688108a6dc38,697a6d7fe579688108a6dc38_1777665092932,one_vial_alternating,185473,2026-05-01 19:54:38.864,1,1,NZ8N6hIVh2ctBQCaINuX,quiz-5,"[""b""]",group-intro-quiz
697a6d7fe579688108a6dc38,697a6d7fe579688108a6dc38_1777665092932,one_vial_alternating,197539,2026-05-01 19:54:50.960,1,1,D1vBGwRtmNxleejEEqZp,quiz-1,"[""b""]",group-intro-quiz
697a6d7fe579688108a6dc38,697a6d7fe579688108a6dc38_1777665092932,one_vial_alternating,223567,2026-05-01 19:55:16.971,1,0,ZR3qEuRgpzLtt3PLEZAQ,quiz-2,"[""b""]",group-intro-quiz
697a6d7fe579688108a6dc38,697a6d7fe579688108a6dc38_1777665092932,one_vial_alternating,231499,2026-05-01 19:55:24.890,1,1,OwWbSotZZhfWzV5TxZVg,quiz-3,"[""b""]",group-intro-quiz
697a6d7fe579688108a6dc38,697a6d7fe579688108a6dc38_1777665092932,one_vial_alternating,239105,2026-05-01 19:55:32.506,1,0,5OdmUiOycvRgAtPY2WOz,quiz-4,"[""a""]",group-intro-quiz
697a6d7fe579688108a6dc38,697a6d7fe579688108a6dc38_1777665092932,one_vial_alternating,256371,2026-05-01 19:55:49.769,1,1,6dvU7Hk7mRky4NbGuAGw,quiz-5,"[""b""]",group-intro-quiz
697aa0664e541e3ec5a881fe,697aa0664e541e3ec5a881fe_1777665490698,one_vial_alternating,163463,2026-05-01 20:01:00.446,1,0,xLpcDtaufkQkPQksKPCL,quiz-1,"[""a""]",group-intro-quiz
697aa0664e541e3ec5a881fe,697aa0664e541e3ec5a881fe_1777665490698,one_vial_alternating,175653,2026-05-01 20:01:12.637,1,0,5LcMcmZnR8sArPLdlpco,quiz-2,"[""e""]",group-intro-quiz
697aa0664e541e3ec5a881fe,697aa0664e541e3ec5a881fe_1777665490698,one_vial_alternating,183477,2026-05-01 20:01:20.460,1,0,yApD7DuCZpvj8gcEbK1A,quiz-3,"[""a""]",group-intro-quiz
697aa0664e541e3ec5a881fe,697aa0664e541e3ec5a881fe_1777665490698,one_vial_alternating,189037,2026-05-01 20:01:26.024,1,1,JNrnAhi330LCEIRHBIzj,quiz-4,"[""c""]",group-intro-quiz
697aa0664e541e3ec5a881fe,697aa0664e541e3ec5a881fe_1777665490698,one_vial_alternating,191070,2026-05-01 20:01:28.051,1,0,u5UyqGV0liX6kFUJT4QA,quiz-5,"[""d""]",group-intro-quiz
697aa0664e541e3ec5a881fe,697aa0664e541e3ec5a881fe_1777665490698,one_vial_alternating,292862,2026-05-01 20:03:09.849,1,1,X9sp3ExE4YfJ8a9dczSh,quiz-1,"[""b""]",group-intro-quiz
697aa0664e541e3ec5a881fe,697aa0664e541e3ec5a881fe_1777665490698,one_vial_alternating,330845,2026-05-01 20:03:47.831,1,1,XXmaCXlbaZ4CVvBh39GW,quiz-2,"[""d""]",group-intro-quiz
697aa0664e541e3ec5a881fe,697aa0664e541e3ec5a881fe_1777665490698,one_vial_alternating,373301,2026-05-01 20:04:30.289,1,1,0deSP4SjzRI4CSpx4cNb,quiz-3,"[""b""]",group-intro-quiz
697aa0664e541e3ec5a881fe,697aa0664e541e3ec5a881fe_1777665490698,one_vial_alternating,409491,2026-05-01 20:05:06.475,1,1,h5tJ5G7PsFIKLUZKrunY,quiz-4,"[""c""]",group-intro-quiz
697aa0664e541e3ec5a881fe,697aa0664e541e3ec5a881fe_1777665490698,one_vial_alternating,469388,2026-05-01 20:06:06.377,1,1,pwydT8VWxw20HCiTJZmg,quiz-5,"[""b""]",group-intro-quiz
697aa0664e541e3ec5a881fe,697aa0664e541e3ec5a881fe_1777665490698,one_vial_alternating,492482,2026-05-01 20:06:29.485,1,1,aOYIJojpTR8NYBqA7Dve,quiz-1,"[""b""]",group-intro-quiz
697aa0664e541e3ec5a881fe,697aa0664e541e3ec5a881fe_1777665490698,one_vial_alternating,521562,2026-05-01 20:06:58.552,1,1,4Kg0Grn9syw3pFRFpv7e,quiz-2,"[""d""]",group-intro-quiz
697aa0664e541e3ec5a881fe,697aa0664e541e3ec5a881fe_1777665490698,one_vial_alternating,552818,2026-05-01 20:07:29.806,1,1,2UkRH6F6W64Jx4LU1Psh,quiz-3,"[""b""]",group-intro-quiz
697aa0664e541e3ec5a881fe,697aa0664e541e3ec5a881fe_1777665490698,one_vial_alternating,589698,2026-05-01 20:08:06.684,1,1,6Msv8G18Fzr4OJTJDMaF,quiz-4,"[""c""]",group-intro-quiz
697aa0664e541e3ec5a881fe,697aa0664e541e3ec5a881fe_1777665490698,one_vial_alternating,622514,2026-05-01 20:08:39.504,1,1,4nFJRO6AD7hA1pRUBflY,quiz-5,"[""b""]",group-intro-quiz
697da549fc95d872d3ee55c4,697da549fc95d872d3ee55c4_1777665118634,one_vial_alternating,377348,2026-05-01 19:58:16.251,1,1,l1bTHRXRazLISpjlGL7z,quiz-1,"[""b""]",group-intro-quiz
697da549fc95d872d3ee55c4,697da549fc95d872d3ee55c4_1777665118634,one_vial_alternating,389047,2026-05-01 19:58:27.949,1,1,i8W9u7dkbXxeKrPnCkfF,quiz-2,"[""d""]",group-intro-quiz
697da549fc95d872d3ee55c4,697da549fc95d872d3ee55c4_1777665118634,one_vial_alternating,403265,2026-05-01 19:58:42.169,1,1,AWJFAy1WEKlvWQBfosXW,quiz-3,"[""b""]",group-intro-quiz
697da549fc95d872d3ee55c4,697da549fc95d872d3ee55c4_1777665118634,one_vial_alternating,411886,2026-05-01 19:58:50.787,1,1,VPKuFCREwoZurWFGN5Du,quiz-4,"[""c""]",group-intro-quiz
697da549fc95d872d3ee55c4,697da549fc95d872d3ee55c4_1777665118634,one_vial_alternating,424070,2026-05-01 19:59:02.970,1,1,t0zhR2CCjaTbwwWTPXSK,quiz-5,"[""b""]",group-intro-quiz
697da549fc95d872d3ee55c4,697da549fc95d872d3ee55c4_1777665118634,one_vial_alternating,774188,2026-05-01 20:04:53.089,1,1,hW6Y5zLZQI7UhNbjhDk8,quiz-8,"[""b""]",group-commands-quiz
697da549fc95d872d3ee55c4,697da549fc95d872d3ee55c4_1777665118634,one_vial_alternating,789083,2026-05-01 20:05:07.989,1,1,zGpjuNSyE2fwLqS1czvS,quiz-9,"[""d""]",group-commands-quiz
697da549fc95d872d3ee55c4,697da549fc95d872d3ee55c4_1777665118634,one_vial_alternating,836220,2026-05-01 20:05:55.125,1,1,pNxfUTVO1hQsx37AR6PW,quiz-10,"[""a"",""b"",""d""]",group-commands-quiz
697da549fc95d872d3ee55c4,697da549fc95d872d3ee55c4_1777665118634,one_vial_alternating,863800,2026-05-01 20:06:22.701,1,1,m7HkJTjrlhoUEeVKAo9f,quiz-13,"[""b""]",group-commands-quiz
697da549fc95d872d3ee55c4,697da549fc95d872d3ee55c4_1777665118634,one_vial_alternating,933920,2026-05-01 20:07:33.657,1,1,0dCxvar7GevvQDoRcR7p,quiz-11,"[""b""]",group-commands-quiz
697da549fc95d872d3ee55c4,697da549fc95d872d3ee55c4_1777665118634,one_vial_alternating,939741,2026-05-01 20:07:38.633,1,1,XpJPXVwixHLX61EyyDgk,quiz-12,"[""c""]",group-commands-quiz
697da549fc95d872d3ee55c4,697da549fc95d872d3ee55c4_1777665118634,one_vial_alternating,974099,2026-05-01 20:08:12.991,1,1,inQ7m7lLg2ko2W960qWV,quiz-end,"[""c""]",group-ending-quiz
697e2331d6358c74ada83a84,697e2331d6358c74ada83a84_1777665845939,one_vial_alternating,292197,2026-05-01 20:08:58.408,1,1,5a57wg3ym62JshqC3Ksr,quiz-1,"[""b""]",group-intro-quiz
697e2331d6358c74ada83a84,697e2331d6358c74ada83a84_1777665845939,one_vial_alternating,398023,2026-05-01 20:10:45.302,1,1,ADHLHOkXFYPCccTk1A6W,quiz-2,"[""d""]",group-intro-quiz
697e2331d6358c74ada83a84,697e2331d6358c74ada83a84_1777665845939,one_vial_alternating,426941,2026-05-01 20:11:13.159,1,1,sTPobXK0FqNFyT6hbLJT,quiz-3,"[""b""]",group-intro-quiz
697e2331d6358c74ada83a84,697e2331d6358c74ada83a84_1777665845939,one_vial_alternating,472035,2026-05-01 20:11:58.254,1,1,VH8WV7R2or0lClqaWK39,quiz-4,"[""c""]",group-intro-quiz
697e2331d6358c74ada83a84,697e2331d6358c74ada83a84_1777665845939,one_vial_alternating,569534,2026-05-01 20:13:36.745,1,1,ZWnRRByXPqQOE9RLKWAh,quiz-5,"[""b""]",group-intro-quiz
697e2331d6358c74ada83a84,697e2331d6358c74ada83a84_1777665845939,one_vial_alternating,7971844,2026-05-01 22:16:57.928,1,1,K5tzmknFdewfnTJVKOhM,quiz-8,"[""b""]",group-commands-quiz
697e2331d6358c74ada83a84,697e2331d6358c74ada83a84_1777665845939,one_vial_alternating,7979003,2026-05-01 22:17:05.077,1,0,63jStuhsiorGgknfa9YI,quiz-9,"[""c""]",group-commands-quiz
697e2331d6358c74ada83a84,697e2331d6358c74ada83a84_1777665845939,one_vial_alternating,7988665,2026-05-01 22:17:14.746,1,0,VcHWkYQgPKmsXsrNzmAf,quiz-10,"[""b""]",group-commands-quiz
697e2331d6358c74ada83a84,697e2331d6358c74ada83a84_1777665845939,one_vial_alternating,7998493,2026-05-01 22:17:24.574,1,0,3UJRINlPew8SPs7hloiR,quiz-13,"[""c""]",group-commands-quiz
697e2331d6358c74ada83a84,697e2331d6358c74ada83a84_1777665845939,one_vial_alternating,8001910,2026-05-01 22:17:27.987,1,0,JI0xMkCi09YvFlQiafUF,quiz-11,"[""e""]",group-commands-quiz
697e2331d6358c74ada83a84,697e2331d6358c74ada83a84_1777665845939,one_vial_alternating,8006796,2026-05-01 22:17:32.877,1,0,4PHdpcHpBYJX4CqYqPHi,quiz-12,"[""d""]",group-commands-quiz
69830af3546dee3f96a3b80d,69830af3546dee3f96a3b80d_1777665751003,one_vial_alternating,111352,2026-05-01 20:04:22.472,1,1,PyiK3ciMbx33A84GZpsE,quiz-1,"[""b""]",group-intro-quiz
69830af3546dee3f96a3b80d,69830af3546dee3f96a3b80d_1777665751003,one_vial_alternating,117617,2026-05-01 20:04:28.735,1,1,is1qx1kxRuJ0uaLysxwM,quiz-2,"[""d""]",group-intro-quiz
69830af3546dee3f96a3b80d,69830af3546dee3f96a3b80d_1777665751003,one_vial_alternating,123418,2026-05-01 20:04:34.538,1,1,RvJmskj2eng1r9s1HBBN,quiz-3,"[""b""]",group-intro-quiz
69830af3546dee3f96a3b80d,69830af3546dee3f96a3b80d_1777665751003,one_vial_alternating,130299,2026-05-01 20:04:41.421,1,0,iOH1BivVmTlRlXWuzpov,quiz-4,"[""a""]",group-intro-quiz
69830af3546dee3f96a3b80d,69830af3546dee3f96a3b80d_1777665751003,one_vial_alternating,136118,2026-05-01 20:04:47.247,1,1,BN8OB42b4QogiaaVQJBj,quiz-5,"[""b""]",group-intro-quiz
69830af3546dee3f96a3b80d,69830af3546dee3f96a3b80d_1777665751003,one_vial_alternating,153934,2026-05-01 20:05:05.045,1,1,SWC3EwruDfLYiOHWzH1Q,quiz-1,"[""b""]",group-intro-quiz
69830af3546dee3f96a3b80d,69830af3546dee3f96a3b80d_1777665751003,one_vial_alternating,158866,2026-05-01 20:05:10.961,1,1,ER2MfX1GWzCeeW59njwA,quiz-2,"[""d""]",group-intro-quiz
69830af3546dee3f96a3b80d,69830af3546dee3f96a3b80d_1777665751003,one_vial_alternating,163950,2026-05-01 20:05:18.193,1,1,eMWW9gu6kjP4OiCNzHNW,quiz-3,"[""b""]",group-intro-quiz
69830af3546dee3f96a3b80d,69830af3546dee3f96a3b80d_1777665751003,one_vial_alternating,166967,2026-05-01 20:05:27.038,1,1,R9Kq3SFpoCrHjbGNsHiW,quiz-4,"[""c""]",group-intro-quiz
69830af3546dee3f96a3b80d,69830af3546dee3f96a3b80d_1777665751003,one_vial_alternating,170132,2026-05-01 20:05:27.079,1,1,Eu8qC5VoLj0aMVbz2huS,quiz-5,"[""b""]",group-intro-quiz
69830af3546dee3f96a3b80d,69830af3546dee3f96a3b80d_1777665751003,one_vial_alternating,254851,2026-05-01 20:06:45.967,1,1,3VgdUiVNHsywZJRhTMbw,quiz-8,"[""b""]",group-commands-quiz
69830af3546dee3f96a3b80d,69830af3546dee3f96a3b80d_1777665751003,one_vial_alternating,261683,2026-05-01 20:06:52.799,1,1,3U4g6MsScZ3s3Ei8uCUk,quiz-9,"[""d""]",group-commands-quiz
69830af3546dee3f96a3b80d,69830af3546dee3f96a3b80d_1777665751003,one_vial_alternating,272517,2026-05-01 20:07:03.636,1,0,hVzrVlcp3Ypy5gHwIvuY,quiz-10,"[""a"",""b""]",group-commands-quiz
69830af3546dee3f96a3b80d,69830af3546dee3f96a3b80d_1777665751003,one_vial_alternating,281667,2026-05-01 20:07:12.896,1,1,31rn5WdwVe3xtR65McOJ,quiz-13,"[""b""]",group-commands-quiz
69830af3546dee3f96a3b80d,69830af3546dee3f96a3b80d_1777665751003,one_vial_alternating,288634,2026-05-01 20:07:19.760,1,1,aCaxykhlQG0hghOaIiG9,quiz-11,"[""b""]",group-commands-quiz
69830af3546dee3f96a3b80d,69830af3546dee3f96a3b80d_1777665751003,one_vial_alternating,292917,2026-05-01 20:07:24.035,1,1,6I0FjikwyDDqVrAvZ5lA,quiz-12,"[""c""]",group-commands-quiz
69830af3546dee3f96a3b80d,69830af3546dee3f96a3b80d_1777665751003,one_vial_alternating,321768,2026-05-01 20:07:52.885,1,1,yIRlZKqprjcxhGkw2vcH,quiz-8,"[""b""]",group-commands-quiz
69830af3546dee3f96a3b80d,69830af3546dee3f96a3b80d_1777665751003,one_vial_alternating,329133,2026-05-01 20:08:01.905,1,1,FOOvQEFYoIGDIhmaw5CU,quiz-9,"[""d""]",group-commands-quiz
69830af3546dee3f96a3b80d,69830af3546dee3f96a3b80d_1777665751003,one_vial_alternating,338733,2026-05-01 20:08:09.864,1,1,R5HiG1tFIESZr411t8fg,quiz-10,"[""a"",""b"",""d""]",group-commands-quiz
69830af3546dee3f96a3b80d,69830af3546dee3f96a3b80d_1777665751003,one_vial_alternating,344733,2026-05-01 20:08:16.838,1,1,Vnolm157eTdLOcghgwTX,quiz-13,"[""b""]",group-commands-quiz
69830af3546dee3f96a3b80d,69830af3546dee3f96a3b80d_1777665751003,one_vial_alternating,350200,2026-05-01 20:08:21.315,1,1,I2jnRveaNqoOriB9GfsW,quiz-11,"[""b""]",group-commands-quiz
69830af3546dee3f96a3b80d,69830af3546dee3f96a3b80d_1777665751003,one_vial_alternating,354201,2026-05-01 20:08:25.319,1,1,8RuzmHLkhiR4EYZ1xY8r,quiz-12,"[""c""]",group-commands-quiz
69830af3546dee3f96a3b80d,69830af3546dee3f96a3b80d_1777665751003,one_vial_alternating,378966,2026-05-01 20:08:50.089,1,1,B8WO0d0ExVdICjsRkFwG,quiz-end,"[""c""]",group-ending-quiz
69853e0f17cf080eb88130bc,69853e0f17cf080eb88130bc_1777683780889,one_vial_alternating,202841,2026-05-02 01:06:23.844,1,1,uFQuasIZvj9QZOV0VGU8,quiz-1,"[""b""]",group-intro-quiz
69853e0f17cf080eb88130bc,69853e0f17cf080eb88130bc_1777683780889,one_vial_alternating,210557,2026-05-02 01:06:31.549,1,1,wb7850DbhTLnhJ5kkXrd,quiz-2,"[""d""]",group-intro-quiz
69853e0f17cf080eb88130bc,69853e0f17cf080eb88130bc_1777683780889,one_vial_alternating,225337,2026-05-02 01:06:46.354,1,1,oIAGRk11PgRJTmdIGky8,quiz-3,"[""b""]",group-intro-quiz
69853e0f17cf080eb88130bc,69853e0f17cf080eb88130bc_1777683780889,one_vial_alternating,237049,2026-05-02 01:06:58.040,1,1,72R8N6IIckivVTND8Ph0,quiz-4,"[""c""]",group-intro-quiz
69853e0f17cf080eb88130bc,69853e0f17cf080eb88130bc_1777683780889,one_vial_alternating,249756,2026-05-02 01:07:10.746,1,1,NTqt8ftyU42WsWuwaa2L,quiz-5,"[""b""]",group-intro-quiz
69853e0f17cf080eb88130bc,69853e0f17cf080eb88130bc_1777683780889,one_vial_alternating,496914,2026-05-02 01:11:17.885,1,1,ym2zPvQZBdpY7wFgqgr4,quiz-8,"[""b""]",group-commands-quiz
69853e0f17cf080eb88130bc,69853e0f17cf080eb88130bc_1777683780889,one_vial_alternating,506910,2026-05-02 01:11:27.883,1,1,hZHSKkSfjklSQga4nFaL,quiz-9,"[""d""]",group-commands-quiz
69853e0f17cf080eb88130bc,69853e0f17cf080eb88130bc_1777683780889,one_vial_alternating,526144,2026-05-02 01:11:47.116,1,1,3fzqPOZc7wRwOXiE1Xgq,quiz-10,"[""a"",""b"",""d""]",group-commands-quiz
69853e0f17cf080eb88130bc,69853e0f17cf080eb88130bc_1777683780889,one_vial_alternating,538609,2026-05-02 01:11:59.584,1,1,aZkApwYMQb4NnafshniZ,quiz-13,"[""b""]",group-commands-quiz
69853e0f17cf080eb88130bc,69853e0f17cf080eb88130bc_1777683780889,one_vial_alternating,549734,2026-05-02 01:12:10.710,1,1,F2md8YzocYSb1XBKZMM7,quiz-11,"[""b""]",group-commands-quiz
69853e0f17cf080eb88130bc,69853e0f17cf080eb88130bc_1777683780889,one_vial_alternating,557691,2026-05-02 01:12:18.667,1,1,LXVux8g287anTQmMfRF4,quiz-12,"[""c""]",group-commands-quiz
69853e0f17cf080eb88130bc,69853e0f17cf080eb88130bc_1777683780889,one_vial_alternating,588311,2026-05-02 01:12:49.299,1,1,ETMRIWHwSiFiIdHsbs1K,quiz-end,"[""c""]",group-ending-quiz
698b902e1b07434906796778,698b902e1b07434906796778_1777664603859,one_vial_alternating,143258,2026-05-01 19:45:47.204,1,1,K4Kxk3tlu8v0LUNbSxEP,quiz-1,"[""b""]",group-intro-quiz
698b902e1b07434906796778,698b902e1b07434906796778_1777664603859,one_vial_alternating,148060,2026-05-01 19:45:52.005,1,1,d7zZyBcPiaqbdepD5U8w,quiz-2,"[""d""]",group-intro-quiz
698b902e1b07434906796778,698b902e1b07434906796778_1777664603859,one_vial_alternating,158240,2026-05-01 19:46:02.192,1,1,boeeMEiOirN42trJ7ieE,quiz-3,"[""b""]",group-intro-quiz
698b902e1b07434906796778,698b902e1b07434906796778_1777664603859,one_vial_alternating,166974,2026-05-01 19:46:10.982,1,1,a5Ol7iIhYBylFZmDqe2O,quiz-4,"[""c""]",group-intro-quiz
698b902e1b07434906796778,698b902e1b07434906796778_1777664603859,one_vial_alternating,172739,2026-05-01 19:46:16.684,1,1,tuIqjuwxUEzUo2hzXH2o,quiz-5,"[""b""]",group-intro-quiz
698b902e1b07434906796778,698b902e1b07434906796778_1777664603859,one_vial_alternating,267825,2026-05-01 19:47:51.771,1,1,zgnktMfUwlpdlw9pE4aY,quiz-8,"[""b""]",group-commands-quiz
698b902e1b07434906796778,698b902e1b07434906796778_1777664603859,one_vial_alternating,274924,2026-05-01 19:47:58.871,1,1,0rircu56GVbHRVFS1sGq,quiz-9,"[""d""]",group-commands-quiz
698b902e1b07434906796778,698b902e1b07434906796778_1777664603859,one_vial_alternating,291605,2026-05-01 19:48:15.552,1,0,3d0Vd884jp73Dov48Icz,quiz-10,"[""a"",""b""]",group-commands-quiz
698b902e1b07434906796778,698b902e1b07434906796778_1777664603859,one_vial_alternating,299857,2026-05-01 19:48:23.805,1,0,WJrfury3m85bljNSOHuZ,quiz-13,"[""c""]",group-commands-quiz
698b902e1b07434906796778,698b902e1b07434906796778_1777664603859,one_vial_alternating,303990,2026-05-01 19:48:27.936,1,0,fmiNwr9bDrqRGJShJyoa,quiz-11,"[""c""]",group-commands-quiz
698b902e1b07434906796778,698b902e1b07434906796778_1777664603859,one_vial_alternating,308507,2026-05-01 19:48:32.455,1,1,NlduD6yl0RU6kcDONjW7,quiz-12,"[""c""]",group-commands-quiz
698b902e1b07434906796778,698b902e1b07434906796778_1777664603859,one_vial_alternating,337572,2026-05-01 19:49:01.518,1,1,RovVDE30YMhi5VrOyr9v,quiz-8,"[""b""]",group-commands-quiz
698b902e1b07434906796778,698b902e1b07434906796778_1777664603859,one_vial_alternating,341423,2026-05-01 19:49:05.366,1,1,fpy1Pxq7cpFeDaReIKPR,quiz-9,"[""d""]",group-commands-quiz
698b902e1b07434906796778,698b902e1b07434906796778_1777664603859,one_vial_alternating,356522,2026-05-01 19:49:20.466,1,0,ZmXIIqHgPfZSGq4bxW3Q,quiz-10,"[""a"",""b""]",group-commands-quiz
698b902e1b07434906796778,698b902e1b07434906796778_1777664603859,one_vial_alternating,405906,2026-05-01 19:50:09.851,1,0,FUPPssip7Rxg1KRfn1d1,quiz-13,"[""c""]",group-commands-quiz
698b902e1b07434906796778,698b902e1b07434906796778_1777664603859,one_vial_alternating,409425,2026-05-01 19:50:13.367,1,1,nhmHMRTE52N9LCTBwLsH,quiz-11,"[""b""]",group-commands-quiz
698b902e1b07434906796778,698b902e1b07434906796778_1777664603859,one_vial_alternating,412005,2026-05-01 19:50:15.956,1,1,IchfnJZjQ6w1TPeTnifZ,quiz-12,"[""c""]",group-commands-quiz
698ce4c33956b8cb4fc8f802,698ce4c33956b8cb4fc8f802_1777664720498,one_vial_alternating,173211,2026-05-01 19:48:14.803,1,1,6oI63OPOiVNYrpZTNGjI,quiz-1,"[""b""]",group-intro-quiz
698ce4c33956b8cb4fc8f802,698ce4c33956b8cb4fc8f802_1777664720498,one_vial_alternating,180433,2026-05-01 19:48:22.025,1,1,midCyUYVT7OSlSH6HLCD,quiz-2,"[""d""]",group-intro-quiz
698ce4c33956b8cb4fc8f802,698ce4c33956b8cb4fc8f802_1777664720498,one_vial_alternating,196350,2026-05-01 19:48:37.942,1,1,zYY1dQKF6m5jOtk6wHo8,quiz-3,"[""b""]",group-intro-quiz
698ce4c33956b8cb4fc8f802,698ce4c33956b8cb4fc8f802_1777664720498,one_vial_alternating,201056,2026-05-01 19:48:42.649,1,1,PLIbOg7cIdNjvz0xcSBX,quiz-4,"[""c""]",group-intro-quiz
698ce4c33956b8cb4fc8f802,698ce4c33956b8cb4fc8f802_1777664720498,one_vial_alternating,208520,2026-05-01 19:48:50.111,1,1,L0q0bNSzcZq5ETDUFWWD,quiz-5,"[""b""]",group-intro-quiz
698ce4c33956b8cb4fc8f802,698ce4c33956b8cb4fc8f802_1777664720498,one_vial_alternating,314421,2026-05-01 19:50:36.013,1,1,5Um9OGPV6a5lXVb30VKH,quiz-8,"[""b""]",group-commands-quiz
698ce4c33956b8cb4fc8f802,698ce4c33956b8cb4fc8f802_1777664720498,one_vial_alternating,324222,2026-05-01 19:50:45.815,1,1,xLn2dTMvVGfdosYqBzoE,quiz-9,"[""d""]",group-commands-quiz
698ce4c33956b8cb4fc8f802,698ce4c33956b8cb4fc8f802_1777664720498,one_vial_alternating,355720,2026-05-01 19:51:17.313,1,1,PDLS4o8cvOIpX4S1p8en,quiz-10,"[""a"",""d"",""b""]",group-commands-quiz
698ce4c33956b8cb4fc8f802,698ce4c33956b8cb4fc8f802_1777664720498,one_vial_alternating,367025,2026-05-01 19:51:28.619,1,1,4x9QcM93x4Dc7vjyfsgE,quiz-13,"[""b""]",group-commands-quiz
698ce4c33956b8cb4fc8f802,698ce4c33956b8cb4fc8f802_1777664720498,one_vial_alternating,378222,2026-05-01 19:51:39.815,1,1,dBs5ziLap7xa1OiUrnRv,quiz-11,"[""b""]",group-commands-quiz
698ce4c33956b8cb4fc8f802,698ce4c33956b8cb4fc8f802_1777664720498,one_vial_alternating,382123,2026-05-01 19:51:43.714,1,1,fuLc9ilX1EPlB8FU85D8,quiz-12,"[""c""]",group-commands-quiz
698ce4c33956b8cb4fc8f802,698ce4c33956b8cb4fc8f802_1777664720498,one_vial_alternating,407917,2026-05-01 19:52:09.508,1,1,RfMhzeUGYVyKcQLCPjxh,quiz-end,"[""c""]",group-ending-quiz
698df4cd381d6e5e66a99019,698df4cd381d6e5e66a99019_1777998882767,one_vial_alternating,368585,2026-05-05 16:40:51.386,1,1,L7EYGdYmwUKjEACoKtEv,quiz-1,"[""b""]",group-intro-quiz
698df4cd381d6e5e66a99019,698df4cd381d6e5e66a99019_1777998882767,one_vial_alternating,399002,2026-05-05 16:41:21.800,1,1,i698UWwqt6PT1xvARZG6,quiz-2,"[""d""]",group-intro-quiz
698df4cd381d6e5e66a99019,698df4cd381d6e5e66a99019_1777998882767,one_vial_alternating,427183,2026-05-05 16:41:49.984,1,1,LEUImFViXy330UJEJRvV,quiz-3,"[""b""]",group-intro-quiz
698df4cd381d6e5e66a99019,698df4cd381d6e5e66a99019_1777998882767,one_vial_alternating,452934,2026-05-05 16:42:15.738,1,1,groHgKdQMp3Rzd2l9CGS,quiz-4,"[""c""]",group-intro-quiz
698df4cd381d6e5e66a99019,698df4cd381d6e5e66a99019_1777998882767,one_vial_alternating,474751,2026-05-05 16:42:37.551,1,1,Ir2uQE3AnHZlM18SjnYP,quiz-5,"[""b""]",group-intro-quiz
698df4cd381d6e5e66a99019,698df4cd381d6e5e66a99019_1777998882767,one_vial_alternating,781744,2026-05-05 16:47:44.538,1,1,nr3MK0kkyq2JBPVX5HOh,quiz-8,"[""b""]",group-commands-quiz
698df4cd381d6e5e66a99019,698df4cd381d6e5e66a99019_1777998882767,one_vial_alternating,805696,2026-05-05 16:48:08.496,1,1,zzYnfzHm2JHsqVgOhuNU,quiz-9,"[""d""]",group-commands-quiz
698df4cd381d6e5e66a99019,698df4cd381d6e5e66a99019_1777998882767,one_vial_alternating,850376,2026-05-05 16:48:53.171,1,1,xgA3mZ7LZhKyVADchFI0,quiz-10,"[""a"",""b"",""d""]",group-commands-quiz
698df4cd381d6e5e66a99019,698df4cd381d6e5e66a99019_1777998882767,one_vial_alternating,884986,2026-05-05 16:49:27.783,1,1,IF3A42D5ltd5g8wumKiN,quiz-13,"[""b""]",group-commands-quiz
698df4cd381d6e5e66a99019,698df4cd381d6e5e66a99019_1777998882767,one_vial_alternating,919700,2026-05-05 16:50:02.497,1,1,95zQTfguCKDVkLsSIQ4b,quiz-11,"[""b""]",group-commands-quiz
698df4cd381d6e5e66a99019,698df4cd381d6e5e66a99019_1777998882767,one_vial_alternating,947436,2026-05-05 16:50:30.237,1,1,l6SmRYLjRkAqWbxhzRXp,quiz-12,"[""c""]",group-commands-quiz
698df4cd381d6e5e66a99019,698df4cd381d6e5e66a99019_1777998882767,one_vial_alternating,972248,2026-05-05 16:50:55.045,1,1,8l0fQmrJMBHffhxpGIDS,quiz-end,"[""c""]",group-ending-quiz
698e09e42da95523bccd20bf,698e09e42da95523bccd20bf_1777664902076,one_vial_alternating,304285,2026-05-01 19:53:26.136,1,1,ed4u7VfVIHT1JS7KbLmA,quiz-1,"[""b""]",group-intro-quiz
698e09e42da95523bccd20bf,698e09e42da95523bccd20bf_1777664902076,one_vial_alternating,314701,2026-05-01 19:53:36.552,1,1,RgrWW6P59U6BViNKto0h,quiz-2,"[""d""]",group-intro-quiz
698e09e42da95523bccd20bf,698e09e42da95523bccd20bf_1777664902076,one_vial_alternating,322309,2026-05-01 19:53:44.185,1,1,mz7KxAaeo57uo8peRLdU,quiz-3,"[""b""]",group-intro-quiz
698e09e42da95523bccd20bf,698e09e42da95523bccd20bf_1777664902076,one_vial_alternating,333893,2026-05-01 19:53:55.746,1,1,Tno1KAp7qlVl5OGVlQZT,quiz-4,"[""c""]",group-intro-quiz
698e09e42da95523bccd20bf,698e09e42da95523bccd20bf_1777664902076,one_vial_alternating,353469,2026-05-01 19:54:15.326,1,1,cK8EKoOIeRGV8ExiJuDz,quiz-5,"[""b""]",group-intro-quiz
698e09e42da95523bccd20bf,698e09e42da95523bccd20bf_1777664902076,one_vial_alternating,688406,2026-05-01 19:59:50.259,1,1,Dx3KRL0lgV9aML14I9JR,quiz-8,"[""b""]",group-commands-quiz
698e09e42da95523bccd20bf,698e09e42da95523bccd20bf_1777664902076,one_vial_alternating,731205,2026-05-01 20:00:33.057,1,1,GOu78pQPKPPvNeLtMlJo,quiz-8,"[""b""]",group-commands-quiz
698e09e42da95523bccd20bf,698e09e42da95523bccd20bf_1777664902076,one_vial_alternating,734710,2026-05-01 20:00:36.563,1,1,bWCRlGWlwtjUtzYyBUi1,quiz-9,"[""d""]",group-commands-quiz
698e09e42da95523bccd20bf,698e09e42da95523bccd20bf_1777664902076,one_vial_alternating,756534,2026-05-01 20:00:59.050,1,1,xN2nGlZKzDHqOvxYR1la,quiz-10,"[""a"",""b"",""d""]",group-commands-quiz
698e09e42da95523bccd20bf,698e09e42da95523bccd20bf_1777664902076,one_vial_alternating,765087,2026-05-01 20:01:06.941,1,1,l3NDcr5OwI9DSoy3ELQb,quiz-13,"[""b""]",group-commands-quiz
698e09e42da95523bccd20bf,698e09e42da95523bccd20bf_1777664902076,one_vial_alternating,770310,2026-05-01 20:01:12.174,1,1,vltRvdz0uZ6iSQza0V9X,quiz-11,"[""b""]",group-commands-quiz
698e09e42da95523bccd20bf,698e09e42da95523bccd20bf_1777664902076,one_vial_alternating,777638,2026-05-01 20:01:19.508,1,1,5UKNYckvKfFT56Ei8bsC,quiz-12,"[""c""]",group-commands-quiz
698e09e42da95523bccd20bf,698e09e42da95523bccd20bf_1777664902076,one_vial_alternating,882639,2026-05-01 20:03:04.492,1,1,J60zVHiwFFqdnJTB2JpJ,quiz-end,"[""c""]",group-ending-quiz
6992279af3b7e0d972889b67,6992279af3b7e0d972889b67_1777665008441,one_vial_alternating,193806,2026-05-01 19:53:26.220,1,1,TweG6mF88558TZzesqj6,quiz-1,"[""b""]",group-intro-quiz
6992279af3b7e0d972889b67,6992279af3b7e0d972889b67_1777665008441,one_vial_alternating,202219,2026-05-01 19:53:34.634,1,1,XUnqJOLEqCw3IoRL8zlm,quiz-2,"[""d""]",group-intro-quiz
6992279af3b7e0d972889b67,6992279af3b7e0d972889b67_1777665008441,one_vial_alternating,209616,2026-05-01 19:53:42.031,1,1,UpIbXMElQW0ZszMQUwoS,quiz-3,"[""b""]",group-intro-quiz
6992279af3b7e0d972889b67,6992279af3b7e0d972889b67_1777665008441,one_vial_alternating,213954,2026-05-01 19:53:46.368,1,1,5g9Xl7mRivOdCU0IkMjs,quiz-4,"[""c""]",group-intro-quiz
6992279af3b7e0d972889b67,6992279af3b7e0d972889b67_1777665008441,one_vial_alternating,217950,2026-05-01 19:53:50.365,1,1,IRiTU5kpm51poSE5VWkt,quiz-5,"[""b""]",group-intro-quiz
6992279af3b7e0d972889b67,6992279af3b7e0d972889b67_1777665008441,one_vial_alternating,360615,2026-05-01 19:56:13.033,1,1,NLl2vjFkSVIT5Jr7HQ26,quiz-8,"[""b""]",group-commands-quiz
6992279af3b7e0d972889b67,6992279af3b7e0d972889b67_1777665008441,one_vial_alternating,365263,2026-05-01 19:56:17.683,1,1,rXNlGH9dxYbjCNCOlSrd,quiz-9,"[""d""]",group-commands-quiz
6992279af3b7e0d972889b67,6992279af3b7e0d972889b67_1777665008441,one_vial_alternating,431694,2026-05-01 19:57:25.088,1,1,iBjzGZE17xmVOO5kWU4J,quiz-10,"[""a"",""b"",""d""]",group-commands-quiz
6992279af3b7e0d972889b67,6992279af3b7e0d972889b67_1777665008441,one_vial_alternating,442256,2026-05-01 19:57:34.676,1,1,vDx8VooVCixyv4fmnsHR,quiz-13,"[""b""]",group-commands-quiz
6992279af3b7e0d972889b67,6992279af3b7e0d972889b67_1777665008441,one_vial_alternating,451834,2026-05-01 19:57:44.253,1,1,hoj4CEFT2DOPQWYo4adD,quiz-11,"[""b""]",group-commands-quiz
6992279af3b7e0d972889b67,6992279af3b7e0d972889b67_1777665008441,one_vial_alternating,459740,2026-05-01 19:57:52.160,1,1,Hue2eOBSaEob3K6n8Q6T,quiz-12,"[""c""]",group-commands-quiz
6992279af3b7e0d972889b67,6992279af3b7e0d972889b67_1777665008441,one_vial_alternating,490947,2026-05-01 19:58:23.367,1,1,WZfSUaiRggQRKe71KIA8,quiz-end,"[""c""]",group-ending-quiz
69a7ec761823ea565f6e723d,69a7ec761823ea565f6e723d_1777665315752,one_vial_alternating,459627,2026-05-01 20:02:57.565,1,1,XGF60WFcM1q6QVRk5FK1,quiz-1,"[""b""]",group-intro-quiz
69a7ec761823ea565f6e723d,69a7ec761823ea565f6e723d_1777665315752,one_vial_alternating,477562,2026-05-01 20:03:15.500,1,1,sBVV5J1DIOmXpOctK0pz,quiz-2,"[""d""]",group-intro-quiz
69a7ec761823ea565f6e723d,69a7ec761823ea565f6e723d_1777665315752,one_vial_alternating,494386,2026-05-01 20:03:32.324,1,1,nXmEI6LHQZwRrr44P87m,quiz-3,"[""b""]",group-intro-quiz
69a7ec761823ea565f6e723d,69a7ec761823ea565f6e723d_1777665315752,one_vial_alternating,517481,2026-05-01 20:03:55.422,1,0,htMUt9NtdATLHQUIKB9o,quiz-4,"[""b""]",group-intro-quiz
69a7ec761823ea565f6e723d,69a7ec761823ea565f6e723d_1777665315752,one_vial_alternating,562585,2026-05-01 20:04:40.525,1,1,6X2KGxGcdHtxkLQC3S82,quiz-5,"[""b""]",group-intro-quiz
69a7ec761823ea565f6e723d,69a7ec761823ea565f6e723d_1777665315752,one_vial_alternating,631160,2026-05-01 20:05:49.099,1,1,9w1649INk8bptpYyoczW,quiz-1,"[""b""]",group-intro-quiz
69a7ec761823ea565f6e723d,69a7ec761823ea565f6e723d_1777665315752,one_vial_alternating,657080,2026-05-01 20:06:15.019,1,0,9Fr9n3IHQ95LXIkXfJl1,quiz-2,"[""a""]",group-intro-quiz
69a7ec761823ea565f6e723d,69a7ec761823ea565f6e723d_1777665315752,one_vial_alternating,685568,2026-05-01 20:06:43.506,1,0,HipmxYyBfBT50P4tuyV5,quiz-3,"[""a""]",group-intro-quiz
69a7ec761823ea565f6e723d,69a7ec761823ea565f6e723d_1777665315752,one_vial_alternating,697839,2026-05-01 20:06:55.792,1,1,8kBTUzYUKwxgUdyCMSDy,quiz-4,"[""c""]",group-intro-quiz
69a7ec761823ea565f6e723d,69a7ec761823ea565f6e723d_1777665315752,one_vial_alternating,714975,2026-05-01 20:07:12.917,1,1,tZA4MbVMuIxqHMANfIZt,quiz-5,"[""b""]",group-intro-quiz
69c0095c37898493ec7e5a89,69c0095c37898493ec7e5a89_1777665086531,one_vial_alternating,137886,2026-05-01 19:53:44.838,1,1,xjwV9t2GxXaS83EIHYuB,quiz-1,"[""b""]",group-intro-quiz
69c0095c37898493ec7e5a89,69c0095c37898493ec7e5a89_1777665086531,one_vial_alternating,143284,2026-05-01 19:53:50.254,1,1,MZB4WJcUwKC8L09Rjay0,quiz-2,"[""d""]",group-intro-quiz
69c0095c37898493ec7e5a89,69c0095c37898493ec7e5a89_1777665086531,one_vial_alternating,152003,2026-05-01 19:53:58.959,1,1,PwZMfl6NjSNusVC4OfmN,quiz-3,"[""b""]",group-intro-quiz
69c0095c37898493ec7e5a89,69c0095c37898493ec7e5a89_1777665086531,one_vial_alternating,154670,2026-05-01 19:54:01.624,1,1,X7HO0Sb5puxMTqq6vZBv,quiz-4,"[""c""]",group-intro-quiz
69c0095c37898493ec7e5a89,69c0095c37898493ec7e5a89_1777665086531,one_vial_alternating,159865,2026-05-01 19:54:06.819,1,1,KGgEecsBBW3X8QrEF8lq,quiz-5,"[""b""]",group-intro-quiz
69c0095c37898493ec7e5a89,69c0095c37898493ec7e5a89_1777665086531,one_vial_alternating,271315,2026-05-01 19:55:58.269,1,1,kV4neLg5BF7uopPdiDKh,quiz-8,"[""b""]",group-commands-quiz
69c0095c37898493ec7e5a89,69c0095c37898493ec7e5a89_1777665086531,one_vial_alternating,276099,2026-05-01 19:56:03.055,1,1,eA7q8NaJ98Wboz1NMlZj,quiz-9,"[""d""]",group-commands-quiz
69c0095c37898493ec7e5a89,69c0095c37898493ec7e5a89_1777665086531,one_vial_alternating,290942,2026-05-01 19:56:17.896,1,0,fAP8qVZTo8Otc4jEmixa,quiz-10,"[""a"",""b""]",group-commands-quiz
69c0095c37898493ec7e5a89,69c0095c37898493ec7e5a89_1777665086531,one_vial_alternating,305678,2026-05-01 19:56:32.631,1,0,RG8rmK8T3j4rooyZ9HRE,quiz-13,"[""c""]",group-commands-quiz
69c0095c37898493ec7e5a89,69c0095c37898493ec7e5a89_1777665086531,one_vial_alternating,312818,2026-05-01 19:56:39.771,1,1,W8H5E8FCrgHqbcERJGYf,quiz-11,"[""b""]",group-commands-quiz
69c0095c37898493ec7e5a89,69c0095c37898493ec7e5a89_1777665086531,one_vial_alternating,316644,2026-05-01 19:56:43.596,1,1,rdFpzF9PINTwU82V5b6Q,quiz-12,"[""c""]",group-commands-quiz
69c0095c37898493ec7e5a89,69c0095c37898493ec7e5a89_1777665086531,one_vial_alternating,338074,2026-05-01 19:57:05.027,1,1,RAtbPR8qjZZ3KIVIvf8w,quiz-8,"[""b""]",group-commands-quiz
69c0095c37898493ec7e5a89,69c0095c37898493ec7e5a89_1777665086531,one_vial_alternating,339997,2026-05-01 19:57:06.948,1,1,4ZPiV6k37HGvEoUia2bj,quiz-9,"[""d""]",group-commands-quiz
69c0095c37898493ec7e5a89,69c0095c37898493ec7e5a89_1777665086531,one_vial_alternating,344839,2026-05-01 19:57:11.791,1,0,WfFewF1G0oe5djVmKQo7,quiz-10,"[""a"",""b""]",group-commands-quiz
69c0095c37898493ec7e5a89,69c0095c37898493ec7e5a89_1777665086531,one_vial_alternating,358381,2026-05-01 19:57:25.333,1,0,cwBOPEYaYJOaMdCm99fW,quiz-13,"[""c""]",group-commands-quiz
69c0095c37898493ec7e5a89,69c0095c37898493ec7e5a89_1777665086531,one_vial_alternating,366801,2026-05-01 19:57:33.753,1,1,c38M6d0kmlwgRWWuS9iy,quiz-11,"[""b""]",group-commands-quiz
69c0095c37898493ec7e5a89,69c0095c37898493ec7e5a89_1777665086531,one_vial_alternating,455876,2026-05-01 19:59:02.827,1,1,bjDCLQrj4PkZWsq0xfC5,quiz-8,"[""b""]",group-commands-quiz
69c0095c37898493ec7e5a89,69c0095c37898493ec7e5a89_1777665086531,one_vial_alternating,458804,2026-05-01 19:59:05.756,1,1,PVpNOfE3MxJuJn3aL3ZW,quiz-9,"[""d""]",group-commands-quiz
69c0095c37898493ec7e5a89,69c0095c37898493ec7e5a89_1777665086531,one_vial_alternating,464126,2026-05-01 19:59:11.080,1,1,fgfMicDwXszKnu6jYyy6,quiz-10,"[""d"",""b"",""a""]",group-commands-quiz
69c0095c37898493ec7e5a89,69c0095c37898493ec7e5a89_1777665086531,one_vial_alternating,472764,2026-05-01 19:59:19.715,1,0,1alb98iuGS91SlBIxriK,quiz-13,"[""c""]",group-commands-quiz
69c0095c37898493ec7e5a89,69c0095c37898493ec7e5a89_1777665086531,one_vial_alternating,475252,2026-05-01 19:59:22.204,1,1,iwxpdLQEaoxZSrMYU0p4,quiz-11,"[""b""]",group-commands-quiz
69c0095c37898493ec7e5a89,69c0095c37898493ec7e5a89_1777665086531,one_vial_alternating,477952,2026-05-01 19:59:24.907,1,1,RM98KpLMqEyOKu9LVcGH,quiz-12,"[""c""]",group-commands-quiz
69c9bf858933c0f904fdc224,69c9bf858933c0f904fdc224_1777747145784,one_vial_alternating,130636,2026-05-02 18:41:16.486,1,1,ACRDaOixBKNJwlfnBJFD,quiz-1,"[""b""]",group-intro-quiz
69c9bf858933c0f904fdc224,69c9bf858933c0f904fdc224_1777747145784,one_vial_alternating,143346,2026-05-02 18:41:29.202,1,1,7IBkqOy5TEldCsDyl46Q,quiz-2,"[""d""]",group-intro-quiz
69c9bf858933c0f904fdc224,69c9bf858933c0f904fdc224_1777747145784,one_vial_alternating,150212,2026-05-02 18:41:36.058,1,1,NQm894hlGEUPNE29qmtv,quiz-3,"[""b""]",group-intro-quiz
69c9bf858933c0f904fdc224,69c9bf858933c0f904fdc224_1777747145784,one_vial_alternating,155865,2026-05-02 18:41:41.715,1,1,MqtPzCBxMopwmoiGELBS,quiz-4,"[""c""]",group-intro-quiz
69c9bf858933c0f904fdc224,69c9bf858933c0f904fdc224_1777747145784,one_vial_alternating,162367,2026-05-02 18:41:48.221,1,1,NU07llCgp5bOevbTTHcA,quiz-5,"[""b""]",group-intro-quiz
69c9bf858933c0f904fdc224,69c9bf858933c0f904fdc224_1777747145784,one_vial_alternating,276063,2026-05-02 18:43:41.911,1,0,FHBYlLwcumEH6hCbFMLQ,quiz-8,"[""d""]",group-commands-quiz
69c9bf858933c0f904fdc224,69c9bf858933c0f904fdc224_1777747145784,one_vial_alternating,287393,2026-05-02 18:43:53.241,1,1,QU7VRi9ffOXIaIgN46su,quiz-9,"[""d""]",group-commands-quiz
69c9bf858933c0f904fdc224,69c9bf858933c0f904fdc224_1777747145784,one_vial_alternating,310683,2026-05-02 18:44:16.529,1,0,0XHMDBe5z8DUA9tTHa9q,quiz-10,"[""a"",""c"",""d"",""e""]",group-commands-quiz
69c9bf858933c0f904fdc224,69c9bf858933c0f904fdc224_1777747145784,one_vial_alternating,325945,2026-05-02 18:44:31.796,1,1,EYLPaqmQHrYFSyaQ9jfN,quiz-13,"[""b""]",group-commands-quiz
69c9bf858933c0f904fdc224,69c9bf858933c0f904fdc224_1777747145784,one_vial_alternating,333218,2026-05-02 18:44:39.073,1,1,MKfW4Ai6uweXxAIbvcr2,quiz-11,"[""b""]",group-commands-quiz
69c9bf858933c0f904fdc224,69c9bf858933c0f904fdc224_1777747145784,one_vial_alternating,337145,2026-05-02 18:44:42.999,1,0,88rCZ7OYuVyiwnsrfkVp,quiz-12,"[""b""]",group-commands-quiz
69c9bf858933c0f904fdc224,69c9bf858933c0f904fdc224_1777747145784,one_vial_alternating,370139,2026-05-02 18:45:15.991,1,1,oGdJLxkBXIGEHvjYghwt,quiz-8,"[""b""]",group-commands-quiz
69c9bf858933c0f904fdc224,69c9bf858933c0f904fdc224_1777747145784,one_vial_alternating,376939,2026-05-02 18:45:22.796,1,1,EKQ6mVHaqg2UckyrxIjC,quiz-9,"[""d""]",group-commands-quiz
69c9bf858933c0f904fdc224,69c9bf858933c0f904fdc224_1777747145784,one_vial_alternating,399998,2026-05-02 18:45:45.842,1,0,v53YNKDgcLwynzcpaoOw,quiz-10,"[""c"",""e""]",group-commands-quiz
69c9bf858933c0f904fdc224,69c9bf858933c0f904fdc224_1777747145784,one_vial_alternating,415139,2026-05-02 18:46:00.985,1,1,MiI18AdkJSziiGTIe3RH,quiz-13,"[""b""]",group-commands-quiz
69c9bf858933c0f904fdc224,69c9bf858933c0f904fdc224_1777747145784,one_vial_alternating,422766,2026-05-02 18:46:08.609,1,0,n7baOobm8ByCmFFFHZx4,quiz-11,"[""c""]",group-commands-quiz
69c9bf858933c0f904fdc224,69c9bf858933c0f904fdc224_1777747145784,one_vial_alternating,432561,2026-05-02 18:46:18.411,1,1,8C74SsMWhFM8iOKubYwy,quiz-12,"[""c""]",group-commands-quiz
69d8b313ae434f632a305c9b,69d8b313ae434f632a305c9b_1777666920688,one_vial_alternating,324495,2026-05-01 20:27:24.149,1,1,Oi50gPjkYv7OnHnoT6Ev,quiz-1,"[""b""]",group-intro-quiz
69d8b313ae434f632a305c9b,69d8b313ae434f632a305c9b_1777666920688,one_vial_alternating,344208,2026-05-01 20:27:43.824,1,1,SFe1bT6bOPkRUo5d3grV,quiz-2,"[""d""]",group-intro-quiz
69d8b313ae434f632a305c9b,69d8b313ae434f632a305c9b_1777666920688,one_vial_alternating,365707,2026-05-01 20:28:05.324,1,1,lpMMwBOG1RVNvzvN6lU2,quiz-3,"[""b""]",group-intro-quiz
69d8b313ae434f632a305c9b,69d8b313ae434f632a305c9b_1777666920688,one_vial_alternating,386371,2026-05-01 20:28:25.981,1,1,MHiXfieqi6PdlygyLf30,quiz-4,"[""c""]",group-intro-quiz
69d8b313ae434f632a305c9b,69d8b313ae434f632a305c9b_1777666920688,one_vial_alternating,412574,2026-05-01 20:28:52.186,1,1,cQoucnK26bY2rvNtIO9k,quiz-5,"[""b""]",group-intro-quiz
69d8b313ae434f632a305c9b,69d8b313ae434f632a305c9b_1777666920688,one_vial_alternating,557160,2026-05-01 20:31:16.757,1,1,KcwvjzZMAEe14x8jB4m8,quiz-8,"[""b""]",group-commands-quiz
69d8b313ae434f632a305c9b,69d8b313ae434f632a305c9b_1777666920688,one_vial_alternating,577557,2026-05-01 20:31:37.172,1,1,QS4GbmClOL9dPRq2LlC1,quiz-9,"[""d""]",group-commands-quiz
69d8b313ae434f632a305c9b,69d8b313ae434f632a305c9b_1777666920688,one_vial_alternating,603409,2026-05-01 20:32:03.018,1,1,3FLzDKn9amNdCRCcyX5N,quiz-10,"[""a"",""b"",""d""]",group-commands-quiz
69d8b313ae434f632a305c9b,69d8b313ae434f632a305c9b_1777666920688,one_vial_alternating,625875,2026-05-01 20:32:25.499,1,1,BNmqAys6ho8AjbiG5exQ,quiz-13,"[""b""]",group-commands-quiz
69d8b313ae434f632a305c9b,69d8b313ae434f632a305c9b_1777666920688,one_vial_alternating,645926,2026-05-01 20:32:45.562,1,1,rSpq4UoAJzpMoogGUtBN,quiz-11,"[""b""]",group-commands-quiz
69d8b313ae434f632a305c9b,69d8b313ae434f632a305c9b_1777666920688,one_vial_alternating,666479,2026-05-01 20:33:06.081,1,1,f29f3qfp6SGPM3hLoXoQ,quiz-12,"[""c""]",group-commands-quiz
69d8b313ae434f632a305c9b,69d8b313ae434f632a305c9b_1777666920688,one_vial_alternating,704936,2026-05-01 20:33:44.551,1,1,jOFiZ0o1ztmANgJmD9nL,quiz-end,"[""c""]",group-ending-quiz
69d8c0b57598af78eb63225f,69d8c0b57598af78eb63225f_1777672040341,one_vial_alternating,206412,2026-05-01 21:50:47.245,1,1,VRFUaMSO1VACDfb0v5qZ,quiz-1,"[""b""]",group-intro-quiz
69d8c0b57598af78eb63225f,69d8c0b57598af78eb63225f_1777672040341,one_vial_alternating,222359,2026-05-01 21:51:03.200,1,1,yhf72Vd1i8FMy6b6ss7R,quiz-2,"[""d""]",group-intro-quiz
69d8c0b57598af78eb63225f,69d8c0b57598af78eb63225f_1777672040341,one_vial_alternating,231437,2026-05-01 21:51:12.261,1,1,jvufiedMSUa6U7gWpU9r,quiz-3,"[""b""]",group-intro-quiz
69d8c0b57598af78eb63225f,69d8c0b57598af78eb63225f_1777672040341,one_vial_alternating,240050,2026-05-01 21:51:20.878,1,1,RvDIv0kkirWHnapCR9Z3,quiz-4,"[""c""]",group-intro-quiz
69d8c0b57598af78eb63225f,69d8c0b57598af78eb63225f_1777672040341,one_vial_alternating,251219,2026-05-01 21:51:32.043,1,1,BcYtdV47VTwkcBvH4jvJ,quiz-5,"[""b""]",group-intro-quiz
69d8c0b57598af78eb63225f,69d8c0b57598af78eb63225f_1777672040341,one_vial_alternating,540690,2026-05-01 21:56:21.511,1,1,mtZQQIvCBQI90oH5snJM,quiz-8,"[""b""]",group-commands-quiz
69d8c0b57598af78eb63225f,69d8c0b57598af78eb63225f_1777672040341,one_vial_alternating,584531,2026-05-01 21:57:05.349,1,1,UmSxgyTXFTjSqDEgQ3ZU,quiz-9,"[""d""]",group-commands-quiz
69d8c0b57598af78eb63225f,69d8c0b57598af78eb63225f_1777672040341,one_vial_alternating,617065,2026-05-01 21:57:37.893,1,1,3hcVQEJWN5qVCWMWm3HI,quiz-10,"[""a"",""b"",""d""]",group-commands-quiz
69d8c0b57598af78eb63225f,69d8c0b57598af78eb63225f_1777672040341,one_vial_alternating,642144,2026-05-01 21:58:02.967,1,0,KOGWXeAghn04y4QoM9d7,quiz-13,"[""a""]",group-commands-quiz
69d8c0b57598af78eb63225f,69d8c0b57598af78eb63225f_1777672040341,one_vial_alternating,649532,2026-05-01 21:58:10.355,1,1,z9NAwE0jCbOihd3uS3pi,quiz-11,"[""b""]",group-commands-quiz
69d8c0b57598af78eb63225f,69d8c0b57598af78eb63225f_1777672040341,one_vial_alternating,654100,2026-05-01 21:58:14.919,1,1,TdBWUS2MhADM5DFxK4hs,quiz-12,"[""c""]",group-commands-quiz
69d8c0b57598af78eb63225f,69d8c0b57598af78eb63225f_1777672040341,one_vial_alternating,755670,2026-05-01 21:59:56.491,1,1,sIG7wMk0dM0G4i4hOfp3,quiz-8,"[""b""]",group-commands-quiz
69d8c0b57598af78eb63225f,69d8c0b57598af78eb63225f_1777672040341,one_vial_alternating,765568,2026-05-01 22:00:06.387,1,1,NDxPTFAkjRw9VfuKHAlF,quiz-9,"[""d""]",group-commands-quiz
69d8c0b57598af78eb63225f,69d8c0b57598af78eb63225f_1777672040341,one_vial_alternating,777018,2026-05-01 22:00:17.847,1,1,AesKcOTGzMNocFmzJd2M,quiz-10,"[""a"",""b"",""d""]",group-commands-quiz
69d8c0b57598af78eb63225f,69d8c0b57598af78eb63225f_1777672040341,one_vial_alternating,802082,2026-05-01 22:00:42.900,1,1,jO8ezhyFQOcQoRWfRnq8,quiz-13,"[""b""]",group-commands-quiz
69d8c0b57598af78eb63225f,69d8c0b57598af78eb63225f_1777672040341,one_vial_alternating,815588,2026-05-01 22:00:56.410,1,1,SMyNSf0SQRyIhdMgQxXW,quiz-11,"[""b""]",group-commands-quiz
69d8c0b57598af78eb63225f,69d8c0b57598af78eb63225f_1777672040341,one_vial_alternating,820196,2026-05-01 22:01:01.013,1,1,2z7C1cjt1l4FYo7TCScL,quiz-12,"[""c""]",group-commands-quiz
69d8c0b57598af78eb63225f,69d8c0b57598af78eb63225f_1777672040341,one_vial_alternating,897840,2026-05-01 22:02:18.657,1,1,4HfoVUyIzfNlRj85H28X,quiz-end,"[""c""]",group-ending-quiz
69dde72ce1c8108a83afd8f5,69dde72ce1c8108a83afd8f5_1777638308624,one_vial_alternating,561588,2026-05-01 21:04:21.222,1,1,3ozOnT0gytIo89tnf0tq,quiz-1,"[""b""]",group-intro-quiz
69dde72ce1c8108a83afd8f5,69dde72ce1c8108a83afd8f5_1777638308624,one_vial_alternating,581109,2026-05-01 21:04:40.777,1,1,bvLAiZaq3O7TZCCRfzHu,quiz-2,"[""d""]",group-intro-quiz
69dde72ce1c8108a83afd8f5,69dde72ce1c8108a83afd8f5_1777638308624,one_vial_alternating,598932,2026-05-01 21:04:58.557,1,1,NBEZHJJtEXMi8tX38WE1,quiz-3,"[""b""]",group-intro-quiz
69dde72ce1c8108a83afd8f5,69dde72ce1c8108a83afd8f5_1777638308624,one_vial_alternating,624204,2026-05-01 21:05:23.815,1,1,fzOId4wpBwhRn0B2H0g4,quiz-4,"[""c""]",group-intro-quiz
69dde72ce1c8108a83afd8f5,69dde72ce1c8108a83afd8f5_1777638308624,one_vial_alternating,636484,2026-05-01 21:05:36.100,1,1,iW1aCcQPKTzRUiLlzjOp,quiz-5,"[""b""]",group-intro-quiz
69dde72ce1c8108a83afd8f5,69dde72ce1c8108a83afd8f5_1777638308624,one_vial_alternating,973202,2026-05-01 21:11:12.820,1,1,1lYXfQL0nVDIPN1Ki6iX,quiz-8,"[""b""]",group-commands-quiz
69dde72ce1c8108a83afd8f5,69dde72ce1c8108a83afd8f5_1777638308624,one_vial_alternating,985298,2026-05-01 21:11:24.922,1,1,Fvu0mnHzSQDRVDQKxduc,quiz-9,"[""d""]",group-commands-quiz
69dde72ce1c8108a83afd8f5,69dde72ce1c8108a83afd8f5_1777638308624,one_vial_alternating,1022890,2026-05-01 21:12:02.500,1,1,oK3lve85eml0l6qvUZSY,quiz-10,"[""a"",""b"",""d""]",group-commands-quiz
69dde72ce1c8108a83afd8f5,69dde72ce1c8108a83afd8f5_1777638308624,one_vial_alternating,1045545,2026-05-01 21:12:25.160,1,1,3TQYe7EahKWdoNYL42Fy,quiz-13,"[""b""]",group-commands-quiz
69dde72ce1c8108a83afd8f5,69dde72ce1c8108a83afd8f5_1777638308624,one_vial_alternating,1087993,2026-05-01 21:13:07.605,1,1,fhiQAIDJlIRmFoXaOJx5,quiz-11,"[""b""]",group-commands-quiz
69dde72ce1c8108a83afd8f5,69dde72ce1c8108a83afd8f5_1777638308624,one_vial_alternating,1102578,2026-05-01 21:13:22.181,1,1,QswvEV9IQLl3pAhzgMcA,quiz-12,"[""c""]",group-commands-quiz
69dde72ce1c8108a83afd8f5,69dde72ce1c8108a83afd8f5_1777638308624,one_vial_alternating,1194848,2026-05-01 21:14:54.465,1,1,QQXp4kFsH82yvOesgMKr,quiz-end,"[""c""]",group-ending-quiz
69de403d1d0ec7a7e1390e9e,69de403d1d0ec7a7e1390e9e_1777670393020,one_vial_alternating,278029,2026-05-01 21:24:32.263,1,1,cGaTrI5vGILaX37xXkF7,quiz-1,"[""b""]",group-intro-quiz
69de403d1d0ec7a7e1390e9e,69de403d1d0ec7a7e1390e9e_1777670393020,one_vial_alternating,289992,2026-05-01 21:24:44.202,1,1,cen0TVK6XhH6vLerdhWj,quiz-2,"[""d""]",group-intro-quiz
69de403d1d0ec7a7e1390e9e,69de403d1d0ec7a7e1390e9e_1777670393020,one_vial_alternating,308152,2026-05-01 21:25:02.363,1,1,GOqLijeCgKCIKJXndzLe,quiz-3,"[""b""]",group-intro-quiz
69de403d1d0ec7a7e1390e9e,69de403d1d0ec7a7e1390e9e_1777670393020,one_vial_alternating,320669,2026-05-01 21:25:14.892,1,1,AhHXdzpvsWOvTaUJj3Hv,quiz-4,"[""c""]",group-intro-quiz
69de403d1d0ec7a7e1390e9e,69de403d1d0ec7a7e1390e9e_1777670393020,one_vial_alternating,342971,2026-05-01 21:25:37.192,1,0,GU2bZN0cmNOHrwDIAQUb,quiz-5,"[""a""]",group-intro-quiz
69de403d1d0ec7a7e1390e9e,69de403d1d0ec7a7e1390e9e_1777670393020,one_vial_alternating,438886,2026-05-01 21:27:13.701,1,1,m2JCtxcFQblp2nGx2fXU,quiz-1,"[""b""]",group-intro-quiz
69de403d1d0ec7a7e1390e9e,69de403d1d0ec7a7e1390e9e_1777670393020,one_vial_alternating,491731,2026-05-01 21:28:05.939,1,1,pdQagBhyxQkYRq492rlc,quiz-2,"[""d""]",group-intro-quiz
69de403d1d0ec7a7e1390e9e,69de403d1d0ec7a7e1390e9e_1777670393020,one_vial_alternating,502916,2026-05-01 21:28:17.126,1,1,72rlbaEBGiuLfXbb1mIc,quiz-3,"[""b""]",group-intro-quiz
69de403d1d0ec7a7e1390e9e,69de403d1d0ec7a7e1390e9e_1777670393020,one_vial_alternating,516140,2026-05-01 21:28:30.359,1,1,dXGOF8sceIwbFgZQQ5rq,quiz-4,"[""c""]",group-intro-quiz
69de403d1d0ec7a7e1390e9e,69de403d1d0ec7a7e1390e9e_1777670393020,one_vial_alternating,533137,2026-05-01 21:28:47.425,1,1,AZ6BxWRP5BZADBGswi40,quiz-5,"[""b""]",group-intro-quiz
69de403d1d0ec7a7e1390e9e,69de403d1d0ec7a7e1390e9e_1777670393020,one_vial_alternating,626592,2026-05-01 21:30:20.797,1,1,m7pqarh5g5EdOcwBawSP,quiz-8,"[""b""]",group-commands-quiz
69de403d1d0ec7a7e1390e9e,69de403d1d0ec7a7e1390e9e_1777670393020,one_vial_alternating,643679,2026-05-01 21:30:37.882,1,1,WfI4Fq7OjN7bTAJMIyXB,quiz-9,"[""d""]",group-commands-quiz
69de403d1d0ec7a7e1390e9e,69de403d1d0ec7a7e1390e9e_1777670393020,one_vial_alternating,703019,2026-05-01 21:31:37.472,1,0,dqESX32pWJDNwXzLh5de,quiz-10,"[""e"",""b"",""d""]",group-commands-quiz
69de403d1d0ec7a7e1390e9e,69de403d1d0ec7a7e1390e9e_1777670393020,one_vial_alternating,734022,2026-05-01 21:32:08.584,1,1,Nn6Qpts4Zj5L2X5Hs8zG,quiz-13,"[""b""]",group-commands-quiz
69de403d1d0ec7a7e1390e9e,69de403d1d0ec7a7e1390e9e_1777670393020,one_vial_alternating,753433,2026-05-01 21:32:28.796,1,0,AmiknKczHRYcVLRO9Wpc,quiz-11,"[""c""]",group-commands-quiz
69de403d1d0ec7a7e1390e9e,69de403d1d0ec7a7e1390e9e_1777670393020,one_vial_alternating,785725,2026-05-01 21:32:59.940,1,1,t3wD72n3sBLB3YBjpsVt,quiz-12,"[""c""]",group-commands-quiz
69de403d1d0ec7a7e1390e9e,69de403d1d0ec7a7e1390e9e_1777670393020,one_vial_alternating,807774,2026-05-01 21:33:21.979,1,1,0mIgXtGR6WfhC53KrTbz,quiz-8,"[""b""]",group-commands-quiz
69de403d1d0ec7a7e1390e9e,69de403d1d0ec7a7e1390e9e_1777670393020,one_vial_alternating,827092,2026-05-01 21:33:41.298,1,1,A0EUQFH1PYNnXeEYxn8o,quiz-9,"[""d""]",group-commands-quiz
69de403d1d0ec7a7e1390e9e,69de403d1d0ec7a7e1390e9e_1777670393020,one_vial_alternating,910971,2026-05-01 21:35:05.754,1,0,Iht1B59DE173essoRwhx,quiz-10,"[""e"",""b"",""d"",""a""]",group-commands-quiz
69de403d1d0ec7a7e1390e9e,69de403d1d0ec7a7e1390e9e_1777670393020,one_vial_alternating,926699,2026-05-01 21:35:20.899,1,1,EIDWNbaC769qh9hxF2nY,quiz-13,"[""b""]",group-commands-quiz
69de403d1d0ec7a7e1390e9e,69de403d1d0ec7a7e1390e9e_1777670393020,one_vial_alternating,928303,2026-05-01 21:35:22.504,1,1,lyMLgTHXKFXHEaFAPmkK,quiz-11,"[""b""]",group-commands-quiz
69de403d1d0ec7a7e1390e9e,69de403d1d0ec7a7e1390e9e_1777670393020,one_vial_alternating,930846,2026-05-01 21:35:25.054,1,1,WCTu5DtTMlj43YqigF2Q,quiz-12,"[""c""]",group-commands-quiz
69dfb3712300a16e8475b155,69dfb3712300a16e8475b155_1777669094951,one_vial_alternating,344130,2026-05-01 21:03:59.797,1,1,4FiFeDpMoaxHMhCKVOSq,quiz-1,"[""b""]",group-intro-quiz
69dfb3712300a16e8475b155,69dfb3712300a16e8475b155_1777669094951,one_vial_alternating,391073,2026-05-01 21:04:46.732,1,1,MNdajmgnvbbMH9Uecssp,quiz-2,"[""d""]",group-intro-quiz
69dfb3712300a16e8475b155,69dfb3712300a16e8475b155_1777669094951,one_vial_alternating,417475,2026-05-01 21:05:13.065,1,1,gICG3HnNMY7YNES9Rp7R,quiz-3,"[""b""]",group-intro-quiz
69dfb3712300a16e8475b155,69dfb3712300a16e8475b155_1777669094951,one_vial_alternating,452534,2026-05-01 21:05:48.175,1,1,9BK5adQD2zIlIuzDDhsE,quiz-4,"[""c""]",group-intro-quiz
69dfb3712300a16e8475b155,69dfb3712300a16e8475b155_1777669094951,one_vial_alternating,497278,2026-05-01 21:06:32.934,1,1,i2ORjadOs77EHlo06NTA,quiz-5,"[""b""]",group-intro-quiz
69e1d35d47757faec6df678b,69e1d35d47757faec6df678b_1777667003817,one_vial_alternating,383976,2026-05-01 20:29:49.025,1,1,z33iqBWxsaOaXYfvhjHP,quiz-1,"[""b""]",group-intro-quiz
69e1d35d47757faec6df678b,69e1d35d47757faec6df678b_1777667003817,one_vial_alternating,423531,2026-05-01 20:30:28.600,1,1,figyp8RW8AOzpfDIwPfi,quiz-2,"[""d""]",group-intro-quiz
69e1d35d47757faec6df678b,69e1d35d47757faec6df678b_1777667003817,one_vial_alternating,439236,2026-05-01 20:30:44.648,1,1,pHHgcg6Lnn9zqXtIPOPx,quiz-3,"[""b""]",group-intro-quiz
69e1d35d47757faec6df678b,69e1d35d47757faec6df678b_1777667003817,one_vial_alternating,460114,2026-05-01 20:31:05.185,1,1,08skPnHxCpqzntrDqfy2,quiz-4,"[""c""]",group-intro-quiz
69e1d35d47757faec6df678b,69e1d35d47757faec6df678b_1777667003817,one_vial_alternating,476506,2026-05-01 20:31:21.600,1,1,6NwAwXoYHC4VXxaF1VOH,quiz-5,"[""b""]",group-intro-quiz
69e1d35d47757faec6df678b,69e1d35d47757faec6df678b_1777667003817,one_vial_alternating,646587,2026-05-01 20:34:12.344,1,1,JUmUwAGLDZWOxAdwHrFf,quiz-8,"[""b""]",group-commands-quiz
69e1d35d47757faec6df678b,69e1d35d47757faec6df678b_1777667003817,one_vial_alternating,667995,2026-05-01 20:34:33.736,1,1,4hyahWOp9W5OpjKAuoTk,quiz-9,"[""d""]",group-commands-quiz
69e1d35d47757faec6df678b,69e1d35d47757faec6df678b_1777667003817,one_vial_alternating,706509,2026-05-01 20:35:11.834,1,1,8D4SpScVfitsu2Jta2XM,quiz-10,"[""a"",""b"",""d""]",group-commands-quiz
69e1d35d47757faec6df678b,69e1d35d47757faec6df678b_1777667003817,one_vial_alternating,730637,2026-05-01 20:35:35.716,1,1,gC57CDN1ZJGRYkZQMEyZ,quiz-13,"[""b""]",group-commands-quiz
69e1d35d47757faec6df678b,69e1d35d47757faec6df678b_1777667003817,one_vial_alternating,741978,2026-05-01 20:35:47.060,1,1,YyqSM47Rsz7lvGdGt2jP,quiz-11,"[""b""]",group-commands-quiz
69e1d35d47757faec6df678b,69e1d35d47757faec6df678b_1777667003817,one_vial_alternating,760544,2026-05-01 20:36:05.610,1,1,annwgkkSpSVpV3UFYuq3,quiz-12,"[""c""]",group-commands-quiz
69e1d35d47757faec6df678b,69e1d35d47757faec6df678b_1777667003817,one_vial_alternating,812413,2026-05-01 20:36:57.498,1,1,BqRzXfDvEQIE8nTbUi7Z,quiz-end,"[""c""]",group-ending-quiz
69e8c29e6274a6d216d41a7d,69e8c29e6274a6d216d41a7d_1777664843294,one_vial_alternating,723342,2026-05-01 19:59:27.555,1,1,apUDyvGPQjW9AlncA8rA,quiz-1,"[""b""]",group-intro-quiz
69e8c29e6274a6d216d41a7d,69e8c29e6274a6d216d41a7d_1777664843294,one_vial_alternating,743363,2026-05-01 19:59:46.756,1,1,Is6n3mWO4C0VbeXALiag,quiz-2,"[""d""]",group-intro-quiz
69e8c29e6274a6d216d41a7d,69e8c29e6274a6d216d41a7d_1777664843294,one_vial_alternating,762194,2026-05-01 20:00:05.594,1,0,AHbErHa3BzhgN45ZxHT3,quiz-3,"[""a""]",group-intro-quiz
69e8c29e6274a6d216d41a7d,69e8c29e6274a6d216d41a7d_1777664843294,one_vial_alternating,780832,2026-05-01 20:00:24.225,1,1,n2AKy2VsKjrcoKwCqAbs,quiz-4,"[""c""]",group-intro-quiz
69e8c29e6274a6d216d41a7d,69e8c29e6274a6d216d41a7d_1777664843294,one_vial_alternating,791945,2026-05-01 20:00:35.340,1,0,BNvEc3qkJkYkfNwiNDz7,quiz-5,"[""c""]",group-intro-quiz
69e8c29e6274a6d216d41a7d,69e8c29e6274a6d216d41a7d_1777664843294,one_vial_alternating,813720,2026-05-01 20:00:57.138,1,1,EGz6wsy3sVaeb4b1JZ1c,quiz-1,"[""b""]",group-intro-quiz
69e8c29e6274a6d216d41a7d,69e8c29e6274a6d216d41a7d_1777664843294,one_vial_alternating,816181,2026-05-01 20:00:59.565,1,1,IkykuhUsvgudhqfdXc8u,quiz-2,"[""d""]",group-intro-quiz
69e8c29e6274a6d216d41a7d,69e8c29e6274a6d216d41a7d_1777664843294,one_vial_alternating,832468,2026-05-01 20:01:15.840,1,1,83wSS7JcjS8AntaKYK39,quiz-3,"[""b""]",group-intro-quiz
69e8c29e6274a6d216d41a7d,69e8c29e6274a6d216d41a7d_1777664843294,one_vial_alternating,846366,2026-05-01 20:01:29.764,1,1,pgS28dW0Q1khtFn4xa9A,quiz-4,"[""c""]",group-intro-quiz
69e8c29e6274a6d216d41a7d,69e8c29e6274a6d216d41a7d_1777664843294,one_vial_alternating,863977,2026-05-01 20:01:47.344,1,1,zleHwUqsgpbz5BUZcb3O,quiz-5,"[""b""]",group-intro-quiz
69e8c29e6274a6d216d41a7d,69e8c29e6274a6d216d41a7d_1777664843294,one_vial_alternating,992294,2026-05-01 20:03:55.690,1,1,8h1EkqG1GWqtNN9QRVz8,quiz-8,"[""b""]",group-commands-quiz
69e8c29e6274a6d216d41a7d,69e8c29e6274a6d216d41a7d_1777664843294,one_vial_alternating,1009566,2026-05-01 20:04:12.958,1,1,TDVsb9o1M6J2jeaxGAfM,quiz-9,"[""d""]",group-commands-quiz
69e8c29e6274a6d216d41a7d,69e8c29e6274a6d216d41a7d_1777664843294,one_vial_alternating,1056213,2026-05-01 20:04:59.590,1,0,ONOc0FeYGCnKeAYhuhDe,quiz-10,"[""e"",""b"",""d""]",group-commands-quiz
69e8c29e6274a6d216d41a7d,69e8c29e6274a6d216d41a7d_1777664843294,one_vial_alternating,1089566,2026-05-01 20:05:32.958,1,1,zAWsMwOakOKKdjGHN6g1,quiz-13,"[""b""]",group-commands-quiz
69e8c29e6274a6d216d41a7d,69e8c29e6274a6d216d41a7d_1777664843294,one_vial_alternating,1107482,2026-05-01 20:05:50.858,1,1,dHOPK9tVWpneNeEVKAXo,quiz-11,"[""b""]",group-commands-quiz
69e8c29e6274a6d216d41a7d,69e8c29e6274a6d216d41a7d_1777664843294,one_vial_alternating,1127205,2026-05-01 20:06:10.606,1,0,5JEyiJe8ghJwNRFQtLQG,quiz-12,"[""b""]",group-commands-quiz
69e8c29e6274a6d216d41a7d,69e8c29e6274a6d216d41a7d_1777664843294,one_vial_alternating,1188753,2026-05-01 20:07:12.119,1,1,8Sb8yhcMZvnbg1io5Yzq,quiz-8,"[""b""]",group-commands-quiz
69e8c29e6274a6d216d41a7d,69e8c29e6274a6d216d41a7d_1777664843294,one_vial_alternating,1208297,2026-05-01 20:07:31.689,1,1,MTCtwyqDOsDrWuDRyiND,quiz-9,"[""d""]",group-commands-quiz
69e8c29e6274a6d216d41a7d,69e8c29e6274a6d216d41a7d_1777664843294,one_vial_alternating,1239919,2026-05-01 20:08:03.303,1,0,Jwe2yjB7ia2QUwiLIpsx,quiz-10,"[""d"",""b"",""a"",""e""]",group-commands-quiz
69e8c29e6274a6d216d41a7d,69e8c29e6274a6d216d41a7d_1777664843294,one_vial_alternating,1275031,2026-05-01 20:08:38.424,1,1,ml6bngcVpG7MHp91FxeC,quiz-13,"[""b""]",group-commands-quiz
69e8c29e6274a6d216d41a7d,69e8c29e6274a6d216d41a7d_1777664843294,one_vial_alternating,1298955,2026-05-01 20:09:02.345,1,1,msiehbdUSdw3fHrjTSz4,quiz-11,"[""b""]",group-commands-quiz
69e8c29e6274a6d216d41a7d,69e8c29e6274a6d216d41a7d_1777664843294,one_vial_alternating,1337630,2026-05-01 20:09:41.056,1,1,GBVIbfNAaeDhsLGBGyHp,quiz-12,"[""c""]",group-commands-quiz
69e8d5c81e5253b56cfe784f,69e8d5c81e5253b56cfe784f_1777664682367,one_vial_alternating,140124,2026-05-01 19:47:03.942,1,1,hXJCypGhBDb0udrM9bVO,quiz-1,"[""b""]",group-intro-quiz
69e8d5c81e5253b56cfe784f,69e8d5c81e5253b56cfe784f_1777664682367,one_vial_alternating,146784,2026-05-01 19:47:10.605,1,1,TEK8EScMARNLia0k71jE,quiz-2,"[""d""]",group-intro-quiz
69e8d5c81e5253b56cfe784f,69e8d5c81e5253b56cfe784f_1777664682367,one_vial_alternating,153002,2026-05-01 19:47:16.822,1,1,OsOlOxyR0QmCcmpextkG,quiz-3,"[""b""]",group-intro-quiz
69e8d5c81e5253b56cfe784f,69e8d5c81e5253b56cfe784f_1777664682367,one_vial_alternating,160547,2026-05-01 19:47:24.364,1,1,mhRMYuohVnIMpYWYTzor,quiz-4,"[""c""]",group-intro-quiz
69e8d5c81e5253b56cfe784f,69e8d5c81e5253b56cfe784f_1777664682367,one_vial_alternating,165450,2026-05-01 19:47:29.266,1,1,MHeoVtedCmbtKCQ7fBZl,quiz-5,"[""b""]",group-intro-quiz
69e8d5c81e5253b56cfe784f,69e8d5c81e5253b56cfe784f_1777664682367,one_vial_alternating,267371,2026-05-01 19:49:11.194,1,1,a88N4Pox4boLSVqbTpw8,quiz-8,"[""b""]",group-commands-quiz
69e8d5c81e5253b56cfe784f,69e8d5c81e5253b56cfe784f_1777664682367,one_vial_alternating,273834,2026-05-01 19:49:17.656,1,1,Nha5HrJhqa3lPbpAA4cn,quiz-9,"[""d""]",group-commands-quiz
69e8d5c81e5253b56cfe784f,69e8d5c81e5253b56cfe784f_1777664682367,one_vial_alternating,284248,2026-05-01 19:49:28.065,1,1,3HytwOIJ25DDAtNvu6Wu,quiz-10,"[""a"",""b"",""d""]",group-commands-quiz
69e8d5c81e5253b56cfe784f,69e8d5c81e5253b56cfe784f_1777664682367,one_vial_alternating,291163,2026-05-01 19:49:34.981,1,1,EiTsny4qzzc9ab06xmA0,quiz-13,"[""b""]",group-commands-quiz
69e8d5c81e5253b56cfe784f,69e8d5c81e5253b56cfe784f_1777664682367,one_vial_alternating,299502,2026-05-01 19:49:43.320,1,1,SA0iBYqHpQX46qORR3dh,quiz-11,"[""b""]",group-commands-quiz
69e8d5c81e5253b56cfe784f,69e8d5c81e5253b56cfe784f_1777664682367,one_vial_alternating,303819,2026-05-01 19:49:47.637,1,1,5x3O7m8aUksHevrgtzwQ,quiz-12,"[""c""]",group-commands-quiz
69e8d5c81e5253b56cfe784f,69e8d5c81e5253b56cfe784f_1777664682367,one_vial_alternating,328861,2026-05-01 19:50:12.680,1,1,AWeL3RcN2uytBRXNETkT,quiz-end,"[""c""]",group-ending-quiz
69e9e9300187294f23cf7844,69e9e9300187294f23cf7844_1777665794122,one_vial_alternating,211830,2026-05-01 20:06:46.799,1,1,MQx9bBF188WkTUnhdOmH,quiz-1,"[""b""]",group-intro-quiz
69e9e9300187294f23cf7844,69e9e9300187294f23cf7844_1777665794122,one_vial_alternating,243660,2026-05-01 20:07:18.790,1,1,Oz4wew2TWziBPPZBjTQ5,quiz-2,"[""d""]",group-intro-quiz
69e9e9300187294f23cf7844,69e9e9300187294f23cf7844_1777665794122,one_vial_alternating,268626,2026-05-01 20:07:43.501,1,0,xOUYDwSpY42bqNCbfHcU,quiz-3,"[""a""]",group-intro-quiz
69e9e9300187294f23cf7844,69e9e9300187294f23cf7844_1777665794122,one_vial_alternating,287649,2026-05-01 20:08:02.672,1,1,Kr8FlZFY6hZ2ndJqdfmB,quiz-4,"[""c""]",group-intro-quiz
69e9e9300187294f23cf7844,69e9e9300187294f23cf7844_1777665794122,one_vial_alternating,312929,2026-05-01 20:08:27.782,1,1,Kp302N15Bo4JYukh9yAW,quiz-5,"[""b""]",group-intro-quiz
69e9e9300187294f23cf7844,69e9e9300187294f23cf7844_1777665794122,one_vial_alternating,332490,2026-05-01 20:08:47.333,1,1,HKIKDAIMy0vRxhpsI9N0,quiz-1,"[""b""]",group-intro-quiz
69e9e9300187294f23cf7844,69e9e9300187294f23cf7844_1777665794122,one_vial_alternating,339644,2026-05-01 20:08:54.493,1,1,sEjgPghurfyZj9mNT2Wx,quiz-2,"[""d""]",group-intro-quiz
69e9e9300187294f23cf7844,69e9e9300187294f23cf7844_1777665794122,one_vial_alternating,347336,2026-05-01 20:09:02.573,1,1,7FspRxSfZrMAk6WD7baN,quiz-3,"[""b""]",group-intro-quiz
69e9e9300187294f23cf7844,69e9e9300187294f23cf7844_1777665794122,one_vial_alternating,358157,2026-05-01 20:09:13.093,1,1,68Ql8dpFChfV9IOd1OAw,quiz-4,"[""c""]",group-intro-quiz
69e9e9300187294f23cf7844,69e9e9300187294f23cf7844_1777665794122,one_vial_alternating,380900,2026-05-01 20:09:36.272,1,0,VUIpSjoxzbzsb2JxZX3m,quiz-5,"[""a""]",group-intro-quiz
69f24e4dade8b7caf6a64dc4,69f24e4dade8b7caf6a64dc4_1777666904259,one_vial_alternating,340526,2026-05-01 20:27:25.242,1,1,Vh52z28vn8DYE7Gnpkgs,quiz-1,"[""b""]",group-intro-quiz
69f24e4dade8b7caf6a64dc4,69f24e4dade8b7caf6a64dc4_1777666904259,one_vial_alternating,366465,2026-05-01 20:27:51.181,1,1,qflPz9xJcnnzK3RasDwl,quiz-2,"[""d""]",group-intro-quiz
69f24e4dade8b7caf6a64dc4,69f24e4dade8b7caf6a64dc4_1777666904259,one_vial_alternating,378230,2026-05-01 20:28:02.946,1,1,6do4BaYg8z0qitUCgHT9,quiz-3,"[""b""]",group-intro-quiz
69f24e4dade8b7caf6a64dc4,69f24e4dade8b7caf6a64dc4_1777666904259,one_vial_alternating,387163,2026-05-01 20:28:11.878,1,1,VLeLzgJ9KRSVfd9yhzDZ,quiz-4,"[""c""]",group-intro-quiz
69f24e4dade8b7caf6a64dc4,69f24e4dade8b7caf6a64dc4_1777666904259,one_vial_alternating,408396,2026-05-01 20:28:33.115,1,1,wQIUwTaMJcnjgaNk2HJh,quiz-5,"[""b""]",group-intro-quiz
69f24e4dade8b7caf6a64dc4,69f24e4dade8b7caf6a64dc4_1777666904259,one_vial_alternating,523049,2026-05-01 20:30:27.773,1,1,7oQsyWKbzGAex58qldhd,quiz-1,"[""b""]",group-intro-quiz
69f24e4dade8b7caf6a64dc4,69f24e4dade8b7caf6a64dc4_1777666904259,one_vial_alternating,528895,2026-05-01 20:30:33.618,1,1,IpSePBfPy3zPR1TRbvCB,quiz-2,"[""d""]",group-intro-quiz
69f24e4dade8b7caf6a64dc4,69f24e4dade8b7caf6a64dc4_1777666904259,one_vial_alternating,539061,2026-05-01 20:30:43.779,1,1,uuJjg3wVXb1DHsENsMpl,quiz-3,"[""b""]",group-intro-quiz
69f24e4dade8b7caf6a64dc4,69f24e4dade8b7caf6a64dc4_1777666904259,one_vial_alternating,552584,2026-05-01 20:30:57.306,1,1,xPf8Hpj1vt4ZMO28zEKM,quiz-4,"[""c""]",group-intro-quiz
69f24e4dade8b7caf6a64dc4,69f24e4dade8b7caf6a64dc4_1777666904259,one_vial_alternating,557240,2026-05-01 20:31:01.960,1,1,SMUe8WnkhwEvoCB3Iott,quiz-5,"[""b""]",group-intro-quiz
69f24e4dade8b7caf6a64dc4,69f24e4dade8b7caf6a64dc4_1777666904259,one_vial_alternating,795169,2026-05-01 20:34:59.889,1,1,behushqLS8uRoZmsyUwU,quiz-8,"[""b""]",group-commands-quiz
69f24e4dade8b7caf6a64dc4,69f24e4dade8b7caf6a64dc4_1777666904259,one_vial_alternating,802129,2026-05-01 20:35:06.848,1,1,CEuHIU9KeCtHLs9C7EzU,quiz-9,"[""d""]",group-commands-quiz
69f24e4dade8b7caf6a64dc4,69f24e4dade8b7caf6a64dc4_1777666904259,one_vial_alternating,828180,2026-05-01 20:35:32.907,1,1,4EMvxWSdAe3Rl9rQ6tFA,quiz-10,"[""a"",""b"",""d""]",group-commands-quiz
69f24e4dade8b7caf6a64dc4,69f24e4dade8b7caf6a64dc4_1777666904259,one_vial_alternating,855741,2026-05-01 20:36:00.476,1,1,r52cIksR3ilTiGDIlQeG,quiz-13,"[""b""]",group-commands-quiz
69f24e4dade8b7caf6a64dc4,69f24e4dade8b7caf6a64dc4_1777666904259,one_vial_alternating,865185,2026-05-01 20:36:09.910,1,1,bDHln1Ukl31eduzxGaeb,quiz-11,"[""b""]",group-commands-quiz
69f24e4dade8b7caf6a64dc4,69f24e4dade8b7caf6a64dc4_1777666904259,one_vial_alternating,875073,2026-05-01 20:36:19.802,1,1,w2ngxf7PyIQCyhytmRLG,quiz-12,"[""c""]",group-commands-quiz
69f24e4dade8b7caf6a64dc4,69f24e4dade8b7caf6a64dc4_1777666904259,one_vial_alternating,919237,2026-05-01 20:37:03.962,1,1,uWBjiCjrmBr5jtd86X4o,quiz-end,"[""c""]",group-ending-quiz
69f2557ca721406109319c90,69f2557ca721406109319c90_1777665836438,one_vial_alternating,113432,2026-05-01 20:05:51.488,1,1,wokJo1fq8Y6qFzsxqz9f,quiz-1,"[""b""]",group-intro-quiz
69f2557ca721406109319c90,69f2557ca721406109319c90_1777665836438,one_vial_alternating,127456,2026-05-01 20:06:05.501,1,0,ooQrpKAvcKhnwkAZCp30,quiz-2,"[""c""]",group-intro-quiz
69f2557ca721406109319c90,69f2557ca721406109319c90_1777665836438,one_vial_alternating,135620,2026-05-01 20:06:13.665,1,0,WNLehaeD4sR5n59Wck8f,quiz-3,"[""c""]",group-intro-quiz
69f2557ca721406109319c90,69f2557ca721406109319c90_1777665836438,one_vial_alternating,143422,2026-05-01 20:06:21.521,1,1,RmLuP8v1ll6V7iDDBDDG,quiz-4,"[""c""]",group-intro-quiz
69f2557ca721406109319c90,69f2557ca721406109319c90_1777665836438,one_vial_alternating,150462,2026-05-01 20:06:28.495,1,0,tQO6NtF63ZTY4yMCXov3,quiz-5,"[""a""]",group-intro-quiz
69f2557ca721406109319c90,69f2557ca721406109319c90_1777665836438,one_vial_alternating,169702,2026-05-01 20:06:47.727,1,1,ZHvkKT3vw9NleCdZ4wLX,quiz-1,"[""b""]",group-intro-quiz
69f2557ca721406109319c90,69f2557ca721406109319c90_1777665836438,one_vial_alternating,174132,2026-05-01 20:06:52.165,1,1,QTm3JfO51nR9G467alN3,quiz-2,"[""d""]",group-intro-quiz
69f2557ca721406109319c90,69f2557ca721406109319c90_1777665836438,one_vial_alternating,178877,2026-05-01 20:06:56.901,1,1,k6r55TU36TFLZjbCHnzc,quiz-3,"[""b""]",group-intro-quiz
69f2557ca721406109319c90,69f2557ca721406109319c90_1777665836438,one_vial_alternating,183075,2026-05-01 20:07:01.112,1,1,cC1PEWjvTK4hMvaYqRj9,quiz-4,"[""c""]",group-intro-quiz
69f2557ca721406109319c90,69f2557ca721406109319c90_1777665836438,one_vial_alternating,186771,2026-05-01 20:07:04.797,1,0,ErtbtUYPYtzkBtFItrmV,quiz-5,"[""a""]",group-intro-quiz
69f25f4441180ef1a098b1d7,69f25f4441180ef1a098b1d7_1777664609029,one_vial_alternating,120414,2026-05-01 19:45:28.276,1,1,lPZqmvzc7obeDL7NyZsg,quiz-1,"[""b""]",group-intro-quiz
69f25f4441180ef1a098b1d7,69f25f4441180ef1a098b1d7_1777664609029,one_vial_alternating,124189,2026-05-01 19:45:32.043,1,1,8a8XdaLfhNLztq6RncKB,quiz-2,"[""d""]",group-intro-quiz
69f25f4441180ef1a098b1d7,69f25f4441180ef1a098b1d7_1777664609029,one_vial_alternating,128324,2026-05-01 19:45:36.178,1,1,YZAokPU45IR0ykO9l9Yw,quiz-3,"[""b""]",group-intro-quiz
69f25f4441180ef1a098b1d7,69f25f4441180ef1a098b1d7_1777664609029,one_vial_alternating,132399,2026-05-01 19:45:40.252,1,1,LADAY1RIClaPWs6zBrNc,quiz-4,"[""c""]",group-intro-quiz
69f25f4441180ef1a098b1d7,69f25f4441180ef1a098b1d7_1777664609029,one_vial_alternating,136314,2026-05-01 19:45:44.168,1,1,7HVL0ndlOVOhVKxrnbYl,quiz-5,"[""b""]",group-intro-quiz
69f25f4441180ef1a098b1d7,69f25f4441180ef1a098b1d7_1777664609029,one_vial_alternating,213579,2026-05-01 19:47:01.436,1,1,9AKDolOXKo17A6634EsQ,quiz-8,"[""b""]",group-commands-quiz
69f25f4441180ef1a098b1d7,69f25f4441180ef1a098b1d7_1777664609029,one_vial_alternating,217163,2026-05-01 19:47:05.022,1,1,pViu8aA0RK547eDu1pLX,quiz-9,"[""d""]",group-commands-quiz
69f25f4441180ef1a098b1d7,69f25f4441180ef1a098b1d7_1777664609029,one_vial_alternating,224668,2026-05-01 19:47:12.524,1,1,UfjpPKuD1kyC51tJByO7,quiz-10,"[""a"",""b"",""d""]",group-commands-quiz
69f25f4441180ef1a098b1d7,69f25f4441180ef1a098b1d7_1777664609029,one_vial_alternating,234715,2026-05-01 19:47:22.568,1,1,AMoQZHFgfbfoPAgjvuOm,quiz-13,"[""b""]",group-commands-quiz
69f25f4441180ef1a098b1d7,69f25f4441180ef1a098b1d7_1777664609029,one_vial_alternating,238092,2026-05-01 19:47:25.947,1,1,LK4aKYGJXFky8m7CenTt,quiz-11,"[""b""]",group-commands-quiz
69f25f4441180ef1a098b1d7,69f25f4441180ef1a098b1d7_1777664609029,one_vial_alternating,241983,2026-05-01 19:47:29.839,1,1,1OyyDMQ59DIfbHn0PUVZ,quiz-12,"[""c""]",group-commands-quiz
69f25f4441180ef1a098b1d7,69f25f4441180ef1a098b1d7_1777664609029,one_vial_alternating,259248,2026-05-01 19:47:47.103,1,1,S2R33ZPMfkZuzRzrVZc7,quiz-end,"[""c""]",group-ending-quiz
69f2fa609904d03393fd6cd1,69f2fa609904d03393fd6cd1_1777664737057,one_vial_alternating,118502,2026-05-01 19:47:35.789,1,1,8pq11Wo2BH82PQStuL0v,quiz-1,"[""b""]",group-intro-quiz
69f2fa609904d03393fd6cd1,69f2fa609904d03393fd6cd1_1777664737057,one_vial_alternating,124323,2026-05-01 19:47:41.606,1,1,wBV9BThywjv6gg1tfEme,quiz-2,"[""d""]",group-intro-quiz
69f2fa609904d03393fd6cd1,69f2fa609904d03393fd6cd1_1777664737057,one_vial_alternating,130331,2026-05-01 19:47:47.607,1,1,1s8NgQ4XbB3aV11kxHne,quiz-3,"[""b""]",group-intro-quiz
69f2fa609904d03393fd6cd1,69f2fa609904d03393fd6cd1_1777664737057,one_vial_alternating,133263,2026-05-01 19:47:50.543,1,1,0DyvEFS6ODb02uvpREYN,quiz-4,"[""c""]",group-intro-quiz
69f2fa609904d03393fd6cd1,69f2fa609904d03393fd6cd1_1777664737057,one_vial_alternating,137880,2026-05-01 19:47:55.168,1,1,5dJnPWNi1nBqi6GVDb6c,quiz-5,"[""b""]",group-intro-quiz
69f2fa609904d03393fd6cd1,69f2fa609904d03393fd6cd1_1777664737057,one_vial_alternating,235611,2026-05-01 19:49:32.891,1,1,4waNJJ79KUocoQaAAiIP,quiz-8,"[""b""]",group-commands-quiz
69f2fa609904d03393fd6cd1,69f2fa609904d03393fd6cd1_1777664737057,one_vial_alternating,240351,2026-05-01 19:49:37.637,1,1,srWC9tiFbHrC13eBL4jo,quiz-9,"[""d""]",group-commands-quiz
69f2fa609904d03393fd6cd1,69f2fa609904d03393fd6cd1_1777664737057,one_vial_alternating,257740,2026-05-01 19:49:55.031,1,1,9mebVNCNdhfXqOOqkST1,quiz-10,"[""a"",""b"",""d""]",group-commands-quiz
69f2fa609904d03393fd6cd1,69f2fa609904d03393fd6cd1_1777664737057,one_vial_alternating,267389,2026-05-01 19:50:04.674,1,1,hwNLgueIUVrayvSpH82Q,quiz-13,"[""b""]",group-commands-quiz
69f2fa609904d03393fd6cd1,69f2fa609904d03393fd6cd1_1777664737057,one_vial_alternating,273188,2026-05-01 19:50:10.474,1,1,Pt0ck8KiONMoClO0QRld,quiz-11,"[""b""]",group-commands-quiz
69f2fa609904d03393fd6cd1,69f2fa609904d03393fd6cd1_1777664737057,one_vial_alternating,278888,2026-05-01 19:50:16.177,1,1,olTsippY8kcAYw2jPHYA,quiz-12,"[""c""]",group-commands-quiz
69f2fa609904d03393fd6cd1,69f2fa609904d03393fd6cd1_1777664737057,one_vial_alternating,301978,2026-05-01 19:50:39.260,1,1,LARWnlyeozIkljWh0Iyb,quiz-end,"[""c""]",group-ending-quiz
69f387595d8ffe70c7914f68,69f387595d8ffe70c7914f68_1777665106034,one_vial_alternating,295001,2026-05-01 19:56:40.834,1,1,fPqrcE31wPa60lHamDwA,quiz-1,"[""b""]",group-intro-quiz
69f387595d8ffe70c7914f68,69f387595d8ffe70c7914f68_1777665106034,one_vial_alternating,307822,2026-05-01 19:56:53.489,1,0,DnKLcq6HYe2ExvPAhok7,quiz-2,"[""e""]",group-intro-quiz
69f387595d8ffe70c7914f68,69f387595d8ffe70c7914f68_1777665106034,one_vial_alternating,319594,2026-05-01 19:57:05.549,1,0,G1YbLT5D6mO8yRgKVryR,quiz-3,"[""a""]",group-intro-quiz
69f387595d8ffe70c7914f68,69f387595d8ffe70c7914f68_1777665106034,one_vial_alternating,335170,2026-05-01 19:57:21.289,1,1,XM1iumLxlhBoqDwISWzc,quiz-4,"[""c""]",group-intro-quiz
69f387595d8ffe70c7914f68,69f387595d8ffe70c7914f68_1777665106034,one_vial_alternating,349963,2026-05-01 19:57:36.388,1,0,JG9ITzF3tfBfksLXL34E,quiz-5,"[""a""]",group-intro-quiz
69f387595d8ffe70c7914f68,69f387595d8ffe70c7914f68_1777665106034,one_vial_alternating,949149,2026-05-01 20:07:34.860,1,1,gGurTzKz2LLUNCp3rU5Z,quiz-1,"[""b""]",group-intro-quiz
69f387595d8ffe70c7914f68,69f387595d8ffe70c7914f68_1777665106034,one_vial_alternating,961014,2026-05-01 20:07:46.752,1,1,u81A0Tl7Inh7S1dQkMGh,quiz-2,"[""d""]",group-intro-quiz
69f387595d8ffe70c7914f68,69f387595d8ffe70c7914f68_1777665106034,one_vial_alternating,969044,2026-05-01 20:07:54.850,1,1,cLUG5tqpoytFAJ6TNAYt,quiz-3,"[""b""]",group-intro-quiz
69f387595d8ffe70c7914f68,69f387595d8ffe70c7914f68_1777665106034,one_vial_alternating,981171,2026-05-01 20:08:15.801,1,1,OkuZEhIpXWQBjIPpg28i,quiz-4,"[""c""]",group-intro-quiz
69f387595d8ffe70c7914f68,69f387595d8ffe70c7914f68_1777665106034,one_vial_alternating,994304,2026-05-01 20:08:20.028,1,1,hngcNyrWbOMGUi5gcKxF,quiz-5,"[""b""]",group-intro-quiz
69f387595d8ffe70c7914f68,69f387595d8ffe70c7914f68_1777665106034,one_vial_alternating,1344465,2026-05-01 20:14:10.144,1,1,aSTPCUrQJ6O6CTr0QJ8t,quiz-8,"[""b""]",group-commands-quiz
69f387595d8ffe70c7914f68,69f387595d8ffe70c7914f68_1777665106034,one_vial_alternating,1360882,2026-05-01 20:14:26.642,1,1,9I2H0uauS9Hnnu1HUGLH,quiz-9,"[""d""]",group-commands-quiz
69f387595d8ffe70c7914f68,69f387595d8ffe70c7914f68_1777665106034,one_vial_alternating,1403737,2026-05-01 20:15:21.346,1,1,KiuXAUQFW0ewlMo39tLP,quiz-10,"[""a"",""b"",""d""]",group-commands-quiz
69f387595d8ffe70c7914f68,69f387595d8ffe70c7914f68_1777665106034,one_vial_alternating,1432148,2026-05-01 20:15:51.922,1,1,uBkUWuau4kXXxKt51Bo5,quiz-13,"[""b""]",group-commands-quiz
69f387595d8ffe70c7914f68,69f387595d8ffe70c7914f68_1777665106034,one_vial_alternating,1443080,2026-05-01 20:15:51.958,1,1,i8zCNIrkd5tNA4HI7SyX,quiz-11,"[""b""]",group-commands-quiz
69f387595d8ffe70c7914f68,69f387595d8ffe70c7914f68_1777665106034,one_vial_alternating,1455959,2026-05-01 20:16:01.736,1,1,RrfW6Wx9WwxNXtw5dNuS,quiz-12,"[""c""]",group-commands-quiz
69f387595d8ffe70c7914f68,69f387595d8ffe70c7914f68_1777665106034,one_vial_alternating,1485452,2026-05-01 20:16:31.125,1,1,fJW7HLBLTwurIXQ831Tk,quiz-end,"[""c""]",group-ending-quiz